date,thermal_coal_usd_mt,iron_ore_usd_mt,coking_coal_usd_mt,fertilizer_usd_mt,crude_oil_usd_bbl,data_source,is_synthetic
2020-01-01,99.64,108.67,205.85,290.92,85.19,DEMO_DATA,True
2020-01-02,99.4,104.55,203.57,290.64,85.91,DEMO_DATA,True
2020-01-03,98.92,104.65,199.97,285.8,84.77,DEMO_DATA,True
2020-01-04,98.49,104.45,202.88,289.78,82.38,DEMO_DATA,True
2020-01-05,99.87,103.84,204.09,289.1,83.33,DEMO_DATA,True
2020-01-06,97.39,107.66,202.29,286.38,68.22,DEMO_DATA,True
2020-01-07,96.79,108.77,202.9,288.05,66.79,DEMO_DATA,True
2020-01-08,96.17,109.95,199.54,287.65,67.57,DEMO_DATA,True
2020-01-09,95.52,111.95,200.13,287.89,67.82,DEMO_DATA,True
2020-01-10,94.3,110.15,198.54,284.4,68.16,DEMO_DATA,True
2020-01-11,93.91,110.91,202.15,288.06,68.03,DEMO_DATA,True
2020-01-12,91.14,112.28,199.49,289.88,65.7,DEMO_DATA,True
2020-01-13,92.79,112.42,158.91,291.28,66.55,DEMO_DATA,True
2020-01-14,92.25,112.51,157.51,293.01,65.49,DEMO_DATA,True
2020-01-15,93.25,112.14,160.28,294.37,66.2,DEMO_DATA,True
2020-01-16,95.44,114.08,158.56,291.55,69.98,DEMO_DATA,True
2020-01-17,92.1,114.1,162.6,292.34,69.36,DEMO_DATA,True
2020-01-18,91.45,114.26,163.72,290.61,68.78,DEMO_DATA,True
2020-01-19,92.26,113.55,166.33,295.59,67.47,DEMO_DATA,True
2020-01-20,91.33,113.14,168.9,297.81,65.69,DEMO_DATA,True
2020-01-21,92.52,110.22,171.13,300.94,53.36,DEMO_DATA,True
2020-01-22,93.16,110.84,171.16,302.22,55.36,DEMO_DATA,True
2020-01-23,92.59,108.05,172.46,307.8,56.55,DEMO_DATA,True
2020-01-24,92.97,108.74,174.41,309.58,57.97,DEMO_DATA,True
2020-01-25,91.38,109.46,177.12,311.67,60.19,DEMO_DATA,True
2020-01-26,91.55,109.63,178.85,313.2,61.94,DEMO_DATA,True
2020-01-27,90.88,109.67,181.83,315.66,61.18,DEMO_DATA,True
2020-01-28,90.09,106.89,178.25,310.56,62.24,DEMO_DATA,True
2020-01-29,89.93,107.06,178.69,311.01,63.55,DEMO_DATA,True
2020-01-30,90.58,107.8,179.4,333.87,62.62,DEMO_DATA,True
2020-01-31,91.67,109.22,180.3,332.18,63.36,DEMO_DATA,True
2020-02-01,90.92,107.34,181.18,334.26,64.62,DEMO_DATA,True
2020-02-02,93.19,109.74,184.59,333.66,63.35,DEMO_DATA,True
2020-02-03,91.65,111.01,182.85,325.17,65.25,DEMO_DATA,True
2020-02-04,90.36,110.52,185.25,326.87,64.12,DEMO_DATA,True
2020-02-05,89.44,110.82,214.46,327.2,64.5,DEMO_DATA,True
2020-02-06,88.54,108.91,217.21,328.6,76.55,DEMO_DATA,True
2020-02-07,85.12,107.57,220.26,336.27,77.86,DEMO_DATA,True
2020-02-08,83.28,109.61,212.6,332.89,77.54,DEMO_DATA,True
2020-02-09,83.08,107.32,211.8,334.35,79.08,DEMO_DATA,True
2020-02-10,84.01,107.07,210.36,331.99,81.29,DEMO_DATA,True
2020-02-11,85.5,106.19,207.15,332.47,81.17,DEMO_DATA,True
2020-02-12,87.35,102.04,211.81,331.19,80.25,DEMO_DATA,True
2020-02-13,89.09,103.21,209.77,327.62,80.73,DEMO_DATA,True
2020-02-14,90.07,102.89,208.93,331.51,81.15,DEMO_DATA,True
2020-02-15,92.3,104.53,207.76,333.31,81.15,DEMO_DATA,True
2020-02-16,92.08,105.81,209.79,323.46,78.43,DEMO_DATA,True
2020-02-17,91.75,105.26,188.26,326.82,79.08,DEMO_DATA,True
2020-02-18,90.42,108.11,191.22,331.0,80.36,DEMO_DATA,True
2020-02-19,89.59,108.47,196.95,329.48,79.71,DEMO_DATA,True
2020-02-20,90.83,107.04,198.45,332.21,78.29,DEMO_DATA,True
2020-02-21,90.63,108.28,196.09,326.95,80.48,DEMO_DATA,True
2020-02-22,92.04,108.89,192.21,330.59,81.27,DEMO_DATA,True
2020-02-23,91.36,95.88,190.06,327.91,81.74,DEMO_DATA,True
2020-02-24,89.19,96.62,189.75,326.03,82.98,DEMO_DATA,True
2020-02-25,87.91,95.94,190.83,325.5,84.19,DEMO_DATA,True
2020-02-26,88.97,94.98,199.17,323.44,81.74,DEMO_DATA,True
2020-02-27,87.79,96.88,201.59,321.08,90.62,DEMO_DATA,True
2020-02-28,88.96,98.12,202.45,320.28,89.79,DEMO_DATA,True
2020-02-29,70.1,98.82,199.68,322.03,71.89,DEMO_DATA,True
2020-03-01,70.78,102.47,204.94,330.42,69.47,DEMO_DATA,True
2020-03-02,70.28,103.12,206.64,330.04,68.26,DEMO_DATA,True
2020-03-03,70.39,106.74,208.56,327.3,69.43,DEMO_DATA,True
2020-03-04,70.16,108.28,207.29,328.98,67.93,DEMO_DATA,True
2020-03-05,69.11,107.4,204.7,332.31,67.95,DEMO_DATA,True
2020-03-06,70.18,106.61,203.34,334.75,66.97,DEMO_DATA,True
2020-03-07,70.5,105.42,201.96,339.2,69.45,DEMO_DATA,True
2020-03-08,69.14,105.8,199.66,343.01,69.59,DEMO_DATA,True
2020-03-09,70.59,103.56,159.38,341.68,73.31,DEMO_DATA,True
2020-03-10,70.15,104.56,177.94,338.93,75.03,DEMO_DATA,True
2020-03-11,70.4,103.8,174.34,339.05,75.66,DEMO_DATA,True
2020-03-12,69.83,106.43,173.22,336.57,73.65,DEMO_DATA,True
2020-03-13,68.0,108.97,174.96,337.85,71.75,DEMO_DATA,True
2020-03-14,69.66,106.29,165.84,340.39,72.32,DEMO_DATA,True
2020-03-15,70.28,107.46,169.91,338.09,70.5,DEMO_DATA,True
2020-03-16,69.77,106.28,171.81,337.46,71.42,DEMO_DATA,True
2020-03-17,69.9,106.06,176.06,332.26,74.25,DEMO_DATA,True
2020-03-18,69.91,104.32,182.65,331.82,74.97,DEMO_DATA,True
2020-03-19,71.97,104.1,188.72,329.43,74.35,DEMO_DATA,True
2020-03-20,70.84,107.38,184.13,328.5,74.05,DEMO_DATA,True
2020-03-21,72.55,107.8,184.45,325.66,74.74,DEMO_DATA,True
2020-03-22,71.54,109.93,188.45,322.56,60.35,DEMO_DATA,True
2020-03-23,71.62,107.87,192.98,330.68,59.02,DEMO_DATA,True
2020-03-24,72.09,108.85,193.64,327.93,58.87,DEMO_DATA,True
2020-03-25,72.28,108.91,194.45,327.82,59.74,DEMO_DATA,True
2020-03-26,74.81,112.62,195.4,328.88,61.24,DEMO_DATA,True
2020-03-27,76.6,115.07,191.59,329.16,61.47,DEMO_DATA,True
2020-03-28,77.09,116.75,191.88,330.93,61.34,DEMO_DATA,True
2020-03-29,77.88,114.74,189.28,327.83,63.64,DEMO_DATA,True
2020-03-30,79.81,112.95,193.88,328.04,64.34,DEMO_DATA,True
2020-03-31,78.71,116.11,188.04,326.06,64.45,DEMO_DATA,True
2020-04-01,77.18,137.05,191.3,323.75,22.17,DEMO_DATA,True
2020-04-02,76.82,140.4,190.93,325.61,19.52,DEMO_DATA,True
2020-04-03,75.01,142.18,188.01,324.96,20.01,DEMO_DATA,True
2020-04-04,75.02,143.16,187.34,323.99,20.74,DEMO_DATA,True
2020-04-05,75.66,143.88,186.61,326.6,21.35,DEMO_DATA,True
2020-04-06,77.46,143.72,184.96,325.62,21.08,DEMO_DATA,True
2020-04-07,76.69,144.52,182.9,329.78,21.57,DEMO_DATA,True
2020-04-08,77.78,140.98,184.28,324.28,21.93,DEMO_DATA,True
2020-04-09,90.01,139.87,187.53,325.98,21.65,DEMO_DATA,True
2020-04-10,90.9,137.52,187.51,315.32,22.02,DEMO_DATA,True
2020-04-11,90.31,113.22,188.63,255.88,23.16,DEMO_DATA,True
2020-04-12,90.37,110.53,186.4,253.85,23.15,DEMO_DATA,True
2020-04-13,88.0,111.04,184.17,255.99,24.13,DEMO_DATA,True
2020-04-14,88.61,110.95,183.57,257.58,24.12,DEMO_DATA,True
2020-04-15,88.03,113.56,186.08,259.82,24.27,DEMO_DATA,True
2020-04-16,86.69,113.91,185.61,260.93,24.01,DEMO_DATA,True
2020-04-17,84.93,104.65,184.62,263.92,24.49,DEMO_DATA,True
2020-04-18,85.39,105.28,182.07,265.43,24.23,DEMO_DATA,True
2020-04-19,87.21,106.45,183.26,270.08,24.91,DEMO_DATA,True
2020-04-20,86.07,101.91,183.29,271.82,24.16,DEMO_DATA,True
2020-04-21,87.8,105.02,178.01,273.99,24.41,DEMO_DATA,True
2020-04-22,84.25,108.07,173.83,281.18,24.53,DEMO_DATA,True
2020-04-23,85.74,107.93,172.44,282.3,24.51,DEMO_DATA,True
2020-04-24,86.5,93.4,173.23,286.34,25.0,DEMO_DATA,True
2020-04-25,86.11,92.71,169.27,290.54,25.89,DEMO_DATA,True
2020-04-26,85.78,90.67,173.22,295.16,26.25,DEMO_DATA,True
2020-04-27,87.33,89.97,176.26,296.5,27.44,DEMO_DATA,True
2020-04-28,85.47,90.27,177.08,295.48,28.14,DEMO_DATA,True
2020-04-29,85.66,91.02,172.58,293.28,25.77,DEMO_DATA,True
2020-04-30,83.97,92.52,172.54,290.67,26.62,DEMO_DATA,True
2020-05-01,83.74,93.64,174.15,285.17,27.68,DEMO_DATA,True
2020-05-02,83.27,92.58,178.3,289.52,28.02,DEMO_DATA,True
2020-05-03,82.71,97.22,183.03,290.39,29.87,DEMO_DATA,True
2020-05-04,83.32,97.17,178.7,290.87,29.93,DEMO_DATA,True
2020-05-05,82.38,96.82,184.32,293.76,30.05,DEMO_DATA,True
2020-05-06,81.46,98.33,185.88,291.49,27.45,DEMO_DATA,True
2020-05-07,78.56,102.2,186.3,294.15,26.73,DEMO_DATA,True
2020-05-08,77.93,104.91,184.13,294.84,26.96,DEMO_DATA,True
2020-05-09,76.63,106.5,188.18,293.6,26.55,DEMO_DATA,True
2020-05-10,78.59,110.84,192.42,292.82,23.23,DEMO_DATA,True
2020-05-11,79.89,112.17,192.59,293.73,23.89,DEMO_DATA,True
2020-05-12,79.64,112.55,191.7,295.18,24.31,DEMO_DATA,True
2020-05-13,81.21,110.98,189.71,299.6,24.86,DEMO_DATA,True
2020-05-14,81.21,111.04,190.59,300.21,26.66,DEMO_DATA,True
2020-05-15,78.8,112.09,187.96,298.84,26.7,DEMO_DATA,True
2020-05-16,78.12,110.78,189.02,332.38,27.03,DEMO_DATA,True
2020-05-17,80.06,111.51,186.44,330.16,27.3,DEMO_DATA,True
2020-05-18,80.79,108.31,185.98,333.24,28.29,DEMO_DATA,True
2020-05-19,82.11,106.81,187.08,334.43,28.42,DEMO_DATA,True
2020-05-20,84.12,107.19,183.93,333.92,29.89,DEMO_DATA,True
2020-05-21,83.43,111.75,186.47,337.5,30.57,DEMO_DATA,True
2020-05-22,84.95,113.29,185.38,347.78,31.13,DEMO_DATA,True
2020-05-23,84.81,110.03,185.64,351.66,30.89,DEMO_DATA,True
2020-05-24,77.26,108.74,181.86,346.27,31.58,DEMO_DATA,True
2020-05-25,80.18,106.47,181.18,344.33,32.98,DEMO_DATA,True
2020-05-26,79.78,107.79,181.02,343.31,33.97,DEMO_DATA,True
2020-05-27,81.23,110.72,182.56,338.82,34.32,DEMO_DATA,True
2020-05-28,82.07,106.4,186.09,336.85,34.16,DEMO_DATA,True
2020-05-29,83.73,108.36,185.4,334.29,34.95,DEMO_DATA,True
2020-05-30,82.21,107.53,190.07,337.01,34.87,DEMO_DATA,True
2020-05-31,84.49,108.76,192.86,329.26,34.2,DEMO_DATA,True
2020-06-01,86.6,107.96,165.78,336.7,54.65,DEMO_DATA,True
2020-06-02,85.36,109.43,168.05,335.46,67.23,DEMO_DATA,True
2020-06-03,84.13,109.54,169.0,334.75,68.09,DEMO_DATA,True
2020-06-04,84.65,109.11,170.08,335.79,69.18,DEMO_DATA,True
2020-06-05,85.26,107.78,169.31,334.06,68.98,DEMO_DATA,True
2020-06-06,82.62,111.57,166.23,337.47,70.36,DEMO_DATA,True
2020-06-07,82.72,111.47,168.07,335.5,70.7,DEMO_DATA,True
2020-06-08,81.37,106.65,168.45,328.88,72.31,DEMO_DATA,True
2020-06-09,82.3,105.4,169.55,324.81,72.63,DEMO_DATA,True
2020-06-10,80.82,107.8,170.9,318.17,72.05,DEMO_DATA,True
2020-06-11,80.44,108.68,169.55,321.1,72.89,DEMO_DATA,True
2020-06-12,80.97,108.97,172.26,325.74,74.37,DEMO_DATA,True
2020-06-13,81.15,106.47,172.79,323.23,75.46,DEMO_DATA,True
2020-06-14,81.38,104.48,176.54,352.51,77.94,DEMO_DATA,True
2020-06-15,81.37,103.49,178.0,361.5,76.66,DEMO_DATA,True
2020-06-16,80.9,101.62,176.77,356.79,73.69,DEMO_DATA,True
2020-06-17,80.65,95.41,176.99,352.86,72.69,DEMO_DATA,True
2020-06-18,82.5,97.86,176.45,347.14,72.56,DEMO_DATA,True
2020-06-19,82.3,98.3,177.47,348.69,68.36,DEMO_DATA,True
2020-06-20,94.55,100.61,177.13,351.76,69.41,DEMO_DATA,True
2020-06-21,91.75,101.69,178.36,348.89,72.59,DEMO_DATA,True
2020-06-22,91.59,101.36,179.88,340.03,71.9,DEMO_DATA,True
2020-06-23,93.32,101.97,179.24,341.79,73.37,DEMO_DATA,True
2020-06-24,96.79,101.0,182.78,341.17,75.7,DEMO_DATA,True
2020-06-25,96.41,100.25,187.91,338.83,73.8,DEMO_DATA,True
2020-06-26,94.27,97.64,187.63,339.69,87.95,DEMO_DATA,True
2020-06-27,95.99,98.61,183.33,347.6,87.67,DEMO_DATA,True
2020-06-28,95.69,97.19,181.63,349.7,87.28,DEMO_DATA,True
2020-06-29,93.73,98.74,184.71,351.95,87.15,DEMO_DATA,True
2020-06-30,92.18,99.94,187.19,353.07,85.43,DEMO_DATA,True
2020-07-01,92.05,99.47,182.74,357.58,85.26,DEMO_DATA,True
2020-07-02,93.15,100.67,185.65,353.91,84.18,DEMO_DATA,True
2020-07-03,93.23,97.02,182.84,352.8,83.03,DEMO_DATA,True
2020-07-04,91.24,97.23,184.04,357.85,83.35,DEMO_DATA,True
2020-07-05,89.76,95.48,184.23,354.0,82.9,DEMO_DATA,True
2020-07-06,80.65,96.81,184.43,356.99,79.86,DEMO_DATA,True
2020-07-07,80.85,97.34,183.11,355.09,75.28,DEMO_DATA,True
2020-07-08,81.74,96.65,185.09,352.61,75.3,DEMO_DATA,True
2020-07-09,80.97,94.7,189.36,347.52,73.66,DEMO_DATA,True
2020-07-10,82.21,96.41,185.64,345.17,71.95,DEMO_DATA,True
2020-07-11,83.59,95.36,186.09,347.58,71.97,DEMO_DATA,True
2020-07-12,84.34,79.92,189.94,347.21,73.01,DEMO_DATA,True
2020-07-13,85.28,80.67,191.52,347.77,69.89,DEMO_DATA,True
2020-07-14,87.49,84.22,191.16,348.87,70.64,DEMO_DATA,True
2020-07-15,86.87,83.51,192.91,348.59,69.78,DEMO_DATA,True
2020-07-16,85.12,83.46,190.07,343.21,68.96,DEMO_DATA,True
2020-07-17,83.69,85.55,209.8,336.71,69.75,DEMO_DATA,True
2020-07-18,82.32,88.52,205.06,285.19,69.37,DEMO_DATA,True
2020-07-19,97.76,86.75,207.15,286.62,68.05,DEMO_DATA,True
2020-07-20,95.57,87.09,205.7,281.22,65.22,DEMO_DATA,True
2020-07-21,96.85,88.1,204.58,286.82,64.37,DEMO_DATA,True
2020-07-22,97.43,87.98,224.49,293.88,63.64,DEMO_DATA,True
2020-07-23,97.6,89.86,226.78,290.87,62.28,DEMO_DATA,True
2020-07-24,95.06,89.77,225.23,290.25,63.08,DEMO_DATA,True
2020-07-25,94.77,89.66,226.03,291.81,63.49,DEMO_DATA,True
2020-07-26,94.7,87.86,222.4,290.29,64.02,DEMO_DATA,True
2020-07-27,95.04,90.51,218.21,291.71,63.45,DEMO_DATA,True
2020-07-28,94.53,91.37,217.62,294.52,63.29,DEMO_DATA,True
2020-07-29,92.12,92.1,215.78,293.41,64.24,DEMO_DATA,True
2020-07-30,90.39,93.92,214.77,296.78,65.53,DEMO_DATA,True
2020-07-31,90.61,96.48,211.02,296.82,66.7,DEMO_DATA,True
2020-08-01,92.05,97.72,211.3,295.89,65.72,DEMO_DATA,True
2020-08-02,92.43,98.18,206.15,295.27,54.35,DEMO_DATA,True
2020-08-03,88.69,100.89,206.86,298.04,55.72,DEMO_DATA,True
2020-08-04,89.29,103.66,205.52,296.57,56.1,DEMO_DATA,True
2020-08-05,88.92,108.29,207.65,296.46,56.93,DEMO_DATA,True
2020-08-06,87.32,111.37,210.56,305.15,56.23,DEMO_DATA,True
2020-08-07,87.51,115.93,212.74,306.08,54.97,DEMO_DATA,True
2020-08-08,91.05,116.23,214.87,305.54,55.02,DEMO_DATA,True
2020-08-09,90.21,115.7,217.61,311.05,55.1,DEMO_DATA,True
2020-08-10,90.17,118.85,219.88,311.42,56.62,DEMO_DATA,True
2020-08-11,89.66,118.9,215.65,306.19,56.07,DEMO_DATA,True
2020-08-12,88.64,119.52,209.98,305.81,56.43,DEMO_DATA,True
2020-08-13,88.84,120.19,205.33,306.0,57.5,DEMO_DATA,True
2020-08-14,87.94,119.31,204.92,305.79,58.0,DEMO_DATA,True
2020-08-15,87.51,118.36,201.16,308.82,56.96,DEMO_DATA,True
2020-08-16,87.67,115.62,196.37,310.21,59.82,DEMO_DATA,True
2020-08-17,88.21,115.34,197.81,309.91,61.01,DEMO_DATA,True
2020-08-18,89.62,113.87,196.18,315.3,58.39,DEMO_DATA,True
2020-08-19,92.53,118.02,203.03,313.9,57.69,DEMO_DATA,True
2020-08-20,91.85,116.96,201.06,309.61,56.36,DEMO_DATA,True
2020-08-21,92.23,116.17,202.39,309.75,56.7,DEMO_DATA,True
2020-08-22,92.04,116.13,197.0,306.81,55.39,DEMO_DATA,True
2020-08-23,93.81,120.66,195.4,304.99,55.15,DEMO_DATA,True
2020-08-24,94.82,119.23,200.15,305.41,46.6,DEMO_DATA,True
2020-08-25,96.76,119.62,198.21,311.16,48.32,DEMO_DATA,True
2020-08-26,94.92,136.92,193.99,306.82,49.45,DEMO_DATA,True
2020-08-27,94.89,135.73,193.65,315.85,51.8,DEMO_DATA,True
2020-08-28,93.83,132.61,195.03,320.27,52.8,DEMO_DATA,True
2020-08-29,96.2,135.2,199.16,317.88,52.66,DEMO_DATA,True
2020-08-30,95.16,126.07,199.13,323.53,52.26,DEMO_DATA,True
2020-08-31,95.04,123.5,196.22,324.22,54.1,DEMO_DATA,True
2020-09-01,94.12,121.71,196.3,323.23,55.82,DEMO_DATA,True
2020-09-02,93.67,118.57,198.52,325.51,57.87,DEMO_DATA,True
2020-09-03,92.32,116.2,196.98,331.56,59.33,DEMO_DATA,True
2020-09-04,92.45,117.99,197.7,329.4,59.98,DEMO_DATA,True
2020-09-05,96.47,115.8,197.51,328.56,59.1,DEMO_DATA,True
2020-09-06,95.05,118.43,194.98,367.1,57.07,DEMO_DATA,True
2020-09-07,92.82,119.84,192.31,373.71,57.71,DEMO_DATA,True
2020-09-08,95.55,118.46,188.42,368.65,58.27,DEMO_DATA,True
2020-09-09,95.72,118.55,193.24,367.28,58.98,DEMO_DATA,True
2020-09-10,114.19,118.63,197.96,362.14,60.39,DEMO_DATA,True
2020-09-11,113.84,117.45,195.98,363.43,62.32,DEMO_DATA,True
2020-09-12,113.06,120.49,194.9,360.2,64.91,DEMO_DATA,True
2020-09-13,113.63,117.09,196.7,362.59,65.61,DEMO_DATA,True
2020-09-14,113.57,116.57,193.47,364.9,65.64,DEMO_DATA,True
2020-09-15,115.68,118.33,193.77,366.41,65.63,DEMO_DATA,True
2020-09-16,119.12,119.7,198.6,364.5,65.35,DEMO_DATA,True
2020-09-17,115.95,116.56,200.75,356.48,65.78,DEMO_DATA,True
2020-09-18,115.58,119.12,200.2,358.59,65.9,DEMO_DATA,True
2020-09-19,114.7,121.41,195.79,364.1,66.89,DEMO_DATA,True
2020-09-20,115.08,109.61,197.74,356.99,65.91,DEMO_DATA,True
2020-09-21,114.21,110.81,198.82,353.2,66.75,DEMO_DATA,True
2020-09-22,115.26,110.26,193.49,353.94,69.23,DEMO_DATA,True
2020-09-23,114.07,110.89,190.68,350.25,70.16,DEMO_DATA,True
2020-09-24,110.79,110.89,192.74,354.09,70.75,DEMO_DATA,True
2020-09-25,109.37,113.21,197.7,350.85,72.49,DEMO_DATA,True
2020-09-26,110.06,110.76,193.28,345.58,73.08,DEMO_DATA,True
2020-09-27,108.26,107.4,194.81,340.28,72.48,DEMO_DATA,True
2020-09-28,106.49,104.6,196.07,344.83,73.99,DEMO_DATA,True
2020-09-29,103.15,105.32,199.45,349.78,73.02,DEMO_DATA,True
2020-09-30,100.69,102.74,199.37,348.37,69.87,DEMO_DATA,True
2020-10-01,99.54,100.54,202.3,346.08,71.55,DEMO_DATA,True
2020-10-02,94.8,99.92,206.64,345.52,72.64,DEMO_DATA,True
2020-10-03,95.92,98.43,206.72,344.66,74.33,DEMO_DATA,True
2020-10-04,93.93,99.43,206.82,344.29,72.92,DEMO_DATA,True
2020-10-05,95.61,100.93,212.23,343.56,71.54,DEMO_DATA,True
2020-10-06,95.68,101.62,214.22,341.71,71.48,DEMO_DATA,True
2020-10-07,93.42,99.52,215.09,338.88,73.15,DEMO_DATA,True
2020-10-08,94.63,98.1,214.54,334.84,71.45,DEMO_DATA,True
2020-10-09,94.97,100.97,215.32,336.0,71.18,DEMO_DATA,True
2020-10-10,92.93,102.45,211.2,336.78,72.59,DEMO_DATA,True
2020-10-11,93.73,102.19,212.25,330.08,73.55,DEMO_DATA,True
2020-10-12,89.26,102.14,213.18,332.07,72.17,DEMO_DATA,True
2020-10-13,91.44,102.43,214.71,334.29,71.84,DEMO_DATA,True
2020-10-14,92.13,105.8,210.91,336.41,70.13,DEMO_DATA,True
2020-10-15,90.71,107.38,207.61,330.56,70.32,DEMO_DATA,True
2020-10-16,90.85,105.6,207.66,329.03,70.45,DEMO_DATA,True
2020-10-17,92.27,105.64,226.79,326.38,74.98,DEMO_DATA,True
2020-10-18,91.57,105.45,226.58,331.37,78.44,DEMO_DATA,True
2020-10-19,94.73,107.13,230.85,335.49,78.93,DEMO_DATA,True
2020-10-20,94.05,109.42,232.54,334.54,78.8,DEMO_DATA,True
2020-10-21,92.12,111.33,230.19,340.44,82.32,DEMO_DATA,True
2020-10-22,90.27,111.81,234.77,337.89,83.18,DEMO_DATA,True
2020-10-23,91.63,109.49,238.33,342.57,81.13,DEMO_DATA,True
2020-10-24,92.34,110.31,234.79,343.72,81.45,DEMO_DATA,True
2020-10-25,90.33,110.78,233.89,348.76,81.52,DEMO_DATA,True
2020-10-26,91.09,109.0,231.5,351.15,81.55,DEMO_DATA,True
2020-10-27,92.91,108.43,234.18,344.53,82.54,DEMO_DATA,True
2020-10-28,91.95,112.22,228.61,340.61,80.53,DEMO_DATA,True
2020-10-29,89.13,109.77,226.85,340.53,81.2,DEMO_DATA,True
2020-10-30,88.87,115.76,225.82,340.22,84.19,DEMO_DATA,True
2020-10-31,88.84,116.42,225.2,338.8,83.89,DEMO_DATA,True
2020-11-01,89.22,116.23,226.86,341.02,84.69,DEMO_DATA,True
2020-11-02,90.98,113.76,243.62,341.35,82.69,DEMO_DATA,True
2020-11-03,89.3,114.66,240.29,342.61,82.28,DEMO_DATA,True
2020-11-04,91.17,113.72,240.74,346.3,84.13,DEMO_DATA,True
2020-11-05,90.85,114.18,235.68,350.77,86.73,DEMO_DATA,True
2020-11-06,90.26,112.37,227.05,351.2,86.21,DEMO_DATA,True
2020-11-07,87.26,111.76,234.8,342.69,86.39,DEMO_DATA,True
2020-11-08,88.51,111.76,237.8,342.19,87.82,DEMO_DATA,True
2020-11-09,88.33,115.06,240.48,344.85,86.52,DEMO_DATA,True
2020-11-10,85.95,113.69,222.72,347.37,85.78,DEMO_DATA,True
2020-11-11,84.44,101.01,217.41,352.31,83.87,DEMO_DATA,True
2020-11-12,84.22,102.55,219.53,351.89,82.61,DEMO_DATA,True
2020-11-13,84.59,99.5,226.33,351.84,82.37,DEMO_DATA,True
2020-11-14,85.83,98.64,223.75,349.56,84.25,DEMO_DATA,True
2020-11-15,86.79,97.57,219.15,351.59,87.15,DEMO_DATA,True
2020-11-16,87.15,97.89,220.95,348.5,88.43,DEMO_DATA,True
2020-11-17,88.48,96.65,227.57,348.95,87.74,DEMO_DATA,True
2020-11-18,88.37,93.7,226.76,348.17,85.5,DEMO_DATA,True
2020-11-19,87.11,93.61,227.01,348.13,84.09,DEMO_DATA,True
2020-11-20,87.5,94.16,228.05,348.07,80.86,DEMO_DATA,True
2020-11-21,87.66,98.08,224.05,341.31,79.81,DEMO_DATA,True
2020-11-22,85.21,101.51,221.79,341.95,79.5,DEMO_DATA,True
2020-11-23,86.63,102.92,221.91,337.4,78.68,DEMO_DATA,True
2020-11-24,87.57,105.26,226.9,342.49,79.5,DEMO_DATA,True
2020-11-25,86.66,104.46,226.53,342.77,82.36,DEMO_DATA,True
2020-11-26,96.77,105.53,223.14,343.29,80.48,DEMO_DATA,True
2020-11-27,97.94,105.7,221.25,338.46,80.69,DEMO_DATA,True
2020-11-28,98.24,104.86,219.85,330.72,82.91,DEMO_DATA,True
2020-11-29,96.77,104.24,219.98,325.38,85.04,DEMO_DATA,True
2020-11-30,94.62,103.73,213.6,333.2,83.93,DEMO_DATA,True
2020-12-01,95.31,102.19,213.64,328.94,81.47,DEMO_DATA,True
2020-12-02,98.49,102.44,217.28,330.15,82.26,DEMO_DATA,True
2020-12-03,97.11,104.32,216.57,326.77,80.23,DEMO_DATA,True
2020-12-04,95.9,107.78,217.95,321.25,81.33,DEMO_DATA,True
2020-12-05,95.91,109.68,216.53,324.22,81.08,DEMO_DATA,True
2020-12-06,94.29,110.93,217.2,329.21,83.68,DEMO_DATA,True
2020-12-07,92.86,113.25,211.56,326.26,80.95,DEMO_DATA,True
2020-12-08,93.32,116.86,212.26,320.05,82.38,DEMO_DATA,True
2020-12-09,92.4,114.41,186.08,315.65,80.23,DEMO_DATA,True
2020-12-10,92.16,112.7,190.92,320.99,81.27,DEMO_DATA,True
2020-12-11,89.4,113.38,193.55,321.0,79.37,DEMO_DATA,True
2020-12-12,88.75,111.41,191.63,320.15,76.9,DEMO_DATA,True
2020-12-13,88.11,135.91,184.3,318.8,78.16,DEMO_DATA,True
2020-12-14,86.04,134.47,184.89,318.11,77.56,DEMO_DATA,True
2020-12-15,73.14,132.64,190.16,319.82,70.71,DEMO_DATA,True
2020-12-16,72.61,147.39,191.55,316.69,71.18,DEMO_DATA,True
2020-12-17,72.33,146.81,189.41,316.27,69.39,DEMO_DATA,True
2020-12-18,72.51,146.49,191.32,315.38,69.07,DEMO_DATA,True
2020-12-19,73.64,147.36,198.02,316.1,67.38,DEMO_DATA,True
2020-12-20,75.6,139.82,197.7,318.16,66.81,DEMO_DATA,True
2020-12-21,76.44,137.44,198.33,313.18,66.94,DEMO_DATA,True
2020-12-22,76.88,138.92,195.45,311.63,67.11,DEMO_DATA,True
2020-12-23,77.85,165.89,197.29,315.25,66.99,DEMO_DATA,True
2020-12-24,76.2,162.98,200.62,314.1,66.1,DEMO_DATA,True
2020-12-25,76.15,160.41,197.71,321.27,64.58,DEMO_DATA,True
2020-12-26,74.67,160.41,191.54,322.59,64.22,DEMO_DATA,True
2020-12-27,74.83,164.11,191.83,325.98,65.34,DEMO_DATA,True
2020-12-28,74.7,158.66,194.67,326.07,65.22,DEMO_DATA,True
2020-12-29,75.58,153.07,198.85,330.96,64.18,DEMO_DATA,True
2020-12-30,79.84,153.53,205.18,331.74,63.67,DEMO_DATA,True
2020-12-31,80.19,156.15,204.58,337.64,63.75,DEMO_DATA,True
2021-01-01,78.76,152.87,200.82,339.32,64.24,DEMO_DATA,True
2021-01-02,78.52,152.35,196.66,336.17,64.79,DEMO_DATA,True
2021-01-03,78.66,150.68,196.71,339.8,66.34,DEMO_DATA,True
2021-01-04,81.32,150.69,195.92,340.56,65.45,DEMO_DATA,True
2021-01-05,81.16,151.36,196.24,345.55,67.28,DEMO_DATA,True
2021-01-06,80.89,118.37,191.93,339.78,67.67,DEMO_DATA,True
2021-01-07,81.38,118.55,191.75,340.99,66.11,DEMO_DATA,True
2021-01-08,79.52,119.48,185.47,340.83,66.2,DEMO_DATA,True
2021-01-09,79.04,114.79,185.28,344.87,68.93,DEMO_DATA,True
2021-01-10,76.81,113.69,143.56,344.8,72.18,DEMO_DATA,True
2021-01-11,76.73,115.95,142.98,343.93,73.54,DEMO_DATA,True
2021-01-12,76.61,117.0,142.2,342.62,74.45,DEMO_DATA,True
2021-01-13,76.73,115.15,145.15,340.94,74.8,DEMO_DATA,True
2021-01-14,77.15,116.61,147.46,339.95,75.69,DEMO_DATA,True
2021-01-15,76.98,113.29,145.08,337.49,73.72,DEMO_DATA,True
2021-01-16,77.27,110.92,144.61,332.9,75.46,DEMO_DATA,True
2021-01-17,95.32,108.9,146.71,336.5,77.57,DEMO_DATA,True
2021-01-18,92.21,109.84,152.23,332.79,79.06,DEMO_DATA,True
2021-01-19,92.04,110.43,153.99,335.59,80.74,DEMO_DATA,True
2021-01-20,93.5,108.1,155.84,337.16,80.01,DEMO_DATA,True
2021-01-21,91.73,105.98,154.44,331.99,82.7,DEMO_DATA,True
2021-01-22,91.21,107.17,158.27,323.77,82.53,DEMO_DATA,True
2021-01-23,90.22,106.35,155.4,323.36,82.96,DEMO_DATA,True
2021-01-24,91.64,107.52,160.02,319.57,81.38,DEMO_DATA,True
2021-01-25,92.12,104.99,157.68,321.91,83.22,DEMO_DATA,True
2021-01-26,90.66,104.27,159.76,318.04,82.03,DEMO_DATA,True
2021-01-27,93.65,107.44,160.66,322.59,80.97,DEMO_DATA,True
2021-01-28,95.51,104.79,159.59,319.02,82.56,DEMO_DATA,True
2021-01-29,94.58,103.77,164.18,320.22,84.51,DEMO_DATA,True
2021-01-30,95.05,102.01,164.77,318.28,84.68,DEMO_DATA,True
2021-01-31,95.82,103.1,169.52,315.88,85.56,DEMO_DATA,True
2021-02-01,95.9,103.67,169.57,309.54,84.45,DEMO_DATA,True
2021-02-02,93.21,104.41,156.98,309.5,87.05,DEMO_DATA,True
2021-02-03,92.95,107.29,156.59,314.41,84.38,DEMO_DATA,True
2021-02-04,93.33,106.72,157.11,320.96,85.58,DEMO_DATA,True
2021-02-05,92.54,107.88,157.5,321.28,84.9,DEMO_DATA,True
2021-02-06,92.01,109.97,154.26,316.19,85.02,DEMO_DATA,True
2021-02-07,91.06,106.63,156.07,311.48,84.83,DEMO_DATA,True
2021-02-08,89.89,107.34,158.62,311.56,83.62,DEMO_DATA,True
2021-02-09,90.97,105.23,159.94,310.62,83.74,DEMO_DATA,True
2021-02-10,90.06,106.6,158.28,305.26,83.23,DEMO_DATA,True
2021-02-11,89.08,104.09,162.78,305.54,81.27,DEMO_DATA,True
2021-02-12,89.42,102.8,165.05,307.58,82.15,DEMO_DATA,True
2021-02-13,89.89,102.46,166.38,307.42,82.48,DEMO_DATA,True
2021-02-14,89.3,105.2,163.97,304.78,80.68,DEMO_DATA,True
2021-02-15,87.73,104.72,163.18,304.0,79.77,DEMO_DATA,True
2021-02-16,88.42,104.25,163.64,304.92,79.82,DEMO_DATA,True
2021-02-17,88.69,106.75,164.82,306.42,82.66,DEMO_DATA,True
2021-02-18,88.06,107.13,166.72,306.25,80.91,DEMO_DATA,True
2021-02-19,89.7,107.7,166.21,312.97,80.24,DEMO_DATA,True
2021-02-20,89.51,107.79,170.69,316.77,88.6,DEMO_DATA,True
2021-02-21,90.17,103.53,171.71,315.44,88.14,DEMO_DATA,True
2021-02-22,90.49,117.02,174.26,312.34,86.14,DEMO_DATA,True
2021-02-23,92.42,121.06,178.15,315.6,86.79,DEMO_DATA,True
2021-02-24,82.77,119.03,175.04,312.83,90.47,DEMO_DATA,True
2021-02-25,83.5,117.55,169.97,315.21,90.8,DEMO_DATA,True
2021-02-26,81.78,119.06,165.03,317.13,92.22,DEMO_DATA,True
2021-02-27,80.92,120.59,128.87,320.9,91.72,DEMO_DATA,True
2021-02-28,82.3,121.8,131.21,326.8,88.1,DEMO_DATA,True
2021-03-01,82.07,118.32,133.4,331.12,87.91,DEMO_DATA,True
2021-03-02,81.24,139.24,137.17,330.85,85.51,DEMO_DATA,True
2021-03-03,81.9,137.33,139.93,334.07,90.19,DEMO_DATA,True
2021-03-04,82.6,139.46,140.54,339.32,89.64,DEMO_DATA,True
2021-03-05,80.75,144.46,140.38,338.6,87.15,DEMO_DATA,True
2021-03-06,79.51,141.36,142.81,339.59,86.76,DEMO_DATA,True
2021-03-07,79.86,141.22,144.96,342.38,84.46,DEMO_DATA,True
2021-03-08,80.38,167.76,145.24,341.1,85.13,DEMO_DATA,True
2021-03-09,79.93,164.15,144.56,342.88,85.22,DEMO_DATA,True
2021-03-10,80.67,160.08,145.49,345.27,84.56,DEMO_DATA,True
2021-03-11,79.75,160.56,151.42,344.68,83.08,DEMO_DATA,True
2021-03-12,79.35,160.09,152.45,339.07,81.69,DEMO_DATA,True
2021-03-13,78.56,159.58,154.94,344.12,79.43,DEMO_DATA,True
2021-03-14,79.53,153.21,160.89,338.99,81.7,DEMO_DATA,True
2021-03-15,80.04,149.02,161.71,337.17,82.29,DEMO_DATA,True
2021-03-16,80.46,143.37,158.54,341.36,82.95,DEMO_DATA,True
2021-03-17,80.23,142.7,160.39,334.44,82.24,DEMO_DATA,True
2021-03-18,79.98,136.94,161.29,334.32,77.81,DEMO_DATA,True
2021-03-19,78.81,130.14,161.91,335.76,76.75,DEMO_DATA,True
2021-03-20,78.22,130.97,163.13,335.98,76.6,DEMO_DATA,True
2021-03-21,77.65,129.55,162.23,338.91,75.79,DEMO_DATA,True
2021-03-22,77.84,128.78,147.37,337.56,73.46,DEMO_DATA,True
2021-03-23,78.76,123.48,147.27,331.38,72.37,DEMO_DATA,True
2021-03-24,78.2,119.72,151.17,336.44,70.9,DEMO_DATA,True
2021-03-25,78.97,118.18,150.83,341.37,72.36,DEMO_DATA,True
2021-03-26,80.6,117.74,150.64,342.83,72.5,DEMO_DATA,True
2021-03-27,81.09,115.01,148.07,338.95,71.6,DEMO_DATA,True
2021-03-28,81.51,114.35,150.88,339.74,72.82,DEMO_DATA,True
2021-03-29,79.48,115.87,150.81,344.58,73.24,DEMO_DATA,True
2021-03-30,79.8,119.69,147.09,341.67,88.76,DEMO_DATA,True
2021-03-31,78.84,118.95,148.93,334.83,89.45,DEMO_DATA,True
2021-04-01,78.34,121.68,146.32,334.97,87.28,DEMO_DATA,True
2021-04-02,79.95,121.22,144.4,330.7,88.09,DEMO_DATA,True
2021-04-03,80.57,119.21,122.27,333.65,89.89,DEMO_DATA,True
2021-04-04,81.05,118.41,124.37,334.41,100.78,DEMO_DATA,True
2021-04-05,81.75,118.02,125.96,334.35,97.32,DEMO_DATA,True
2021-04-06,81.74,117.89,124.99,332.98,94.71,DEMO_DATA,True
2021-04-07,82.7,116.27,129.52,338.64,93.11,DEMO_DATA,True
2021-04-08,82.37,114.33,132.57,335.85,94.25,DEMO_DATA,True
2021-04-09,80.02,117.43,133.17,338.91,93.59,DEMO_DATA,True
2021-04-10,78.12,117.07,133.14,342.59,93.88,DEMO_DATA,True
2021-04-11,78.38,118.74,134.27,343.72,94.56,DEMO_DATA,True
2021-04-12,78.74,118.55,135.01,344.17,92.12,DEMO_DATA,True
2021-04-13,79.5,123.03,139.21,345.78,93.17,DEMO_DATA,True
2021-04-14,78.25,120.44,142.09,347.1,93.06,DEMO_DATA,True
2021-04-15,76.68,132.19,140.23,349.07,94.54,DEMO_DATA,True
2021-04-16,77.59,126.66,141.65,345.21,96.89,DEMO_DATA,True
2021-04-17,79.48,131.36,146.31,347.75,98.46,DEMO_DATA,True
2021-04-18,80.28,130.49,150.29,352.31,98.06,DEMO_DATA,True
2021-04-19,80.77,129.11,150.74,347.7,100.1,DEMO_DATA,True
2021-04-20,80.63,127.09,153.52,347.13,101.98,DEMO_DATA,True
2021-04-21,80.6,122.94,154.89,345.76,99.52,DEMO_DATA,True
2021-04-22,79.95,118.03,151.84,346.28,99.47,DEMO_DATA,True
2021-04-23,81.73,119.82,150.47,349.44,96.68,DEMO_DATA,True
2021-04-24,81.5,118.37,150.05,350.97,95.86,DEMO_DATA,True
2021-04-25,81.44,117.95,151.46,351.9,99.37,DEMO_DATA,True
2021-04-26,81.34,117.47,150.87,352.54,98.42,DEMO_DATA,True
2021-04-27,82.5,102.97,156.5,352.16,99.61,DEMO_DATA,True
2021-04-28,81.53,100.53,156.29,361.24,96.6,DEMO_DATA,True
2021-04-29,85.06,98.65,160.09,362.77,96.98,DEMO_DATA,True
2021-04-30,82.31,102.3,161.62,356.91,93.71,DEMO_DATA,True
2021-05-01,80.01,103.57,165.02,356.59,92.91,DEMO_DATA,True
2021-05-02,79.24,102.54,165.59,357.06,91.59,DEMO_DATA,True
2021-05-03,78.3,101.81,165.33,352.12,91.07,DEMO_DATA,True
2021-05-04,77.92,102.2,166.58,348.46,90.08,DEMO_DATA,True
2021-05-05,77.97,102.57,166.96,350.1,88.87,DEMO_DATA,True
2021-05-06,75.53,98.64,168.41,348.68,88.97,DEMO_DATA,True
2021-05-07,74.64,99.63,168.01,349.99,88.97,DEMO_DATA,True
2021-05-08,75.32,100.38,168.92,354.31,86.97,DEMO_DATA,True
2021-05-09,75.2,118.61,170.27,352.55,83.68,DEMO_DATA,True
2021-05-10,75.95,119.34,171.04,350.19,81.8,DEMO_DATA,True
2021-05-11,76.83,115.18,166.39,347.05,80.31,DEMO_DATA,True
2021-05-12,78.67,114.41,169.44,339.66,79.08,DEMO_DATA,True
2021-05-13,80.32,113.67,171.21,335.84,81.72,DEMO_DATA,True
2021-05-14,81.71,113.86,172.48,334.47,79.24,DEMO_DATA,True
2021-05-15,82.05,114.4,205.11,326.39,78.67,DEMO_DATA,True
2021-05-16,82.27,114.39,202.91,322.22,89.57,DEMO_DATA,True
2021-05-17,82.88,113.08,171.43,322.12,88.8,DEMO_DATA,True
2021-05-18,81.58,113.5,171.85,323.53,88.24,DEMO_DATA,True
2021-05-19,81.16,111.21,170.2,319.97,87.69,DEMO_DATA,True
2021-05-20,81.02,110.32,167.63,322.96,89.38,DEMO_DATA,True
2021-05-21,81.2,110.81,170.41,318.71,88.57,DEMO_DATA,True
2021-05-22,80.6,107.84,169.58,317.49,87.4,DEMO_DATA,True
2021-05-23,82.07,108.51,172.94,314.8,87.86,DEMO_DATA,True
2021-05-24,81.33,107.34,173.69,318.4,88.76,DEMO_DATA,True
2021-05-25,78.43,85.15,176.26,318.54,86.02,DEMO_DATA,True
2021-05-26,78.74,84.44,176.87,323.32,87.47,DEMO_DATA,True
2021-05-27,79.8,85.0,179.36,324.73,89.17,DEMO_DATA,True
2021-05-28,79.83,87.68,180.49,331.16,87.02,DEMO_DATA,True
2021-05-29,80.57,88.52,178.85,333.0,87.12,DEMO_DATA,True
2021-05-30,82.24,89.09,185.48,333.46,88.46,DEMO_DATA,True
2021-05-31,82.67,88.74,183.14,335.18,89.21,DEMO_DATA,True
2021-06-01,81.31,88.44,183.39,331.28,91.04,DEMO_DATA,True
2021-06-02,79.88,87.96,187.13,331.01,89.15,DEMO_DATA,True
2021-06-03,78.48,87.84,189.63,333.84,87.5,DEMO_DATA,True
2021-06-04,77.38,87.19,187.41,335.83,84.95,DEMO_DATA,True
2021-06-05,77.52,87.72,190.81,337.42,84.43,DEMO_DATA,True
2021-06-06,77.1,86.06,187.36,342.1,84.27,DEMO_DATA,True
2021-06-07,76.55,86.12,189.43,345.84,84.81,DEMO_DATA,True
2021-06-08,77.15,88.05,189.21,349.47,82.19,DEMO_DATA,True
2021-06-09,76.69,88.94,185.44,345.29,85.66,DEMO_DATA,True
2021-06-10,76.17,72.3,182.0,341.51,88.22,DEMO_DATA,True
2021-06-11,76.86,72.75,178.77,338.06,89.1,DEMO_DATA,True
2021-06-12,76.28,73.46,182.49,338.31,86.24,DEMO_DATA,True
2021-06-13,79.08,73.11,183.89,337.9,86.27,DEMO_DATA,True
2021-06-14,78.24,75.05,183.28,339.86,85.6,DEMO_DATA,True
2021-06-15,79.36,74.22,184.04,333.77,86.76,DEMO_DATA,True
2021-06-16,78.8,76.75,181.77,333.57,84.63,DEMO_DATA,True
2021-06-17,79.63,79.41,186.2,339.54,82.99,DEMO_DATA,True
2021-06-18,78.24,69.52,184.45,336.47,84.49,DEMO_DATA,True
2021-06-19,77.65,69.24,184.13,332.88,87.59,DEMO_DATA,True
2021-06-20,78.48,71.41,178.76,332.71,87.36,DEMO_DATA,True
2021-06-21,79.75,71.19,179.14,341.14,89.43,DEMO_DATA,True
2021-06-22,79.49,71.37,181.9,343.11,89.67,DEMO_DATA,True
2021-06-23,80.88,72.96,182.32,341.77,88.67,DEMO_DATA,True
2021-06-24,81.21,75.3,181.87,339.96,87.17,DEMO_DATA,True
2021-06-25,81.61,72.25,180.48,340.37,85.1,DEMO_DATA,True
2021-06-26,82.92,72.37,177.92,341.12,85.48,DEMO_DATA,True
2021-06-27,81.26,73.4,177.4,337.83,85.98,DEMO_DATA,True
2021-06-28,74.51,74.52,169.57,335.32,84.53,DEMO_DATA,True
2021-06-29,74.62,75.13,170.04,337.86,84.77,DEMO_DATA,True
2021-06-30,76.52,74.64,171.28,341.95,83.62,DEMO_DATA,True
2021-07-01,77.09,72.84,178.27,345.73,82.89,DEMO_DATA,True
2021-07-02,78.01,74.09,178.62,346.94,82.62,DEMO_DATA,True
2021-07-03,76.89,74.67,178.36,345.78,85.83,DEMO_DATA,True
2021-07-04,75.51,76.06,172.08,342.61,84.5,DEMO_DATA,True
2021-07-05,74.11,75.99,173.32,337.93,85.02,DEMO_DATA,True
2021-07-06,75.85,77.71,175.66,339.81,84.13,DEMO_DATA,True
2021-07-07,76.78,80.01,180.09,337.23,84.75,DEMO_DATA,True
2021-07-08,75.13,81.16,178.4,340.78,84.09,DEMO_DATA,True
2021-07-09,76.06,81.19,182.54,345.5,83.59,DEMO_DATA,True
2021-07-10,75.03,84.12,178.27,347.72,86.93,DEMO_DATA,True
2021-07-11,74.88,86.36,179.44,353.95,86.62,DEMO_DATA,True
2021-07-12,73.79,86.47,175.9,348.8,84.27,DEMO_DATA,True
2021-07-13,73.58,86.7,174.4,356.47,85.37,DEMO_DATA,True
2021-07-14,73.84,85.85,176.39,355.26,87.07,DEMO_DATA,True
2021-07-15,74.58,87.74,180.92,355.1,85.86,DEMO_DATA,True
2021-07-16,75.71,89.59,183.48,357.81,86.25,DEMO_DATA,True
2021-07-17,75.1,87.33,184.54,361.61,85.09,DEMO_DATA,True
2021-07-18,75.87,89.13,187.77,357.69,83.68,DEMO_DATA,True
2021-07-19,73.7,88.5,188.56,355.68,80.95,DEMO_DATA,True
2021-07-20,72.68,89.05,188.47,353.35,80.75,DEMO_DATA,True
2021-07-21,75.06,92.35,186.57,349.03,79.5,DEMO_DATA,True
2021-07-22,75.21,92.92,191.01,287.59,78.98,DEMO_DATA,True
2021-07-23,76.34,93.77,194.85,285.67,77.55,DEMO_DATA,True
2021-07-24,76.6,92.58,196.37,281.32,79.79,DEMO_DATA,True
2021-07-25,78.67,93.85,200.05,285.01,80.49,DEMO_DATA,True
2021-07-26,78.91,93.9,202.08,279.88,80.31,DEMO_DATA,True
2021-07-27,80.59,91.53,200.0,281.17,83.04,DEMO_DATA,True
2021-07-28,81.67,89.76,204.45,280.1,79.91,DEMO_DATA,True
2021-07-29,80.46,91.35,204.32,280.58,81.65,DEMO_DATA,True
2021-07-30,81.23,92.13,203.12,281.18,84.22,DEMO_DATA,True
2021-07-31,81.53,91.51,208.27,281.34,83.24,DEMO_DATA,True
2021-08-01,81.03,92.97,207.26,283.07,82.8,DEMO_DATA,True
2021-08-02,81.7,94.76,205.86,286.83,81.5,DEMO_DATA,True
2021-08-03,95.85,95.89,209.24,282.68,80.73,DEMO_DATA,True
2021-08-04,94.94,98.28,204.86,288.21,79.98,DEMO_DATA,True
2021-08-05,94.63,98.82,204.68,287.44,79.09,DEMO_DATA,True
2021-08-06,78.21,98.49,205.1,285.25,76.3,DEMO_DATA,True
2021-08-07,78.13,99.84,166.9,288.34,75.88,DEMO_DATA,True
2021-08-08,78.7,101.63,169.66,289.43,77.62,DEMO_DATA,True
2021-08-09,79.04,101.28,170.05,287.27,75.0,DEMO_DATA,True
2021-08-10,78.11,102.98,168.51,287.21,75.92,DEMO_DATA,True
2021-08-11,78.23,103.02,171.38,290.76,75.16,DEMO_DATA,True
2021-08-12,81.35,102.33,172.64,290.53,74.29,DEMO_DATA,True
2021-08-13,82.22,100.05,170.82,288.37,71.91,DEMO_DATA,True
2021-08-14,83.25,89.41,172.06,290.9,73.36,DEMO_DATA,True
2021-08-15,85.4,89.22,169.9,293.18,76.57,DEMO_DATA,True
2021-08-16,85.42,92.22,168.71,293.03,77.75,DEMO_DATA,True
2021-08-17,83.42,93.96,164.54,296.81,77.69,DEMO_DATA,True
2021-08-18,82.46,96.6,165.64,299.5,78.25,DEMO_DATA,True
2021-08-19,82.34,96.52,160.71,307.18,77.18,DEMO_DATA,True
2021-08-20,82.03,95.01,160.19,351.44,75.6,DEMO_DATA,True
2021-08-21,79.33,91.86,159.99,347.76,74.11,DEMO_DATA,True
2021-08-22,81.16,89.86,162.84,349.71,72.2,DEMO_DATA,True
2021-08-23,78.94,91.54,165.71,345.94,71.22,DEMO_DATA,True
2021-08-24,81.08,94.06,165.07,348.18,70.57,DEMO_DATA,True
2021-08-25,81.59,94.4,167.46,346.42,71.06,DEMO_DATA,True
2021-08-26,81.49,93.0,170.29,348.79,70.21,DEMO_DATA,True
2021-08-27,80.65,92.74,170.68,344.84,74.66,DEMO_DATA,True
2021-08-28,78.94,93.53,172.62,336.13,71.62,DEMO_DATA,True
2021-08-29,79.02,93.95,172.33,336.38,79.9,DEMO_DATA,True
2021-08-30,80.27,93.04,172.18,335.21,81.89,DEMO_DATA,True
2021-08-31,81.56,91.95,164.72,333.51,80.91,DEMO_DATA,True
2021-09-01,80.93,91.01,167.54,333.02,81.93,DEMO_DATA,True
2021-09-02,81.12,93.68,166.62,335.74,81.9,DEMO_DATA,True
2021-09-03,80.12,92.24,167.86,336.73,82.97,DEMO_DATA,True
2021-09-04,78.45,92.74,167.79,333.15,84.98,DEMO_DATA,True
2021-09-05,78.36,92.64,169.73,329.86,83.77,DEMO_DATA,True
2021-09-06,80.22,91.9,172.58,328.62,81.39,DEMO_DATA,True
2021-09-07,79.68,94.35,170.3,328.5,82.82,DEMO_DATA,True
2021-09-08,64.04,93.85,170.97,333.09,85.27,DEMO_DATA,True
2021-09-09,62.97,92.95,174.49,326.68,85.07,DEMO_DATA,True
2021-09-10,63.22,92.64,178.56,328.13,80.34,DEMO_DATA,True
2021-09-11,63.81,95.75,181.21,329.23,78.65,DEMO_DATA,True
2021-09-12,62.45,97.06,183.73,330.32,77.81,DEMO_DATA,True
2021-09-13,63.09,98.49,188.42,329.76,75.72,DEMO_DATA,True
2021-09-14,63.12,99.33,185.14,327.08,74.25,DEMO_DATA,True
2021-09-15,63.53,95.55,178.41,326.5,90.1,DEMO_DATA,True
2021-09-16,64.05,98.19,182.42,324.91,87.09,DEMO_DATA,True
2021-09-17,64.23,97.57,181.08,324.18,85.33,DEMO_DATA,True
2021-09-18,64.55,98.86,182.51,317.46,84.13,DEMO_DATA,True
2021-09-19,65.66,101.65,181.5,316.7,81.65,DEMO_DATA,True
2021-09-20,66.19,101.52,185.24,317.61,79.41,DEMO_DATA,True
2021-09-21,65.27,104.2,188.74,315.44,80.06,DEMO_DATA,True
2021-09-22,66.91,105.44,184.28,319.72,78.15,DEMO_DATA,True
2021-09-23,69.78,107.07,179.29,318.47,74.53,DEMO_DATA,True
2021-09-24,69.98,108.42,181.16,319.39,73.59,DEMO_DATA,True
2021-09-25,69.1,109.37,181.23,314.23,76.51,DEMO_DATA,True
2021-09-26,69.92,112.73,180.72,314.98,75.84,DEMO_DATA,True
2021-09-27,71.1,115.68,181.54,312.32,76.79,DEMO_DATA,True
2021-09-28,70.96,116.37,183.05,316.26,76.45,DEMO_DATA,True
2021-09-29,72.63,118.04,183.33,318.79,77.97,DEMO_DATA,True
2021-09-30,73.37,114.42,185.72,319.69,76.43,DEMO_DATA,True
2021-10-01,73.51,111.68,185.41,323.23,79.34,DEMO_DATA,True
2021-10-02,75.38,112.13,179.53,325.28,81.81,DEMO_DATA,True
2021-10-03,75.19,113.76,176.99,328.77,81.29,DEMO_DATA,True
2021-10-04,75.45,110.13,180.87,330.93,81.25,DEMO_DATA,True
2021-10-05,76.33,114.45,181.1,330.15,79.72,DEMO_DATA,True
2021-10-06,75.9,113.34,183.78,332.66,80.44,DEMO_DATA,True
2021-10-07,76.93,113.85,184.93,333.58,78.12,DEMO_DATA,True
2021-10-08,76.78,109.31,182.83,334.33,77.22,DEMO_DATA,True
2021-10-09,77.16,113.77,182.58,334.37,74.75,DEMO_DATA,True
2021-10-10,76.86,111.59,185.04,330.3,74.27,DEMO_DATA,True
2021-10-11,76.88,108.5,184.52,328.8,75.22,DEMO_DATA,True
2021-10-12,77.49,106.43,181.12,331.71,75.48,DEMO_DATA,True
2021-10-13,79.92,105.53,185.05,339.39,75.64,DEMO_DATA,True
2021-10-14,95.2,108.19,181.0,335.26,76.52,DEMO_DATA,True
2021-10-15,93.72,107.02,181.01,333.43,79.53,DEMO_DATA,True
2021-10-16,91.93,108.15,179.46,327.12,77.95,DEMO_DATA,True
2021-10-17,90.1,113.0,178.14,328.9,77.02,DEMO_DATA,True
2021-10-18,90.92,113.28,179.91,337.89,77.99,DEMO_DATA,True
2021-10-19,89.57,109.83,179.67,338.09,79.05,DEMO_DATA,True
2021-10-20,89.92,107.88,177.19,329.65,80.76,DEMO_DATA,True
2021-10-21,87.15,107.29,174.81,333.84,82.69,DEMO_DATA,True
2021-10-22,87.22,109.61,212.55,328.11,80.39,DEMO_DATA,True
2021-10-23,85.04,108.85,206.19,326.76,79.78,DEMO_DATA,True
2021-10-24,85.48,105.76,205.5,327.23,79.63,DEMO_DATA,True
2021-10-25,81.93,105.7,210.76,329.0,80.91,DEMO_DATA,True
2021-10-26,81.87,102.28,210.47,334.57,79.39,DEMO_DATA,True
2021-10-27,80.63,102.01,209.63,335.34,76.07,DEMO_DATA,True
2021-10-28,80.41,99.63,209.52,333.01,75.53,DEMO_DATA,True
2021-10-29,79.35,101.31,214.1,332.68,75.88,DEMO_DATA,True
2021-10-30,80.68,103.78,210.04,337.01,79.59,DEMO_DATA,True
2021-10-31,79.45,102.8,213.2,338.43,79.76,DEMO_DATA,True
2021-11-01,80.98,102.82,207.69,339.0,75.66,DEMO_DATA,True
2021-11-02,79.21,100.79,208.72,336.31,76.18,DEMO_DATA,True
2021-11-03,79.87,102.54,208.48,336.79,74.04,DEMO_DATA,True
2021-11-04,79.3,122.7,211.37,336.53,74.14,DEMO_DATA,True
2021-11-05,78.78,121.85,214.13,336.22,77.99,DEMO_DATA,True
2021-11-06,78.97,122.72,213.78,342.66,78.07,DEMO_DATA,True
2021-11-07,77.27,121.01,213.36,340.71,74.63,DEMO_DATA,True
2021-11-08,80.3,117.58,212.92,346.25,76.22,DEMO_DATA,True
2021-11-09,79.12,113.85,209.76,350.34,78.56,DEMO_DATA,True
2021-11-10,79.19,115.38,207.63,349.18,79.27,DEMO_DATA,True
2021-11-11,80.9,112.45,204.33,345.98,79.74,DEMO_DATA,True
2021-11-12,80.46,113.43,201.59,346.91,82.9,DEMO_DATA,True
2021-11-13,72.19,113.88,209.02,344.74,81.12,DEMO_DATA,True
2021-11-14,72.56,112.86,208.59,345.35,78.78,DEMO_DATA,True
2021-11-15,72.73,114.71,208.27,348.1,80.47,DEMO_DATA,True
2021-11-16,71.83,115.23,212.16,339.63,81.01,DEMO_DATA,True
2021-11-17,73.5,114.51,209.64,339.54,81.87,DEMO_DATA,True
2021-11-18,72.74,113.31,212.05,337.55,84.73,DEMO_DATA,True
2021-11-19,73.68,115.28,210.14,335.04,85.57,DEMO_DATA,True
2021-11-20,73.45,118.3,209.88,336.81,86.61,DEMO_DATA,True
2021-11-21,73.94,118.05,213.67,333.33,87.78,DEMO_DATA,True
2021-11-22,75.67,120.59,213.59,332.12,88.82,DEMO_DATA,True
2021-11-23,75.4,119.7,213.71,335.91,88.82,DEMO_DATA,True
2021-11-24,74.51,117.53,216.77,337.04,89.46,DEMO_DATA,True
2021-11-25,74.85,115.62,221.88,327.98,90.91,DEMO_DATA,True
2021-11-26,74.5,117.31,223.02,329.57,94.14,DEMO_DATA,True
2021-11-27,75.87,120.12,221.42,330.55,95.52,DEMO_DATA,True
2021-11-28,75.1,121.56,218.37,329.18,94.07,DEMO_DATA,True
2021-11-29,77.34,122.0,220.35,326.4,92.74,DEMO_DATA,True
2021-11-30,76.46,117.1,220.52,327.51,93.35,DEMO_DATA,True
2021-12-01,76.28,116.87,220.64,326.54,93.16,DEMO_DATA,True
2021-12-02,77.63,119.61,214.49,329.56,93.88,DEMO_DATA,True
2021-12-03,76.81,118.3,208.45,323.42,95.15,DEMO_DATA,True
2021-12-04,76.45,117.94,214.13,322.28,93.2,DEMO_DATA,True
2021-12-05,78.98,117.89,211.75,323.05,91.62,DEMO_DATA,True
2021-12-06,77.35,116.44,208.31,328.65,91.83,DEMO_DATA,True
2021-12-07,76.3,112.38,207.52,326.11,90.65,DEMO_DATA,True
2021-12-08,77.55,112.54,207.85,326.86,77.51,DEMO_DATA,True
2021-12-09,79.0,112.49,209.67,324.87,74.94,DEMO_DATA,True
2021-12-10,79.67,115.77,207.63,325.26,76.26,DEMO_DATA,True
2021-12-11,80.72,114.0,209.86,319.36,77.04,DEMO_DATA,True
2021-12-12,82.1,112.63,213.82,319.77,77.94,DEMO_DATA,True
2021-12-13,81.62,111.95,209.85,319.81,79.0,DEMO_DATA,True
2021-12-14,80.73,110.51,211.59,321.36,79.37,DEMO_DATA,True
2021-12-15,79.68,111.59,188.08,321.6,80.86,DEMO_DATA,True
2021-12-16,79.19,114.6,189.06,319.27,80.76,DEMO_DATA,True
2021-12-17,77.65,112.1,183.72,317.18,81.67,DEMO_DATA,True
2021-12-18,77.45,111.84,186.28,319.05,80.64,DEMO_DATA,True
2021-12-19,78.33,111.39,190.24,317.15,83.27,DEMO_DATA,True
2021-12-20,77.62,113.2,191.9,317.21,85.84,DEMO_DATA,True
2021-12-21,77.27,112.14,191.57,322.63,86.81,DEMO_DATA,True
2021-12-22,77.05,111.54,191.13,325.61,86.39,DEMO_DATA,True
2021-12-23,77.37,112.85,192.63,323.25,86.86,DEMO_DATA,True
2021-12-24,78.76,112.51,233.43,389.22,79.54,DEMO_DATA,True
2021-12-25,79.46,108.74,236.91,388.12,79.71,DEMO_DATA,True
2021-12-26,77.05,105.0,234.47,385.62,79.23,DEMO_DATA,True
2021-12-27,75.45,106.04,236.86,384.99,79.7,DEMO_DATA,True
2021-12-28,76.64,107.44,231.62,384.43,78.46,DEMO_DATA,True
2021-12-29,76.78,110.27,232.56,382.44,78.84,DEMO_DATA,True
2021-12-30,76.65,110.01,231.64,381.86,79.91,DEMO_DATA,True
2021-12-31,76.66,111.77,232.68,382.32,79.1,DEMO_DATA,True
2022-01-01,79.29,109.89,232.38,373.43,77.52,DEMO_DATA,True
2022-01-02,81.13,108.52,234.48,372.99,77.57,DEMO_DATA,True
2022-01-03,81.57,112.93,237.03,369.58,77.15,DEMO_DATA,True
2022-01-04,81.98,110.57,239.16,370.68,76.68,DEMO_DATA,True
2022-01-05,82.49,124.8,232.39,366.27,78.77,DEMO_DATA,True
2022-01-06,64.38,123.57,231.75,363.55,80.45,DEMO_DATA,True
2022-01-07,63.1,123.82,236.18,362.05,81.06,DEMO_DATA,True
2022-01-08,62.94,124.3,237.07,366.36,79.59,DEMO_DATA,True
2022-01-09,60.85,121.76,233.03,363.48,82.78,DEMO_DATA,True
2022-01-10,61.57,121.99,232.52,366.64,80.26,DEMO_DATA,True
2022-01-11,62.44,125.77,235.75,363.6,78.89,DEMO_DATA,True
2022-01-12,62.97,125.06,235.53,361.79,77.58,DEMO_DATA,True
2022-01-13,63.33,125.0,227.83,366.49,77.61,DEMO_DATA,True
2022-01-14,64.46,126.24,226.91,367.63,77.65,DEMO_DATA,True
2022-01-15,63.59,127.96,224.82,371.68,77.88,DEMO_DATA,True
2022-01-16,64.45,121.0,221.29,373.25,78.5,DEMO_DATA,True
2022-01-17,64.98,119.05,221.29,367.39,78.05,DEMO_DATA,True
2022-01-18,64.92,117.33,219.31,374.85,76.89,DEMO_DATA,True
2022-01-19,65.62,115.31,219.52,371.63,76.65,DEMO_DATA,True
2022-01-20,66.98,113.79,218.17,374.66,76.0,DEMO_DATA,True
2022-01-21,66.22,96.41,218.2,378.14,76.91,DEMO_DATA,True
2022-01-22,67.82,95.86,221.83,381.43,80.24,DEMO_DATA,True
2022-01-23,68.6,96.77,224.03,383.57,81.14,DEMO_DATA,True
2022-01-24,69.05,94.94,221.73,380.2,80.1,DEMO_DATA,True
2022-01-25,69.57,92.37,226.55,389.64,81.15,DEMO_DATA,True
2022-01-26,71.45,92.87,227.12,395.03,82.87,DEMO_DATA,True
2022-01-27,72.42,91.51,231.8,387.92,65.55,DEMO_DATA,True
2022-01-28,70.91,89.53,231.49,386.88,75.14,DEMO_DATA,True
2022-01-29,69.75,74.74,228.51,379.99,75.44,DEMO_DATA,True
2022-01-30,69.5,76.88,225.61,373.2,75.81,DEMO_DATA,True
2022-01-31,67.79,76.75,228.95,372.33,78.85,DEMO_DATA,True
2022-02-01,67.53,79.02,232.53,369.98,80.13,DEMO_DATA,True
2022-02-02,67.69,78.78,227.01,369.78,80.93,DEMO_DATA,True
2022-02-03,67.52,78.32,225.28,369.02,83.28,DEMO_DATA,True
2022-02-04,68.05,80.15,229.9,364.9,80.88,DEMO_DATA,True
2022-02-05,69.26,80.26,229.47,361.63,83.3,DEMO_DATA,True
2022-02-06,68.65,83.02,232.27,363.88,83.35,DEMO_DATA,True
2022-02-07,70.68,83.84,227.0,359.86,82.34,DEMO_DATA,True
2022-02-08,70.14,84.87,230.15,358.8,83.15,DEMO_DATA,True
2022-02-09,70.48,87.1,230.23,358.35,83.67,DEMO_DATA,True
2022-02-10,70.21,88.84,233.7,356.93,77.05,DEMO_DATA,True
2022-02-11,71.0,87.35,235.62,354.33,74.68,DEMO_DATA,True
2022-02-12,70.45,86.76,236.97,356.12,75.77,DEMO_DATA,True
2022-02-13,54.08,87.76,237.29,355.59,78.11,DEMO_DATA,True
2022-02-14,54.65,86.15,230.85,356.99,92.22,DEMO_DATA,True
2022-02-15,54.35,90.08,229.62,357.46,91.9,DEMO_DATA,True
2022-02-16,55.41,90.7,227.59,355.61,90.42,DEMO_DATA,True
2022-02-17,56.55,89.07,225.1,355.24,89.99,DEMO_DATA,True
2022-02-18,65.29,90.68,229.1,347.53,90.13,DEMO_DATA,True
2022-02-19,64.68,90.42,226.85,345.59,90.91,DEMO_DATA,True
2022-02-20,66.02,88.45,230.65,345.51,91.37,DEMO_DATA,True
2022-02-21,66.93,83.45,228.0,342.8,91.52,DEMO_DATA,True
2022-02-22,67.25,82.57,225.2,344.96,93.7,DEMO_DATA,True
2022-02-23,67.22,102.73,225.48,349.5,98.71,DEMO_DATA,True
2022-02-24,67.25,104.44,224.74,345.18,98.15,DEMO_DATA,True
2022-02-25,67.28,106.95,219.86,345.4,95.06,DEMO_DATA,True
2022-02-26,68.03,106.03,218.43,348.28,98.23,DEMO_DATA,True
2022-02-27,67.95,102.35,220.45,340.57,97.68,DEMO_DATA,True
2022-02-28,67.36,98.9,216.88,336.98,97.45,DEMO_DATA,True
2022-03-01,69.12,102.63,215.33,331.93,93.39,DEMO_DATA,True
2022-03-02,70.88,103.14,212.98,331.14,92.15,DEMO_DATA,True
2022-03-03,71.26,106.69,208.19,334.36,75.85,DEMO_DATA,True
2022-03-04,71.16,103.57,206.88,336.9,78.17,DEMO_DATA,True
2022-03-05,72.86,104.77,204.6,331.3,77.69,DEMO_DATA,True
2022-03-06,73.89,106.04,203.76,339.25,75.13,DEMO_DATA,True
2022-03-07,73.3,107.51,211.71,339.47,73.97,DEMO_DATA,True
2022-03-08,74.23,106.57,207.08,341.58,74.82,DEMO_DATA,True
2022-03-09,76.28,106.71,200.55,334.08,72.73,DEMO_DATA,True
2022-03-10,74.07,104.41,200.92,335.28,72.96,DEMO_DATA,True
2022-03-11,72.86,105.86,200.97,336.77,72.11,DEMO_DATA,True
2022-03-12,73.53,103.31,202.87,334.74,73.97,DEMO_DATA,True
2022-03-13,73.07,103.7,200.9,329.58,72.29,DEMO_DATA,True
2022-03-14,73.43,102.25,197.61,327.53,72.67,DEMO_DATA,True
2022-03-15,72.65,102.82,201.87,325.89,71.13,DEMO_DATA,True
2022-03-16,76.26,102.4,199.02,328.92,73.65,DEMO_DATA,True
2022-03-17,76.08,103.74,196.65,329.86,74.28,DEMO_DATA,True
2022-03-18,74.04,104.14,193.16,324.04,72.78,DEMO_DATA,True
2022-03-19,74.07,102.88,196.17,323.03,73.84,DEMO_DATA,True
2022-03-20,73.49,104.33,191.36,327.21,73.1,DEMO_DATA,True
2022-03-21,74.92,105.15,188.19,334.8,73.44,DEMO_DATA,True
2022-03-22,76.03,105.53,183.48,338.2,77.58,DEMO_DATA,True
2022-03-23,76.01,103.89,185.75,332.84,79.07,DEMO_DATA,True
2022-03-24,77.29,107.0,185.22,331.15,81.29,DEMO_DATA,True
2022-03-25,77.28,108.87,183.44,330.14,81.53,DEMO_DATA,True
2022-03-26,81.53,108.16,182.57,334.19,80.83,DEMO_DATA,True
2022-03-27,82.59,110.61,184.19,335.19,80.35,DEMO_DATA,True
2022-03-28,84.16,108.06,189.17,334.18,77.94,DEMO_DATA,True
2022-03-29,82.99,108.47,188.8,334.87,76.91,DEMO_DATA,True
2022-03-30,83.46,107.71,186.77,331.95,62.62,DEMO_DATA,True
2022-03-31,82.34,108.74,191.18,331.58,63.97,DEMO_DATA,True
2022-04-01,81.25,108.02,191.26,336.3,63.92,DEMO_DATA,True
2022-04-02,82.69,111.83,189.63,335.71,66.53,DEMO_DATA,True
2022-04-03,81.82,110.12,189.18,332.45,67.29,DEMO_DATA,True
2022-04-04,81.5,110.39,189.03,325.69,67.64,DEMO_DATA,True
2022-04-05,82.14,110.54,193.22,322.2,69.48,DEMO_DATA,True
2022-04-06,82.12,114.16,193.61,321.06,69.17,DEMO_DATA,True
2022-04-07,82.38,114.21,193.96,315.3,67.87,DEMO_DATA,True
2022-04-08,82.55,115.71,196.04,309.26,67.6,DEMO_DATA,True
2022-04-09,83.88,116.44,190.74,309.68,68.26,DEMO_DATA,True
2022-04-10,83.64,117.52,193.83,305.79,66.18,DEMO_DATA,True
2022-04-11,82.9,116.27,195.47,303.31,74.06,DEMO_DATA,True
2022-04-12,80.12,117.03,195.3,301.81,74.38,DEMO_DATA,True
2022-04-13,81.1,112.68,195.25,299.71,72.44,DEMO_DATA,True
2022-04-14,80.6,111.28,192.32,301.31,74.29,DEMO_DATA,True
2022-04-15,78.92,112.52,190.57,302.89,73.89,DEMO_DATA,True
2022-04-16,76.86,112.77,190.76,300.85,74.77,DEMO_DATA,True
2022-04-17,77.86,113.91,191.51,303.14,75.22,DEMO_DATA,True
2022-04-18,76.53,114.86,190.25,301.65,77.86,DEMO_DATA,True
2022-04-19,77.35,114.83,187.59,304.38,88.06,DEMO_DATA,True
2022-04-20,79.2,114.14,184.61,304.64,87.97,DEMO_DATA,True
2022-04-21,78.52,111.1,185.87,304.23,88.14,DEMO_DATA,True
2022-04-22,78.53,111.38,192.65,308.1,88.96,DEMO_DATA,True
2022-04-23,77.12,111.86,200.18,307.86,88.08,DEMO_DATA,True
2022-04-24,78.49,111.49,202.56,307.77,85.69,DEMO_DATA,True
2022-04-25,81.32,111.0,198.7,312.02,85.33,DEMO_DATA,True
2022-04-26,79.45,113.43,197.86,309.21,87.53,DEMO_DATA,True
2022-04-27,80.79,109.49,201.28,310.52,85.78,DEMO_DATA,True
2022-04-28,80.32,107.77,202.75,312.09,82.35,DEMO_DATA,True
2022-04-29,81.28,105.21,203.76,315.53,81.42,DEMO_DATA,True
2022-04-30,79.9,103.35,205.12,311.8,82.31,DEMO_DATA,True
2022-05-01,80.84,102.7,206.76,310.64,79.69,DEMO_DATA,True
2022-05-02,78.96,104.21,204.37,314.38,80.4,DEMO_DATA,True
2022-05-03,79.68,105.69,207.33,309.7,81.79,DEMO_DATA,True
2022-05-04,80.06,108.28,205.85,309.56,80.27,DEMO_DATA,True
2022-05-05,83.14,108.79,207.57,309.86,78.5,DEMO_DATA,True
2022-05-06,83.77,107.42,205.88,313.37,78.3,DEMO_DATA,True
2022-05-07,84.06,106.41,201.65,318.03,79.75,DEMO_DATA,True
2022-05-08,83.42,102.98,168.65,317.21,81.2,DEMO_DATA,True
2022-05-09,83.25,102.39,166.99,309.53,82.67,DEMO_DATA,True
2022-05-10,83.53,103.75,168.08,309.27,83.94,DEMO_DATA,True
2022-05-11,85.74,104.35,172.89,308.51,82.79,DEMO_DATA,True
2022-05-12,86.61,104.31,169.14,306.1,81.25,DEMO_DATA,True
2022-05-13,86.77,103.91,168.27,306.36,84.14,DEMO_DATA,True
2022-05-14,87.08,103.67,167.82,309.91,85.97,DEMO_DATA,True
2022-05-15,87.09,107.12,169.42,314.05,85.57,DEMO_DATA,True
2022-05-16,87.79,105.51,171.67,314.9,85.21,DEMO_DATA,True
2022-05-17,89.74,107.84,173.56,313.58,84.19,DEMO_DATA,True
2022-05-18,89.32,110.76,170.61,315.0,82.98,DEMO_DATA,True
2022-05-19,90.05,111.55,170.86,317.66,82.22,DEMO_DATA,True
2022-05-20,90.29,114.06,170.45,321.34,82.13,DEMO_DATA,True
2022-05-21,89.61,116.72,170.34,324.04,84.94,DEMO_DATA,True
2022-05-22,87.44,114.73,170.72,325.3,85.51,DEMO_DATA,True
2022-05-23,87.12,116.2,168.25,326.86,84.62,DEMO_DATA,True
2022-05-24,88.46,132.75,166.88,330.0,83.3,DEMO_DATA,True
2022-05-25,90.17,130.98,165.63,326.03,83.49,DEMO_DATA,True
2022-05-26,88.93,128.25,166.78,325.9,84.26,DEMO_DATA,True
2022-05-27,88.65,129.49,166.84,323.19,85.43,DEMO_DATA,True
2022-05-28,88.53,130.72,166.21,326.52,82.11,DEMO_DATA,True
2022-05-29,89.99,129.42,165.98,327.1,70.39,DEMO_DATA,True
2022-05-30,89.85,127.9,172.8,328.81,70.05,DEMO_DATA,True
2022-05-31,90.24,125.33,172.34,333.35,71.9,DEMO_DATA,True
2022-06-01,90.62,122.15,175.89,333.15,70.53,DEMO_DATA,True
2022-06-02,88.12,123.32,176.84,331.7,70.79,DEMO_DATA,True
2022-06-03,87.97,122.38,180.02,333.58,70.3,DEMO_DATA,True
2022-06-04,89.15,125.34,183.42,335.74,69.54,DEMO_DATA,True
2022-06-05,87.94,124.94,183.98,332.25,71.05,DEMO_DATA,True
2022-06-06,87.75,125.54,187.17,332.83,71.92,DEMO_DATA,True
2022-06-07,86.92,121.45,184.76,335.37,73.24,DEMO_DATA,True
2022-06-08,86.77,121.48,182.94,336.28,71.65,DEMO_DATA,True
2022-06-09,86.35,119.61,182.37,341.8,71.55,DEMO_DATA,True
2022-06-10,83.89,117.26,180.15,337.86,72.05,DEMO_DATA,True
2022-06-11,83.55,116.84,184.25,333.38,72.05,DEMO_DATA,True
2022-06-12,84.21,116.65,187.9,336.03,72.73,DEMO_DATA,True
2022-06-13,85.21,118.18,189.67,332.49,70.75,DEMO_DATA,True
2022-06-14,88.09,121.25,194.22,332.98,71.2,DEMO_DATA,True
2022-06-15,85.47,119.48,196.48,334.59,71.16,DEMO_DATA,True
2022-06-16,83.74,119.83,193.96,330.85,71.95,DEMO_DATA,True
2022-06-17,84.87,120.83,195.37,334.13,71.94,DEMO_DATA,True
2022-06-18,85.64,120.48,189.44,335.62,69.85,DEMO_DATA,True
2022-06-19,104.6,119.63,189.72,333.77,71.2,DEMO_DATA,True
2022-06-20,103.28,121.62,186.32,334.62,71.44,DEMO_DATA,True
2022-06-21,102.93,123.34,190.3,338.32,72.38,DEMO_DATA,True
2022-06-22,103.48,121.31,194.15,338.78,71.93,DEMO_DATA,True
2022-06-23,101.49,123.1,192.13,337.23,70.54,DEMO_DATA,True
2022-06-24,100.22,122.63,193.05,331.27,69.42,DEMO_DATA,True
2022-06-25,98.67,124.79,192.06,332.97,70.61,DEMO_DATA,True
2022-06-26,99.01,122.06,189.06,329.01,70.97,DEMO_DATA,True
2022-06-27,96.69,121.98,185.75,334.13,70.62,DEMO_DATA,True
2022-06-28,96.5,123.44,186.9,328.84,69.95,DEMO_DATA,True
2022-06-29,98.76,122.83,183.71,328.86,69.93,DEMO_DATA,True
2022-06-30,96.48,124.05,212.74,333.56,70.81,DEMO_DATA,True
2022-07-01,98.39,121.1,211.89,323.78,68.58,DEMO_DATA,True
2022-07-02,98.25,117.13,206.65,323.13,70.1,DEMO_DATA,True
2022-07-03,97.98,116.41,205.25,323.09,70.09,DEMO_DATA,True
2022-07-04,95.61,115.44,199.98,324.78,72.23,DEMO_DATA,True
2022-07-05,96.06,114.31,201.95,326.58,72.36,DEMO_DATA,True
2022-07-06,93.66,110.61,199.54,327.04,70.25,DEMO_DATA,True
2022-07-07,94.15,110.22,197.46,323.52,69.73,DEMO_DATA,True
2022-07-08,92.87,109.67,198.09,325.08,69.67,DEMO_DATA,True
2022-07-09,93.62,112.03,196.88,328.99,73.18,DEMO_DATA,True
2022-07-10,93.67,107.98,197.74,329.02,74.62,DEMO_DATA,True
2022-07-11,93.61,106.91,193.38,328.41,75.55,DEMO_DATA,True
2022-07-12,94.86,108.44,190.17,325.86,76.57,DEMO_DATA,True
2022-07-13,94.6,108.19,186.41,324.95,77.71,DEMO_DATA,True
2022-07-14,97.12,107.2,186.18,319.8,78.44,DEMO_DATA,True
2022-07-15,93.86,110.22,187.12,318.2,77.81,DEMO_DATA,True
2022-07-16,94.53,114.51,191.66,326.19,79.35,DEMO_DATA,True
2022-07-17,93.7,113.55,190.9,325.15,78.66,DEMO_DATA,True
2022-07-18,92.74,116.57,186.8,322.75,77.94,DEMO_DATA,True
2022-07-19,93.98,117.92,184.1,323.48,76.41,DEMO_DATA,True
2022-07-20,93.29,113.98,183.99,322.9,77.97,DEMO_DATA,True
2022-07-21,93.67,114.13,186.22,320.79,80.45,DEMO_DATA,True
2022-07-22,92.57,116.13,190.21,321.73,80.9,DEMO_DATA,True
2022-07-23,92.27,116.01,191.25,318.47,81.25,DEMO_DATA,True
2022-07-24,89.81,117.07,193.17,322.04,79.92,DEMO_DATA,True
2022-07-25,90.99,120.99,192.25,314.41,79.04,DEMO_DATA,True
2022-07-26,91.08,122.1,192.67,318.26,80.59,DEMO_DATA,True
2022-07-27,91.8,118.65,192.09,320.39,80.02,DEMO_DATA,True
2022-07-28,87.17,120.66,195.34,316.84,81.49,DEMO_DATA,True
2022-07-29,87.19,119.6,197.93,312.44,82.47,DEMO_DATA,True
2022-07-30,86.9,118.73,195.1,314.83,80.76,DEMO_DATA,True
2022-07-31,86.49,117.1,193.97,314.5,82.64,DEMO_DATA,True
2022-08-01,86.14,117.19,196.04,319.4,83.27,DEMO_DATA,True
2022-08-02,86.04,118.26,193.63,320.09,83.44,DEMO_DATA,True
2022-08-03,85.8,119.83,201.02,320.93,83.81,DEMO_DATA,True
2022-08-04,84.83,120.94,199.53,325.61,85.63,DEMO_DATA,True
2022-08-05,83.87,118.77,197.21,328.67,83.81,DEMO_DATA,True
2022-08-06,82.19,118.91,199.42,325.31,81.15,DEMO_DATA,True
2022-08-07,82.55,113.59,201.68,326.68,83.07,DEMO_DATA,True
2022-08-08,97.78,113.73,201.39,331.31,88.53,DEMO_DATA,True
2022-08-09,99.72,114.49,202.62,332.04,83.89,DEMO_DATA,True
2022-08-10,96.96,115.93,200.07,329.76,84.74,DEMO_DATA,True
2022-08-11,96.48,116.29,199.21,331.92,83.05,DEMO_DATA,True
2022-08-12,96.34,115.87,199.15,331.95,84.29,DEMO_DATA,True
2022-08-13,99.58,116.36,194.89,383.76,83.58,DEMO_DATA,True
2022-08-14,98.65,112.2,192.44,384.2,81.0,DEMO_DATA,True
2022-08-15,98.31,108.95,193.65,383.05,79.22,DEMO_DATA,True
2022-08-16,97.43,110.26,189.79,382.85,81.58,DEMO_DATA,True
2022-08-17,97.2,112.62,188.3,381.15,81.69,DEMO_DATA,True
2022-08-18,98.46,115.38,192.52,378.53,83.21,DEMO_DATA,True
2022-08-19,97.48,116.41,193.06,377.39,81.81,DEMO_DATA,True
2022-08-20,96.79,114.5,192.49,377.23,79.94,DEMO_DATA,True
2022-08-21,96.37,113.41,195.58,377.82,79.43,DEMO_DATA,True
2022-08-22,96.99,113.3,196.1,378.83,81.55,DEMO_DATA,True
2022-08-23,96.3,113.39,196.8,373.47,80.99,DEMO_DATA,True
2022-08-24,95.78,116.25,196.22,371.97,79.75,DEMO_DATA,True
2022-08-25,98.2,116.77,191.23,368.59,80.14,DEMO_DATA,True
2022-08-26,97.73,118.6,195.22,363.42,81.73,DEMO_DATA,True
2022-08-27,97.63,115.17,195.44,365.57,84.88,DEMO_DATA,True
2022-08-28,95.93,119.79,201.99,368.34,94.94,DEMO_DATA,True
2022-08-29,95.11,117.75,203.54,369.16,92.56,DEMO_DATA,True
2022-08-30,94.61,112.63,199.04,371.18,91.78,DEMO_DATA,True
2022-08-31,96.91,111.89,199.96,378.16,91.84,DEMO_DATA,True
2022-09-01,95.64,111.58,204.62,376.58,91.17,DEMO_DATA,True
2022-09-02,95.96,112.08,203.72,376.24,88.99,DEMO_DATA,True
2022-09-03,96.54,112.32,201.09,374.46,87.28,DEMO_DATA,True
2022-09-04,96.06,116.1,197.23,366.16,89.33,DEMO_DATA,True
2022-09-05,92.47,115.61,195.79,366.41,87.4,DEMO_DATA,True
2022-09-06,92.36,114.23,195.69,357.51,86.07,DEMO_DATA,True
2022-09-07,91.5,113.43,189.77,354.68,85.69,DEMO_DATA,True
2022-09-08,91.62,111.83,187.61,352.06,86.19,DEMO_DATA,True
2022-09-09,90.83,111.72,192.02,351.85,85.37,DEMO_DATA,True
2022-09-10,88.45,111.77,195.19,344.78,84.75,DEMO_DATA,True
2022-09-11,89.01,110.7,194.22,346.67,83.1,DEMO_DATA,True
2022-09-12,88.67,111.87,194.89,344.89,92.59,DEMO_DATA,True
2022-09-13,87.21,110.35,191.88,343.63,92.64,DEMO_DATA,True
2022-09-14,88.04,107.94,192.58,348.12,91.39,DEMO_DATA,True
2022-09-15,86.84,107.24,193.24,343.26,91.05,DEMO_DATA,True
2022-09-16,87.62,107.39,190.54,347.59,96.46,DEMO_DATA,True
2022-09-17,88.97,108.57,193.89,346.22,92.55,DEMO_DATA,True
2022-09-18,87.55,109.23,194.23,346.46,95.53,DEMO_DATA,True
2022-09-19,88.09,111.08,194.35,344.11,94.06,DEMO_DATA,True
2022-09-20,87.93,115.62,194.48,345.24,94.59,DEMO_DATA,True
2022-09-21,89.08,115.28,193.94,350.29,93.85,DEMO_DATA,True
2022-09-22,88.9,115.46,193.34,345.8,92.01,DEMO_DATA,True
2022-09-23,85.68,114.48,192.95,346.03,92.29,DEMO_DATA,True
2022-09-24,88.39,112.39,195.36,348.69,94.45,DEMO_DATA,True
2022-09-25,89.65,113.78,187.71,347.59,93.79,DEMO_DATA,True
2022-09-26,88.92,114.09,191.21,351.58,93.87,DEMO_DATA,True
2022-09-27,86.92,113.45,192.64,349.28,94.85,DEMO_DATA,True
2022-09-28,84.74,108.99,194.14,350.1,93.44,DEMO_DATA,True
2022-09-29,84.75,108.51,193.86,351.52,87.16,DEMO_DATA,True
2022-09-30,84.3,108.12,151.29,353.39,87.31,DEMO_DATA,True
2022-10-01,86.01,108.01,149.18,347.62,85.05,DEMO_DATA,True
2022-10-02,85.95,106.62,151.95,346.35,86.99,DEMO_DATA,True
2022-10-03,84.2,110.68,153.35,348.78,84.8,DEMO_DATA,True
2022-10-04,84.7,111.83,158.23,350.21,83.6,DEMO_DATA,True
2022-10-05,83.69,109.89,157.52,348.54,79.88,DEMO_DATA,True
2022-10-06,84.27,112.1,159.43,350.67,79.96,DEMO_DATA,True
2022-10-07,86.47,109.43,161.8,349.92,75.8,DEMO_DATA,True
2022-10-08,87.06,108.11,160.07,352.17,74.27,DEMO_DATA,True
2022-10-09,87.51,108.68,160.85,348.54,71.83,DEMO_DATA,True
2022-10-10,87.79,108.93,164.99,341.43,72.81,DEMO_DATA,True
2022-10-11,85.91,108.32,169.02,344.29,62.8,DEMO_DATA,True
2022-10-12,85.4,106.95,174.73,339.73,62.56,DEMO_DATA,True
2022-10-13,87.07,108.0,177.16,339.02,63.27,DEMO_DATA,True
2022-10-14,86.89,106.76,173.91,339.02,62.95,DEMO_DATA,True
2022-10-15,86.11,106.44,176.74,338.61,64.72,DEMO_DATA,True
2022-10-16,85.93,105.38,178.07,336.21,66.6,DEMO_DATA,True
2022-10-17,87.18,102.85,178.84,335.25,69.5,DEMO_DATA,True
2022-10-18,87.7,101.21,183.4,337.01,70.18,DEMO_DATA,True
2022-10-19,88.55,101.69,180.41,333.65,71.36,DEMO_DATA,True
2022-10-20,90.14,99.73,183.51,329.97,71.45,DEMO_DATA,True
2022-10-21,92.27,101.7,180.3,326.14,71.1,DEMO_DATA,True
2022-10-22,91.09,102.74,184.07,326.22,73.99,DEMO_DATA,True
2022-10-23,91.37,99.94,177.83,335.97,75.03,DEMO_DATA,True
2022-10-24,91.87,101.22,175.19,333.33,75.8,DEMO_DATA,True
2022-10-25,91.5,100.04,176.38,335.17,78.21,DEMO_DATA,True
2022-10-26,92.32,99.32,174.98,333.11,78.99,DEMO_DATA,True
2022-10-27,91.48,97.48,177.95,334.14,81.31,DEMO_DATA,True
2022-10-28,92.2,96.88,175.83,334.39,97.24,DEMO_DATA,True
2022-10-29,90.45,93.98,180.3,395.71,93.96,DEMO_DATA,True
2022-10-30,90.34,105.71,183.68,384.02,96.21,DEMO_DATA,True
2022-10-31,88.47,106.91,181.85,380.5,91.89,DEMO_DATA,True
2022-11-01,88.46,105.66,178.16,376.76,91.28,DEMO_DATA,True
2022-11-02,86.3,107.59,175.42,377.53,91.68,DEMO_DATA,True
2022-11-03,85.62,109.14,175.52,380.21,90.54,DEMO_DATA,True
2022-11-04,86.71,112.21,177.73,383.7,87.81,DEMO_DATA,True
2022-11-05,86.59,112.1,177.75,389.49,87.09,DEMO_DATA,True
2022-11-06,88.48,139.2,181.52,384.04,86.87,DEMO_DATA,True
2022-11-07,87.42,135.32,179.74,382.59,84.32,DEMO_DATA,True
2022-11-08,87.27,137.52,174.09,378.65,85.17,DEMO_DATA,True
2022-11-09,88.66,132.97,177.61,320.7,84.05,DEMO_DATA,True
2022-11-10,89.39,129.44,176.52,311.82,80.94,DEMO_DATA,True
2022-11-11,90.86,128.46,179.98,313.24,80.38,DEMO_DATA,True
2022-11-12,90.64,125.54,175.53,312.58,82.01,DEMO_DATA,True
2022-11-13,91.8,124.54,174.57,314.12,80.16,DEMO_DATA,True
2022-11-14,91.46,125.25,152.39,316.28,81.38,DEMO_DATA,True
2022-11-15,91.43,125.97,140.26,312.69,81.68,DEMO_DATA,True
2022-11-16,89.42,127.95,141.87,313.07,83.15,DEMO_DATA,True
2022-11-17,91.13,130.47,142.02,311.79,85.98,DEMO_DATA,True
2022-11-18,91.13,129.38,143.38,311.54,87.06,DEMO_DATA,True
2022-11-19,91.21,129.39,142.03,308.91,86.12,DEMO_DATA,True
2022-11-20,90.41,134.29,148.15,308.65,85.68,DEMO_DATA,True
2022-11-21,93.82,131.83,146.82,306.9,86.71,DEMO_DATA,True
2022-11-22,93.12,129.44,150.35,309.68,96.62,DEMO_DATA,True
2022-11-23,91.06,129.87,149.16,309.53,94.85,DEMO_DATA,True
2022-11-24,91.72,127.68,151.37,311.41,92.44,DEMO_DATA,True
2022-11-25,90.48,126.92,151.61,314.86,90.61,DEMO_DATA,True
2022-11-26,91.52,123.51,150.59,317.81,92.92,DEMO_DATA,True
2022-11-27,89.01,124.41,152.98,314.27,91.87,DEMO_DATA,True
2022-11-28,88.43,122.18,161.35,313.25,90.26,DEMO_DATA,True
2022-11-29,87.17,121.5,166.62,316.98,88.56,DEMO_DATA,True
2022-11-30,87.05,118.27,170.38,317.48,89.9,DEMO_DATA,True
2022-12-01,84.49,119.76,172.75,315.4,87.45,DEMO_DATA,True
2022-12-02,84.98,120.44,168.36,312.7,86.72,DEMO_DATA,True
2022-12-03,82.53,124.82,167.66,310.71,87.02,DEMO_DATA,True
2022-12-04,84.52,121.3,166.75,308.38,88.05,DEMO_DATA,True
2022-12-05,84.24,120.63,171.69,307.15,86.53,DEMO_DATA,True
2022-12-06,82.71,116.92,169.5,308.55,88.43,DEMO_DATA,True
2022-12-07,83.22,118.92,172.9,306.6,87.76,DEMO_DATA,True
2022-12-08,84.02,120.11,177.32,303.19,86.17,DEMO_DATA,True
2022-12-09,84.61,121.97,179.74,305.42,85.06,DEMO_DATA,True
2022-12-10,84.39,121.37,178.53,304.82,82.71,DEMO_DATA,True
2022-12-11,82.75,121.01,183.29,304.82,82.49,DEMO_DATA,True
2022-12-12,83.8,119.52,186.52,299.34,82.78,DEMO_DATA,True
2022-12-13,83.36,113.84,185.89,299.83,81.86,DEMO_DATA,True
2022-12-14,84.51,110.92,182.46,304.22,82.62,DEMO_DATA,True
2022-12-15,82.82,108.2,178.33,301.17,82.17,DEMO_DATA,True
2022-12-16,81.25,96.46,171.2,300.72,79.83,DEMO_DATA,True
2022-12-17,81.3,96.44,170.38,302.81,78.58,DEMO_DATA,True
2022-12-18,82.8,98.86,179.39,305.58,80.16,DEMO_DATA,True
2022-12-19,82.53,99.27,184.69,304.25,82.01,DEMO_DATA,True
2022-12-20,81.96,98.63,181.86,302.63,83.56,DEMO_DATA,True
2022-12-21,82.81,101.41,185.04,299.68,81.54,DEMO_DATA,True
2022-12-22,82.7,100.0,190.56,295.86,82.66,DEMO_DATA,True
2022-12-23,84.53,102.44,189.53,297.46,85.45,DEMO_DATA,True
2022-12-24,81.68,104.29,187.51,298.48,85.42,DEMO_DATA,True
2022-12-25,82.53,87.04,192.04,298.29,86.31,DEMO_DATA,True
2022-12-26,83.67,87.21,189.11,301.71,83.87,DEMO_DATA,True
2022-12-27,83.24,86.29,191.22,304.34,85.44,DEMO_DATA,True
2022-12-28,81.26,87.63,193.13,301.79,83.04,DEMO_DATA,True
2022-12-29,83.72,75.64,192.33,303.32,82.6,DEMO_DATA,True
2022-12-30,82.63,77.59,192.85,306.23,83.2,DEMO_DATA,True
2022-12-31,82.46,78.59,193.5,309.15,82.5,DEMO_DATA,True
2023-01-01,81.43,80.13,149.42,313.3,80.82,DEMO_DATA,True
2023-01-02,82.53,79.02,153.52,312.36,80.6,DEMO_DATA,True
2023-01-03,81.83,78.25,152.46,312.56,78.6,DEMO_DATA,True
2023-01-04,78.91,80.65,152.61,314.23,79.5,DEMO_DATA,True
2023-01-05,78.54,79.4,152.3,315.21,79.68,DEMO_DATA,True
2023-01-06,77.86,80.4,154.05,314.71,77.92,DEMO_DATA,True
2023-01-07,77.31,79.96,153.15,312.13,79.49,DEMO_DATA,True
2023-01-08,78.5,82.29,155.22,312.92,78.19,DEMO_DATA,True
2023-01-09,79.36,83.31,161.13,312.99,77.56,DEMO_DATA,True
2023-01-10,77.97,82.11,159.87,311.29,75.13,DEMO_DATA,True
2023-01-11,65.14,85.02,163.17,314.35,75.24,DEMO_DATA,True
2023-01-12,64.98,85.17,161.53,311.03,58.36,DEMO_DATA,True
2023-01-13,65.87,85.85,163.47,314.42,58.83,DEMO_DATA,True
2023-01-14,66.82,96.79,166.2,314.52,59.49,DEMO_DATA,True
2023-01-15,67.2,96.83,167.91,312.34,57.84,DEMO_DATA,True
2023-01-16,67.84,95.05,165.62,309.85,56.57,DEMO_DATA,True
2023-01-17,69.0,95.91,165.88,310.7,56.0,DEMO_DATA,True
2023-01-18,67.82,97.33,167.23,316.4,56.79,DEMO_DATA,True
2023-01-19,67.46,95.59,165.34,318.91,57.05,DEMO_DATA,True
2023-01-20,67.0,95.3,166.66,318.04,56.76,DEMO_DATA,True
2023-01-21,68.04,93.81,172.41,321.38,58.16,DEMO_DATA,True
2023-01-22,68.42,94.64,172.09,322.79,58.13,DEMO_DATA,True
2023-01-23,68.84,96.14,172.73,321.16,57.87,DEMO_DATA,True
2023-01-24,68.97,97.03,169.38,321.81,57.24,DEMO_DATA,True
2023-01-25,69.44,98.67,168.31,318.22,57.88,DEMO_DATA,True
2023-01-26,68.28,98.01,171.19,319.26,57.81,DEMO_DATA,True
2023-01-27,68.32,116.63,171.85,320.43,58.92,DEMO_DATA,True
2023-01-28,68.68,115.34,171.68,323.79,63.91,DEMO_DATA,True
2023-01-29,69.82,117.48,177.18,320.13,63.02,DEMO_DATA,True
2023-01-30,71.43,117.61,178.35,320.21,64.62,DEMO_DATA,True
2023-01-31,72.27,119.23,179.08,320.31,65.8,DEMO_DATA,True
2023-02-01,73.95,120.63,180.01,319.37,65.32,DEMO_DATA,True
2023-02-02,74.87,119.84,183.57,322.62,64.86,DEMO_DATA,True
2023-02-03,75.73,118.53,184.44,327.54,66.09,DEMO_DATA,True
2023-02-04,75.94,113.25,190.97,330.81,69.16,DEMO_DATA,True
2023-02-05,76.1,114.72,190.4,325.85,69.65,DEMO_DATA,True
2023-02-06,76.56,112.75,194.28,322.92,69.24,DEMO_DATA,True
2023-02-07,77.43,111.32,194.43,321.98,70.25,DEMO_DATA,True
2023-02-08,79.72,109.79,193.85,325.1,67.32,DEMO_DATA,True
2023-02-09,77.65,108.15,194.51,325.36,65.8,DEMO_DATA,True
2023-02-10,76.34,110.57,195.12,323.21,67.58,DEMO_DATA,True
2023-02-11,76.84,111.49,192.62,330.43,69.18,DEMO_DATA,True
2023-02-12,76.34,109.67,195.88,334.47,67.97,DEMO_DATA,True
2023-02-13,78.82,109.54,195.01,335.2,65.75,DEMO_DATA,True
2023-02-14,79.8,112.59,190.63,337.48,67.66,DEMO_DATA,True
2023-02-15,79.86,113.23,195.67,335.16,68.46,DEMO_DATA,True
2023-02-16,79.95,101.36,199.47,332.38,70.88,DEMO_DATA,True
2023-02-17,79.8,102.71,193.76,330.28,70.93,DEMO_DATA,True
2023-02-18,78.54,102.76,195.86,331.88,72.1,DEMO_DATA,True
2023-02-19,79.47,101.02,200.36,331.13,68.59,DEMO_DATA,True
2023-02-20,80.86,100.74,196.42,333.39,67.98,DEMO_DATA,True
2023-02-21,78.27,98.79,189.45,336.91,67.76,DEMO_DATA,True
2023-02-22,78.15,101.55,185.85,337.3,68.86,DEMO_DATA,True
2023-02-23,80.03,99.86,185.08,337.61,70.97,DEMO_DATA,True
2023-02-24,78.15,101.91,183.66,332.7,71.44,DEMO_DATA,True
2023-02-25,79.72,106.22,188.38,331.85,72.17,DEMO_DATA,True
2023-02-26,79.09,106.25,195.2,330.76,72.71,DEMO_DATA,True
2023-02-27,79.11,107.7,195.95,332.4,73.95,DEMO_DATA,True
2023-02-28,79.62,109.24,193.73,333.59,77.42,DEMO_DATA,True
2023-03-01,78.48,110.1,189.36,338.83,78.22,DEMO_DATA,True
2023-03-02,78.19,109.83,183.48,337.73,75.6,DEMO_DATA,True
2023-03-03,61.56,106.7,187.85,341.47,91.46,DEMO_DATA,True
2023-03-04,62.19,104.83,191.31,346.42,90.56,DEMO_DATA,True
2023-03-05,61.64,105.32,188.96,344.4,90.79,DEMO_DATA,True
2023-03-06,62.88,102.87,168.35,346.51,90.38,DEMO_DATA,True
2023-03-07,62.98,102.6,174.63,345.68,89.4,DEMO_DATA,True
2023-03-08,63.03,102.03,178.51,346.96,92.62,DEMO_DATA,True
2023-03-09,64.15,101.47,176.45,347.83,93.13,DEMO_DATA,True
2023-03-10,65.43,103.31,169.28,349.86,91.59,DEMO_DATA,True
2023-03-11,66.28,101.77,171.32,348.9,92.19,DEMO_DATA,True
2023-03-12,64.92,100.9,171.18,346.95,92.78,DEMO_DATA,True
2023-03-13,66.68,97.67,172.76,345.06,94.92,DEMO_DATA,True
2023-03-14,68.35,97.97,173.72,344.94,90.54,DEMO_DATA,True
2023-03-15,69.58,95.6,173.76,341.18,93.69,DEMO_DATA,True
2023-03-16,68.95,75.41,177.27,347.92,93.33,DEMO_DATA,True
2023-03-17,69.01,78.5,178.83,349.85,91.97,DEMO_DATA,True
2023-03-18,67.39,79.0,179.78,347.14,89.62,DEMO_DATA,True
2023-03-19,67.98,79.95,182.72,351.02,90.43,DEMO_DATA,True
2023-03-20,67.26,82.07,214.39,346.46,87.05,DEMO_DATA,True
2023-03-21,68.21,80.87,209.44,345.44,88.46,DEMO_DATA,True
2023-03-22,70.26,82.18,203.44,349.98,87.03,DEMO_DATA,True
2023-03-23,73.47,81.99,210.99,314.72,87.27,DEMO_DATA,True
2023-03-24,75.68,83.03,211.94,315.14,88.13,DEMO_DATA,True
2023-03-25,76.8,84.03,208.24,319.45,86.65,DEMO_DATA,True
2023-03-26,76.39,83.35,206.84,322.27,84.29,DEMO_DATA,True
2023-03-27,77.33,83.64,208.15,323.84,84.46,DEMO_DATA,True
2023-03-28,78.02,81.91,204.48,325.01,83.85,DEMO_DATA,True
2023-03-29,78.36,83.34,204.16,327.6,84.64,DEMO_DATA,True
2023-03-30,77.28,81.32,199.49,323.23,84.95,DEMO_DATA,True
2023-03-31,77.94,83.13,204.57,326.38,84.72,DEMO_DATA,True
2023-04-01,79.44,84.75,205.27,329.56,85.13,DEMO_DATA,True
2023-04-02,79.63,85.81,213.57,324.05,83.51,DEMO_DATA,True
2023-04-03,80.74,84.16,214.69,326.1,84.71,DEMO_DATA,True
2023-04-04,80.48,84.1,215.47,320.04,83.85,DEMO_DATA,True
2023-04-05,82.49,85.1,213.57,321.61,85.2,DEMO_DATA,True
2023-04-06,80.49,99.33,216.47,321.59,86.56,DEMO_DATA,True
2023-04-07,79.34,99.54,222.92,320.69,86.84,DEMO_DATA,True
2023-04-08,78.29,98.84,223.47,325.01,87.59,DEMO_DATA,True
2023-04-09,77.9,99.91,225.28,326.66,87.32,DEMO_DATA,True
2023-04-10,78.36,101.42,223.84,324.98,88.61,DEMO_DATA,True
2023-04-11,78.26,104.91,232.95,323.57,86.11,DEMO_DATA,True
2023-04-12,78.97,106.5,234.65,324.4,86.01,DEMO_DATA,True
2023-04-13,77.57,107.56,239.78,322.13,87.51,DEMO_DATA,True
2023-04-14,76.7,104.78,238.97,318.73,87.82,DEMO_DATA,True
2023-04-15,76.56,105.6,241.51,318.52,87.65,DEMO_DATA,True
2023-04-16,76.5,102.58,242.25,316.47,87.58,DEMO_DATA,True
2023-04-17,77.57,103.4,246.23,317.87,90.14,DEMO_DATA,True
2023-04-18,77.7,105.91,246.97,314.07,88.91,DEMO_DATA,True
2023-04-19,76.07,110.29,244.33,315.29,89.86,DEMO_DATA,True
2023-04-20,76.0,114.69,238.78,319.54,89.08,DEMO_DATA,True
2023-04-21,76.17,114.43,236.22,323.02,90.36,DEMO_DATA,True
2023-04-22,75.22,113.38,227.81,330.26,89.84,DEMO_DATA,True
2023-04-23,75.11,111.96,234.47,327.09,91.98,DEMO_DATA,True
2023-04-24,75.74,100.82,229.7,326.96,93.11,DEMO_DATA,True
2023-04-25,75.47,99.62,225.68,333.41,95.68,DEMO_DATA,True
2023-04-26,76.9,97.88,225.64,330.07,95.5,DEMO_DATA,True
2023-04-27,78.35,97.55,222.76,336.44,95.26,DEMO_DATA,True
2023-04-28,81.69,96.93,227.01,333.14,91.72,DEMO_DATA,True
2023-04-29,81.25,101.02,221.52,335.44,89.87,DEMO_DATA,True
2023-04-30,80.02,100.9,215.77,334.99,91.58,DEMO_DATA,True
2023-05-01,80.0,100.85,214.05,335.16,92.69,DEMO_DATA,True
2023-05-02,81.63,99.59,211.43,339.52,94.77,DEMO_DATA,True
2023-05-03,80.33,100.65,209.23,341.58,93.68,DEMO_DATA,True
2023-05-04,81.18,100.37,202.56,342.71,93.91,DEMO_DATA,True
2023-05-05,82.03,100.85,200.17,341.91,96.25,DEMO_DATA,True
2023-05-06,82.43,101.66,199.63,345.59,97.99,DEMO_DATA,True
2023-05-07,80.85,103.11,194.88,349.5,97.09,DEMO_DATA,True
2023-05-08,79.92,102.02,190.95,353.32,94.82,DEMO_DATA,True
2023-05-09,82.7,101.07,195.58,354.84,97.77,DEMO_DATA,True
2023-05-10,81.03,101.09,195.24,355.92,97.29,DEMO_DATA,True
2023-05-11,81.14,101.55,195.75,358.49,87.86,DEMO_DATA,True
2023-05-12,81.01,99.85,194.26,358.52,85.71,DEMO_DATA,True
2023-05-13,79.38,100.3,199.93,354.72,84.01,DEMO_DATA,True
2023-05-14,78.69,100.66,197.81,350.81,81.96,DEMO_DATA,True
2023-05-15,80.91,101.05,195.71,347.14,82.31,DEMO_DATA,True
2023-05-16,82.32,102.41,195.29,347.24,81.87,DEMO_DATA,True
2023-05-17,82.3,97.93,189.77,348.32,84.03,DEMO_DATA,True
2023-05-18,85.59,100.05,192.93,353.41,84.32,DEMO_DATA,True
2023-05-19,88.25,100.79,196.3,350.03,82.65,DEMO_DATA,True
2023-05-20,87.45,98.96,197.24,351.82,80.57,DEMO_DATA,True
2023-05-21,86.99,99.38,199.67,353.69,80.4,DEMO_DATA,True
2023-05-22,87.15,99.93,199.76,351.74,83.36,DEMO_DATA,True
2023-05-23,88.89,100.45,199.64,351.99,85.12,DEMO_DATA,True
2023-05-24,90.32,99.98,199.99,351.24,87.35,DEMO_DATA,True
2023-05-25,88.07,96.46,201.78,347.38,89.42,DEMO_DATA,True
2023-05-26,86.78,94.48,197.86,345.5,90.21,DEMO_DATA,True
2023-05-27,86.81,94.35,196.8,344.0,88.74,DEMO_DATA,True
2023-05-28,86.62,93.81,198.28,345.16,84.48,DEMO_DATA,True
2023-05-29,87.58,96.55,199.15,342.09,84.76,DEMO_DATA,True
2023-05-30,84.87,98.48,199.32,342.99,66.15,DEMO_DATA,True
2023-05-31,84.24,99.28,197.94,342.95,65.99,DEMO_DATA,True
2023-06-01,82.87,99.19,200.73,342.13,68.93,DEMO_DATA,True
2023-06-02,82.56,98.93,202.51,348.39,70.6,DEMO_DATA,True
2023-06-03,82.27,98.96,198.31,343.54,70.96,DEMO_DATA,True
2023-06-04,82.0,98.81,196.06,342.7,71.1,DEMO_DATA,True
2023-06-05,84.1,96.86,189.16,346.01,73.62,DEMO_DATA,True
2023-06-06,84.89,97.78,187.69,350.06,72.2,DEMO_DATA,True
2023-06-07,83.77,99.78,186.34,345.82,70.97,DEMO_DATA,True
2023-06-08,83.3,100.32,185.39,345.53,70.56,DEMO_DATA,True
2023-06-09,83.29,101.73,187.3,342.58,70.71,DEMO_DATA,True
2023-06-10,83.75,102.98,188.97,343.49,70.79,DEMO_DATA,True
2023-06-11,83.09,105.04,185.77,346.7,68.88,DEMO_DATA,True
2023-06-12,84.29,105.93,187.6,350.1,67.52,DEMO_DATA,True
2023-06-13,82.54,106.83,190.33,353.06,69.1,DEMO_DATA,True
2023-06-14,83.36,107.72,191.85,351.31,68.6,DEMO_DATA,True
2023-06-15,82.64,107.67,187.48,356.03,68.24,DEMO_DATA,True
2023-06-16,82.41,107.46,191.85,356.59,68.39,DEMO_DATA,True
2023-06-17,81.73,107.13,188.92,354.99,71.15,DEMO_DATA,True
2023-06-18,82.48,106.73,191.43,354.96,71.34,DEMO_DATA,True
2023-06-19,83.18,106.57,193.36,358.64,74.81,DEMO_DATA,True
2023-06-20,84.05,108.32,191.06,362.1,74.12,DEMO_DATA,True
2023-06-21,88.4,106.36,186.88,360.95,71.77,DEMO_DATA,True
2023-06-22,87.74,106.82,188.56,359.09,74.15,DEMO_DATA,True
2023-06-23,86.89,108.18,191.94,355.97,72.9,DEMO_DATA,True
2023-06-24,86.75,111.87,197.54,350.3,71.55,DEMO_DATA,True
2023-06-25,85.9,108.42,194.75,351.69,71.09,DEMO_DATA,True
2023-06-26,84.74,105.62,197.1,342.35,72.03,DEMO_DATA,True
2023-06-27,85.34,106.57,198.59,341.44,72.15,DEMO_DATA,True
2023-06-28,84.03,111.68,199.81,338.41,65.21,DEMO_DATA,True
2023-06-29,84.92,111.77,200.02,334.95,64.09,DEMO_DATA,True
2023-06-30,85.95,109.85,201.12,328.69,63.38,DEMO_DATA,True
2023-07-01,85.2,109.04,204.44,330.88,63.39,DEMO_DATA,True
2023-07-02,86.77,108.55,203.52,329.36,65.59,DEMO_DATA,True
2023-07-03,85.72,108.26,198.76,327.54,66.63,DEMO_DATA,True
2023-07-04,85.8,106.61,195.04,322.08,68.99,DEMO_DATA,True
2023-07-05,84.79,107.68,191.28,318.25,71.35,DEMO_DATA,True
2023-07-06,86.13,105.34,188.85,313.36,70.84,DEMO_DATA,True
2023-07-07,86.17,103.55,185.44,313.4,70.86,DEMO_DATA,True
2023-07-08,85.94,104.66,190.79,311.63,71.22,DEMO_DATA,True
2023-07-09,87.45,101.62,191.59,315.66,71.39,DEMO_DATA,True
2023-07-10,84.14,103.7,189.12,316.59,76.32,DEMO_DATA,True
2023-07-11,84.43,103.75,183.71,312.53,75.89,DEMO_DATA,True
2023-07-12,82.65,104.48,178.43,313.0,77.76,DEMO_DATA,True
2023-07-13,82.47,106.65,180.6,314.66,78.08,DEMO_DATA,True
2023-07-14,80.76,105.71,184.62,316.61,76.55,DEMO_DATA,True
2023-07-15,79.2,103.56,185.01,317.77,77.63,DEMO_DATA,True
2023-07-16,80.69,103.4,188.02,321.09,76.95,DEMO_DATA,True
2023-07-17,81.48,102.72,191.71,316.43,76.85,DEMO_DATA,True
2023-07-18,79.82,91.95,191.17,316.33,76.22,DEMO_DATA,True
2023-07-19,78.28,93.52,191.39,320.27,76.07,DEMO_DATA,True
2023-07-20,78.83,96.11,199.73,319.62,73.35,DEMO_DATA,True
2023-07-21,78.52,95.54,196.2,316.59,72.66,DEMO_DATA,True
2023-07-22,78.65,94.35,199.37,316.19,59.95,DEMO_DATA,True
2023-07-23,79.12,94.63,201.85,320.32,61.16,DEMO_DATA,True
2023-07-24,77.24,98.48,197.84,318.35,60.99,DEMO_DATA,True
2023-07-25,75.84,97.59,203.57,320.69,68.88,DEMO_DATA,True
2023-07-26,76.96,101.11,197.56,319.68,69.15,DEMO_DATA,True
2023-07-27,79.33,101.54,199.37,319.94,68.15,DEMO_DATA,True
2023-07-28,78.7,102.02,199.65,321.52,67.84,DEMO_DATA,True
2023-07-29,80.98,103.42,199.17,320.0,67.72,DEMO_DATA,True
2023-07-30,79.66,102.63,200.2,314.72,67.01,DEMO_DATA,True
2023-07-31,79.6,103.1,198.96,314.45,67.42,DEMO_DATA,True
2023-08-01,78.97,105.56,198.54,318.55,67.99,DEMO_DATA,True
2023-08-02,78.78,103.21,203.26,322.46,69.38,DEMO_DATA,True
2023-08-03,78.62,106.01,204.34,324.04,68.75,DEMO_DATA,True
2023-08-04,76.73,105.36,203.11,329.54,69.3,DEMO_DATA,True
2023-08-05,76.79,107.52,198.56,328.89,69.84,DEMO_DATA,True
2023-08-06,77.23,103.28,204.22,326.38,69.52,DEMO_DATA,True
2023-08-07,77.32,103.82,207.56,326.92,70.34,DEMO_DATA,True
2023-08-08,77.95,103.4,203.39,331.47,71.65,DEMO_DATA,True
2023-08-09,76.79,104.26,200.1,330.17,73.18,DEMO_DATA,True
2023-08-10,76.17,103.48,199.89,327.87,71.8,DEMO_DATA,True
2023-08-11,77.51,102.77,201.39,330.5,70.6,DEMO_DATA,True
2023-08-12,77.09,105.3,203.96,333.43,70.75,DEMO_DATA,True
2023-08-13,76.75,105.86,206.58,332.7,68.5,DEMO_DATA,True
2023-08-14,73.86,107.47,208.87,334.73,69.38,DEMO_DATA,True
2023-08-15,73.47,104.83,205.55,335.08,67.78,DEMO_DATA,True
2023-08-16,73.73,100.68,203.8,329.86,66.38,DEMO_DATA,True
2023-08-17,72.93,101.28,204.15,333.21,63.28,DEMO_DATA,True
2023-08-18,72.8,100.52,198.86,294.24,74.54,DEMO_DATA,True
2023-08-19,72.68,104.21,194.39,291.11,73.53,DEMO_DATA,True
2023-08-20,71.99,102.04,197.11,291.88,73.12,DEMO_DATA,True
2023-08-21,71.97,102.09,198.49,292.76,72.37,DEMO_DATA,True
2023-08-22,72.8,98.9,194.23,290.59,72.23,DEMO_DATA,True
2023-08-23,72.69,101.34,196.55,290.74,72.09,DEMO_DATA,True
2023-08-24,64.68,101.63,195.0,292.87,75.54,DEMO_DATA,True
2023-08-25,65.94,103.02,195.22,293.53,74.56,DEMO_DATA,True
2023-08-26,67.17,102.14,196.27,229.2,76.29,DEMO_DATA,True
2023-08-27,66.93,103.36,198.7,232.11,77.29,DEMO_DATA,True
2023-08-28,66.84,103.67,200.88,238.66,76.72,DEMO_DATA,True
2023-08-29,68.24,104.61,205.59,243.76,73.87,DEMO_DATA,True
2023-08-30,70.79,106.24,208.58,252.41,75.22,DEMO_DATA,True
2023-08-31,79.22,106.11,209.98,256.21,76.43,DEMO_DATA,True
2023-09-01,78.96,105.13,216.83,259.97,75.34,DEMO_DATA,True
2023-09-02,79.3,107.27,220.98,262.28,71.54,DEMO_DATA,True
2023-09-03,80.56,107.22,186.36,262.99,72.1,DEMO_DATA,True
2023-09-04,78.74,108.42,187.21,267.86,71.82,DEMO_DATA,True
2023-09-05,77.91,110.7,188.66,271.36,71.76,DEMO_DATA,True
2023-09-06,79.17,109.98,192.75,273.92,69.88,DEMO_DATA,True
2023-09-07,79.76,106.53,191.96,271.31,70.1,DEMO_DATA,True
2023-09-08,79.55,106.42,187.0,267.37,70.8,DEMO_DATA,True
2023-09-09,79.85,95.07,186.46,270.6,72.01,DEMO_DATA,True
2023-09-10,78.49,94.73,187.34,311.31,73.8,DEMO_DATA,True
2023-09-11,79.51,94.65,184.71,310.66,70.46,DEMO_DATA,True
2023-09-12,79.97,96.64,185.52,313.97,68.39,DEMO_DATA,True
2023-09-13,81.81,96.13,185.06,316.57,70.91,DEMO_DATA,True
2023-09-14,82.31,95.49,178.07,313.16,69.74,DEMO_DATA,True
2023-09-15,82.6,97.99,177.16,315.02,81.79,DEMO_DATA,True
2023-09-16,81.3,98.74,180.42,315.07,80.39,DEMO_DATA,True
2023-09-17,82.08,95.43,183.44,317.52,81.03,DEMO_DATA,True
2023-09-18,83.83,96.73,164.51,324.0,80.16,DEMO_DATA,True
2023-09-19,83.95,101.52,164.95,328.04,79.62,DEMO_DATA,True
2023-09-20,84.98,104.21,161.26,326.26,80.64,DEMO_DATA,True
2023-09-21,84.31,105.55,146.43,332.34,79.72,DEMO_DATA,True
2023-09-22,86.09,106.99,152.08,330.53,80.8,DEMO_DATA,True
2023-09-23,86.52,106.33,149.69,335.9,79.87,DEMO_DATA,True
2023-09-24,87.14,107.87,154.15,333.21,80.81,DEMO_DATA,True
2023-09-25,84.12,107.77,155.36,334.09,79.55,DEMO_DATA,True
2023-09-26,83.0,111.1,158.4,332.46,78.0,DEMO_DATA,True
2023-09-27,79.68,109.12,161.67,327.53,78.06,DEMO_DATA,True
2023-09-28,79.3,108.85,163.84,331.55,76.71,DEMO_DATA,True
2023-09-29,79.96,108.84,163.28,338.3,75.71,DEMO_DATA,True
2023-09-30,80.06,112.75,163.3,340.18,75.65,DEMO_DATA,True
2023-10-01,79.1,113.31,132.23,343.24,76.87,DEMO_DATA,True
2023-10-02,80.3,112.6,134.9,341.48,74.53,DEMO_DATA,True
2023-10-03,79.18,115.56,138.05,338.83,75.33,DEMO_DATA,True
2023-10-04,80.54,119.41,139.93,334.74,73.94,DEMO_DATA,True
2023-10-05,79.5,119.6,141.79,331.79,75.5,DEMO_DATA,True
2023-10-06,80.66,117.93,141.19,328.86,74.29,DEMO_DATA,True
2023-10-07,80.44,119.95,142.32,329.82,74.17,DEMO_DATA,True
2023-10-08,79.04,120.76,146.03,333.18,74.91,DEMO_DATA,True
2023-10-09,80.46,118.61,144.9,336.05,74.03,DEMO_DATA,True
2023-10-10,81.8,117.08,145.41,333.56,75.84,DEMO_DATA,True
2023-10-11,82.98,117.67,145.44,332.09,75.4,DEMO_DATA,True
2023-10-12,84.11,113.39,145.07,393.83,73.28,DEMO_DATA,True
2023-10-13,84.94,113.96,145.96,392.27,71.98,DEMO_DATA,True
2023-10-14,87.31,114.44,151.64,393.52,72.13,DEMO_DATA,True
2023-10-15,87.17,113.81,154.15,396.78,71.71,DEMO_DATA,True
2023-10-16,86.34,111.26,156.72,393.27,71.59,DEMO_DATA,True
2023-10-17,86.49,110.48,159.68,391.31,71.21,DEMO_DATA,True
2023-10-18,86.73,112.61,161.45,385.53,71.03,DEMO_DATA,True
2023-10-19,87.69,113.06,161.54,386.46,71.38,DEMO_DATA,True
2023-10-20,86.23,115.3,162.28,388.84,71.06,DEMO_DATA,True
2023-10-21,86.4,113.56,164.89,379.4,71.8,DEMO_DATA,True
2023-10-22,86.05,113.1,165.95,381.02,72.88,DEMO_DATA,True
2023-10-23,84.51,113.25,199.91,381.1,72.27,DEMO_DATA,True
2023-10-24,81.56,113.16,199.72,375.48,72.15,DEMO_DATA,True
2023-10-25,83.92,112.4,203.95,377.1,69.92,DEMO_DATA,True
2023-10-26,83.94,112.61,205.43,375.86,79.09,DEMO_DATA,True
2023-10-27,85.66,114.8,206.8,369.37,78.79,DEMO_DATA,True
2023-10-28,84.81,114.19,203.63,367.27,80.1,DEMO_DATA,True
2023-10-29,83.23,116.08,201.76,362.18,76.88,DEMO_DATA,True
2023-10-30,80.07,117.03,200.45,360.75,76.35,DEMO_DATA,True
2023-10-31,76.85,118.83,194.47,358.01,76.33,DEMO_DATA,True
2023-11-01,75.44,119.3,197.34,359.95,77.93,DEMO_DATA,True
2023-11-02,76.13,118.14,200.02,364.72,74.93,DEMO_DATA,True
2023-11-03,75.98,116.08,200.28,362.01,76.2,DEMO_DATA,True
2023-11-04,75.02,111.69,200.71,361.74,74.74,DEMO_DATA,True
2023-11-05,75.41,112.48,206.85,364.82,74.11,DEMO_DATA,True
2023-11-06,76.29,110.92,204.7,366.88,74.09,DEMO_DATA,True
2023-11-07,74.05,111.53,196.86,367.99,73.72,DEMO_DATA,True
2023-11-08,76.57,110.48,195.55,360.84,72.71,DEMO_DATA,True
2023-11-09,77.0,106.64,196.95,357.39,72.91,DEMO_DATA,True
2023-11-10,77.27,104.75,197.28,352.7,72.4,DEMO_DATA,True
2023-11-11,78.66,104.84,194.8,348.56,72.45,DEMO_DATA,True
2023-11-12,77.86,102.35,194.08,355.88,72.48,DEMO_DATA,True
2023-11-13,76.38,104.72,194.46,357.92,73.13,DEMO_DATA,True
2023-11-14,76.44,105.66,191.54,357.14,73.23,DEMO_DATA,True
2023-11-15,78.29,106.96,190.12,358.75,74.15,DEMO_DATA,True
2023-11-16,78.33,108.52,188.86,366.24,75.82,DEMO_DATA,True
2023-11-17,79.76,110.49,190.21,361.87,74.0,DEMO_DATA,True
2023-11-18,79.38,112.93,186.76,359.6,75.07,DEMO_DATA,True
2023-11-19,79.43,113.5,192.32,355.08,74.52,DEMO_DATA,True
2023-11-20,78.23,110.54,195.72,353.98,61.97,DEMO_DATA,True
2023-11-21,77.69,112.3,200.39,347.89,62.16,DEMO_DATA,True
2023-11-22,78.44,113.09,203.51,343.57,62.04,DEMO_DATA,True
2023-11-23,79.91,113.75,202.1,340.99,62.0,DEMO_DATA,True
2023-11-24,81.31,121.87,205.48,339.95,64.1,DEMO_DATA,True
2023-11-25,78.86,119.48,201.24,340.65,65.28,DEMO_DATA,True
2023-11-26,77.89,118.57,202.01,342.02,66.19,DEMO_DATA,True
2023-11-27,79.91,118.49,200.1,339.27,68.91,DEMO_DATA,True
2023-11-28,78.45,118.62,197.59,336.72,71.11,DEMO_DATA,True
2023-11-29,77.78,117.85,196.35,336.72,70.34,DEMO_DATA,True
2023-11-30,77.69,118.11,204.09,334.43,85.41,DEMO_DATA,True
2023-12-01,76.86,119.06,202.66,284.87,86.84,DEMO_DATA,True
2023-12-02,77.42,121.82,203.03,286.51,85.53,DEMO_DATA,True
2023-12-03,77.56,120.47,197.91,287.44,84.6,DEMO_DATA,True
2023-12-04,76.63,120.22,197.45,289.22,85.11,DEMO_DATA,True
2023-12-05,77.26,120.76,194.19,292.88,84.09,DEMO_DATA,True
2023-12-06,79.63,119.56,191.83,292.9,85.89,DEMO_DATA,True
2023-12-07,78.29,115.89,170.42,292.19,88.17,DEMO_DATA,True
2023-12-08,76.74,115.85,169.23,294.97,89.99,DEMO_DATA,True
2023-12-09,77.59,113.82,171.41,294.07,89.16,DEMO_DATA,True
2023-12-10,76.52,114.15,168.23,292.35,89.91,DEMO_DATA,True
2023-12-11,78.74,113.54,172.59,295.87,84.51,DEMO_DATA,True
2023-12-12,79.47,114.63,154.24,290.98,83.88,DEMO_DATA,True
2023-12-13,79.57,113.79,151.85,295.54,84.27,DEMO_DATA,True
2023-12-14,77.99,114.73,153.85,301.0,84.05,DEMO_DATA,True
2023-12-15,79.02,113.68,151.09,298.71,82.16,DEMO_DATA,True
2023-12-16,80.5,116.06,151.1,299.69,80.37,DEMO_DATA,True
2023-12-17,80.32,115.27,154.63,300.7,78.93,DEMO_DATA,True
2023-12-18,79.59,112.98,152.15,307.08,78.58,DEMO_DATA,True
2023-12-19,81.47,111.31,153.77,307.28,78.2,DEMO_DATA,True
2023-12-20,83.39,111.96,159.42,309.09,78.25,DEMO_DATA,True
2023-12-21,83.44,113.17,159.49,254.25,79.12,DEMO_DATA,True
2023-12-22,82.62,113.14,159.47,255.28,76.65,DEMO_DATA,True
2023-12-23,82.38,105.7,161.05,258.92,76.46,DEMO_DATA,True
2023-12-24,83.31,107.31,164.04,259.15,76.91,DEMO_DATA,True
2023-12-25,82.96,112.05,167.57,261.87,76.32,DEMO_DATA,True
2023-12-26,82.51,109.85,167.33,264.79,75.7,DEMO_DATA,True
2023-12-27,83.03,110.29,163.91,269.18,75.06,DEMO_DATA,True
2023-12-28,81.88,109.75,168.19,271.4,77.17,DEMO_DATA,True
2023-12-29,83.76,107.22,172.48,272.01,75.95,DEMO_DATA,True
2023-12-30,81.51,109.91,172.89,277.84,77.23,DEMO_DATA,True
2023-12-31,80.69,110.76,172.37,281.86,76.75,DEMO_DATA,True
2024-01-01,81.46,112.65,168.82,281.12,75.63,DEMO_DATA,True
2024-01-02,82.6,111.01,170.96,279.1,79.58,DEMO_DATA,True
2024-01-03,83.03,111.1,170.13,278.81,78.59,DEMO_DATA,True
2024-01-04,80.04,111.77,175.14,284.1,80.41,DEMO_DATA,True
2024-01-05,80.95,113.14,181.55,281.63,81.79,DEMO_DATA,True
2024-01-06,81.33,115.1,178.63,284.39,83.53,DEMO_DATA,True
2024-01-07,82.72,113.46,183.43,282.8,85.27,DEMO_DATA,True
2024-01-08,82.36,113.79,189.87,283.97,83.94,DEMO_DATA,True
2024-01-09,80.18,116.3,194.35,285.81,86.05,DEMO_DATA,True
2024-01-10,79.58,115.44,190.11,284.45,85.24,DEMO_DATA,True
2024-01-11,79.64,110.84,191.72,290.77,83.83,DEMO_DATA,True
2024-01-12,79.19,114.38,189.17,294.7,82.13,DEMO_DATA,True
2024-01-13,80.39,113.25,189.37,293.83,81.09,DEMO_DATA,True
2024-01-14,81.77,114.71,184.45,297.41,78.6,DEMO_DATA,True
2024-01-15,81.9,112.22,202.62,294.5,78.86,DEMO_DATA,True
2024-01-16,80.64,110.47,204.33,298.21,78.56,DEMO_DATA,True
2024-01-17,79.86,109.86,204.0,298.95,79.33,DEMO_DATA,True
2024-01-18,78.54,108.37,201.93,300.72,76.66,DEMO_DATA,True
2024-01-19,78.1,108.58,198.79,296.42,75.22,DEMO_DATA,True
2024-01-20,77.3,111.49,199.84,302.36,76.21,DEMO_DATA,True
2024-01-21,77.19,112.06,202.18,302.56,76.83,DEMO_DATA,True
2024-01-22,76.22,110.84,205.56,303.58,77.89,DEMO_DATA,True
2024-01-23,76.26,113.28,208.13,307.78,76.99,DEMO_DATA,True
2024-01-24,75.53,114.27,203.57,308.6,78.31,DEMO_DATA,True
2024-01-25,75.89,116.57,202.02,307.86,77.87,DEMO_DATA,True
2024-01-26,77.52,114.18,202.0,311.67,77.2,DEMO_DATA,True
2024-01-27,78.13,119.3,203.61,310.32,77.69,DEMO_DATA,True
2024-01-28,79.96,120.85,205.44,308.23,76.21,DEMO_DATA,True
2024-01-29,80.01,120.16,205.8,310.37,75.76,DEMO_DATA,True
2024-01-30,81.96,119.31,206.28,311.74,75.19,DEMO_DATA,True
2024-01-31,83.43,122.85,204.65,308.11,75.57,DEMO_DATA,True
2024-02-01,83.43,125.97,207.71,308.17,76.99,DEMO_DATA,True
2024-02-02,82.98,125.74,210.2,310.03,77.2,DEMO_DATA,True
2024-02-03,82.51,124.82,211.44,307.93,77.56,DEMO_DATA,True
2024-02-04,81.51,136.18,211.4,307.39,78.26,DEMO_DATA,True
2024-02-05,80.16,133.24,209.88,305.5,91.2,DEMO_DATA,True
2024-02-06,80.75,130.83,214.3,308.49,90.49,DEMO_DATA,True
2024-02-07,81.53,132.24,222.89,305.79,89.06,DEMO_DATA,True
2024-02-08,82.58,131.46,202.55,306.38,104.93,DEMO_DATA,True
2024-02-09,81.54,133.82,201.26,311.03,100.8,DEMO_DATA,True
2024-02-10,82.28,135.89,200.07,311.11,100.4,DEMO_DATA,True
2024-02-11,82.81,134.85,195.95,313.73,100.05,DEMO_DATA,True
2024-02-12,82.25,129.68,199.5,312.78,102.74,DEMO_DATA,True
2024-02-13,83.43,130.78,194.13,316.77,100.63,DEMO_DATA,True
2024-02-14,84.81,126.98,194.31,320.25,103.34,DEMO_DATA,True
2024-02-15,85.84,127.39,194.79,310.6,99.98,DEMO_DATA,True
2024-02-16,85.81,124.55,197.51,312.12,97.85,DEMO_DATA,True
2024-02-17,86.5,121.64,199.24,311.26,107.65,DEMO_DATA,True
2024-02-18,86.33,120.15,201.35,313.83,109.45,DEMO_DATA,True
2024-02-19,88.24,118.16,205.99,317.65,114.21,DEMO_DATA,True
2024-02-20,86.98,113.47,204.89,314.52,112.1,DEMO_DATA,True
2024-02-21,86.67,114.85,249.41,318.44,109.51,DEMO_DATA,True
2024-02-22,86.08,112.93,252.85,318.77,102.61,DEMO_DATA,True
2024-02-23,85.11,113.39,246.63,320.53,100.93,DEMO_DATA,True
2024-02-24,86.15,113.78,242.69,327.42,101.96,DEMO_DATA,True
2024-02-25,86.29,115.83,244.69,326.0,99.06,DEMO_DATA,True
2024-02-26,86.61,115.41,246.56,323.81,97.86,DEMO_DATA,True
2024-02-27,84.83,111.71,239.04,326.26,99.64,DEMO_DATA,True
2024-02-28,64.95,114.98,237.24,333.28,97.52,DEMO_DATA,True
2024-02-29,65.87,115.46,232.49,335.5,98.92,DEMO_DATA,True
2024-03-01,67.7,115.01,235.66,338.55,98.69,DEMO_DATA,True
2024-03-02,66.99,115.68,236.43,340.23,101.53,DEMO_DATA,True
2024-03-03,68.06,115.3,244.84,332.43,96.64,DEMO_DATA,True
2024-03-04,68.02,116.96,242.95,331.28,93.88,DEMO_DATA,True
2024-03-05,67.2,118.93,293.23,329.93,94.69,DEMO_DATA,True
2024-03-06,67.68,117.98,288.92,284.44,93.47,DEMO_DATA,True
2024-03-07,68.77,118.15,285.73,286.5,90.57,DEMO_DATA,True
2024-03-08,68.4,123.03,287.72,286.8,92.1,DEMO_DATA,True
2024-03-09,69.19,126.82,284.37,347.9,89.8,DEMO_DATA,True
2024-03-10,71.2,124.57,274.78,344.02,87.17,DEMO_DATA,True
2024-03-11,73.69,124.25,265.55,342.21,85.79,DEMO_DATA,True
2024-03-12,75.68,123.0,264.27,337.4,83.58,DEMO_DATA,True
2024-03-13,75.86,125.1,256.51,330.34,83.28,DEMO_DATA,True
2024-03-14,77.95,120.93,254.8,328.2,81.22,DEMO_DATA,True
2024-03-15,78.3,120.41,248.03,332.73,82.88,DEMO_DATA,True
2024-03-16,80.93,122.78,245.95,335.29,86.26,DEMO_DATA,True
2024-03-17,79.64,150.22,248.74,338.0,85.86,DEMO_DATA,True
2024-03-18,70.64,147.27,289.16,333.51,84.94,DEMO_DATA,True
2024-03-19,70.93,128.01,287.14,334.64,84.85,DEMO_DATA,True
2024-03-20,73.23,126.29,284.49,337.26,82.32,DEMO_DATA,True
2024-03-21,75.8,126.83,281.8,337.83,82.86,DEMO_DATA,True
2024-03-22,76.02,121.62,284.58,337.76,84.99,DEMO_DATA,True
2024-03-23,75.78,124.91,281.09,335.86,81.99,DEMO_DATA,True
2024-03-24,76.16,125.29,272.04,336.15,80.75,DEMO_DATA,True
2024-03-25,78.5,128.17,270.31,335.54,79.4,DEMO_DATA,True
2024-03-26,80.52,131.28,275.31,337.84,78.09,DEMO_DATA,True
2024-03-27,81.91,133.57,274.24,335.14,79.7,DEMO_DATA,True
2024-03-28,81.54,136.63,265.89,336.33,77.93,DEMO_DATA,True
2024-03-29,80.9,132.76,263.8,340.04,78.82,DEMO_DATA,True
2024-03-30,79.87,131.55,260.93,339.9,78.79,DEMO_DATA,True
2024-03-31,81.42,128.63,260.59,338.74,72.29,DEMO_DATA,True
2024-04-01,81.92,126.9,257.32,332.41,74.93,DEMO_DATA,True
2024-04-02,82.53,125.77,254.46,332.36,72.72,DEMO_DATA,True
2024-04-03,83.74,127.67,252.66,333.36,74.59,DEMO_DATA,True
2024-04-04,83.89,126.98,250.38,331.33,75.73,DEMO_DATA,True
2024-04-05,85.05,127.03,247.58,334.44,76.96,DEMO_DATA,True
2024-04-06,83.84,126.9,243.98,334.71,74.52,DEMO_DATA,True
2024-04-07,84.53,122.95,241.9,333.21,76.93,DEMO_DATA,True
2024-04-08,80.96,124.06,243.21,335.09,77.41,DEMO_DATA,True
2024-04-09,79.94,124.01,240.43,333.79,77.56,DEMO_DATA,True
2024-04-10,81.55,121.15,232.57,333.65,76.38,DEMO_DATA,True
2024-04-11,80.55,119.89,226.57,331.6,76.61,DEMO_DATA,True
2024-04-12,81.31,121.53,220.05,335.41,78.23,DEMO_DATA,True
2024-04-13,80.97,115.62,215.87,337.85,80.35,DEMO_DATA,True
2024-04-14,82.29,113.91,214.32,337.74,81.88,DEMO_DATA,True
2024-04-15,82.31,100.94,216.64,330.72,78.87,DEMO_DATA,True
2024-04-16,84.66,100.39,219.5,335.63,78.93,DEMO_DATA,True
2024-04-17,83.24,102.6,214.75,336.11,77.32,DEMO_DATA,True
2024-04-18,83.24,103.5,223.03,335.36,77.86,DEMO_DATA,True
2024-04-19,82.23,104.64,224.8,333.26,78.08,DEMO_DATA,True
2024-04-20,80.06,104.12,221.48,332.39,81.87,DEMO_DATA,True
2024-04-21,79.55,104.25,224.89,330.55,81.35,DEMO_DATA,True
2024-04-22,80.45,102.0,224.22,336.41,78.05,DEMO_DATA,True
2024-04-23,80.01,102.54,224.77,333.23,77.28,DEMO_DATA,True
2024-04-24,80.23,101.43,223.03,329.31,76.32,DEMO_DATA,True
2024-04-25,79.15,101.67,230.18,328.94,91.01,DEMO_DATA,True
2024-04-26,78.54,104.1,281.16,327.06,91.77,DEMO_DATA,True
2024-04-27,79.09,102.12,278.98,326.0,90.88,DEMO_DATA,True
2024-04-28,79.91,101.07,277.22,326.27,91.62,DEMO_DATA,True
2024-04-29,79.99,100.82,275.97,328.61,92.37,DEMO_DATA,True
2024-04-30,96.07,104.55,276.38,326.15,92.21,DEMO_DATA,True
2024-05-01,93.12,106.12,278.06,324.35,91.01,DEMO_DATA,True
2024-05-02,94.04,105.72,276.36,326.7,93.63,DEMO_DATA,True
2024-05-03,94.22,102.07,271.62,322.29,94.6,DEMO_DATA,True
2024-05-04,93.12,103.62,273.26,322.38,93.73,DEMO_DATA,True
2024-05-05,90.77,103.29,271.29,320.55,94.09,DEMO_DATA,True
2024-05-06,88.29,96.05,274.81,321.78,92.97,DEMO_DATA,True
2024-05-07,87.31,95.45,272.93,318.16,91.51,DEMO_DATA,True
2024-05-08,88.91,96.87,269.57,322.05,89.87,DEMO_DATA,True
2024-05-09,88.15,99.69,274.42,325.11,87.99,DEMO_DATA,True
2024-05-10,87.1,100.78,273.84,320.7,87.74,DEMO_DATA,True
2024-05-11,86.66,99.2,279.34,320.22,86.7,DEMO_DATA,True
2024-05-12,86.58,103.11,265.15,319.99,84.6,DEMO_DATA,True
2024-05-13,86.57,102.46,260.61,318.5,85.61,DEMO_DATA,True
2024-05-14,84.99,102.48,262.37,314.79,84.79,DEMO_DATA,True
2024-05-15,83.71,100.92,263.64,319.99,85.62,DEMO_DATA,True
2024-05-16,83.41,104.62,261.93,319.95,83.04,DEMO_DATA,True
2024-05-17,82.52,104.18,259.09,320.75,82.32,DEMO_DATA,True
2024-05-18,81.6,106.34,254.0,314.37,82.93,DEMO_DATA,True
2024-05-19,81.88,107.81,250.03,309.68,81.28,DEMO_DATA,True
2024-05-20,82.33,108.25,247.89,307.88,81.9,DEMO_DATA,True
2024-05-21,81.55,109.8,248.05,311.63,81.7,DEMO_DATA,True
2024-05-22,82.05,109.71,253.8,315.61,81.01,DEMO_DATA,True
2024-05-23,83.13,107.58,250.52,315.06,78.32,DEMO_DATA,True
2024-05-24,82.12,93.65,250.88,316.49,78.08,DEMO_DATA,True
2024-05-25,81.87,108.9,245.06,321.15,76.41,DEMO_DATA,True
2024-05-26,81.5,106.94,244.64,318.27,77.5,DEMO_DATA,True
2024-05-27,80.69,108.92,245.95,316.49,75.36,DEMO_DATA,True
2024-05-28,81.14,108.08,239.32,316.19,75.5,DEMO_DATA,True
2024-05-29,82.23,107.61,240.26,316.22,75.16,DEMO_DATA,True
2024-05-30,80.31,107.61,244.58,317.49,72.73,DEMO_DATA,True
2024-05-31,80.97,107.19,238.47,315.84,73.5,DEMO_DATA,True
2024-06-01,79.57,108.42,234.77,349.91,74.3,DEMO_DATA,True
2024-06-02,80.38,104.56,232.06,351.94,74.64,DEMO_DATA,True
2024-06-03,77.93,102.9,231.89,356.13,75.93,DEMO_DATA,True
2024-06-04,78.95,101.25,239.1,357.01,76.89,DEMO_DATA,True
2024-06-05,77.13,101.7,234.52,353.07,76.35,DEMO_DATA,True
2024-06-06,78.19,102.13,234.78,351.26,76.87,DEMO_DATA,True
2024-06-07,78.94,99.99,240.36,342.75,79.33,DEMO_DATA,True
2024-06-08,78.95,97.74,234.54,343.91,78.28,DEMO_DATA,True
2024-06-09,79.68,96.24,231.98,344.87,75.44,DEMO_DATA,True
2024-06-10,79.23,91.48,228.62,381.51,72.83,DEMO_DATA,True
2024-06-11,78.1,91.84,233.51,376.26,71.74,DEMO_DATA,True
2024-06-12,75.39,90.76,233.04,381.66,73.18,DEMO_DATA,True
2024-06-13,74.92,93.19,232.51,376.22,72.55,DEMO_DATA,True
2024-06-14,74.83,93.67,235.73,379.24,74.41,DEMO_DATA,True
2024-06-15,75.46,97.24,231.06,373.01,73.25,DEMO_DATA,True
2024-06-16,76.72,95.59,233.85,374.31,74.12,DEMO_DATA,True
2024-06-17,76.29,95.11,236.83,367.34,73.94,DEMO_DATA,True
2024-06-18,77.64,97.95,227.15,364.05,75.07,DEMO_DATA,True
2024-06-19,77.84,98.92,228.87,358.24,75.68,DEMO_DATA,True
2024-06-20,75.97,99.53,222.53,361.16,77.32,DEMO_DATA,True
2024-06-21,73.73,98.81,221.9,363.06,76.97,DEMO_DATA,True
2024-06-22,73.06,100.51,218.77,363.46,78.65,DEMO_DATA,True
2024-06-23,73.17,101.84,216.51,364.23,81.24,DEMO_DATA,True
2024-06-24,73.36,103.6,217.99,361.71,81.64,DEMO_DATA,True
2024-06-25,73.36,100.92,218.6,395.89,63.48,DEMO_DATA,True
2024-06-26,74.28,103.43,220.73,401.54,51.74,DEMO_DATA,True
2024-06-27,72.18,105.84,221.74,401.39,53.94,DEMO_DATA,True
2024-06-28,71.43,104.3,217.66,394.35,52.84,DEMO_DATA,True
2024-06-29,79.56,104.58,214.32,389.39,53.25,DEMO_DATA,True
2024-06-30,78.54,106.89,210.31,387.96,55.03,DEMO_DATA,True
2024-07-01,78.45,96.3,214.1,391.61,62.79,DEMO_DATA,True
2024-07-02,80.59,96.6,210.24,389.33,63.81,DEMO_DATA,True
2024-07-03,81.82,99.52,212.11,390.15,66.6,DEMO_DATA,True
2024-07-04,81.22,100.32,211.83,389.55,66.33,DEMO_DATA,True
2024-07-05,81.78,98.97,213.83,396.55,66.94,DEMO_DATA,True
2024-07-06,81.28,104.09,210.94,398.18,66.43,DEMO_DATA,True
2024-07-07,79.91,116.73,216.44,389.08,67.27,DEMO_DATA,True
2024-07-08,82.74,117.03,235.45,389.37,67.82,DEMO_DATA,True
2024-07-09,80.25,118.08,238.09,390.99,68.86,DEMO_DATA,True
2024-07-10,79.21,119.71,242.86,391.43,68.27,DEMO_DATA,True
2024-07-11,77.85,116.04,246.62,393.29,69.42,DEMO_DATA,True
2024-07-12,77.63,114.76,243.69,396.85,67.82,DEMO_DATA,True
2024-07-13,77.03,116.97,236.97,396.33,68.79,DEMO_DATA,True
2024-07-14,78.62,114.43,241.0,393.23,69.94,DEMO_DATA,True
2024-07-15,77.81,117.16,236.08,388.6,69.69,DEMO_DATA,True
2024-07-16,78.42,118.25,239.39,386.46,70.74,DEMO_DATA,True
2024-07-17,78.6,118.13,236.92,389.68,68.81,DEMO_DATA,True
2024-07-18,79.12,120.6,239.23,384.14,70.98,DEMO_DATA,True
2024-07-19,79.63,142.89,243.44,382.7,73.88,DEMO_DATA,True
2024-07-20,81.75,139.84,238.53,382.79,72.81,DEMO_DATA,True
2024-07-21,80.38,135.69,235.3,382.73,72.66,DEMO_DATA,True
2024-07-22,79.77,134.78,239.14,381.11,72.4,DEMO_DATA,True
2024-07-23,80.11,135.49,235.38,378.51,72.0,DEMO_DATA,True
2024-07-24,80.55,136.85,241.03,381.44,73.95,DEMO_DATA,True
2024-07-25,80.48,137.66,237.54,373.44,71.59,DEMO_DATA,True
2024-07-26,78.28,138.37,239.83,370.9,72.01,DEMO_DATA,True
2024-07-27,78.44,136.81,236.27,368.84,72.09,DEMO_DATA,True
2024-07-28,77.83,138.77,234.64,370.41,73.32,DEMO_DATA,True
2024-07-29,79.28,139.44,234.5,366.09,73.44,DEMO_DATA,True
2024-07-30,81.25,141.21,235.95,359.15,74.07,DEMO_DATA,True
2024-07-31,80.59,139.86,230.62,362.51,74.43,DEMO_DATA,True
2024-08-01,79.59,138.86,233.07,368.31,73.85,DEMO_DATA,True
2024-08-02,80.55,134.35,233.75,366.57,73.21,DEMO_DATA,True
2024-08-03,80.99,132.94,234.63,359.71,73.6,DEMO_DATA,True
2024-08-04,81.21,133.93,236.52,356.84,72.27,DEMO_DATA,True
2024-08-05,82.83,135.6,232.69,348.43,73.56,DEMO_DATA,True
2024-08-06,84.81,131.56,226.87,344.94,75.88,DEMO_DATA,True
2024-08-07,83.93,132.63,222.84,342.08,74.54,DEMO_DATA,True
2024-08-08,84.67,134.89,224.61,334.97,73.14,DEMO_DATA,True
2024-08-09,85.04,133.07,222.73,337.09,73.59,DEMO_DATA,True
2024-08-10,83.61,135.16,227.36,336.21,74.08,DEMO_DATA,True
2024-08-11,83.39,134.47,229.8,332.18,72.26,DEMO_DATA,True
2024-08-12,83.02,129.8,251.57,330.82,72.17,DEMO_DATA,True
2024-08-13,84.55,126.75,244.93,331.54,70.27,DEMO_DATA,True
2024-08-14,84.95,122.78,248.35,332.48,70.56,DEMO_DATA,True
2024-08-15,85.06,123.19,249.43,336.4,68.58,DEMO_DATA,True
2024-08-16,84.0,122.51,250.36,336.89,69.28,DEMO_DATA,True
2024-08-17,84.96,123.84,245.7,336.97,68.66,DEMO_DATA,True
2024-08-18,88.36,122.46,240.07,342.35,68.96,DEMO_DATA,True
2024-08-19,88.65,121.47,246.03,341.57,67.31,DEMO_DATA,True
2024-08-20,90.88,121.41,248.0,348.85,64.57,DEMO_DATA,True
2024-08-21,91.6,123.53,243.9,346.5,63.5,DEMO_DATA,True
2024-08-22,91.27,121.1,240.24,344.06,66.77,DEMO_DATA,True
2024-08-23,90.73,124.3,235.7,340.17,67.82,DEMO_DATA,True
2024-08-24,94.85,124.15,237.18,301.0,69.62,DEMO_DATA,True
2024-08-25,95.34,122.04,230.29,305.98,67.24,DEMO_DATA,True
2024-08-26,92.15,121.55,229.87,310.49,68.68,DEMO_DATA,True
2024-08-27,91.48,125.57,229.37,310.22,69.27,DEMO_DATA,True
2024-08-28,94.18,127.92,227.09,312.99,67.64,DEMO_DATA,True
2024-08-29,94.74,125.44,227.45,313.65,66.85,DEMO_DATA,True
2024-08-30,92.97,125.68,226.04,313.41,68.36,DEMO_DATA,True
2024-08-31,92.67,124.75,225.88,313.47,70.13,DEMO_DATA,True
2024-09-01,95.27,123.26,226.49,310.9,62.28,DEMO_DATA,True
2024-09-02,95.81,124.31,231.28,303.66,63.18,DEMO_DATA,True
2024-09-03,94.85,117.67,234.81,308.38,63.4,DEMO_DATA,True
2024-09-04,94.66,119.57,232.82,311.65,63.98,DEMO_DATA,True
2024-09-05,96.11,120.09,232.92,309.36,63.88,DEMO_DATA,True
2024-09-06,93.94,121.96,231.5,308.58,63.06,DEMO_DATA,True
2024-09-07,92.87,123.48,229.54,315.1,64.13,DEMO_DATA,True
2024-09-08,93.44,124.27,230.71,310.55,65.09,DEMO_DATA,True
2024-09-09,94.09,122.94,227.01,309.94,63.56,DEMO_DATA,True
2024-09-10,93.15,123.92,223.55,309.8,65.02,DEMO_DATA,True
2024-09-11,91.87,134.54,227.1,310.67,64.33,DEMO_DATA,True
2024-09-12,92.81,122.11,227.09,309.78,65.08,DEMO_DATA,True
2024-09-13,91.16,118.6,220.73,313.03,64.8,DEMO_DATA,True
2024-09-14,90.59,121.0,220.8,316.02,65.83,DEMO_DATA,True
2024-09-15,94.35,116.91,221.76,310.78,67.6,DEMO_DATA,True
2024-09-16,95.0,115.15,220.01,303.73,66.97,DEMO_DATA,True
2024-09-17,94.23,114.12,217.73,302.63,68.89,DEMO_DATA,True
2024-09-18,92.03,117.24,218.76,275.14,65.31,DEMO_DATA,True
2024-09-19,91.79,116.99,217.35,274.58,65.21,DEMO_DATA,True
2024-09-20,93.38,117.41,218.04,277.73,62.8,DEMO_DATA,True
2024-09-21,92.9,118.03,211.6,275.02,64.18,DEMO_DATA,True
2024-09-22,91.53,115.16,234.61,273.65,62.55,DEMO_DATA,True
2024-09-23,94.7,113.41,231.42,282.57,60.97,DEMO_DATA,True
2024-09-24,93.59,112.01,234.12,281.8,60.71,DEMO_DATA,True
2024-09-25,92.65,114.64,233.15,316.34,62.09,DEMO_DATA,True
2024-09-26,93.56,113.39,228.21,317.31,62.84,DEMO_DATA,True
2024-09-27,93.44,114.68,227.77,319.32,63.97,DEMO_DATA,True
2024-09-28,92.65,112.81,226.83,322.56,62.99,DEMO_DATA,True
2024-09-29,90.37,111.1,226.96,319.3,64.84,DEMO_DATA,True
2024-09-30,87.82,92.63,228.22,318.3,65.37,DEMO_DATA,True
2024-10-01,90.67,94.35,232.95,314.69,65.66,DEMO_DATA,True
2024-10-02,90.34,93.33,195.5,316.21,74.9,DEMO_DATA,True
2024-10-03,86.83,94.56,200.71,310.62,76.52,DEMO_DATA,True
2024-10-04,85.38,99.16,202.65,306.45,74.29,DEMO_DATA,True
2024-10-05,87.07,97.22,205.46,311.78,75.03,DEMO_DATA,True
2024-10-06,98.12,101.59,208.61,314.49,72.41,DEMO_DATA,True
2024-10-07,99.48,102.33,205.24,310.97,73.07,DEMO_DATA,True
2024-10-08,97.03,102.42,207.64,311.24,72.28,DEMO_DATA,True
2024-10-09,94.31,104.95,203.97,304.97,73.23,DEMO_DATA,True
2024-10-10,93.51,101.03,207.25,308.72,71.76,DEMO_DATA,True
2024-10-11,93.09,101.2,210.27,312.64,69.21,DEMO_DATA,True
2024-10-12,95.03,103.98,208.68,369.41,69.04,DEMO_DATA,True
2024-10-13,95.83,102.75,206.18,373.48,69.71,DEMO_DATA,True
2024-10-14,98.01,102.09,213.7,369.34,68.71,DEMO_DATA,True
2024-10-15,98.15,102.13,213.93,366.47,71.2,DEMO_DATA,True
2024-10-16,99.14,102.33,210.87,360.27,70.59,DEMO_DATA,True
2024-10-17,101.38,102.94,211.27,362.12,71.55,DEMO_DATA,True
2024-10-18,113.94,100.32,211.99,362.57,72.47,DEMO_DATA,True
2024-10-19,116.2,101.65,211.96,362.58,74.26,DEMO_DATA,True
2024-10-20,118.54,101.68,211.35,358.71,74.72,DEMO_DATA,True
2024-10-21,116.9,101.08,207.91,351.09,72.64,DEMO_DATA,True
2024-10-22,114.99,100.27,208.45,341.97,72.36,DEMO_DATA,True
2024-10-23,115.28,103.75,207.78,337.36,71.47,DEMO_DATA,True
2024-10-24,114.72,101.46,201.83,335.98,69.54,DEMO_DATA,True
2024-10-25,113.26,100.98,202.52,339.15,67.68,DEMO_DATA,True
2024-10-26,111.82,102.11,212.12,339.18,66.91,DEMO_DATA,True
2024-10-27,109.38,102.77,216.87,341.83,66.63,DEMO_DATA,True
2024-10-28,105.64,103.07,214.64,336.76,67.71,DEMO_DATA,True
2024-10-29,101.4,84.39,212.68,336.42,69.29,DEMO_DATA,True
2024-10-30,98.69,85.7,213.75,337.04,69.79,DEMO_DATA,True
2024-10-31,98.73,87.87,209.25,334.93,68.99,DEMO_DATA,True
2024-11-01,99.19,86.77,206.19,335.08,68.47,DEMO_DATA,True
2024-11-02,96.66,89.31,202.7,340.04,68.2,DEMO_DATA,True
2024-11-03,93.71,92.26,198.7,341.61,69.3,DEMO_DATA,True
2024-11-04,92.4,88.98,199.67,340.53,70.44,DEMO_DATA,True
2024-11-05,92.97,91.46,194.98,339.79,70.03,DEMO_DATA,True
2024-11-06,94.01,93.06,189.61,332.48,69.29,DEMO_DATA,True
2024-11-07,94.64,93.56,192.48,332.34,69.98,DEMO_DATA,True
2024-11-08,94.07,97.06,195.13,326.94,70.78,DEMO_DATA,True
2024-11-09,93.74,95.67,190.49,327.77,69.34,DEMO_DATA,True
2024-11-10,93.14,97.32,189.46,329.91,77.01,DEMO_DATA,True
2024-11-11,94.27,96.77,190.28,329.77,76.82,DEMO_DATA,True
2024-11-12,94.43,95.06,187.97,328.28,75.44,DEMO_DATA,True
2024-11-13,96.05,94.08,192.52,326.86,75.57,DEMO_DATA,True
2024-11-14,94.86,95.95,189.15,330.23,73.91,DEMO_DATA,True
2024-11-15,93.44,96.81,193.37,331.2,75.1,DEMO_DATA,True
2024-11-16,92.84,100.17,192.51,330.09,68.89,DEMO_DATA,True
2024-11-17,94.55,102.21,189.39,325.69,71.28,DEMO_DATA,True
2024-11-18,92.28,103.05,186.75,323.19,71.5,DEMO_DATA,True
2024-11-19,92.94,103.61,191.19,321.93,70.62,DEMO_DATA,True
2024-11-20,91.1,106.5,184.3,321.84,70.3,DEMO_DATA,True
2024-11-21,88.98,109.08,181.45,314.91,69.64,DEMO_DATA,True
2024-11-22,89.35,106.37,180.19,313.82,70.68,DEMO_DATA,True
2024-11-23,89.76,107.91,175.39,318.14,69.63,DEMO_DATA,True
2024-11-24,90.57,111.06,173.89,319.4,68.68,DEMO_DATA,True
2024-11-25,94.39,95.56,174.55,323.61,72.45,DEMO_DATA,True
2024-11-26,93.18,95.49,173.04,323.3,72.82,DEMO_DATA,True
2024-11-27,91.78,97.15,174.69,327.57,71.94,DEMO_DATA,True
2024-11-28,89.41,99.67,173.78,327.14,84.49,DEMO_DATA,True
2024-11-29,90.59,101.92,176.8,328.72,83.23,DEMO_DATA,True
2024-11-30,90.41,99.41,174.82,330.87,83.47,DEMO_DATA,True
2024-12-01,89.74,109.53,176.1,331.44,84.57,DEMO_DATA,True
2024-12-02,90.37,107.61,178.51,337.95,84.18,DEMO_DATA,True
2024-12-03,92.03,107.5,183.06,338.42,83.71,DEMO_DATA,True
2024-12-04,93.52,106.13,184.37,337.41,83.08,DEMO_DATA,True
2024-12-05,92.66,106.28,188.68,331.97,83.13,DEMO_DATA,True
2024-12-06,92.07,106.65,187.49,326.78,83.5,DEMO_DATA,True
2024-12-07,92.2,107.28,184.95,328.57,82.34,DEMO_DATA,True
2024-12-08,92.56,104.43,189.0,326.53,83.63,DEMO_DATA,True
2024-12-09,92.67,105.83,187.2,322.47,100.13,DEMO_DATA,True
2024-12-10,93.8,105.78,191.04,324.2,101.0,DEMO_DATA,True
2024-12-11,112.1,109.16,188.19,317.76,97.46,DEMO_DATA,True
2024-12-12,112.19,107.38,193.84,318.14,94.94,DEMO_DATA,True
2024-12-13,112.34,103.11,197.88,319.62,96.19,DEMO_DATA,True
2024-12-14,110.34,101.5,216.97,317.75,92.49,DEMO_DATA,True
2024-12-15,109.25,104.4,220.01,317.67,92.88,DEMO_DATA,True
2024-12-16,108.61,102.62,220.44,318.58,89.46,DEMO_DATA,True
2024-12-17,107.61,103.89,214.35,318.23,87.16,DEMO_DATA,True
2024-12-18,106.57,105.58,214.26,324.15,85.51,DEMO_DATA,True
2024-12-19,108.49,104.16,219.36,326.37,86.05,DEMO_DATA,True
2024-12-20,108.9,104.57,217.36,323.89,76.15,DEMO_DATA,True
2024-12-21,108.65,105.6,212.33,325.77,73.4,DEMO_DATA,True
2024-12-22,107.34,105.34,216.17,331.22,72.08,DEMO_DATA,True
2024-12-23,106.04,103.58,221.78,330.36,71.38,DEMO_DATA,True
2024-12-24,103.09,107.94,220.3,329.89,69.94,DEMO_DATA,True
2024-12-25,102.68,106.02,220.29,329.53,71.74,DEMO_DATA,True
2024-12-26,102.54,104.79,216.2,329.19,71.79,DEMO_DATA,True
2024-12-27,102.06,102.78,213.18,326.29,73.15,DEMO_DATA,True
2024-12-28,102.17,101.36,213.54,324.24,73.35,DEMO_DATA,True
2024-12-29,100.08,102.48,214.78,325.15,74.19,DEMO_DATA,True
2024-12-30,100.39,106.15,213.4,322.97,73.06,DEMO_DATA,True
2024-12-31,99.62,109.17,213.18,323.53,74.24,DEMO_DATA,True
2025-01-01,98.88,109.73,209.74,325.18,73.48,DEMO_DATA,True
2025-01-02,97.67,109.06,218.78,365.49,75.74,DEMO_DATA,True
2025-01-03,95.54,108.9,216.43,361.24,74.34,DEMO_DATA,True
2025-01-04,96.59,110.56,214.33,355.62,75.25,DEMO_DATA,True
2025-01-05,97.15,114.83,215.87,350.82,74.29,DEMO_DATA,True
2025-01-06,96.54,112.59,211.83,352.57,74.18,DEMO_DATA,True
2025-01-07,96.77,109.53,206.44,350.57,72.64,DEMO_DATA,True
2025-01-08,95.36,110.63,208.98,348.82,69.59,DEMO_DATA,True
2025-01-09,96.09,111.3,201.22,351.79,69.19,DEMO_DATA,True
2025-01-10,94.13,113.86,201.51,347.37,70.25,DEMO_DATA,True
2025-01-11,94.4,113.91,200.4,347.11,72.44,DEMO_DATA,True
2025-01-12,93.48,113.1,202.98,345.61,71.84,DEMO_DATA,True
2025-01-13,94.21,113.8,204.52,350.22,80.9,DEMO_DATA,True
2025-01-14,93.68,115.48,204.47,350.62,82.37,DEMO_DATA,True
2025-01-15,94.23,115.53,204.48,347.22,78.75,DEMO_DATA,True
2025-01-16,94.73,118.4,203.94,345.24,78.57,DEMO_DATA,True
2025-01-17,94.66,115.02,204.88,341.7,75.89,DEMO_DATA,True
2025-01-18,93.48,114.55,200.33,341.82,75.27,DEMO_DATA,True
2025-01-19,94.7,115.48,203.35,345.03,76.3,DEMO_DATA,True
2025-01-20,92.02,113.97,206.79,335.19,76.74,DEMO_DATA,True
2025-01-21,94.97,112.5,215.65,335.53,73.76,DEMO_DATA,True
2025-01-22,93.7,96.9,213.71,338.79,72.57,DEMO_DATA,True
2025-01-23,92.95,98.11,233.36,337.08,75.15,DEMO_DATA,True
2025-01-24,94.42,96.8,228.79,335.87,75.73,DEMO_DATA,True
2025-01-25,92.47,97.33,229.47,340.23,74.68,DEMO_DATA,True
2025-01-26,92.52,99.33,224.67,340.15,75.95,DEMO_DATA,True
2025-01-27,93.64,97.78,229.03,337.71,76.59,DEMO_DATA,True
2025-01-28,95.27,98.53,227.67,337.56,77.24,DEMO_DATA,True
2025-01-29,96.36,96.85,230.31,338.51,77.73,DEMO_DATA,True
2025-01-30,93.81,96.93,228.96,337.03,78.89,DEMO_DATA,True
2025-01-31,93.91,95.87,231.89,336.53,79.68,DEMO_DATA,True
2025-02-01,94.29,96.19,232.87,341.85,79.23,DEMO_DATA,True
2025-02-02,94.38,94.65,234.65,346.89,79.73,DEMO_DATA,True
2025-02-03,94.02,94.5,230.3,344.5,77.23,DEMO_DATA,True
2025-02-04,94.6,92.82,227.09,341.98,76.74,DEMO_DATA,True
2025-02-05,93.29,91.19,230.67,340.02,75.13,DEMO_DATA,True
2025-02-06,94.64,89.19,229.34,345.21,76.03,DEMO_DATA,True
2025-02-07,94.42,89.46,228.25,341.24,75.97,DEMO_DATA,True
2025-02-08,95.91,89.92,229.98,341.78,73.98,DEMO_DATA,True
2025-02-09,95.03,90.76,224.96,343.04,71.99,DEMO_DATA,True
2025-02-10,96.81,88.74,219.93,345.17,72.66,DEMO_DATA,True
2025-02-11,96.39,87.52,218.96,345.0,73.0,DEMO_DATA,True
2025-02-12,98.98,89.84,221.93,346.22,72.85,DEMO_DATA,True
2025-02-13,99.65,90.47,222.23,352.96,74.09,DEMO_DATA,True
2025-02-14,99.21,91.13,219.54,356.0,75.61,DEMO_DATA,True
2025-02-15,97.52,92.39,224.12,360.04,75.38,DEMO_DATA,True
2025-02-16,98.99,94.66,227.36,356.61,77.61,DEMO_DATA,True
2025-02-17,97.5,94.71,254.77,365.31,79.35,DEMO_DATA,True
2025-02-18,95.79,95.74,255.94,363.25,77.34,DEMO_DATA,True
2025-02-19,93.94,95.85,253.82,358.97,76.9,DEMO_DATA,True
2025-02-20,95.03,101.45,252.32,352.45,67.07,DEMO_DATA,True
2025-02-21,94.1,101.39,249.57,351.11,67.63,DEMO_DATA,True
2025-02-22,93.23,101.13,253.72,352.35,67.03,DEMO_DATA,True
2025-02-23,92.34,102.03,253.57,352.28,65.86,DEMO_DATA,True
2025-02-24,92.06,103.14,256.71,358.13,66.23,DEMO_DATA,True
2025-02-25,91.34,105.26,256.07,352.02,66.57,DEMO_DATA,True
2025-02-26,90.27,104.78,257.23,346.44,68.44,DEMO_DATA,True
2025-02-27,91.09,103.33,259.27,351.53,67.64,DEMO_DATA,True
2025-02-28,91.1,102.68,257.74,352.03,66.3,DEMO_DATA,True
2025-03-01,94.38,104.89,258.5,355.17,64.63,DEMO_DATA,True
2025-03-02,96.2,103.43,250.03,349.54,63.94,DEMO_DATA,True
2025-03-03,96.28,105.66,245.73,347.26,52.45,DEMO_DATA,True
2025-03-04,95.44,105.72,240.81,343.1,54.25,DEMO_DATA,True
2025-03-05,94.49,105.78,242.58,346.79,54.5,DEMO_DATA,True
2025-03-06,95.26,106.08,244.59,348.51,54.77,DEMO_DATA,True
2025-03-07,92.48,104.47,243.74,346.84,56.6,DEMO_DATA,True
2025-03-08,91.17,101.57,238.36,345.03,56.98,DEMO_DATA,True
2025-03-09,90.88,103.62,234.46,339.36,55.83,DEMO_DATA,True
2025-03-10,91.35,103.67,232.32,339.44,69.01,DEMO_DATA,True
2025-03-11,92.2,104.68,227.23,336.28,68.18,DEMO_DATA,True
2025-03-12,93.6,107.06,224.75,334.19,76.1,DEMO_DATA,True
2025-03-13,96.85,105.66,227.93,333.37,77.15,DEMO_DATA,True
2025-03-14,107.5,107.14,230.68,331.69,86.52,DEMO_DATA,True
2025-03-15,102.57,107.68,236.27,334.8,85.18,DEMO_DATA,True
2025-03-16,101.79,105.85,236.43,339.16,85.38,DEMO_DATA,True
2025-03-17,97.8,106.02,241.26,334.41,85.79,DEMO_DATA,True
2025-03-18,97.16,106.27,236.62,328.07,82.88,DEMO_DATA,True
2025-03-19,95.72,108.02,237.84,324.81,83.54,DEMO_DATA,True
2025-03-20,95.73,104.28,240.02,326.82,84.22,DEMO_DATA,True
2025-03-21,92.58,105.53,237.17,325.28,84.18,DEMO_DATA,True
2025-03-22,91.47,105.15,230.71,328.07,83.4,DEMO_DATA,True
2025-03-23,91.31,103.34,228.13,332.12,84.29,DEMO_DATA,True
2025-03-24,102.63,101.57,223.57,332.5,83.51,DEMO_DATA,True
2025-03-25,100.25,103.91,220.11,335.93,79.91,DEMO_DATA,True
2025-03-26,99.65,103.67,225.06,341.51,81.07,DEMO_DATA,True
2025-03-27,97.21,102.62,219.9,343.9,82.37,DEMO_DATA,True
2025-03-28,96.43,101.25,219.67,340.69,81.63,DEMO_DATA,True
2025-03-29,96.26,100.97,220.0,342.26,81.02,DEMO_DATA,True
2025-03-30,95.78,98.89,221.29,339.27,81.76,DEMO_DATA,True
2025-03-31,95.05,96.62,221.83,336.48,82.79,DEMO_DATA,True
2025-04-01,95.71,96.65,224.22,336.77,80.23,DEMO_DATA,True
2025-04-02,73.81,99.08,223.98,335.63,78.82,DEMO_DATA,True
2025-04-03,73.19,97.0,220.31,334.66,79.43,DEMO_DATA,True
2025-04-04,73.04,96.67,218.17,338.99,79.98,DEMO_DATA,True
2025-04-05,71.45,97.96,216.45,342.91,79.31,DEMO_DATA,True
2025-04-06,70.22,95.09,209.34,336.64,80.21,DEMO_DATA,True
2025-04-07,84.43,96.25,209.11,337.9,79.22,DEMO_DATA,True
2025-04-08,84.46,95.33,206.95,338.18,81.09,DEMO_DATA,True
2025-04-09,83.21,95.03,205.98,339.39,81.75,DEMO_DATA,True
2025-04-10,83.68,96.25,203.06,338.75,83.13,DEMO_DATA,True
2025-04-11,84.27,95.05,202.75,337.95,81.03,DEMO_DATA,True
2025-04-12,84.1,96.87,206.35,341.1,81.61,DEMO_DATA,True
2025-04-13,82.61,97.42,206.84,345.97,82.62,DEMO_DATA,True
2025-04-14,80.21,97.61,206.98,400.26,82.24,DEMO_DATA,True
2025-04-15,80.39,98.46,178.98,389.76,80.45,DEMO_DATA,True
2025-04-16,80.12,99.07,182.71,389.34,81.72,DEMO_DATA,True
2025-04-17,80.28,100.62,181.2,385.47,84.03,DEMO_DATA,True
2025-04-18,79.1,100.59,177.09,389.22,85.07,DEMO_DATA,True
2025-04-19,79.26,101.06,173.04,383.23,84.02,DEMO_DATA,True
2025-04-20,79.75,101.85,176.3,376.69,83.36,DEMO_DATA,True
2025-04-21,82.21,103.98,175.39,379.08,66.69,DEMO_DATA,True
2025-04-22,83.35,105.98,179.14,381.99,67.5,DEMO_DATA,True
2025-04-23,83.77,104.34,177.61,376.63,65.19,DEMO_DATA,True
2025-04-24,84.46,102.61,181.66,370.54,67.45,DEMO_DATA,True
2025-04-25,84.9,105.73,178.52,366.73,68.29,DEMO_DATA,True
2025-04-26,83.69,103.88,180.2,367.44,67.71,DEMO_DATA,True
2025-04-27,85.73,87.79,178.61,370.99,67.59,DEMO_DATA,True
2025-04-28,85.97,89.51,182.33,316.09,66.04,DEMO_DATA,True
2025-04-29,85.72,90.02,182.24,317.59,64.58,DEMO_DATA,True
2025-04-30,86.1,91.09,185.65,312.67,66.02,DEMO_DATA,True
2025-05-01,85.01,90.87,184.5,307.38,67.02,DEMO_DATA,True
2025-05-02,84.46,91.99,182.88,305.65,66.15,DEMO_DATA,True
2025-05-03,84.94,93.84,184.09,303.35,68.14,DEMO_DATA,True
2025-05-04,85.32,89.29,188.69,309.75,68.86,DEMO_DATA,True
2025-05-05,86.65,91.1,183.02,315.89,66.29,DEMO_DATA,True
2025-05-06,86.3,91.11,183.12,316.52,66.0,DEMO_DATA,True
2025-05-07,85.41,91.23,178.04,319.04,67.93,DEMO_DATA,True
2025-05-08,86.48,93.26,179.17,317.28,66.5,DEMO_DATA,True
2025-05-09,87.07,92.4,181.61,308.71,66.67,DEMO_DATA,True
2025-05-10,87.15,92.0,181.48,311.11,66.23,DEMO_DATA,True
2025-05-11,85.35,94.46,185.43,318.75,66.21,DEMO_DATA,True
2025-05-12,85.69,95.47,183.47,318.32,62.74,DEMO_DATA,True
2025-05-13,87.09,92.88,184.1,325.96,60.51,DEMO_DATA,True
2025-05-14,87.99,94.19,190.88,327.87,62.44,DEMO_DATA,True
2025-05-15,89.44,95.66,187.74,328.31,63.65,DEMO_DATA,True
2025-05-16,78.59,95.97,186.94,324.08,50.94,DEMO_DATA,True
2025-05-17,78.13,95.7,212.02,326.59,52.01,DEMO_DATA,True
2025-05-18,78.97,94.19,208.76,324.39,50.67,DEMO_DATA,True
2025-05-19,80.69,95.61,202.1,318.7,51.67,DEMO_DATA,True
2025-05-20,82.83,98.2,207.16,321.04,51.91,DEMO_DATA,True
2025-05-21,82.66,98.34,203.53,318.73,52.03,DEMO_DATA,True
2025-05-22,82.48,99.15,199.32,317.22,52.34,DEMO_DATA,True
2025-05-23,81.29,98.18,202.26,322.32,52.21,DEMO_DATA,True
2025-05-24,80.16,97.31,201.63,320.86,53.05,DEMO_DATA,True
2025-05-25,78.61,99.56,206.12,322.56,52.06,DEMO_DATA,True
2025-05-26,78.65,98.62,208.98,328.67,53.14,DEMO_DATA,True
2025-05-27,77.95,99.31,206.52,328.14,55.11,DEMO_DATA,True
2025-05-28,78.73,96.09,204.56,324.64,56.36,DEMO_DATA,True
2025-05-29,78.03,95.23,207.41,329.1,58.07,DEMO_DATA,True
2025-05-30,77.98,94.55,209.02,330.94,57.95,DEMO_DATA,True
2025-05-31,80.85,94.62,207.09,328.43,58.59,DEMO_DATA,True
2025-06-01,82.28,98.42,206.04,328.44,60.07,DEMO_DATA,True
2025-06-02,82.76,97.84,202.56,282.18,61.34,DEMO_DATA,True
2025-06-03,81.65,98.18,199.05,280.27,63.63,DEMO_DATA,True
2025-06-04,77.52,100.68,196.31,288.39,66.72,DEMO_DATA,True
2025-06-05,77.89,99.52,198.98,286.73,66.26,DEMO_DATA,True
2025-06-06,77.62,120.35,201.92,290.17,67.47,DEMO_DATA,True
2025-06-07,76.84,122.17,200.88,284.41,67.37,DEMO_DATA,True
2025-06-08,77.85,122.48,197.45,285.51,67.24,DEMO_DATA,True
2025-06-09,78.55,118.59,198.47,292.82,68.43,DEMO_DATA,True
2025-06-10,81.21,119.55,197.69,290.65,66.26,DEMO_DATA,True
2025-06-11,80.31,119.68,196.03,290.84,65.13,DEMO_DATA,True
2025-06-12,81.25,116.66,194.59,297.12,65.29,DEMO_DATA,True
2025-06-13,81.91,115.5,188.85,295.31,64.59,DEMO_DATA,True
2025-06-14,82.85,115.63,188.15,293.35,66.13,DEMO_DATA,True
2025-06-15,82.16,113.92,192.93,296.19,64.39,DEMO_DATA,True
2025-06-16,82.61,114.58,195.04,299.28,65.04,DEMO_DATA,True
2025-06-17,81.47,114.55,190.57,298.18,66.27,DEMO_DATA,True
2025-06-18,81.38,112.88,191.9,296.72,65.32,DEMO_DATA,True
2025-06-19,83.19,111.72,191.43,295.69,68.56,DEMO_DATA,True
2025-06-20,83.57,110.74,190.65,300.03,54.42,DEMO_DATA,True
2025-06-21,84.6,113.4,192.98,301.6,53.58,DEMO_DATA,True
2025-06-22,83.82,115.12,189.31,234.47,54.69,DEMO_DATA,True
2025-06-23,84.21,112.33,187.06,238.28,58.53,DEMO_DATA,True
2025-06-24,84.55,105.53,187.64,242.33,61.16,DEMO_DATA,True
2025-06-25,86.2,107.93,187.87,243.98,61.41,DEMO_DATA,True
2025-06-26,87.13,110.22,185.41,246.05,62.05,DEMO_DATA,True
2025-06-27,85.93,108.69,185.9,253.46,58.49,DEMO_DATA,True
2025-06-28,86.81,110.08,188.31,256.81,59.95,DEMO_DATA,True
2025-06-29,86.88,109.86,192.85,260.61,60.67,DEMO_DATA,True
2025-06-30,89.36,111.37,193.92,259.13,63.05,DEMO_DATA,True
2025-07-01,88.47,113.08,187.57,260.05,63.04,DEMO_DATA,True
2025-07-02,87.52,114.83,183.33,261.06,63.4,DEMO_DATA,True
2025-07-03,87.89,112.23,187.2,263.03,64.17,DEMO_DATA,True
2025-07-04,88.01,110.4,193.49,260.46,61.68,DEMO_DATA,True
2025-07-05,87.91,109.89,235.88,264.98,60.71,DEMO_DATA,True
2025-07-06,88.37,109.83,234.73,265.3,60.5,DEMO_DATA,True
2025-07-07,86.64,113.58,230.72,270.65,59.65,DEMO_DATA,True
2025-07-08,87.85,114.34,230.85,272.61,61.0,DEMO_DATA,True
2025-07-09,89.28,112.65,227.14,278.19,61.48,DEMO_DATA,True
2025-07-10,88.53,112.79,228.2,281.23,61.2,DEMO_DATA,True
2025-07-11,88.81,111.51,217.14,282.01,60.17,DEMO_DATA,True
2025-07-12,90.48,112.2,217.63,278.47,59.43,DEMO_DATA,True
2025-07-13,87.73,111.78,215.5,276.73,60.89,DEMO_DATA,True
2025-07-14,86.87,112.65,218.42,276.05,60.76,DEMO_DATA,True
2025-07-15,86.47,110.3,220.59,281.54,63.03,DEMO_DATA,True
2025-07-16,88.05,110.16,216.31,285.53,63.53,DEMO_DATA,True
2025-07-17,89.15,110.41,218.31,288.0,64.8,DEMO_DATA,True
2025-07-18,89.17,112.78,220.81,284.89,67.0,DEMO_DATA,True
2025-07-19,88.37,110.57,221.34,289.71,68.91,DEMO_DATA,True
2025-07-20,87.84,109.81,223.67,290.85,82.61,DEMO_DATA,True
2025-07-21,103.78,106.62,223.33,289.19,82.49,DEMO_DATA,True
2025-07-22,105.93,108.79,223.62,287.46,83.14,DEMO_DATA,True
2025-07-23,104.48,107.03,223.64,289.53,82.03,DEMO_DATA,True
2025-07-24,103.87,107.4,228.08,294.89,70.11,DEMO_DATA,True
2025-07-25,100.75,116.27,223.49,295.92,70.24,DEMO_DATA,True
2025-07-26,97.83,114.73,227.5,297.05,72.82,DEMO_DATA,True
2025-07-27,98.39,113.1,232.97,295.65,73.2,DEMO_DATA,True
2025-07-28,99.37,113.48,236.23,299.24,73.44,DEMO_DATA,True
2025-07-29,99.04,111.84,237.83,302.3,74.1,DEMO_DATA,True
2025-07-30,101.44,112.77,236.66,304.16,73.13,DEMO_DATA,True
2025-07-31,101.36,113.19,234.46,307.89,74.81,DEMO_DATA,True
2025-08-01,102.37,109.94,231.58,310.46,73.72,DEMO_DATA,True
2025-08-02,99.42,111.16,229.96,309.55,71.96,DEMO_DATA,True
2025-08-03,99.06,111.34,227.61,307.58,74.13,DEMO_DATA,True
2025-08-04,97.85,113.99,230.62,303.83,73.2,DEMO_DATA,True
2025-08-05,95.84,112.93,223.92,271.42,73.61,DEMO_DATA,True
2025-08-06,94.38,112.38,221.4,272.88,73.77,DEMO_DATA,True
2025-08-07,92.72,113.58,223.34,275.22,73.48,DEMO_DATA,True
2025-08-08,74.43,110.72,222.17,269.65,73.24,DEMO_DATA,True
2025-08-09,75.56,108.85,223.24,270.5,75.28,DEMO_DATA,True
2025-08-10,76.23,108.62,221.96,277.28,73.81,DEMO_DATA,True
2025-08-11,77.04,108.84,223.73,278.92,75.89,DEMO_DATA,True
2025-08-12,76.18,105.4,222.44,282.16,75.07,DEMO_DATA,True
2025-08-13,76.07,107.61,223.67,281.49,74.43,DEMO_DATA,True
2025-08-14,75.22,107.37,181.89,283.88,72.21,DEMO_DATA,True
2025-08-15,74.7,108.52,180.33,279.29,71.04,DEMO_DATA,True
2025-08-16,76.64,106.96,182.92,280.44,73.71,DEMO_DATA,True
2025-08-17,77.71,103.21,180.74,278.77,73.89,DEMO_DATA,True
2025-08-18,77.11,100.37,186.58,283.99,74.29,DEMO_DATA,True
2025-08-19,75.44,98.22,181.68,285.23,73.7,DEMO_DATA,True
2025-08-20,74.44,99.59,182.71,289.63,73.83,DEMO_DATA,True
2025-08-21,75.49,98.02,184.37,288.92,75.01,DEMO_DATA,True
2025-08-22,75.79,98.32,181.31,297.66,76.14,DEMO_DATA,True
2025-08-23,77.18,98.19,183.52,300.25,64.66,DEMO_DATA,True
2025-08-24,79.21,101.48,184.1,302.06,66.53,DEMO_DATA,True
2025-08-25,80.63,98.9,188.01,297.86,69.34,DEMO_DATA,True
2025-08-26,88.73,103.11,191.79,288.42,68.52,DEMO_DATA,True
2025-08-27,88.51,104.2,193.17,289.89,69.92,DEMO_DATA,True
2025-08-28,86.42,107.93,192.81,288.81,70.57,DEMO_DATA,True
2025-08-29,85.56,103.35,193.94,290.49,66.89,DEMO_DATA,True
2025-08-30,85.83,103.44,192.55,290.1,67.65,DEMO_DATA,True
2025-08-31,86.59,81.7,189.65,293.68,65.33,DEMO_DATA,True
2025-09-01,84.56,82.72,190.48,293.89,63.88,DEMO_DATA,True
2025-09-02,83.89,81.56,191.16,297.61,66.47,DEMO_DATA,True
2025-09-03,83.63,82.5,196.43,298.54,67.79,DEMO_DATA,True
2025-09-04,85.64,83.82,194.37,304.47,64.27,DEMO_DATA,True
2025-09-05,84.77,85.17,195.86,308.96,63.93,DEMO_DATA,True
2025-09-06,83.29,86.1,194.61,307.97,62.52,DEMO_DATA,True
2025-09-07,81.88,82.96,192.67,308.57,65.34,DEMO_DATA,True
2025-09-08,80.47,82.31,195.07,305.92,68.53,DEMO_DATA,True
2025-09-09,81.96,83.56,201.65,311.57,67.34,DEMO_DATA,True
2025-09-10,82.51,84.23,206.66,307.35,67.14,DEMO_DATA,True
2025-09-11,81.62,85.66,210.19,306.66,69.29,DEMO_DATA,True
2025-09-12,81.0,87.49,214.6,305.04,71.24,DEMO_DATA,True
2025-09-13,81.23,87.25,209.94,308.02,70.73,DEMO_DATA,True
2025-09-14,81.67,90.12,208.03,309.75,69.38,DEMO_DATA,True
2025-09-15,80.35,89.3,214.21,312.41,70.44,DEMO_DATA,True
2025-09-16,81.4,89.54,209.12,312.17,69.74,DEMO_DATA,True
2025-09-17,83.82,89.03,208.22,314.79,68.07,DEMO_DATA,True
2025-09-18,85.2,89.87,204.91,315.13,67.78,DEMO_DATA,True
2025-09-19,86.4,88.66,203.76,315.82,66.67,DEMO_DATA,True
2025-09-20,85.19,87.12,203.69,312.34,66.86,DEMO_DATA,True
2025-09-21,84.85,85.68,201.43,315.18,68.89,DEMO_DATA,True
2025-09-22,83.52,86.2,199.93,315.5,71.09,DEMO_DATA,True
2025-09-23,82.85,82.89,198.4,317.12,71.09,DEMO_DATA,True
2025-09-24,82.13,82.91,198.48,312.7,70.75,DEMO_DATA,True
2025-09-25,82.67,84.03,157.96,309.12,71.03,DEMO_DATA,True
2025-09-26,84.04,83.05,157.51,310.3,71.93,DEMO_DATA,True
2025-09-27,85.79,86.16,162.87,311.63,73.12,DEMO_DATA,True
2025-09-28,86.37,85.3,168.95,306.56,71.96,DEMO_DATA,True
2025-09-29,87.83,84.56,167.84,314.0,60.92,DEMO_DATA,True
2025-09-30,87.95,85.22,165.94,310.75,59.99,DEMO_DATA,True
2025-10-01,88.52,87.24,165.11,312.8,61.0,DEMO_DATA,True
2025-10-02,90.14,88.26,166.13,316.16,67.07,DEMO_DATA,True
2025-10-03,90.01,90.11,162.98,313.2,67.45,DEMO_DATA,True
2025-10-04,87.84,92.09,161.08,317.61,69.51,DEMO_DATA,True
2025-10-05,88.72,93.6,162.9,316.42,69.89,DEMO_DATA,True
2025-10-06,91.03,90.65,162.4,315.79,68.75,DEMO_DATA,True
2025-10-07,93.24,91.58,163.26,318.45,69.51,DEMO_DATA,True
2025-10-08,91.98,92.48,162.0,322.07,69.96,DEMO_DATA,True
2025-10-09,91.19,95.37,160.83,323.23,68.07,DEMO_DATA,True
2025-10-10,91.68,96.11,160.29,324.02,66.68,DEMO_DATA,True
2025-10-11,94.62,98.6,161.47,322.13,64.86,DEMO_DATA,True
2025-10-12,91.95,98.57,164.12,318.36,65.55,DEMO_DATA,True
2025-10-13,91.92,97.55,162.52,314.64,65.93,DEMO_DATA,True
2025-10-14,93.26,95.16,156.66,309.22,66.69,DEMO_DATA,True
2025-10-15,93.31,94.85,159.47,316.19,65.89,DEMO_DATA,True
2025-10-16,89.85,98.12,160.56,318.9,67.1,DEMO_DATA,True
2025-10-17,95.57,98.95,160.15,316.36,67.61,DEMO_DATA,True
2025-10-18,95.94,101.75,157.61,317.68,68.64,DEMO_DATA,True
2025-10-19,96.73,106.65,154.22,317.68,68.94,DEMO_DATA,True
2025-10-20,98.97,107.32,151.28,315.06,66.22,DEMO_DATA,True
2025-10-21,100.48,109.58,152.8,319.71,67.46,DEMO_DATA,True
2025-10-22,99.72,113.43,153.67,314.96,67.85,DEMO_DATA,True
2025-10-23,98.53,114.79,156.81,314.09,69.31,DEMO_DATA,True
2025-10-24,94.06,115.19,155.84,314.61,67.16,DEMO_DATA,True
2025-10-25,93.78,113.51,145.3,245.93,65.29,DEMO_DATA,True
2025-10-26,93.09,114.04,149.98,247.55,67.85,DEMO_DATA,True
2025-10-27,94.73,114.52,151.91,247.83,66.31,DEMO_DATA,True
2025-10-28,93.98,116.59,155.77,250.54,67.49,DEMO_DATA,True
2025-10-29,93.21,116.69,155.14,256.41,70.27,DEMO_DATA,True
2025-10-30,93.57,114.49,156.46,254.63,69.86,DEMO_DATA,True
2025-10-31,94.2,116.63,158.69,257.0,71.06,DEMO_DATA,True
2025-11-01,94.82,116.16,161.17,258.17,72.44,DEMO_DATA,True
2025-11-02,97.23,116.96,163.87,261.44,72.08,DEMO_DATA,True
2025-11-03,95.39,118.31,166.48,263.8,70.69,DEMO_DATA,True
2025-11-04,95.23,119.48,162.68,268.39,69.82,DEMO_DATA,True
2025-11-05,95.89,119.68,163.86,269.66,71.0,DEMO_DATA,True
2025-11-06,95.2,118.84,161.82,269.51,73.07,DEMO_DATA,True
2025-11-07,93.28,120.17,164.68,275.2,75.47,DEMO_DATA,True
2025-11-08,91.87,119.58,167.3,277.32,92.01,DEMO_DATA,True
2025-11-09,92.67,119.77,163.71,279.76,92.23,DEMO_DATA,True
2025-11-10,92.52,117.0,180.46,274.64,89.48,DEMO_DATA,True
2025-11-11,92.05,119.18,182.6,281.98,89.28,DEMO_DATA,True
2025-11-12,90.94,116.46,174.24,286.78,86.0,DEMO_DATA,True
2025-11-13,92.14,118.24,175.28,290.2,82.05,DEMO_DATA,True
2025-11-14,92.14,119.2,176.44,327.56,82.79,DEMO_DATA,True
2025-11-15,91.0,118.08,176.48,324.55,83.25,DEMO_DATA,True
2025-11-16,90.07,116.07,176.22,323.73,83.81,DEMO_DATA,True
2025-11-17,89.6,115.86,174.88,322.42,82.32,DEMO_DATA,True
2025-11-18,90.37,115.56,176.82,323.57,82.65,DEMO_DATA,True
2025-11-19,92.17,114.2,174.18,324.5,79.05,DEMO_DATA,True
2025-11-20,91.62,118.16,176.07,321.69,78.76,DEMO_DATA,True
2025-11-21,89.56,116.72,178.93,320.39,92.91,DEMO_DATA,True
2025-11-22,88.53,119.68,181.58,324.48,89.06,DEMO_DATA,True
2025-11-23,89.58,113.92,185.02,327.25,89.24,DEMO_DATA,True
2025-11-24,87.91,111.07,182.13,324.19,89.41,DEMO_DATA,True
2025-11-25,88.28,110.2,184.94,326.24,89.94,DEMO_DATA,True
2025-11-26,89.05,109.88,185.55,330.72,89.5,DEMO_DATA,True
2025-11-27,90.27,110.07,188.28,331.95,83.27,DEMO_DATA,True
2025-11-28,90.14,109.28,191.65,331.74,84.16,DEMO_DATA,True
2025-11-29,89.25,107.88,189.52,332.14,81.08,DEMO_DATA,True
2025-11-30,87.28,107.08,188.02,329.81,81.51,DEMO_DATA,True
2025-12-01,86.16,106.93,185.57,326.08,83.16,DEMO_DATA,True
2025-12-02,75.4,110.99,188.27,328.75,84.15,DEMO_DATA,True
2025-12-03,75.84,113.92,189.21,328.5,84.16,DEMO_DATA,True
2025-12-04,76.86,112.79,190.62,329.94,83.09,DEMO_DATA,True
2025-12-05,77.62,113.67,183.39,329.49,82.39,DEMO_DATA,True
2025-12-06,76.2,113.3,187.46,330.5,83.57,DEMO_DATA,True
2025-12-07,75.49,112.68,188.16,332.69,83.91,DEMO_DATA,True
2025-12-08,76.44,112.53,190.32,332.48,85.87,DEMO_DATA,True
2025-12-09,77.93,114.9,186.79,333.19,103.7,DEMO_DATA,True
2025-12-10,79.57,114.52,188.06,337.2,103.2,DEMO_DATA,True
2025-12-11,79.05,116.09,191.39,333.78,100.4,DEMO_DATA,True
2025-12-12,77.68,114.79,189.03,332.97,98.72,DEMO_DATA,True
2025-12-13,78.45,115.83,189.14,332.44,97.66,DEMO_DATA,True
2025-12-14,79.08,115.03,194.15,335.88,97.2,DEMO_DATA,True
2025-12-15,77.76,116.03,201.79,336.84,97.52,DEMO_DATA,True
2025-12-16,78.31,115.84,205.38,341.34,93.22,DEMO_DATA,True
2025-12-17,77.9,116.76,209.35,341.41,92.81,DEMO_DATA,True
2025-12-18,95.94,119.19,216.23,342.3,92.38,DEMO_DATA,True
2025-12-19,95.15,116.88,208.52,336.8,93.27,DEMO_DATA,True
2025-12-20,95.73,117.48,211.51,339.5,80.25,DEMO_DATA,True
2025-12-21,96.41,115.9,209.61,341.08,79.44,DEMO_DATA,True
2025-12-22,96.01,113.63,210.24,337.51,76.16,DEMO_DATA,True
2025-12-23,97.49,114.29,205.27,336.83,75.2,DEMO_DATA,True
2025-12-24,100.05,115.0,201.24,341.56,89.38,DEMO_DATA,True
2025-12-25,97.9,114.32,204.84,263.58,90.33,DEMO_DATA,True
2025-12-26,97.52,113.59,203.74,263.56,90.93,DEMO_DATA,True
2025-12-27,97.97,112.88,207.04,265.42,89.29,DEMO_DATA,True
2025-12-28,96.23,113.81,209.9,272.05,72.61,DEMO_DATA,True
2025-12-29,93.33,113.47,210.0,276.23,72.89,DEMO_DATA,True
2025-12-30,93.92,115.75,217.24,277.28,74.99,DEMO_DATA,True
2025-12-31,95.29,113.8,215.53,278.8,72.37,DEMO_DATA,True
2026-01-01,93.71,113.13,213.67,276.69,73.99,DEMO_DATA,True
2026-01-02,94.64,110.98,219.97,274.55,75.05,DEMO_DATA,True
2026-01-03,91.45,111.77,217.53,278.2,75.28,DEMO_DATA,True
2026-01-04,90.3,108.63,217.12,278.85,74.21,DEMO_DATA,True
2026-01-05,90.86,110.35,181.03,279.72,74.6,DEMO_DATA,True
2026-01-06,89.93,110.59,182.91,281.89,72.19,DEMO_DATA,True
2026-01-07,89.09,110.21,179.67,284.25,71.75,DEMO_DATA,True
2026-01-08,88.53,113.26,177.5,286.98,73.46,DEMO_DATA,True
2026-01-09,88.63,109.95,177.84,286.27,72.68,DEMO_DATA,True
2026-01-10,85.39,108.31,177.54,290.04,74.39,DEMO_DATA,True
2026-01-11,87.68,110.06,173.22,257.28,76.11,DEMO_DATA,True
2026-01-12,86.02,113.05,177.82,262.19,74.96,DEMO_DATA,True
2026-01-13,84.91,115.99,181.2,265.06,59.63,DEMO_DATA,True
2026-01-14,86.68,116.6,181.56,263.56,57.74,DEMO_DATA,True
2026-01-15,87.22,121.17,183.08,247.61,58.95,DEMO_DATA,True
2026-01-16,86.86,119.3,187.28,245.57,60.0,DEMO_DATA,True
2026-01-17,85.78,118.62,188.37,250.75,62.85,DEMO_DATA,True
2026-01-18,87.99,118.77,188.18,207.77,63.97,DEMO_DATA,True
2026-01-19,87.33,120.64,186.86,211.27,64.83,DEMO_DATA,True
2026-01-20,88.37,117.27,185.62,216.35,64.66,DEMO_DATA,True
2026-01-21,87.2,118.07,185.65,217.38,65.13,DEMO_DATA,True
2026-01-22,85.32,116.72,221.81,224.76,66.97,DEMO_DATA,True
2026-01-23,85.07,115.07,224.74,228.28,66.16,DEMO_DATA,True
2026-01-24,85.4,115.44,224.29,233.63,63.66,DEMO_DATA,True
2026-01-25,81.97,114.58,215.98,235.5,64.17,DEMO_DATA,True
2026-01-26,79.75,112.66,217.58,240.24,65.49,DEMO_DATA,True
2026-01-27,80.59,114.08,219.5,249.87,65.85,DEMO_DATA,True
2026-01-28,77.02,117.93,216.17,254.84,66.58,DEMO_DATA,True
2026-01-29,76.65,116.5,220.19,259.09,66.39,DEMO_DATA,True
2026-01-30,76.54,118.75,215.14,259.66,65.71,DEMO_DATA,True
2026-01-31,77.51,121.09,215.07,260.81,67.32,DEMO_DATA,True
2026-02-01,77.67,118.9,214.71,263.13,67.66,DEMO_DATA,True
2026-02-02,79.0,119.49,210.76,260.82,67.33,DEMO_DATA,True
2026-02-03,78.26,119.61,205.41,262.74,68.0,DEMO_DATA,True
2026-02-04,76.89,117.78,211.74,325.87,67.96,DEMO_DATA,True
2026-02-05,75.23,115.47,214.25,330.21,69.04,DEMO_DATA,True
2026-02-06,73.88,114.7,219.16,330.07,68.2,DEMO_DATA,True
2026-02-07,71.64,110.07,214.72,332.46,68.47,DEMO_DATA,True
2026-02-08,72.41,114.0,219.37,334.35,66.31,DEMO_DATA,True
2026-02-09,71.26,113.4,228.01,331.92,66.53,DEMO_DATA,True
2026-02-10,71.31,116.22,225.39,368.02,67.42,DEMO_DATA,True
2026-02-11,69.74,117.55,224.93,361.7,68.87,DEMO_DATA,True
2026-02-12,70.47,116.69,223.86,358.28,68.58,DEMO_DATA,True
2026-02-13,70.1,117.34,221.92,357.36,68.54,DEMO_DATA,True
2026-02-14,71.57,115.28,219.85,356.18,68.49,DEMO_DATA,True
2026-02-15,71.58,118.18,221.05,361.83,67.37,DEMO_DATA,True
2026-02-16,72.99,121.61,220.2,363.16,69.71,DEMO_DATA,True
2026-02-17,73.6,123.61,215.63,364.39,72.39,DEMO_DATA,True
2026-02-18,63.16,122.97,212.47,353.01,72.51,DEMO_DATA,True
2026-02-19,63.29,125.14,183.43,347.19,72.52,DEMO_DATA,True
2026-02-20,62.8,117.71,183.4,343.69,70.17,DEMO_DATA,True
2026-02-21,63.91,118.27,180.22,346.94,71.1,DEMO_DATA,True
2026-02-22,63.67,117.84,178.25,344.78,69.85,DEMO_DATA,True
2026-02-23,64.38,118.71,177.73,345.01,71.82,DEMO_DATA,True
2026-02-24,66.26,121.29,176.59,341.16,72.98,DEMO_DATA,True
2026-02-25,67.86,120.95,173.14,337.97,74.12,DEMO_DATA,True
2026-02-26,67.47,116.76,175.58,338.76,70.98,DEMO_DATA,True
2026-02-27,68.73,115.91,175.26,337.28,67.8,DEMO_DATA,True
2026-02-28,68.64,118.31,172.52,336.66,70.31,DEMO_DATA,True
2026-03-01,67.63,115.82,171.34,335.38,72.59,DEMO_DATA,True
2026-03-02,67.73,114.07,171.12,329.29,72.17,DEMO_DATA,True
2026-03-03,69.38,116.44,170.52,332.17,73.26,DEMO_DATA,True
2026-03-04,69.26,115.03,173.21,327.87,72.81,DEMO_DATA,True
2026-03-05,69.54,111.48,174.86,331.99,75.31,DEMO_DATA,True
2026-03-06,70.35,130.84,177.69,329.58,73.65,DEMO_DATA,True
2026-03-07,71.9,127.75,181.33,326.74,73.03,DEMO_DATA,True
2026-03-08,71.25,130.16,182.24,322.63,71.32,DEMO_DATA,True
2026-03-09,71.22,127.94,184.91,319.87,72.85,DEMO_DATA,True
2026-03-10,71.0,124.88,182.07,316.03,74.88,DEMO_DATA,True
2026-03-11,72.2,122.87,176.93,319.42,72.74,DEMO_DATA,True
2026-03-12,73.9,124.9,174.66,320.04,71.89,DEMO_DATA,True
2026-03-13,73.51,126.15,171.25,325.57,72.25,DEMO_DATA,True
2026-03-14,75.65,124.66,170.2,326.22,72.53,DEMO_DATA,True
2026-03-15,76.22,122.83,173.14,330.19,73.26,DEMO_DATA,True
2026-03-16,73.97,124.88,174.84,331.36,71.58,DEMO_DATA,True
2026-03-17,74.99,126.3,177.26,332.83,76.15,DEMO_DATA,True
2026-03-18,77.07,141.55,178.61,333.0,74.37,DEMO_DATA,True
2026-03-19,77.44,139.99,178.39,335.75,72.65,DEMO_DATA,True
2026-03-20,80.7,140.73,175.15,335.16,71.19,DEMO_DATA,True
2026-03-21,79.97,143.66,176.7,329.18,73.66,DEMO_DATA,True
2026-03-22,80.64,142.41,183.15,327.81,74.0,DEMO_DATA,True
2026-03-23,81.03,140.66,186.53,326.65,74.4,DEMO_DATA,True
2026-03-24,80.61,137.84,185.68,324.0,73.54,DEMO_DATA,True
2026-03-25,80.32,138.73,187.91,324.61,74.15,DEMO_DATA,True
2026-03-26,80.15,140.04,188.75,329.82,72.19,DEMO_DATA,True
2026-03-27,80.18,136.65,192.01,323.51,73.87,DEMO_DATA,True
2026-03-28,80.61,138.47,196.13,326.15,72.93,DEMO_DATA,True
2026-03-29,79.98,139.92,194.31,322.37,74.39,DEMO_DATA,True
2026-03-30,77.59,162.3,198.93,320.06,71.51,DEMO_DATA,True
2026-03-31,78.54,159.55,198.96,320.97,74.02,DEMO_DATA,True
2026-04-01,77.32,153.93,201.75,317.12,75.07,DEMO_DATA,True
2026-04-02,76.29,152.09,198.46,312.83,77.2,DEMO_DATA,True
2026-04-03,75.14,155.34,196.32,313.85,76.93,DEMO_DATA,True
2026-04-04,74.55,154.51,192.63,312.81,77.0,DEMO_DATA,True
2026-04-05,75.98,151.38,191.85,319.37,76.79,DEMO_DATA,True
2026-04-06,74.25,149.93,192.28,320.44,67.13,DEMO_DATA,True
2026-04-07,74.06,149.07,195.2,322.02,67.43,DEMO_DATA,True
2026-04-08,75.34,148.92,194.66,327.81,54.71,DEMO_DATA,True
2026-04-09,78.31,147.94,194.56,329.22,54.18,DEMO_DATA,True
2026-04-10,77.95,146.28,189.12,325.11,53.25,DEMO_DATA,True
2026-04-11,77.59,144.74,193.63,329.67,53.25,DEMO_DATA,True
2026-04-12,75.16,141.59,195.37,325.4,54.32,DEMO_DATA,True
2026-04-13,77.74,138.77,198.96,328.28,54.67,DEMO_DATA,True
2026-04-14,76.48,137.69,199.54,322.5,55.23,DEMO_DATA,True
2026-04-15,76.65,133.96,198.45,325.6,56.4,DEMO_DATA,True
2026-04-16,76.97,133.82,198.4,324.39,55.88,DEMO_DATA,True
2026-04-17,76.56,138.71,198.06,326.32,57.26,DEMO_DATA,True
2026-04-18,76.93,143.68,203.67,317.45,56.65,DEMO_DATA,True
2026-04-19,77.32,144.08,203.99,315.58,44.84,DEMO_DATA,True
2026-04-20,77.46,142.26,204.94,312.05,46.03,DEMO_DATA,True
2026-04-21,77.43,137.95,202.32,309.72,45.2,DEMO_DATA,True
2026-04-22,78.49,137.17,205.34,311.76,47.09,DEMO_DATA,True
2026-04-23,77.06,138.05,202.87,316.14,48.68,DEMO_DATA,True
2026-04-24,74.8,139.92,208.16,319.58,49.25,DEMO_DATA,True
2026-04-25,75.17,140.68,203.51,323.81,50.75,DEMO_DATA,True
2026-04-26,73.57,142.0,207.11,320.13,51.41,DEMO_DATA,True
2026-04-27,73.78,141.97,205.88,321.75,52.41,DEMO_DATA,True
2026-04-28,73.52,143.59,206.16,320.41,55.56,DEMO_DATA,True
2026-04-29,74.37,140.8,212.96,322.94,56.7,DEMO_DATA,True
2026-04-30,75.65,140.87,214.58,323.03,58.33,DEMO_DATA,True
2026-05-01,75.75,135.56,211.52,319.71,60.79,DEMO_DATA,True
2026-05-02,76.13,133.99,209.88,321.36,61.36,DEMO_DATA,True
2026-05-03,88.99,134.3,207.41,320.89,61.69,DEMO_DATA,True
2026-05-04,89.56,134.39,203.09,319.26,61.76,DEMO_DATA,True
2026-05-05,90.43,136.32,196.47,321.26,63.77,DEMO_DATA,True
2026-05-06,92.98,134.29,194.25,316.93,64.55,DEMO_DATA,True
2026-05-07,92.84,132.73,196.94,314.81,65.01,DEMO_DATA,True
2026-05-08,92.47,130.44,193.21,319.88,65.43,DEMO_DATA,True
2026-05-09,93.21,122.86,192.68,320.43,63.84,DEMO_DATA,True
2026-05-10,92.98,121.07,193.28,322.31,64.56,DEMO_DATA,True
2026-05-11,92.63,121.9,195.01,324.29,63.42,DEMO_DATA,True
2026-05-12,90.86,121.64,199.8,321.43,63.95,DEMO_DATA,True
2026-05-13,89.73,116.27,199.52,320.57,62.34,DEMO_DATA,True
2026-05-14,89.46,132.78,204.12,316.72,62.3,DEMO_DATA,True
2026-05-15,89.74,133.11,202.62,317.29,62.88,DEMO_DATA,True
2026-05-16,90.8,133.82,203.22,316.71,63.08,DEMO_DATA,True
2026-05-17,90.51,133.39,205.5,317.63,61.94,DEMO_DATA,True
2026-05-18,89.94,128.52,205.79,316.35,61.52,DEMO_DATA,True
2026-05-19,90.58,129.42,203.82,316.18,72.89,DEMO_DATA,True
2026-05-20,89.09,131.24,204.11,317.34,74.07,DEMO_DATA,True
2026-05-21,77.75,129.53,207.41,322.28,71.44,DEMO_DATA,True
2026-05-22,79.46,128.09,206.78,322.41,71.55,DEMO_DATA,True
2026-05-23,79.16,105.18,200.84,318.17,71.27,DEMO_DATA,True
2026-05-24,78.58,101.57,200.79,318.86,71.23,DEMO_DATA,True
2026-05-25,81.28,102.15,203.64,316.09,71.96,DEMO_DATA,True
2026-05-26,79.39,118.1,201.48,314.74,73.67,DEMO_DATA,True
2026-05-27,82.18,120.09,174.37,316.54,74.42,DEMO_DATA,True
2026-05-28,80.05,118.86,173.2,321.77,75.45,DEMO_DATA,True
2026-05-29,82.12,116.32,173.12,316.13,78.32,DEMO_DATA,True
2026-05-30,82.28,117.98,171.13,321.22,77.84,DEMO_DATA,True
2026-05-31,81.2,120.98,166.6,325.22,76.37,DEMO_DATA,True
2026-06-01,82.37,119.48,165.11,326.74,71.3,DEMO_DATA,True
2026-06-02,82.09,116.77,163.58,330.82,71.09,DEMO_DATA,True
2026-06-03,82.2,115.13,163.92,327.24,71.78,DEMO_DATA,True
2026-06-04,84.33,110.21,162.41,326.47,70.5,DEMO_DATA,True
2026-06-05,81.86,109.94,163.35,327.13,82.37,DEMO_DATA,True
2026-06-06,80.05,110.2,161.09,323.82,81.15,DEMO_DATA,True
2026-06-07,79.58,109.72,164.82,321.46,81.31,DEMO_DATA,True
2026-06-08,81.28,108.7,165.38,325.0,80.03,DEMO_DATA,True
2026-06-09,83.12,105.55,166.08,323.99,77.7,DEMO_DATA,True
2026-06-10,84.48,109.97,166.3,278.09,77.25,DEMO_DATA,True
2026-06-11,85.05,109.34,168.35,280.27,78.02,DEMO_DATA,True
2026-06-12,84.28,109.22,170.67,276.1,75.78,DEMO_DATA,True
2026-06-13,84.92,111.76,170.43,274.06,74.6,DEMO_DATA,True
2026-06-14,86.02,111.53,173.16,272.64,76.19,DEMO_DATA,True
2026-06-15,85.72,112.2,179.25,273.59,77.52,DEMO_DATA,True
2026-06-16,84.19,112.64,176.76,276.91,78.54,DEMO_DATA,True
2026-06-17,83.5,114.63,174.92,274.54,77.71,DEMO_DATA,True
2026-06-18,86.32,110.57,175.76,277.98,74.77,DEMO_DATA,True
2026-06-19,87.17,110.58,174.53,277.45,76.0,DEMO_DATA,True
2026-06-20,87.57,108.24,180.37,278.01,75.55,DEMO_DATA,True
2026-06-21,86.77,107.13,179.87,279.12,76.03,DEMO_DATA,True
2026-06-22,85.98,107.77,180.84,279.06,77.59,DEMO_DATA,True
2026-06-23,78.04,106.63,180.91,278.93,75.14,DEMO_DATA,True
2026-06-24,77.79,106.46,178.88,279.36,74.09,DEMO_DATA,True
2026-06-25,78.47,109.06,176.13,283.54,74.53,DEMO_DATA,True
2026-06-26,79.04,109.88,177.84,282.74,76.64,DEMO_DATA,True
2026-06-27,80.18,107.7,180.72,284.44,75.76,DEMO_DATA,True
2026-06-28,78.66,110.57,182.39,283.69,77.24,DEMO_DATA,True
2026-06-29,78.68,112.77,181.98,287.46,77.43,DEMO_DATA,True
2026-06-30,79.17,115.15,181.39,252.42,78.08,DEMO_DATA,True
2026-07-01,80.1,114.69,187.93,253.49,79.43,DEMO_DATA,True
2026-07-02,80.48,111.72,188.57,252.66,77.47,DEMO_DATA,True
2026-07-03,79.43,113.12,187.93,260.11,76.45,DEMO_DATA,True
2026-07-04,80.73,115.49,190.12,264.01,76.31,DEMO_DATA,True
2026-07-05,79.3,114.09,186.52,267.91,77.38,DEMO_DATA,True
2026-07-06,78.72,112.41,184.85,267.7,77.17,DEMO_DATA,True
2026-07-07,77.39,114.42,183.12,267.48,77.43,DEMO_DATA,True
2026-07-08,75.65,114.08,186.4,263.39,74.95,DEMO_DATA,True
2026-07-09,76.81,116.0,191.37,262.81,76.79,DEMO_DATA,True
2026-07-10,77.34,115.72,197.02,265.73,75.92,DEMO_DATA,True
2026-07-11,76.63,116.33,195.29,264.05,91.76,DEMO_DATA,True
2026-07-12,78.16,118.35,197.19,267.3,93.63,DEMO_DATA,True
2026-07-13,77.47,114.5,152.08,268.09,95.26,DEMO_DATA,True
2026-07-14,78.59,115.08,157.56,269.83,99.89,DEMO_DATA,True
2026-07-15,79.11,117.28,156.5,270.48,100.56,DEMO_DATA,True
2026-07-16,78.43,117.24,155.7,272.28,97.48,DEMO_DATA,True
2026-07-17,79.93,116.97,156.14,275.7,98.01,DEMO_DATA,True
2026-07-18,80.66,128.45,156.62,276.3,96.64,DEMO_DATA,True
2026-07-19,82.71,131.3,160.77,278.67,97.61,DEMO_DATA,True
2026-07-20,82.12,130.61,162.51,275.61,98.29,DEMO_DATA,True
2026-07-21,67.16,130.92,169.18,278.9,95.95,DEMO_DATA,True
2026-07-22,64.88,128.38,171.2,279.57,96.42,DEMO_DATA,True
2026-07-23,66.4,131.15,172.26,274.54,91.49,DEMO_DATA,True
2026-07-24,64.37,132.43,174.02,281.04,91.6,DEMO_DATA,True
2026-07-25,64.66,127.36,175.34,280.01,93.09,DEMO_DATA,True
2026-07-26,63.98,128.95,177.21,278.71,93.65,DEMO_DATA,True
2026-07-27,64.54,132.54,180.14,282.54,91.03,DEMO_DATA,True
2026-07-28,66.62,131.78,180.0,282.08,93.79,DEMO_DATA,True
2026-07-29,67.53,131.26,178.42,279.9,90.28,DEMO_DATA,True
2026-07-30,68.64,128.87,177.14,275.72,90.03,DEMO_DATA,True
2026-07-31,67.38,128.6,174.7,278.0,91.11,DEMO_DATA,True
2026-08-01,68.07,128.27,174.66,280.51,93.08,DEMO_DATA,True
2026-08-02,68.03,131.21,170.38,284.94,91.3,DEMO_DATA,True
2026-08-03,69.69,134.32,173.29,283.34,87.69,DEMO_DATA,True
2026-08-04,69.13,138.74,175.65,284.73,88.89,DEMO_DATA,True
2026-08-05,69.42,138.41,175.69,287.4,91.85,DEMO_DATA,True
2026-08-06,69.65,141.43,173.37,265.07,92.15,DEMO_DATA,True
2026-08-07,68.48,145.2,179.04,268.73,90.52,DEMO_DATA,True
2026-08-08,68.79,145.51,174.48,269.62,89.59,DEMO_DATA,True
2026-08-09,68.25,146.79,172.6,271.6,84.94,DEMO_DATA,True
2026-08-10,67.91,141.97,172.25,273.62,88.49,DEMO_DATA,True
2026-08-11,67.5,140.7,174.32,275.61,87.11,DEMO_DATA,True
2026-08-12,66.76,142.49,178.98,275.18,87.63,DEMO_DATA,True
2026-08-13,66.77,139.7,178.81,271.96,89.19,DEMO_DATA,True
2026-08-14,68.76,139.24,182.51,276.3,90.46,DEMO_DATA,True
2026-08-15,69.52,135.53,185.14,279.53,88.68,DEMO_DATA,True
2026-08-16,71.91,135.48,183.95,275.41,86.09,DEMO_DATA,True
2026-08-17,71.03,131.2,181.88,273.19,83.79,DEMO_DATA,True
2026-08-18,70.75,134.04,182.05,278.33,84.32,DEMO_DATA,True
2026-08-19,71.26,133.78,183.09,282.87,81.91,DEMO_DATA,True
2026-08-20,73.92,130.87,182.73,278.26,82.69,DEMO_DATA,True
2026-08-21,73.51,131.2,180.59,284.66,100.11,DEMO_DATA,True
2026-08-22,72.56,154.64,181.64,283.27,97.93,DEMO_DATA,True
2026-08-23,71.02,148.26,188.1,289.21,95.99,DEMO_DATA,True
2026-08-24,71.4,141.35,184.52,284.31,93.88,DEMO_DATA,True
2026-08-25,71.79,139.35,186.97,290.21,116.73,DEMO_DATA,True
2026-08-26,71.1,140.98,187.75,236.0,117.28,DEMO_DATA,True
2026-08-27,71.77,138.87,186.11,234.71,112.18,DEMO_DATA,True
2026-08-28,71.94,134.46,189.6,238.26,115.61,DEMO_DATA,True
2026-08-29,70.8,134.35,191.1,241.73,113.91,DEMO_DATA,True
2026-08-30,71.58,135.25,191.56,242.6,113.78,DEMO_DATA,True
2026-08-31,72.2,136.7,191.53,245.75,114.54,DEMO_DATA,True
2026-09-01,65.66,133.29,190.56,242.87,116.18,DEMO_DATA,True
2026-09-02,65.2,130.4,193.52,246.72,113.19,DEMO_DATA,True
2026-09-03,65.94,129.5,197.38,252.48,117.08,DEMO_DATA,True
2026-09-04,67.51,131.31,204.9,252.83,115.78,DEMO_DATA,True
2026-09-05,69.25,134.61,204.0,254.81,115.5,DEMO_DATA,True
2026-09-06,68.45,137.13,201.83,256.94,115.92,DEMO_DATA,True
2026-09-07,67.5,133.5,208.33,256.48,119.86,DEMO_DATA,True
2026-09-08,68.46,134.85,209.15,261.26,116.05,DEMO_DATA,True
2026-09-09,70.56,133.94,210.89,266.22,112.49,DEMO_DATA,True
2026-09-10,70.63,133.68,209.14,263.06,112.56,DEMO_DATA,True
2026-09-11,69.01,130.96,208.62,267.59,109.45,DEMO_DATA,True
2026-09-12,71.48,129.11,206.74,270.28,106.49,DEMO_DATA,True
2026-09-13,72.4,129.36,206.24,269.72,108.23,DEMO_DATA,True
2026-09-14,72.4,128.99,210.64,271.66,107.03,DEMO_DATA,True
