date,port_id,avg_waiting_time_hrs,congestion_level,berths_occupied_pct,vessels_at_anchor,data_source,is_synthetic
2020-01-01,paradip,29.1,medium,63.3,3,DEMO_DATA,True
2020-01-02,paradip,16.4,low,53.1,2,DEMO_DATA,True
2020-01-03,paradip,20.3,low,56.2,2,DEMO_DATA,True
2020-01-04,paradip,20.3,low,56.2,2,DEMO_DATA,True
2020-01-05,paradip,21.3,low,57.0,2,DEMO_DATA,True
2020-01-06,paradip,20.1,low,56.1,2,DEMO_DATA,True
2020-01-07,paradip,18.6,low,54.9,2,DEMO_DATA,True
2020-01-08,paradip,20.9,low,56.8,2,DEMO_DATA,True
2020-01-09,paradip,26.8,medium,61.5,3,DEMO_DATA,True
2020-01-10,paradip,19.5,low,55.6,2,DEMO_DATA,True
2020-01-11,paradip,24.0,medium,59.2,3,DEMO_DATA,True
2020-01-12,paradip,22.4,low,57.9,2,DEMO_DATA,True
2020-01-13,paradip,15.6,low,52.5,1,DEMO_DATA,True
2020-01-14,paradip,17.7,low,54.2,2,DEMO_DATA,True
2020-01-15,paradip,17.5,low,54.0,2,DEMO_DATA,True
2020-01-16,paradip,12.3,low,49.8,1,DEMO_DATA,True
2020-01-17,paradip,14.1,low,51.3,1,DEMO_DATA,True
2020-01-18,paradip,16.5,low,53.2,2,DEMO_DATA,True
2020-01-19,paradip,19.5,low,55.6,2,DEMO_DATA,True
2020-01-20,paradip,19.6,low,55.7,2,DEMO_DATA,True
2020-01-21,paradip,23.2,low,58.6,2,DEMO_DATA,True
2020-01-22,paradip,25.7,medium,60.5,3,DEMO_DATA,True
2020-01-23,paradip,20.6,low,56.5,2,DEMO_DATA,True
2020-01-24,paradip,25.3,medium,60.2,3,DEMO_DATA,True
2020-01-25,paradip,32.6,medium,66.1,4,DEMO_DATA,True
2020-01-26,paradip,20.2,low,56.1,2,DEMO_DATA,True
2020-01-27,paradip,22.5,low,58.0,2,DEMO_DATA,True
2020-01-28,paradip,23.4,low,58.7,2,DEMO_DATA,True
2020-01-29,paradip,22.4,low,57.9,2,DEMO_DATA,True
2020-01-30,paradip,21.1,low,56.9,2,DEMO_DATA,True
2020-01-31,paradip,25.7,medium,60.6,3,DEMO_DATA,True
2020-02-01,paradip,24.2,medium,59.4,3,DEMO_DATA,True
2020-02-02,paradip,28.3,medium,62.6,3,DEMO_DATA,True
2020-02-03,paradip,29.6,medium,63.7,3,DEMO_DATA,True
2020-02-04,paradip,35.0,medium,68.0,4,DEMO_DATA,True
2020-02-05,paradip,37.6,medium,70.1,4,DEMO_DATA,True
2020-02-06,paradip,52.3,high,81.9,6,DEMO_DATA,True
2020-02-07,paradip,39.7,medium,71.8,4,DEMO_DATA,True
2020-02-08,paradip,33.0,medium,66.4,4,DEMO_DATA,True
2020-02-09,paradip,35.3,medium,68.2,4,DEMO_DATA,True
2020-02-10,paradip,59.0,high,87.2,7,DEMO_DATA,True
2020-02-11,paradip,43.0,medium,74.4,5,DEMO_DATA,True
2020-02-12,paradip,47.1,medium,77.7,5,DEMO_DATA,True
2020-02-13,paradip,73.6,high,95.0,9,DEMO_DATA,True
2020-02-14,paradip,63.6,high,90.9,7,DEMO_DATA,True
2020-02-15,paradip,29.8,medium,63.8,3,DEMO_DATA,True
2020-02-16,paradip,23.4,low,58.7,2,DEMO_DATA,True
2020-02-17,paradip,22.0,low,57.6,2,DEMO_DATA,True
2020-02-18,paradip,23.1,low,58.5,2,DEMO_DATA,True
2020-02-19,paradip,24.6,medium,59.7,3,DEMO_DATA,True
2020-02-20,paradip,22.3,low,57.8,2,DEMO_DATA,True
2020-02-21,paradip,23.8,low,59.0,2,DEMO_DATA,True
2020-02-22,paradip,31.9,medium,65.5,3,DEMO_DATA,True
2020-02-23,paradip,35.6,medium,68.5,4,DEMO_DATA,True
2020-02-24,paradip,40.0,medium,72.0,4,DEMO_DATA,True
2020-02-25,paradip,38.8,medium,71.0,4,DEMO_DATA,True
2020-02-26,paradip,31.5,medium,65.2,3,DEMO_DATA,True
2020-02-27,paradip,34.6,medium,67.7,4,DEMO_DATA,True
2020-02-28,paradip,30.1,medium,64.1,3,DEMO_DATA,True
2020-02-29,paradip,30.7,medium,64.5,3,DEMO_DATA,True
2020-03-01,paradip,35.2,medium,68.1,4,DEMO_DATA,True
2020-03-02,paradip,44.8,medium,75.9,5,DEMO_DATA,True
2020-03-03,paradip,46.6,medium,77.3,5,DEMO_DATA,True
2020-03-04,paradip,36.3,medium,69.0,4,DEMO_DATA,True
2020-03-05,paradip,32.9,medium,66.3,4,DEMO_DATA,True
2020-03-06,paradip,44.5,medium,75.6,5,DEMO_DATA,True
2020-03-07,paradip,41.2,medium,72.9,5,DEMO_DATA,True
2020-03-08,paradip,39.4,medium,71.6,4,DEMO_DATA,True
2020-03-09,paradip,43.1,medium,74.5,5,DEMO_DATA,True
2020-03-10,paradip,43.6,medium,74.9,5,DEMO_DATA,True
2020-03-11,paradip,54.7,high,83.7,6,DEMO_DATA,True
2020-03-12,paradip,31.9,medium,65.5,3,DEMO_DATA,True
2020-03-13,paradip,48.6,high,78.9,6,DEMO_DATA,True
2020-03-14,paradip,16.0,low,52.8,2,DEMO_DATA,True
2020-03-15,paradip,13.5,low,50.8,1,DEMO_DATA,True
2020-03-16,paradip,10.9,low,48.7,1,DEMO_DATA,True
2020-03-17,paradip,12.8,low,50.2,1,DEMO_DATA,True
2020-03-18,paradip,16.4,low,53.1,2,DEMO_DATA,True
2020-03-19,paradip,13.1,low,50.4,1,DEMO_DATA,True
2020-03-20,paradip,10.8,low,48.6,1,DEMO_DATA,True
2020-03-21,paradip,10.8,low,48.6,1,DEMO_DATA,True
2020-03-22,paradip,15.5,low,52.4,1,DEMO_DATA,True
2020-03-23,paradip,16.0,low,52.8,1,DEMO_DATA,True
2020-03-24,paradip,12.9,low,50.3,1,DEMO_DATA,True
2020-03-25,paradip,14.5,low,51.6,1,DEMO_DATA,True
2020-03-26,paradip,14.5,low,51.6,1,DEMO_DATA,True
2020-03-27,paradip,22.8,low,58.2,2,DEMO_DATA,True
2020-03-28,paradip,23.8,low,59.0,2,DEMO_DATA,True
2020-03-29,paradip,27.0,medium,61.6,3,DEMO_DATA,True
2020-03-30,paradip,32.2,medium,65.7,4,DEMO_DATA,True
2020-03-31,paradip,31.4,medium,65.1,3,DEMO_DATA,True
2020-04-01,paradip,26.8,medium,61.4,3,DEMO_DATA,True
2020-04-02,paradip,27.8,medium,62.2,3,DEMO_DATA,True
2020-04-03,paradip,37.2,medium,69.7,4,DEMO_DATA,True
2020-04-04,paradip,35.6,medium,68.5,4,DEMO_DATA,True
2020-04-05,paradip,43.0,medium,74.4,5,DEMO_DATA,True
2020-04-06,paradip,46.5,medium,77.2,5,DEMO_DATA,True
2020-04-07,paradip,30.2,medium,64.1,3,DEMO_DATA,True
2020-04-08,paradip,38.4,medium,70.7,4,DEMO_DATA,True
2020-04-09,paradip,27.3,medium,61.8,3,DEMO_DATA,True
2020-04-10,paradip,28.6,medium,62.9,3,DEMO_DATA,True
2020-04-11,paradip,24.1,medium,59.3,3,DEMO_DATA,True
2020-04-12,paradip,24.3,medium,59.4,3,DEMO_DATA,True
2020-04-13,paradip,24.9,medium,59.9,3,DEMO_DATA,True
2020-04-14,paradip,20.8,low,56.6,2,DEMO_DATA,True
2020-04-15,paradip,20.9,low,56.7,2,DEMO_DATA,True
2020-04-16,paradip,28.7,medium,62.9,3,DEMO_DATA,True
2020-04-17,paradip,30.2,medium,64.2,3,DEMO_DATA,True
2020-04-18,paradip,22.0,low,57.6,2,DEMO_DATA,True
2020-04-19,paradip,15.0,low,52.0,1,DEMO_DATA,True
2020-04-20,paradip,21.4,low,57.1,2,DEMO_DATA,True
2020-04-21,paradip,16.6,low,53.3,2,DEMO_DATA,True
2020-04-22,paradip,18.2,low,54.6,2,DEMO_DATA,True
2020-04-23,paradip,15.8,low,52.6,1,DEMO_DATA,True
2020-04-24,paradip,15.2,low,52.1,1,DEMO_DATA,True
2020-04-25,paradip,17.7,low,54.2,2,DEMO_DATA,True
2020-04-26,paradip,21.8,low,57.4,2,DEMO_DATA,True
2020-04-27,paradip,18.4,low,54.8,2,DEMO_DATA,True
2020-04-28,paradip,15.5,low,52.4,1,DEMO_DATA,True
2020-04-29,paradip,22.6,low,58.1,2,DEMO_DATA,True
2020-04-30,paradip,26.0,medium,60.8,3,DEMO_DATA,True
2020-05-01,paradip,23.8,low,59.1,2,DEMO_DATA,True
2020-05-02,paradip,23.3,low,58.6,2,DEMO_DATA,True
2020-05-03,paradip,30.6,medium,64.5,3,DEMO_DATA,True
2020-05-04,paradip,30.1,medium,64.1,3,DEMO_DATA,True
2020-05-05,paradip,39.4,medium,71.5,4,DEMO_DATA,True
2020-05-06,paradip,26.6,medium,61.3,3,DEMO_DATA,True
2020-05-07,paradip,24.0,medium,59.2,3,DEMO_DATA,True
2020-05-08,paradip,19.8,low,55.8,2,DEMO_DATA,True
2020-05-09,paradip,14.2,low,51.3,1,DEMO_DATA,True
2020-05-10,paradip,16.9,low,53.5,2,DEMO_DATA,True
2020-05-11,paradip,16.8,low,53.4,2,DEMO_DATA,True
2020-05-12,paradip,15.1,low,52.1,1,DEMO_DATA,True
2020-05-13,paradip,20.4,low,56.3,2,DEMO_DATA,True
2020-05-14,paradip,11.6,low,49.3,1,DEMO_DATA,True
2020-05-15,paradip,12.0,low,49.6,1,DEMO_DATA,True
2020-05-16,paradip,14.0,low,51.2,1,DEMO_DATA,True
2020-05-17,paradip,18.1,low,54.5,2,DEMO_DATA,True
2020-05-18,paradip,14.1,low,51.3,1,DEMO_DATA,True
2020-05-19,paradip,17.5,low,54.0,2,DEMO_DATA,True
2020-05-20,paradip,18.9,low,55.1,2,DEMO_DATA,True
2020-05-21,paradip,26.8,medium,61.5,3,DEMO_DATA,True
2020-05-22,paradip,26.9,medium,61.6,3,DEMO_DATA,True
2020-05-23,paradip,28.5,medium,62.8,3,DEMO_DATA,True
2020-05-24,paradip,30.7,medium,64.6,3,DEMO_DATA,True
2020-05-25,paradip,30.5,medium,64.4,3,DEMO_DATA,True
2020-05-26,paradip,27.5,medium,62.0,3,DEMO_DATA,True
2020-05-27,paradip,29.8,medium,63.9,3,DEMO_DATA,True
2020-05-28,paradip,33.2,medium,66.5,4,DEMO_DATA,True
2020-05-29,paradip,41.1,medium,72.9,5,DEMO_DATA,True
2020-05-30,paradip,33.2,medium,66.6,4,DEMO_DATA,True
2020-05-31,paradip,34.8,medium,67.9,4,DEMO_DATA,True
2020-06-01,paradip,35.4,medium,68.3,4,DEMO_DATA,True
2020-06-02,paradip,44.3,medium,75.4,5,DEMO_DATA,True
2020-06-03,paradip,52.6,high,82.1,6,DEMO_DATA,True
2020-06-04,paradip,49.1,high,79.3,6,DEMO_DATA,True
2020-06-05,paradip,35.8,medium,68.6,4,DEMO_DATA,True
2020-06-06,paradip,36.8,medium,69.4,4,DEMO_DATA,True
2020-06-07,paradip,43.0,medium,74.4,5,DEMO_DATA,True
2020-06-08,paradip,48.9,high,79.1,6,DEMO_DATA,True
2020-06-09,paradip,55.8,high,84.6,6,DEMO_DATA,True
2020-06-10,paradip,46.0,medium,76.8,5,DEMO_DATA,True
2020-06-11,paradip,66.9,high,93.5,8,DEMO_DATA,True
2020-06-12,paradip,62.9,high,90.3,7,DEMO_DATA,True
2020-06-13,paradip,58.7,high,86.9,7,DEMO_DATA,True
2020-06-14,paradip,50.4,high,80.3,6,DEMO_DATA,True
2020-06-15,paradip,58.0,high,86.4,7,DEMO_DATA,True
2020-06-16,paradip,60.9,high,88.7,7,DEMO_DATA,True
2020-06-17,paradip,64.3,high,91.5,8,DEMO_DATA,True
2020-06-18,paradip,52.9,high,82.3,6,DEMO_DATA,True
2020-06-19,paradip,44.5,medium,75.6,5,DEMO_DATA,True
2020-06-20,paradip,43.1,medium,74.5,5,DEMO_DATA,True
2020-06-21,paradip,44.8,medium,75.9,5,DEMO_DATA,True
2020-06-22,paradip,40.9,medium,72.7,5,DEMO_DATA,True
2020-06-23,paradip,45.6,medium,76.5,5,DEMO_DATA,True
2020-06-24,paradip,28.2,medium,62.6,3,DEMO_DATA,True
2020-06-25,paradip,35.3,medium,68.2,4,DEMO_DATA,True
2020-06-26,paradip,28.3,medium,62.7,3,DEMO_DATA,True
2020-06-27,paradip,25.8,medium,60.7,3,DEMO_DATA,True
2020-06-28,paradip,15.6,low,52.4,1,DEMO_DATA,True
2020-06-29,paradip,22.7,low,58.1,2,DEMO_DATA,True
2020-06-30,paradip,24.8,medium,59.8,3,DEMO_DATA,True
2020-07-01,paradip,30.2,medium,64.2,3,DEMO_DATA,True
2020-07-02,paradip,40.4,medium,72.3,5,DEMO_DATA,True
2020-07-03,paradip,29.5,medium,63.6,3,DEMO_DATA,True
2020-07-04,paradip,33.9,medium,67.1,4,DEMO_DATA,True
2020-07-05,paradip,30.1,medium,64.1,3,DEMO_DATA,True
2020-07-06,paradip,33.8,medium,67.0,4,DEMO_DATA,True
2020-07-07,paradip,27.2,medium,61.8,3,DEMO_DATA,True
2020-07-08,paradip,23.4,low,58.7,2,DEMO_DATA,True
2020-07-09,paradip,28.5,medium,62.8,3,DEMO_DATA,True
2020-07-10,paradip,19.4,low,55.5,2,DEMO_DATA,True
2020-07-11,paradip,17.5,low,54.0,2,DEMO_DATA,True
2020-07-12,paradip,22.9,low,58.3,2,DEMO_DATA,True
2020-07-13,paradip,25.8,medium,60.6,3,DEMO_DATA,True
2020-07-14,paradip,22.3,low,57.8,2,DEMO_DATA,True
2020-07-15,paradip,28.0,medium,62.4,3,DEMO_DATA,True
2020-07-16,paradip,32.4,medium,65.9,4,DEMO_DATA,True
2020-07-17,paradip,35.9,medium,68.7,4,DEMO_DATA,True
2020-07-18,paradip,37.9,medium,70.3,4,DEMO_DATA,True
2020-07-19,paradip,33.6,medium,66.9,4,DEMO_DATA,True
2020-07-20,paradip,23.8,low,59.0,2,DEMO_DATA,True
2020-07-21,paradip,19.2,low,55.4,2,DEMO_DATA,True
2020-07-22,paradip,19.2,low,55.3,2,DEMO_DATA,True
2020-07-23,paradip,26.5,medium,61.2,3,DEMO_DATA,True
2020-07-24,paradip,21.8,low,57.5,2,DEMO_DATA,True
2020-07-25,paradip,22.7,low,58.1,2,DEMO_DATA,True
2020-07-26,paradip,30.3,medium,64.3,3,DEMO_DATA,True
2020-07-27,paradip,27.4,medium,61.9,3,DEMO_DATA,True
2020-07-28,paradip,46.2,medium,77.0,5,DEMO_DATA,True
2020-07-29,paradip,42.5,medium,74.0,5,DEMO_DATA,True
2020-07-30,paradip,53.0,high,82.4,6,DEMO_DATA,True
2020-07-31,paradip,48.4,high,78.7,6,DEMO_DATA,True
2020-08-01,paradip,48.3,high,78.6,6,DEMO_DATA,True
2020-08-02,paradip,56.6,high,85.3,7,DEMO_DATA,True
2020-08-03,paradip,67.8,high,94.2,8,DEMO_DATA,True
2020-08-04,paradip,55.5,high,84.4,6,DEMO_DATA,True
2020-08-05,paradip,63.2,high,90.6,7,DEMO_DATA,True
2020-08-06,paradip,68.1,high,94.4,8,DEMO_DATA,True
2020-08-07,paradip,69.8,high,95.0,8,DEMO_DATA,True
2020-08-08,paradip,58.0,high,86.4,7,DEMO_DATA,True
2020-08-09,paradip,59.6,high,87.7,7,DEMO_DATA,True
2020-08-10,paradip,60.7,high,88.5,7,DEMO_DATA,True
2020-08-11,paradip,83.6,high,95.0,10,DEMO_DATA,True
2020-08-12,paradip,53.0,high,82.4,6,DEMO_DATA,True
2020-08-13,paradip,67.5,high,94.0,8,DEMO_DATA,True
2020-08-14,paradip,54.9,high,83.9,6,DEMO_DATA,True
2020-08-15,paradip,71.6,high,95.0,8,DEMO_DATA,True
2020-08-16,paradip,59.4,high,87.5,7,DEMO_DATA,True
2020-08-17,paradip,48.5,high,78.8,6,DEMO_DATA,True
2020-08-18,paradip,39.1,medium,71.3,4,DEMO_DATA,True
2020-08-19,paradip,47.5,medium,78.0,5,DEMO_DATA,True
2020-08-20,paradip,55.6,high,84.5,6,DEMO_DATA,True
2020-08-21,paradip,57.6,high,86.1,7,DEMO_DATA,True
2020-08-22,paradip,77.3,high,95.0,9,DEMO_DATA,True
2020-08-23,paradip,91.3,high,95.0,11,DEMO_DATA,True
2020-08-24,paradip,46.2,medium,76.9,5,DEMO_DATA,True
2020-08-25,paradip,34.4,medium,67.5,4,DEMO_DATA,True
2020-08-26,paradip,27.5,medium,62.0,3,DEMO_DATA,True
2020-08-27,paradip,37.2,medium,69.8,4,DEMO_DATA,True
2020-08-28,paradip,27.6,medium,62.1,3,DEMO_DATA,True
2020-08-29,paradip,31.8,medium,65.5,3,DEMO_DATA,True
2020-08-30,paradip,37.1,medium,69.7,4,DEMO_DATA,True
2020-08-31,paradip,31.3,medium,65.0,3,DEMO_DATA,True
2020-09-01,paradip,38.5,medium,70.8,4,DEMO_DATA,True
2020-09-02,paradip,37.3,medium,69.9,4,DEMO_DATA,True
2020-09-03,paradip,49.9,high,79.9,6,DEMO_DATA,True
2020-09-04,paradip,47.6,medium,78.1,5,DEMO_DATA,True
2020-09-05,paradip,45.7,medium,76.6,5,DEMO_DATA,True
2020-09-06,paradip,48.6,high,78.9,6,DEMO_DATA,True
2020-09-07,paradip,31.0,medium,64.8,3,DEMO_DATA,True
2020-09-08,paradip,47.2,medium,77.8,5,DEMO_DATA,True
2020-09-09,paradip,46.7,medium,77.4,5,DEMO_DATA,True
2020-09-10,paradip,43.1,medium,74.5,5,DEMO_DATA,True
2020-09-11,paradip,30.7,medium,64.5,3,DEMO_DATA,True
2020-09-12,paradip,43.2,medium,74.6,5,DEMO_DATA,True
2020-09-13,paradip,30.7,medium,64.5,3,DEMO_DATA,True
2020-09-14,paradip,33.1,medium,66.5,4,DEMO_DATA,True
2020-09-15,paradip,41.8,medium,73.4,5,DEMO_DATA,True
2020-09-16,paradip,37.9,medium,70.3,4,DEMO_DATA,True
2020-09-17,paradip,53.5,high,82.8,6,DEMO_DATA,True
2020-09-18,paradip,60.6,high,88.5,7,DEMO_DATA,True
2020-09-19,paradip,63.9,high,91.1,7,DEMO_DATA,True
2020-09-20,paradip,39.9,medium,71.9,4,DEMO_DATA,True
2020-09-21,paradip,51.2,high,81.0,6,DEMO_DATA,True
2020-09-22,paradip,44.1,medium,75.3,5,DEMO_DATA,True
2020-09-23,paradip,48.0,high,78.4,6,DEMO_DATA,True
2020-09-24,paradip,36.8,medium,69.4,4,DEMO_DATA,True
2020-09-25,paradip,54.6,high,83.7,6,DEMO_DATA,True
2020-09-26,paradip,45.5,medium,76.4,5,DEMO_DATA,True
2020-09-27,paradip,35.5,medium,68.4,4,DEMO_DATA,True
2020-09-28,paradip,24.9,medium,59.9,3,DEMO_DATA,True
2020-09-29,paradip,22.7,low,58.1,2,DEMO_DATA,True
2020-09-30,paradip,20.7,low,56.5,2,DEMO_DATA,True
2020-10-01,paradip,20.1,low,56.1,2,DEMO_DATA,True
2020-10-02,paradip,18.3,low,54.6,2,DEMO_DATA,True
2020-10-03,paradip,26.1,medium,60.9,3,DEMO_DATA,True
2020-10-04,paradip,33.7,medium,66.9,4,DEMO_DATA,True
2020-10-05,paradip,34.2,medium,67.3,4,DEMO_DATA,True
2020-10-06,paradip,38.6,medium,70.9,4,DEMO_DATA,True
2020-10-07,paradip,35.1,medium,68.1,4,DEMO_DATA,True
2020-10-08,paradip,28.2,medium,62.6,3,DEMO_DATA,True
2020-10-09,paradip,33.3,medium,66.7,4,DEMO_DATA,True
2020-10-10,paradip,35.3,medium,68.2,4,DEMO_DATA,True
2020-10-11,paradip,41.5,medium,73.2,5,DEMO_DATA,True
2020-10-12,paradip,43.7,medium,75.0,5,DEMO_DATA,True
2020-10-13,paradip,36.3,medium,69.0,4,DEMO_DATA,True
2020-10-14,paradip,43.1,medium,74.5,5,DEMO_DATA,True
2020-10-15,paradip,48.9,high,79.1,6,DEMO_DATA,True
2020-10-16,paradip,48.7,high,79.0,6,DEMO_DATA,True
2020-10-17,paradip,56.4,high,85.1,7,DEMO_DATA,True
2020-10-18,paradip,53.5,high,82.8,6,DEMO_DATA,True
2020-10-19,paradip,55.7,high,84.5,6,DEMO_DATA,True
2020-10-20,paradip,51.6,high,81.2,6,DEMO_DATA,True
2020-10-21,paradip,38.4,medium,70.7,4,DEMO_DATA,True
2020-10-22,paradip,33.5,medium,66.8,4,DEMO_DATA,True
2020-10-23,paradip,34.0,medium,67.2,4,DEMO_DATA,True
2020-10-24,paradip,47.2,medium,77.8,5,DEMO_DATA,True
2020-10-25,paradip,46.8,medium,77.4,5,DEMO_DATA,True
2020-10-26,paradip,42.6,medium,74.1,5,DEMO_DATA,True
2020-10-27,paradip,47.8,medium,78.2,5,DEMO_DATA,True
2020-10-28,paradip,48.5,high,78.8,6,DEMO_DATA,True
2020-10-29,paradip,44.4,medium,75.5,5,DEMO_DATA,True
2020-10-30,paradip,30.5,medium,64.4,3,DEMO_DATA,True
2020-10-31,paradip,35.9,medium,68.7,4,DEMO_DATA,True
2020-11-01,paradip,34.5,medium,67.6,4,DEMO_DATA,True
2020-11-02,paradip,40.9,medium,72.8,5,DEMO_DATA,True
2020-11-03,paradip,59.4,high,87.6,7,DEMO_DATA,True
2020-11-04,paradip,63.8,high,91.1,7,DEMO_DATA,True
2020-11-05,paradip,48.1,high,78.5,6,DEMO_DATA,True
2020-11-06,paradip,60.5,high,88.4,7,DEMO_DATA,True
2020-11-07,paradip,53.1,high,82.5,6,DEMO_DATA,True
2020-11-08,paradip,55.5,high,84.4,6,DEMO_DATA,True
2020-11-09,paradip,54.0,high,83.2,6,DEMO_DATA,True
2020-11-10,paradip,51.8,high,81.4,6,DEMO_DATA,True
2020-11-11,paradip,45.2,medium,76.2,5,DEMO_DATA,True
2020-11-12,paradip,36.7,medium,69.3,4,DEMO_DATA,True
2020-11-13,paradip,24.3,medium,59.4,3,DEMO_DATA,True
2020-11-14,paradip,22.8,low,58.3,2,DEMO_DATA,True
2020-11-15,paradip,19.9,low,55.9,2,DEMO_DATA,True
2020-11-16,paradip,15.8,low,52.7,1,DEMO_DATA,True
2020-11-17,paradip,19.3,low,55.4,2,DEMO_DATA,True
2020-11-18,paradip,17.1,low,53.7,2,DEMO_DATA,True
2020-11-19,paradip,15.1,low,52.1,1,DEMO_DATA,True
2020-11-20,paradip,15.5,low,52.4,1,DEMO_DATA,True
2020-11-21,paradip,22.1,low,57.7,2,DEMO_DATA,True
2020-11-22,paradip,26.0,medium,60.8,3,DEMO_DATA,True
2020-11-23,paradip,25.1,medium,60.1,3,DEMO_DATA,True
2020-11-24,paradip,30.1,medium,64.1,3,DEMO_DATA,True
2020-11-25,paradip,24.3,medium,59.4,3,DEMO_DATA,True
2020-11-26,paradip,25.0,medium,60.0,3,DEMO_DATA,True
2020-11-27,paradip,30.3,medium,64.3,3,DEMO_DATA,True
2020-11-28,paradip,26.5,medium,61.2,3,DEMO_DATA,True
2020-11-29,paradip,23.4,low,58.7,2,DEMO_DATA,True
2020-11-30,paradip,20.0,low,56.0,2,DEMO_DATA,True
2020-12-01,paradip,10.8,low,48.6,1,DEMO_DATA,True
2020-12-02,paradip,10.8,low,48.6,1,DEMO_DATA,True
2020-12-03,paradip,16.7,low,53.4,2,DEMO_DATA,True
2020-12-04,paradip,17.1,low,53.7,2,DEMO_DATA,True
2020-12-05,paradip,14.7,low,51.8,1,DEMO_DATA,True
2020-12-06,paradip,20.1,low,56.0,2,DEMO_DATA,True
2020-12-07,paradip,23.8,low,59.0,2,DEMO_DATA,True
2020-12-08,paradip,29.9,medium,63.9,3,DEMO_DATA,True
2020-12-09,paradip,37.6,medium,70.1,4,DEMO_DATA,True
2020-12-10,paradip,32.1,medium,65.7,4,DEMO_DATA,True
2020-12-11,paradip,49.5,high,79.6,6,DEMO_DATA,True
2020-12-12,paradip,44.0,medium,75.2,5,DEMO_DATA,True
2020-12-13,paradip,43.9,medium,75.1,5,DEMO_DATA,True
2020-12-14,paradip,44.1,medium,75.3,5,DEMO_DATA,True
2020-12-15,paradip,49.9,high,79.9,6,DEMO_DATA,True
2020-12-16,paradip,50.1,high,80.1,6,DEMO_DATA,True
2020-12-17,paradip,44.2,medium,75.3,5,DEMO_DATA,True
2020-12-18,paradip,58.0,high,86.4,7,DEMO_DATA,True
2020-12-19,paradip,57.5,high,86.0,7,DEMO_DATA,True
2020-12-20,paradip,52.3,high,81.9,6,DEMO_DATA,True
2020-12-21,paradip,48.5,high,78.8,6,DEMO_DATA,True
2020-12-22,paradip,40.1,medium,72.1,5,DEMO_DATA,True
2020-12-23,paradip,37.3,medium,69.9,4,DEMO_DATA,True
2020-12-24,paradip,26.3,medium,61.0,3,DEMO_DATA,True
2020-12-25,paradip,31.9,medium,65.5,3,DEMO_DATA,True
2020-12-26,paradip,44.3,medium,75.5,5,DEMO_DATA,True
2020-12-27,paradip,53.9,high,83.1,6,DEMO_DATA,True
2020-12-28,paradip,47.0,medium,77.6,5,DEMO_DATA,True
2020-12-29,paradip,48.6,high,78.9,6,DEMO_DATA,True
2020-12-30,paradip,54.2,high,83.4,6,DEMO_DATA,True
2020-12-31,paradip,76.6,high,95.0,9,DEMO_DATA,True
2021-01-01,paradip,69.1,high,95.0,8,DEMO_DATA,True
2021-01-02,paradip,93.7,high,95.0,11,DEMO_DATA,True
2021-01-03,paradip,43.5,medium,74.8,5,DEMO_DATA,True
2021-01-04,paradip,38.8,medium,71.0,4,DEMO_DATA,True
2021-01-05,paradip,29.5,medium,63.6,3,DEMO_DATA,True
2021-01-06,paradip,28.2,medium,62.5,3,DEMO_DATA,True
2021-01-07,paradip,33.9,medium,67.1,4,DEMO_DATA,True
2021-01-08,paradip,39.5,medium,71.6,4,DEMO_DATA,True
2021-01-09,paradip,30.8,medium,64.6,3,DEMO_DATA,True
2021-01-10,paradip,25.1,medium,60.1,3,DEMO_DATA,True
2021-01-11,paradip,27.4,medium,61.9,3,DEMO_DATA,True
2021-01-12,paradip,27.7,medium,62.2,3,DEMO_DATA,True
2021-01-13,paradip,23.5,low,58.8,2,DEMO_DATA,True
2021-01-14,paradip,22.9,low,58.3,2,DEMO_DATA,True
2021-01-15,paradip,20.2,low,56.1,2,DEMO_DATA,True
2021-01-16,paradip,14.1,low,51.3,1,DEMO_DATA,True
2021-01-17,paradip,13.7,low,50.9,1,DEMO_DATA,True
2021-01-18,paradip,13.8,low,51.1,1,DEMO_DATA,True
2021-01-19,paradip,17.4,low,54.0,2,DEMO_DATA,True
2021-01-20,paradip,16.7,low,53.4,2,DEMO_DATA,True
2021-01-21,paradip,17.6,low,54.1,2,DEMO_DATA,True
2021-01-22,paradip,19.9,low,55.9,2,DEMO_DATA,True
2021-01-23,paradip,26.6,medium,61.3,3,DEMO_DATA,True
2021-01-24,paradip,17.4,low,53.9,2,DEMO_DATA,True
2021-01-25,paradip,10.8,low,48.6,1,DEMO_DATA,True
2021-01-26,paradip,11.1,low,48.9,1,DEMO_DATA,True
2021-01-27,paradip,11.8,low,49.4,1,DEMO_DATA,True
2021-01-28,paradip,12.1,low,49.7,1,DEMO_DATA,True
2021-01-29,paradip,12.8,low,50.3,1,DEMO_DATA,True
2021-01-30,paradip,14.5,low,51.6,1,DEMO_DATA,True
2021-01-31,paradip,15.9,low,52.8,1,DEMO_DATA,True
2021-02-01,paradip,18.1,low,54.5,2,DEMO_DATA,True
2021-02-02,paradip,19.5,low,55.6,2,DEMO_DATA,True
2021-02-03,paradip,16.0,low,52.8,2,DEMO_DATA,True
2021-02-04,paradip,22.6,low,58.0,2,DEMO_DATA,True
2021-02-05,paradip,24.0,low,59.2,2,DEMO_DATA,True
2021-02-06,paradip,25.0,medium,60.0,3,DEMO_DATA,True
2021-02-07,paradip,32.3,medium,65.9,4,DEMO_DATA,True
2021-02-08,paradip,34.5,medium,67.6,4,DEMO_DATA,True
2021-02-09,paradip,41.5,medium,73.2,5,DEMO_DATA,True
2021-02-10,paradip,31.9,medium,65.5,3,DEMO_DATA,True
2021-02-11,paradip,19.8,low,55.8,2,DEMO_DATA,True
2021-02-12,paradip,22.6,low,58.1,2,DEMO_DATA,True
2021-02-13,paradip,25.0,medium,60.0,3,DEMO_DATA,True
2021-02-14,paradip,21.3,low,57.1,2,DEMO_DATA,True
2021-02-15,paradip,26.0,medium,60.8,3,DEMO_DATA,True
2021-02-16,paradip,30.7,medium,64.6,3,DEMO_DATA,True
2021-02-17,paradip,25.7,medium,60.6,3,DEMO_DATA,True
2021-02-18,paradip,21.2,low,57.0,2,DEMO_DATA,True
2021-02-19,paradip,27.5,medium,62.0,3,DEMO_DATA,True
2021-02-20,paradip,29.2,medium,63.3,3,DEMO_DATA,True
2021-02-21,paradip,37.2,medium,69.8,4,DEMO_DATA,True
2021-02-22,paradip,52.1,high,81.7,6,DEMO_DATA,True
2021-02-23,paradip,53.0,high,82.4,6,DEMO_DATA,True
2021-02-24,paradip,44.6,medium,75.7,5,DEMO_DATA,True
2021-02-25,paradip,21.7,low,57.4,2,DEMO_DATA,True
2021-02-26,paradip,19.4,low,55.5,2,DEMO_DATA,True
2021-02-27,paradip,15.3,low,52.2,1,DEMO_DATA,True
2021-02-28,paradip,19.6,low,55.7,2,DEMO_DATA,True
2021-03-01,paradip,26.8,medium,61.4,3,DEMO_DATA,True
2021-03-02,paradip,20.6,low,56.4,2,DEMO_DATA,True
2021-03-03,paradip,22.5,low,58.0,2,DEMO_DATA,True
2021-03-04,paradip,32.2,medium,65.7,4,DEMO_DATA,True
2021-03-05,paradip,47.3,medium,77.8,5,DEMO_DATA,True
2021-03-06,paradip,31.4,medium,65.1,3,DEMO_DATA,True
2021-03-07,paradip,39.5,medium,71.6,4,DEMO_DATA,True
2021-03-08,paradip,45.7,medium,76.6,5,DEMO_DATA,True
2021-03-09,paradip,52.9,high,82.3,6,DEMO_DATA,True
2021-03-10,paradip,46.8,medium,77.4,5,DEMO_DATA,True
2021-03-11,paradip,36.9,medium,69.5,4,DEMO_DATA,True
2021-03-12,paradip,43.7,medium,74.9,5,DEMO_DATA,True
2021-03-13,paradip,33.5,medium,66.8,4,DEMO_DATA,True
2021-03-14,paradip,31.8,medium,65.4,3,DEMO_DATA,True
2021-03-15,paradip,41.5,medium,73.2,5,DEMO_DATA,True
2021-03-16,paradip,33.1,medium,66.5,4,DEMO_DATA,True
2021-03-17,paradip,37.1,medium,69.7,4,DEMO_DATA,True
2021-03-18,paradip,43.7,medium,75.0,5,DEMO_DATA,True
2021-03-19,paradip,48.8,high,79.0,6,DEMO_DATA,True
2021-03-20,paradip,58.4,high,86.7,7,DEMO_DATA,True
2021-03-21,paradip,69.2,high,95.0,8,DEMO_DATA,True
2021-03-22,paradip,65.3,high,92.3,8,DEMO_DATA,True
2021-03-23,paradip,55.9,high,84.7,6,DEMO_DATA,True
2021-03-24,paradip,62.3,high,89.8,7,DEMO_DATA,True
2021-03-25,paradip,40.7,medium,72.5,5,DEMO_DATA,True
2021-03-26,paradip,26.8,medium,61.5,3,DEMO_DATA,True
2021-03-27,paradip,28.4,medium,62.7,3,DEMO_DATA,True
2021-03-28,paradip,25.7,medium,60.6,3,DEMO_DATA,True
2021-03-29,paradip,23.9,low,59.1,2,DEMO_DATA,True
2021-03-30,paradip,22.5,low,58.0,2,DEMO_DATA,True
2021-03-31,paradip,22.7,low,58.1,2,DEMO_DATA,True
2021-04-01,paradip,24.0,medium,59.2,3,DEMO_DATA,True
2021-04-02,paradip,20.2,low,56.2,2,DEMO_DATA,True
2021-04-03,paradip,28.1,medium,62.4,3,DEMO_DATA,True
2021-04-04,paradip,31.1,medium,64.9,3,DEMO_DATA,True
2021-04-05,paradip,29.2,medium,63.4,3,DEMO_DATA,True
2021-04-06,paradip,26.5,medium,61.2,3,DEMO_DATA,True
2021-04-07,paradip,29.0,medium,63.2,3,DEMO_DATA,True
2021-04-08,paradip,39.4,medium,71.5,4,DEMO_DATA,True
2021-04-09,paradip,30.7,medium,64.5,3,DEMO_DATA,True
2021-04-10,paradip,27.3,medium,61.8,3,DEMO_DATA,True
2021-04-11,paradip,33.6,medium,66.9,4,DEMO_DATA,True
2021-04-12,paradip,41.7,medium,73.3,5,DEMO_DATA,True
2021-04-13,paradip,24.3,medium,59.4,3,DEMO_DATA,True
2021-04-14,paradip,18.2,low,54.6,2,DEMO_DATA,True
2021-04-15,paradip,19.1,low,55.2,2,DEMO_DATA,True
2021-04-16,paradip,23.3,low,58.7,2,DEMO_DATA,True
2021-04-17,paradip,24.4,medium,59.5,3,DEMO_DATA,True
2021-04-18,paradip,29.5,medium,63.6,3,DEMO_DATA,True
2021-04-19,paradip,17.6,low,54.1,2,DEMO_DATA,True
2021-04-20,paradip,15.3,low,52.3,1,DEMO_DATA,True
2021-04-21,paradip,15.3,low,52.3,1,DEMO_DATA,True
2021-04-22,paradip,15.3,low,52.2,1,DEMO_DATA,True
2021-04-23,paradip,15.3,low,52.3,1,DEMO_DATA,True
2021-04-24,paradip,13.6,low,50.9,1,DEMO_DATA,True
2021-04-25,paradip,19.1,low,55.3,2,DEMO_DATA,True
2021-04-26,paradip,19.9,low,55.9,2,DEMO_DATA,True
2021-04-27,paradip,18.9,low,55.1,2,DEMO_DATA,True
2021-04-28,paradip,25.7,medium,60.5,3,DEMO_DATA,True
2021-04-29,paradip,20.6,low,56.5,2,DEMO_DATA,True
2021-04-30,paradip,17.9,low,54.3,2,DEMO_DATA,True
2021-05-01,paradip,16.5,low,53.2,2,DEMO_DATA,True
2021-05-02,paradip,19.5,low,55.6,2,DEMO_DATA,True
2021-05-03,paradip,24.6,medium,59.7,3,DEMO_DATA,True
2021-05-04,paradip,15.4,low,52.3,1,DEMO_DATA,True
2021-05-05,paradip,21.3,low,57.0,2,DEMO_DATA,True
2021-05-06,paradip,18.3,low,54.7,2,DEMO_DATA,True
2021-05-07,paradip,21.2,low,57.0,2,DEMO_DATA,True
2021-05-08,paradip,20.6,low,56.5,2,DEMO_DATA,True
2021-05-09,paradip,29.1,medium,63.3,3,DEMO_DATA,True
2021-05-10,paradip,31.7,medium,65.3,3,DEMO_DATA,True
2021-05-11,paradip,43.5,medium,74.8,5,DEMO_DATA,True
2021-05-12,paradip,46.3,medium,77.1,5,DEMO_DATA,True
2021-05-13,paradip,45.1,medium,76.1,5,DEMO_DATA,True
2021-05-14,paradip,38.9,medium,71.1,4,DEMO_DATA,True
2021-05-15,paradip,31.9,medium,65.5,3,DEMO_DATA,True
2021-05-16,paradip,26.2,medium,61.0,3,DEMO_DATA,True
2021-05-17,paradip,32.2,medium,65.8,4,DEMO_DATA,True
2021-05-18,paradip,37.0,medium,69.6,4,DEMO_DATA,True
2021-05-19,paradip,40.9,medium,72.7,5,DEMO_DATA,True
2021-05-20,paradip,62.1,high,89.7,7,DEMO_DATA,True
2021-05-21,paradip,50.6,high,80.5,6,DEMO_DATA,True
2021-05-22,paradip,62.4,high,89.9,7,DEMO_DATA,True
2021-05-23,paradip,67.9,high,94.3,8,DEMO_DATA,True
2021-05-24,paradip,71.9,high,95.0,8,DEMO_DATA,True
2021-05-25,paradip,49.0,high,79.2,6,DEMO_DATA,True
2021-05-26,paradip,42.7,medium,74.2,5,DEMO_DATA,True
2021-05-27,paradip,45.9,medium,76.8,5,DEMO_DATA,True
2021-05-28,paradip,52.1,high,81.7,6,DEMO_DATA,True
2021-05-29,paradip,43.3,medium,74.6,5,DEMO_DATA,True
2021-05-30,paradip,45.4,medium,76.3,5,DEMO_DATA,True
2021-05-31,paradip,41.3,medium,73.0,5,DEMO_DATA,True
2021-06-01,paradip,47.7,medium,78.1,5,DEMO_DATA,True
2021-06-02,paradip,48.7,high,79.0,6,DEMO_DATA,True
2021-06-03,paradip,58.2,high,86.5,7,DEMO_DATA,True
2021-06-04,paradip,42.4,medium,73.9,5,DEMO_DATA,True
2021-06-05,paradip,55.4,high,84.3,6,DEMO_DATA,True
2021-06-06,paradip,45.0,medium,76.0,5,DEMO_DATA,True
2021-06-07,paradip,35.3,medium,68.3,4,DEMO_DATA,True
2021-06-08,paradip,37.4,medium,70.0,4,DEMO_DATA,True
2021-06-09,paradip,35.8,medium,68.7,4,DEMO_DATA,True
2021-06-10,paradip,32.5,medium,66.0,4,DEMO_DATA,True
2021-06-11,paradip,28.1,medium,62.5,3,DEMO_DATA,True
2021-06-12,paradip,27.5,medium,62.0,3,DEMO_DATA,True
2021-06-13,paradip,43.6,medium,74.9,5,DEMO_DATA,True
2021-06-14,paradip,48.0,high,78.4,6,DEMO_DATA,True
2021-06-15,paradip,35.7,medium,68.6,4,DEMO_DATA,True
2021-06-16,paradip,38.7,medium,71.0,4,DEMO_DATA,True
2021-06-17,paradip,35.5,medium,68.4,4,DEMO_DATA,True
2021-06-18,paradip,46.2,medium,77.0,5,DEMO_DATA,True
2021-06-19,paradip,38.0,medium,70.4,4,DEMO_DATA,True
2021-06-20,paradip,39.1,medium,71.3,4,DEMO_DATA,True
2021-06-21,paradip,39.4,medium,71.5,4,DEMO_DATA,True
2021-06-22,paradip,56.1,high,84.9,7,DEMO_DATA,True
2021-06-23,paradip,55.4,high,84.4,6,DEMO_DATA,True
2021-06-24,paradip,58.8,high,87.1,7,DEMO_DATA,True
2021-06-25,paradip,44.2,medium,75.4,5,DEMO_DATA,True
2021-06-26,paradip,72.0,high,95.0,9,DEMO_DATA,True
2021-06-27,paradip,85.6,high,95.0,10,DEMO_DATA,True
2021-06-28,paradip,84.0,high,95.0,10,DEMO_DATA,True
2021-06-29,paradip,90.1,high,95.0,11,DEMO_DATA,True
2021-06-30,paradip,106.5,high,95.0,13,DEMO_DATA,True
2021-07-01,paradip,110.6,high,95.0,13,DEMO_DATA,True
2021-07-02,paradip,75.7,high,95.0,9,DEMO_DATA,True
2021-07-03,paradip,69.7,high,95.0,8,DEMO_DATA,True
2021-07-04,paradip,74.5,high,95.0,9,DEMO_DATA,True
2021-07-05,paradip,85.0,high,95.0,10,DEMO_DATA,True
2021-07-06,paradip,95.3,high,95.0,11,DEMO_DATA,True
2021-07-07,paradip,78.1,high,95.0,9,DEMO_DATA,True
2021-07-08,paradip,112.0,high,95.0,14,DEMO_DATA,True
2021-07-09,paradip,122.4,high,95.0,15,DEMO_DATA,True
2021-07-10,paradip,168.2,high,95.0,21,DEMO_DATA,True
2021-07-11,paradip,134.3,high,95.0,16,DEMO_DATA,True
2021-07-12,paradip,144.0,high,95.0,18,DEMO_DATA,True
2021-07-13,paradip,134.3,high,95.0,16,DEMO_DATA,True
2021-07-14,paradip,104.5,high,95.0,13,DEMO_DATA,True
2021-07-15,paradip,73.8,high,95.0,9,DEMO_DATA,True
2021-07-16,paradip,75.4,high,95.0,9,DEMO_DATA,True
2021-07-17,paradip,65.3,high,92.2,8,DEMO_DATA,True
2021-07-18,paradip,68.2,high,94.5,8,DEMO_DATA,True
2021-07-19,paradip,42.0,medium,73.6,5,DEMO_DATA,True
2021-07-20,paradip,38.7,medium,70.9,4,DEMO_DATA,True
2021-07-21,paradip,24.8,medium,59.8,3,DEMO_DATA,True
2021-07-22,paradip,28.1,medium,62.5,3,DEMO_DATA,True
2021-07-23,paradip,30.0,medium,64.0,3,DEMO_DATA,True
2021-07-24,paradip,24.9,medium,59.9,3,DEMO_DATA,True
2021-07-25,paradip,32.0,medium,65.6,3,DEMO_DATA,True
2021-07-26,paradip,32.8,medium,66.3,4,DEMO_DATA,True
2021-07-27,paradip,33.4,medium,66.7,4,DEMO_DATA,True
2021-07-28,paradip,37.0,medium,69.6,4,DEMO_DATA,True
2021-07-29,paradip,31.6,medium,65.3,3,DEMO_DATA,True
2021-07-30,paradip,29.5,medium,63.6,3,DEMO_DATA,True
2021-07-31,paradip,23.5,low,58.8,2,DEMO_DATA,True
2021-08-01,paradip,18.0,low,54.4,2,DEMO_DATA,True
2021-08-02,paradip,16.7,low,53.4,2,DEMO_DATA,True
2021-08-03,paradip,24.0,low,59.2,2,DEMO_DATA,True
2021-08-04,paradip,19.5,low,55.6,2,DEMO_DATA,True
2021-08-05,paradip,20.3,low,56.2,2,DEMO_DATA,True
2021-08-06,paradip,16.8,low,53.4,2,DEMO_DATA,True
2021-08-07,paradip,25.7,medium,60.5,3,DEMO_DATA,True
2021-08-08,paradip,29.1,medium,63.3,3,DEMO_DATA,True
2021-08-09,paradip,33.0,medium,66.4,4,DEMO_DATA,True
2021-08-10,paradip,41.5,medium,73.2,5,DEMO_DATA,True
2021-08-11,paradip,38.3,medium,70.6,4,DEMO_DATA,True
2021-08-12,paradip,38.1,medium,70.4,4,DEMO_DATA,True
2021-08-13,paradip,37.8,medium,70.2,4,DEMO_DATA,True
2021-08-14,paradip,35.9,medium,68.7,4,DEMO_DATA,True
2021-08-15,paradip,49.6,high,79.7,6,DEMO_DATA,True
2021-08-16,paradip,43.7,medium,75.0,5,DEMO_DATA,True
2021-08-17,paradip,37.3,medium,69.9,4,DEMO_DATA,True
2021-08-18,paradip,36.8,medium,69.5,4,DEMO_DATA,True
2021-08-19,paradip,22.6,low,58.1,2,DEMO_DATA,True
2021-08-20,paradip,23.4,low,58.7,2,DEMO_DATA,True
2021-08-21,paradip,18.4,low,54.7,2,DEMO_DATA,True
2021-08-22,paradip,20.6,low,56.5,2,DEMO_DATA,True
2021-08-23,paradip,22.9,low,58.3,2,DEMO_DATA,True
2021-08-24,paradip,22.3,low,57.8,2,DEMO_DATA,True
2021-08-25,paradip,25.3,medium,60.3,3,DEMO_DATA,True
2021-08-26,paradip,23.0,low,58.4,2,DEMO_DATA,True
2021-08-27,paradip,26.2,medium,61.0,3,DEMO_DATA,True
2021-08-28,paradip,23.0,low,58.4,2,DEMO_DATA,True
2021-08-29,paradip,16.6,low,53.3,2,DEMO_DATA,True
2021-08-30,paradip,17.8,low,54.3,2,DEMO_DATA,True
2021-08-31,paradip,22.2,low,57.7,2,DEMO_DATA,True
2021-09-01,paradip,20.4,low,56.3,2,DEMO_DATA,True
2021-09-02,paradip,16.6,low,53.3,2,DEMO_DATA,True
2021-09-03,paradip,15.5,low,52.4,1,DEMO_DATA,True
2021-09-04,paradip,19.8,low,55.9,2,DEMO_DATA,True
2021-09-05,paradip,19.8,low,55.9,2,DEMO_DATA,True
2021-09-06,paradip,17.4,low,53.9,2,DEMO_DATA,True
2021-09-07,paradip,24.6,medium,59.7,3,DEMO_DATA,True
2021-09-08,paradip,24.0,low,59.2,2,DEMO_DATA,True
2021-09-09,paradip,22.9,low,58.3,2,DEMO_DATA,True
2021-09-10,paradip,24.7,medium,59.7,3,DEMO_DATA,True
2021-09-11,paradip,24.8,medium,59.8,3,DEMO_DATA,True
2021-09-12,paradip,26.9,medium,61.5,3,DEMO_DATA,True
2021-09-13,paradip,34.2,medium,67.4,4,DEMO_DATA,True
2021-09-14,paradip,44.4,medium,75.6,5,DEMO_DATA,True
2021-09-15,paradip,41.8,medium,73.5,5,DEMO_DATA,True
2021-09-16,paradip,56.2,high,85.0,7,DEMO_DATA,True
2021-09-17,paradip,68.9,high,95.0,8,DEMO_DATA,True
2021-09-18,paradip,65.9,high,92.7,8,DEMO_DATA,True
2021-09-19,paradip,61.2,high,89.0,7,DEMO_DATA,True
2021-09-20,paradip,27.9,medium,62.3,3,DEMO_DATA,True
2021-09-21,paradip,35.6,medium,68.5,4,DEMO_DATA,True
2021-09-22,paradip,34.7,medium,67.8,4,DEMO_DATA,True
2021-09-23,paradip,35.2,medium,68.2,4,DEMO_DATA,True
2021-09-24,paradip,49.9,high,79.9,6,DEMO_DATA,True
2021-09-25,paradip,59.9,high,87.9,7,DEMO_DATA,True
2021-09-26,paradip,26.6,medium,61.3,3,DEMO_DATA,True
2021-09-27,paradip,32.2,medium,65.8,4,DEMO_DATA,True
2021-09-28,paradip,38.7,medium,71.0,4,DEMO_DATA,True
2021-09-29,paradip,55.0,high,84.0,6,DEMO_DATA,True
2021-09-30,paradip,74.4,high,95.0,9,DEMO_DATA,True
2021-10-01,paradip,56.5,high,85.2,7,DEMO_DATA,True
2021-10-02,paradip,62.9,high,90.3,7,DEMO_DATA,True
2021-10-03,paradip,46.0,medium,76.8,5,DEMO_DATA,True
2021-10-04,paradip,52.0,high,81.6,6,DEMO_DATA,True
2021-10-05,paradip,59.4,high,87.5,7,DEMO_DATA,True
2021-10-06,paradip,52.2,high,81.8,6,DEMO_DATA,True
2021-10-07,paradip,34.9,medium,67.9,4,DEMO_DATA,True
2021-10-08,paradip,26.3,medium,61.0,3,DEMO_DATA,True
2021-10-09,paradip,24.2,medium,59.4,3,DEMO_DATA,True
2021-10-10,paradip,22.3,low,57.9,2,DEMO_DATA,True
2021-10-11,paradip,21.0,low,56.8,2,DEMO_DATA,True
2021-10-12,paradip,21.8,low,57.4,2,DEMO_DATA,True
2021-10-13,paradip,26.5,medium,61.2,3,DEMO_DATA,True
2021-10-14,paradip,18.4,low,54.7,2,DEMO_DATA,True
2021-10-15,paradip,19.8,low,55.8,2,DEMO_DATA,True
2021-10-16,paradip,21.2,low,56.9,2,DEMO_DATA,True
2021-10-17,paradip,19.5,low,55.6,2,DEMO_DATA,True
2021-10-18,paradip,19.2,low,55.3,2,DEMO_DATA,True
2021-10-19,paradip,14.7,low,51.8,1,DEMO_DATA,True
2021-10-20,paradip,17.7,low,54.1,2,DEMO_DATA,True
2021-10-21,paradip,16.5,low,53.2,2,DEMO_DATA,True
2021-10-22,paradip,18.7,low,55.0,2,DEMO_DATA,True
2021-10-23,paradip,18.4,low,54.7,2,DEMO_DATA,True
2021-10-24,paradip,18.2,low,54.5,2,DEMO_DATA,True
2021-10-25,paradip,21.5,low,57.2,2,DEMO_DATA,True
2021-10-26,paradip,15.0,low,52.0,1,DEMO_DATA,True
2021-10-27,paradip,10.8,low,48.6,1,DEMO_DATA,True
2021-10-28,paradip,11.2,low,49.0,1,DEMO_DATA,True
2021-10-29,paradip,11.9,low,49.5,1,DEMO_DATA,True
2021-10-30,paradip,14.7,low,51.8,1,DEMO_DATA,True
2021-10-31,paradip,20.1,low,56.1,2,DEMO_DATA,True
2021-11-01,paradip,22.5,low,58.0,2,DEMO_DATA,True
2021-11-02,paradip,21.1,low,56.9,2,DEMO_DATA,True
2021-11-03,paradip,21.3,low,57.1,2,DEMO_DATA,True
2021-11-04,paradip,13.6,low,50.9,1,DEMO_DATA,True
2021-11-05,paradip,11.1,low,48.9,1,DEMO_DATA,True
2021-11-06,paradip,13.8,low,51.0,1,DEMO_DATA,True
2021-11-07,paradip,10.8,low,48.6,1,DEMO_DATA,True
2021-11-08,paradip,14.6,low,51.7,1,DEMO_DATA,True
2021-11-09,paradip,10.8,low,48.6,1,DEMO_DATA,True
2021-11-10,paradip,10.8,low,48.6,1,DEMO_DATA,True
2021-11-11,paradip,10.9,low,48.7,1,DEMO_DATA,True
2021-11-12,paradip,10.8,low,48.6,1,DEMO_DATA,True
2021-11-13,paradip,10.8,low,48.6,1,DEMO_DATA,True
2021-11-14,paradip,11.8,low,49.4,1,DEMO_DATA,True
2021-11-15,paradip,13.1,low,50.5,1,DEMO_DATA,True
2021-11-16,paradip,16.4,low,53.1,2,DEMO_DATA,True
2021-11-17,paradip,18.0,low,54.4,2,DEMO_DATA,True
2021-11-18,paradip,19.1,low,55.3,2,DEMO_DATA,True
2021-11-19,paradip,12.9,low,50.3,1,DEMO_DATA,True
2021-11-20,paradip,13.9,low,51.1,1,DEMO_DATA,True
2021-11-21,paradip,18.1,low,54.5,2,DEMO_DATA,True
2021-11-22,paradip,12.5,low,50.0,1,DEMO_DATA,True
2021-11-23,paradip,12.4,low,49.9,1,DEMO_DATA,True
2021-11-24,paradip,17.1,low,53.7,2,DEMO_DATA,True
2021-11-25,paradip,17.3,low,53.8,2,DEMO_DATA,True
2021-11-26,paradip,21.1,low,56.9,2,DEMO_DATA,True
2021-11-27,paradip,22.4,low,57.9,2,DEMO_DATA,True
2021-11-28,paradip,18.2,low,54.6,2,DEMO_DATA,True
2021-11-29,paradip,19.6,low,55.7,2,DEMO_DATA,True
2021-11-30,paradip,15.4,low,52.3,1,DEMO_DATA,True
2021-12-01,paradip,14.3,low,51.4,1,DEMO_DATA,True
2021-12-02,paradip,18.3,low,54.7,2,DEMO_DATA,True
2021-12-03,paradip,20.0,low,56.0,2,DEMO_DATA,True
2021-12-04,paradip,15.4,low,52.3,1,DEMO_DATA,True
2021-12-05,paradip,23.3,low,58.6,2,DEMO_DATA,True
2021-12-06,paradip,22.6,low,58.1,2,DEMO_DATA,True
2021-12-07,paradip,21.5,low,57.2,2,DEMO_DATA,True
2021-12-08,paradip,21.9,low,57.5,2,DEMO_DATA,True
2021-12-09,paradip,21.4,low,57.1,2,DEMO_DATA,True
2021-12-10,paradip,24.6,medium,59.7,3,DEMO_DATA,True
2021-12-11,paradip,24.4,medium,59.5,3,DEMO_DATA,True
2021-12-12,paradip,17.6,low,54.1,2,DEMO_DATA,True
2021-12-13,paradip,15.5,low,52.4,1,DEMO_DATA,True
2021-12-14,paradip,18.7,low,55.0,2,DEMO_DATA,True
2021-12-15,paradip,17.3,low,53.9,2,DEMO_DATA,True
2021-12-16,paradip,21.6,low,57.3,2,DEMO_DATA,True
2021-12-17,paradip,17.0,low,53.6,2,DEMO_DATA,True
2021-12-18,paradip,18.8,low,55.0,2,DEMO_DATA,True
2021-12-19,paradip,18.1,low,54.5,2,DEMO_DATA,True
2021-12-20,paradip,17.8,low,54.2,2,DEMO_DATA,True
2021-12-21,paradip,18.1,low,54.5,2,DEMO_DATA,True
2021-12-22,paradip,22.8,low,58.2,2,DEMO_DATA,True
2021-12-23,paradip,20.5,low,56.4,2,DEMO_DATA,True
2021-12-24,paradip,21.2,low,56.9,2,DEMO_DATA,True
2021-12-25,paradip,17.5,low,54.0,2,DEMO_DATA,True
2021-12-26,paradip,23.1,low,58.5,2,DEMO_DATA,True
2021-12-27,paradip,27.5,medium,62.0,3,DEMO_DATA,True
2021-12-28,paradip,22.6,low,58.1,2,DEMO_DATA,True
2021-12-29,paradip,13.8,low,51.1,1,DEMO_DATA,True
2021-12-30,paradip,11.4,low,49.1,1,DEMO_DATA,True
2021-12-31,paradip,13.4,low,50.7,1,DEMO_DATA,True
2022-01-01,paradip,12.5,low,50.0,1,DEMO_DATA,True
2022-01-02,paradip,12.1,low,49.7,1,DEMO_DATA,True
2022-01-03,paradip,10.8,low,48.6,1,DEMO_DATA,True
2022-01-04,paradip,11.6,low,49.3,1,DEMO_DATA,True
2022-01-05,paradip,19.4,low,55.5,2,DEMO_DATA,True
2022-01-06,paradip,23.6,low,58.9,2,DEMO_DATA,True
2022-01-07,paradip,22.8,low,58.2,2,DEMO_DATA,True
2022-01-08,paradip,26.5,medium,61.2,3,DEMO_DATA,True
2022-01-09,paradip,25.5,medium,60.4,3,DEMO_DATA,True
2022-01-10,paradip,30.7,medium,64.5,3,DEMO_DATA,True
2022-01-11,paradip,31.2,medium,65.0,3,DEMO_DATA,True
2022-01-12,paradip,35.1,medium,68.1,4,DEMO_DATA,True
2022-01-13,paradip,35.9,medium,68.8,4,DEMO_DATA,True
2022-01-14,paradip,38.0,medium,70.4,4,DEMO_DATA,True
2022-01-15,paradip,39.7,medium,71.7,4,DEMO_DATA,True
2022-01-16,paradip,45.6,medium,76.5,5,DEMO_DATA,True
2022-01-17,paradip,33.3,medium,66.7,4,DEMO_DATA,True
2022-01-18,paradip,28.3,medium,62.7,3,DEMO_DATA,True
2022-01-19,paradip,32.7,medium,66.2,4,DEMO_DATA,True
2022-01-20,paradip,33.6,medium,66.9,4,DEMO_DATA,True
2022-01-21,paradip,44.9,medium,75.9,5,DEMO_DATA,True
2022-01-22,paradip,31.6,medium,65.3,3,DEMO_DATA,True
2022-01-23,paradip,32.4,medium,65.9,4,DEMO_DATA,True
2022-01-24,paradip,34.8,medium,67.8,4,DEMO_DATA,True
2022-01-25,paradip,28.8,medium,63.0,3,DEMO_DATA,True
2022-01-26,paradip,28.6,medium,62.9,3,DEMO_DATA,True
2022-01-27,paradip,21.0,low,56.8,2,DEMO_DATA,True
2022-01-28,paradip,24.8,medium,59.8,3,DEMO_DATA,True
2022-01-29,paradip,22.6,low,58.1,2,DEMO_DATA,True
2022-01-30,paradip,23.1,low,58.5,2,DEMO_DATA,True
2022-01-31,paradip,15.6,low,52.5,1,DEMO_DATA,True
2022-02-01,paradip,15.8,low,52.6,1,DEMO_DATA,True
2022-02-02,paradip,16.4,low,53.1,2,DEMO_DATA,True
2022-02-03,paradip,12.2,low,49.7,1,DEMO_DATA,True
2022-02-04,paradip,12.1,low,49.7,1,DEMO_DATA,True
2022-02-05,paradip,10.8,low,48.6,1,DEMO_DATA,True
2022-02-06,paradip,10.8,low,48.6,1,DEMO_DATA,True
2022-02-07,paradip,11.8,low,49.4,1,DEMO_DATA,True
2022-02-08,paradip,13.8,low,51.1,1,DEMO_DATA,True
2022-02-09,paradip,14.0,low,51.2,1,DEMO_DATA,True
2022-02-10,paradip,23.1,low,58.5,2,DEMO_DATA,True
2022-02-11,paradip,31.1,medium,64.9,3,DEMO_DATA,True
2022-02-12,paradip,21.4,low,57.2,2,DEMO_DATA,True
2022-02-13,paradip,16.2,low,53.0,2,DEMO_DATA,True
2022-02-14,paradip,24.0,low,59.2,2,DEMO_DATA,True
2022-02-15,paradip,32.5,medium,66.0,4,DEMO_DATA,True
2022-02-16,paradip,23.9,low,59.1,2,DEMO_DATA,True
2022-02-17,paradip,19.8,low,55.9,2,DEMO_DATA,True
2022-02-18,paradip,23.6,low,58.9,2,DEMO_DATA,True
2022-02-19,paradip,31.1,medium,64.9,3,DEMO_DATA,True
2022-02-20,paradip,30.0,medium,64.0,3,DEMO_DATA,True
2022-02-21,paradip,37.8,medium,70.3,4,DEMO_DATA,True
2022-02-22,paradip,29.7,medium,63.7,3,DEMO_DATA,True
2022-02-23,paradip,34.1,medium,67.3,4,DEMO_DATA,True
2022-02-24,paradip,54.4,high,83.5,6,DEMO_DATA,True
2022-02-25,paradip,62.4,high,89.9,7,DEMO_DATA,True
2022-02-26,paradip,68.0,high,94.4,8,DEMO_DATA,True
2022-02-27,paradip,76.2,high,95.0,9,DEMO_DATA,True
2022-02-28,paradip,75.2,high,95.0,9,DEMO_DATA,True
2022-03-01,paradip,94.0,high,95.0,11,DEMO_DATA,True
2022-03-02,paradip,88.9,high,95.0,11,DEMO_DATA,True
2022-03-03,paradip,99.0,high,95.0,12,DEMO_DATA,True
2022-03-04,paradip,109.7,high,95.0,13,DEMO_DATA,True
2022-03-05,paradip,63.4,high,90.7,7,DEMO_DATA,True
2022-03-06,paradip,83.1,high,95.0,10,DEMO_DATA,True
2022-03-07,paradip,60.4,high,88.3,7,DEMO_DATA,True
2022-03-08,paradip,44.1,medium,75.3,5,DEMO_DATA,True
2022-03-09,paradip,58.6,high,86.9,7,DEMO_DATA,True
2022-03-10,paradip,68.9,high,95.0,8,DEMO_DATA,True
2022-03-11,paradip,38.4,medium,70.7,4,DEMO_DATA,True
2022-03-12,paradip,18.3,low,54.6,2,DEMO_DATA,True
2022-03-13,paradip,16.8,low,53.5,2,DEMO_DATA,True
2022-03-14,paradip,14.5,low,51.6,1,DEMO_DATA,True
2022-03-15,paradip,16.9,low,53.5,2,DEMO_DATA,True
2022-03-16,paradip,22.4,low,57.9,2,DEMO_DATA,True
2022-03-17,paradip,19.3,low,55.5,2,DEMO_DATA,True
2022-03-18,paradip,15.2,low,52.2,1,DEMO_DATA,True
2022-03-19,paradip,13.8,low,51.0,1,DEMO_DATA,True
2022-03-20,paradip,14.7,low,51.8,1,DEMO_DATA,True
2022-03-21,paradip,17.1,low,53.7,2,DEMO_DATA,True
2022-03-22,paradip,15.8,low,52.7,1,DEMO_DATA,True
2022-03-23,paradip,14.1,low,51.3,1,DEMO_DATA,True
2022-03-24,paradip,18.5,low,54.8,2,DEMO_DATA,True
2022-03-25,paradip,20.0,low,56.0,2,DEMO_DATA,True
2022-03-26,paradip,23.3,low,58.7,2,DEMO_DATA,True
2022-03-27,paradip,22.7,low,58.2,2,DEMO_DATA,True
2022-03-28,paradip,25.4,medium,60.3,3,DEMO_DATA,True
2022-03-29,paradip,30.2,medium,64.1,3,DEMO_DATA,True
2022-03-30,paradip,30.5,medium,64.4,3,DEMO_DATA,True
2022-03-31,paradip,28.9,medium,63.1,3,DEMO_DATA,True
2022-04-01,paradip,30.5,medium,64.4,3,DEMO_DATA,True
2022-04-02,paradip,43.4,medium,74.7,5,DEMO_DATA,True
2022-04-03,paradip,42.5,medium,74.0,5,DEMO_DATA,True
2022-04-04,paradip,71.0,high,95.0,8,DEMO_DATA,True
2022-04-05,paradip,76.0,high,95.0,9,DEMO_DATA,True
2022-04-06,paradip,61.0,high,88.8,7,DEMO_DATA,True
2022-04-07,paradip,69.3,high,95.0,8,DEMO_DATA,True
2022-04-08,paradip,75.2,high,95.0,9,DEMO_DATA,True
2022-04-09,paradip,79.9,high,95.0,9,DEMO_DATA,True
2022-04-10,paradip,50.2,high,80.2,6,DEMO_DATA,True
2022-04-11,paradip,51.8,high,81.5,6,DEMO_DATA,True
2022-04-12,paradip,54.5,high,83.6,6,DEMO_DATA,True
2022-04-13,paradip,36.0,medium,68.8,4,DEMO_DATA,True
2022-04-14,paradip,36.0,medium,68.8,4,DEMO_DATA,True
2022-04-15,paradip,33.4,medium,66.7,4,DEMO_DATA,True
2022-04-16,paradip,33.5,medium,66.8,4,DEMO_DATA,True
2022-04-17,paradip,37.9,medium,70.3,4,DEMO_DATA,True
2022-04-18,paradip,32.7,medium,66.1,4,DEMO_DATA,True
2022-04-19,paradip,28.2,medium,62.6,3,DEMO_DATA,True
2022-04-20,paradip,23.6,low,58.9,2,DEMO_DATA,True
2022-04-21,paradip,29.9,medium,63.9,3,DEMO_DATA,True
2022-04-22,paradip,26.3,medium,61.1,3,DEMO_DATA,True
2022-04-23,paradip,20.8,low,56.6,2,DEMO_DATA,True
2022-04-24,paradip,17.8,low,54.2,2,DEMO_DATA,True
2022-04-25,paradip,18.9,low,55.1,2,DEMO_DATA,True
2022-04-26,paradip,18.0,low,54.4,2,DEMO_DATA,True
2022-04-27,paradip,16.1,low,52.9,2,DEMO_DATA,True
2022-04-28,paradip,19.7,low,55.8,2,DEMO_DATA,True
2022-04-29,paradip,16.6,low,53.3,2,DEMO_DATA,True
2022-04-30,paradip,17.4,low,53.9,2,DEMO_DATA,True
2022-05-01,paradip,14.5,low,51.6,1,DEMO_DATA,True
2022-05-02,paradip,18.8,low,55.0,2,DEMO_DATA,True
2022-05-03,paradip,15.5,low,52.4,1,DEMO_DATA,True
2022-05-04,paradip,18.1,low,54.5,2,DEMO_DATA,True
2022-05-05,paradip,15.7,low,52.6,1,DEMO_DATA,True
2022-05-06,paradip,20.0,low,56.0,2,DEMO_DATA,True
2022-05-07,paradip,22.6,low,58.1,2,DEMO_DATA,True
2022-05-08,paradip,22.3,low,57.8,2,DEMO_DATA,True
2022-05-09,paradip,23.7,low,59.0,2,DEMO_DATA,True
2022-05-10,paradip,29.1,medium,63.2,3,DEMO_DATA,True
2022-05-11,paradip,33.0,medium,66.4,4,DEMO_DATA,True
2022-05-12,paradip,38.0,medium,70.4,4,DEMO_DATA,True
2022-05-13,paradip,32.3,medium,65.9,4,DEMO_DATA,True
2022-05-14,paradip,29.9,medium,63.9,3,DEMO_DATA,True
2022-05-15,paradip,35.5,medium,68.4,4,DEMO_DATA,True
2022-05-16,paradip,37.6,medium,70.1,4,DEMO_DATA,True
2022-05-17,paradip,38.9,medium,71.1,4,DEMO_DATA,True
2022-05-18,paradip,38.1,medium,70.5,4,DEMO_DATA,True
2022-05-19,paradip,39.3,medium,71.4,4,DEMO_DATA,True
2022-05-20,paradip,27.3,medium,61.9,3,DEMO_DATA,True
2022-05-21,paradip,31.5,medium,65.2,3,DEMO_DATA,True
2022-05-22,paradip,31.5,medium,65.2,3,DEMO_DATA,True
2022-05-23,paradip,30.2,medium,64.2,3,DEMO_DATA,True
2022-05-24,paradip,30.0,medium,64.0,3,DEMO_DATA,True
2022-05-25,paradip,38.0,medium,70.4,4,DEMO_DATA,True
2022-05-26,paradip,21.2,low,56.9,2,DEMO_DATA,True
2022-05-27,paradip,21.6,low,57.3,2,DEMO_DATA,True
2022-05-28,paradip,22.3,low,57.8,2,DEMO_DATA,True
2022-05-29,paradip,27.1,medium,61.7,3,DEMO_DATA,True
2022-05-30,paradip,26.3,medium,61.1,3,DEMO_DATA,True
2022-05-31,paradip,26.9,medium,61.5,3,DEMO_DATA,True
2022-06-01,paradip,24.9,medium,59.9,3,DEMO_DATA,True
2022-06-02,paradip,18.7,low,55.0,2,DEMO_DATA,True
2022-06-03,paradip,18.1,low,54.5,2,DEMO_DATA,True
2022-06-04,paradip,26.8,medium,61.4,3,DEMO_DATA,True
2022-06-05,paradip,25.0,medium,60.0,3,DEMO_DATA,True
2022-06-06,paradip,23.6,low,58.9,2,DEMO_DATA,True
2022-06-07,paradip,23.5,low,58.8,2,DEMO_DATA,True
2022-06-08,paradip,20.9,low,56.7,2,DEMO_DATA,True
2022-06-09,paradip,19.3,low,55.5,2,DEMO_DATA,True
2022-06-10,paradip,13.8,low,51.0,1,DEMO_DATA,True
2022-06-11,paradip,13.6,low,50.9,1,DEMO_DATA,True
2022-06-12,paradip,13.7,low,50.9,1,DEMO_DATA,True
2022-06-13,paradip,12.5,low,50.0,1,DEMO_DATA,True
2022-06-14,paradip,17.5,low,54.0,2,DEMO_DATA,True
2022-06-15,paradip,25.8,medium,60.6,3,DEMO_DATA,True
2022-06-16,paradip,23.8,low,59.0,2,DEMO_DATA,True
2022-06-17,paradip,31.2,medium,64.9,3,DEMO_DATA,True
2022-06-18,paradip,36.9,medium,69.5,4,DEMO_DATA,True
2022-06-19,paradip,37.3,medium,69.9,4,DEMO_DATA,True
2022-06-20,paradip,23.9,low,59.1,2,DEMO_DATA,True
2022-06-21,paradip,24.2,medium,59.4,3,DEMO_DATA,True
2022-06-22,paradip,29.0,medium,63.2,3,DEMO_DATA,True
2022-06-23,paradip,21.3,low,57.0,2,DEMO_DATA,True
2022-06-24,paradip,23.9,low,59.1,2,DEMO_DATA,True
2022-06-25,paradip,25.1,medium,60.1,3,DEMO_DATA,True
2022-06-26,paradip,24.4,medium,59.5,3,DEMO_DATA,True
2022-06-27,paradip,24.0,medium,59.2,3,DEMO_DATA,True
2022-06-28,paradip,27.0,medium,61.6,3,DEMO_DATA,True
2022-06-29,paradip,26.3,medium,61.1,3,DEMO_DATA,True
2022-06-30,paradip,18.3,low,54.6,2,DEMO_DATA,True
2022-07-01,paradip,26.8,medium,61.4,3,DEMO_DATA,True
2022-07-02,paradip,33.6,medium,66.8,4,DEMO_DATA,True
2022-07-03,paradip,44.7,medium,75.7,5,DEMO_DATA,True
2022-07-04,paradip,39.8,medium,71.8,4,DEMO_DATA,True
2022-07-05,paradip,49.8,high,79.9,6,DEMO_DATA,True
2022-07-06,paradip,48.0,high,78.4,6,DEMO_DATA,True
2022-07-07,paradip,46.3,medium,77.0,5,DEMO_DATA,True
2022-07-08,paradip,61.6,high,89.3,7,DEMO_DATA,True
2022-07-09,paradip,68.5,high,94.8,8,DEMO_DATA,True
2022-07-10,paradip,63.1,high,90.4,7,DEMO_DATA,True
2022-07-11,paradip,58.1,high,86.5,7,DEMO_DATA,True
2022-07-12,paradip,61.9,high,89.5,7,DEMO_DATA,True
2022-07-13,paradip,61.9,high,89.5,7,DEMO_DATA,True
2022-07-14,paradip,72.8,high,95.0,9,DEMO_DATA,True
2022-07-15,paradip,97.4,high,95.0,12,DEMO_DATA,True
2022-07-16,paradip,116.2,high,95.0,14,DEMO_DATA,True
2022-07-17,paradip,124.1,high,95.0,15,DEMO_DATA,True
2022-07-18,paradip,86.5,high,95.0,10,DEMO_DATA,True
2022-07-19,paradip,90.8,high,95.0,11,DEMO_DATA,True
2022-07-20,paradip,104.1,high,95.0,13,DEMO_DATA,True
2022-07-21,paradip,95.7,high,95.0,11,DEMO_DATA,True
2022-07-22,paradip,68.0,high,94.4,8,DEMO_DATA,True
2022-07-23,paradip,64.0,high,91.2,8,DEMO_DATA,True
2022-07-24,paradip,44.6,medium,75.7,5,DEMO_DATA,True
2022-07-25,paradip,30.8,medium,64.6,3,DEMO_DATA,True
2022-07-26,paradip,34.4,medium,67.5,4,DEMO_DATA,True
2022-07-27,paradip,40.6,medium,72.4,5,DEMO_DATA,True
2022-07-28,paradip,42.5,medium,74.0,5,DEMO_DATA,True
2022-07-29,paradip,37.5,medium,70.0,4,DEMO_DATA,True
2022-07-30,paradip,30.1,medium,64.0,3,DEMO_DATA,True
2022-07-31,paradip,27.4,medium,61.9,3,DEMO_DATA,True
2022-08-01,paradip,30.7,medium,64.6,3,DEMO_DATA,True
2022-08-02,paradip,17.2,low,53.8,2,DEMO_DATA,True
2022-08-03,paradip,20.9,low,56.7,2,DEMO_DATA,True
2022-08-04,paradip,21.6,low,57.3,2,DEMO_DATA,True
2022-08-05,paradip,21.2,low,57.0,2,DEMO_DATA,True
2022-08-06,paradip,19.2,low,55.4,2,DEMO_DATA,True
2022-08-07,paradip,21.2,low,56.9,2,DEMO_DATA,True
2022-08-08,paradip,19.9,low,55.9,2,DEMO_DATA,True
2022-08-09,paradip,18.1,low,54.5,2,DEMO_DATA,True
2022-08-10,paradip,13.1,low,50.5,1,DEMO_DATA,True
2022-08-11,paradip,12.5,low,50.0,1,DEMO_DATA,True
2022-08-12,paradip,18.0,low,54.4,2,DEMO_DATA,True
2022-08-13,paradip,13.5,low,50.8,1,DEMO_DATA,True
2022-08-14,paradip,17.4,low,53.9,2,DEMO_DATA,True
2022-08-15,paradip,15.6,low,52.4,1,DEMO_DATA,True
2022-08-16,paradip,20.9,low,56.7,2,DEMO_DATA,True
2022-08-17,paradip,23.1,low,58.5,2,DEMO_DATA,True
2022-08-18,paradip,33.4,medium,66.7,4,DEMO_DATA,True
2022-08-19,paradip,34.8,medium,67.9,4,DEMO_DATA,True
2022-08-20,paradip,37.2,medium,69.7,4,DEMO_DATA,True
2022-08-21,paradip,43.1,medium,74.5,5,DEMO_DATA,True
2022-08-22,paradip,46.1,medium,76.8,5,DEMO_DATA,True
2022-08-23,paradip,46.5,medium,77.2,5,DEMO_DATA,True
2022-08-24,paradip,70.4,high,95.0,8,DEMO_DATA,True
2022-08-25,paradip,55.8,high,84.6,6,DEMO_DATA,True
2022-08-26,paradip,66.2,high,93.0,8,DEMO_DATA,True
2022-08-27,paradip,54.6,high,83.7,6,DEMO_DATA,True
2022-08-28,paradip,41.2,medium,73.0,5,DEMO_DATA,True
2022-08-29,paradip,29.0,medium,63.2,3,DEMO_DATA,True
2022-08-30,paradip,28.9,medium,63.1,3,DEMO_DATA,True
2022-08-31,paradip,31.1,medium,64.8,3,DEMO_DATA,True
2022-09-01,paradip,33.6,medium,66.9,4,DEMO_DATA,True
2022-09-02,paradip,36.2,medium,68.9,4,DEMO_DATA,True
2022-09-03,paradip,25.6,medium,60.5,3,DEMO_DATA,True
2022-09-04,paradip,30.1,medium,64.1,3,DEMO_DATA,True
2022-09-05,paradip,14.0,low,51.2,1,DEMO_DATA,True
2022-09-06,paradip,13.6,low,50.8,1,DEMO_DATA,True
2022-09-07,paradip,14.2,low,51.3,1,DEMO_DATA,True
2022-09-08,paradip,15.7,low,52.6,1,DEMO_DATA,True
2022-09-09,paradip,31.2,medium,65.0,3,DEMO_DATA,True
2022-09-10,paradip,37.0,medium,69.6,4,DEMO_DATA,True
2022-09-11,paradip,40.9,medium,72.7,5,DEMO_DATA,True
2022-09-12,paradip,45.2,medium,76.2,5,DEMO_DATA,True
2022-09-13,paradip,37.7,medium,70.2,4,DEMO_DATA,True
2022-09-14,paradip,38.9,medium,71.1,4,DEMO_DATA,True
2022-09-15,paradip,55.7,high,84.5,6,DEMO_DATA,True
2022-09-16,paradip,36.9,medium,69.5,4,DEMO_DATA,True
2022-09-17,paradip,33.3,medium,66.6,4,DEMO_DATA,True
2022-09-18,paradip,49.3,high,79.4,6,DEMO_DATA,True
2022-09-19,paradip,45.9,medium,76.7,5,DEMO_DATA,True
2022-09-20,paradip,44.0,medium,75.2,5,DEMO_DATA,True
2022-09-21,paradip,64.9,high,91.9,8,DEMO_DATA,True
2022-09-22,paradip,79.5,high,95.0,9,DEMO_DATA,True
2022-09-23,paradip,82.7,high,95.0,10,DEMO_DATA,True
2022-09-24,paradip,98.5,high,95.0,12,DEMO_DATA,True
2022-09-25,paradip,87.3,high,95.0,10,DEMO_DATA,True
2022-09-26,paradip,93.8,high,95.0,11,DEMO_DATA,True
2022-09-27,paradip,76.9,high,95.0,9,DEMO_DATA,True
2022-09-28,paradip,72.1,high,95.0,9,DEMO_DATA,True
2022-09-29,paradip,55.1,high,84.1,6,DEMO_DATA,True
2022-09-30,paradip,86.9,high,95.0,10,DEMO_DATA,True
2022-10-01,paradip,62.1,high,89.7,7,DEMO_DATA,True
2022-10-02,paradip,55.0,high,84.0,6,DEMO_DATA,True
2022-10-03,paradip,41.2,medium,73.0,5,DEMO_DATA,True
2022-10-04,paradip,47.4,medium,78.0,5,DEMO_DATA,True
2022-10-05,paradip,53.4,high,82.7,6,DEMO_DATA,True
2022-10-06,paradip,42.6,medium,74.1,5,DEMO_DATA,True
2022-10-07,paradip,41.6,medium,73.3,5,DEMO_DATA,True
2022-10-08,paradip,47.5,medium,78.0,5,DEMO_DATA,True
2022-10-09,paradip,60.4,high,88.3,7,DEMO_DATA,True
2022-10-10,paradip,55.8,high,84.7,6,DEMO_DATA,True
2022-10-11,paradip,34.9,medium,67.9,4,DEMO_DATA,True
2022-10-12,paradip,34.1,medium,67.3,4,DEMO_DATA,True
2022-10-13,paradip,43.9,medium,75.1,5,DEMO_DATA,True
2022-10-14,paradip,55.8,high,84.7,6,DEMO_DATA,True
2022-10-15,paradip,53.2,high,82.6,6,DEMO_DATA,True
2022-10-16,paradip,45.1,medium,76.1,5,DEMO_DATA,True
2022-10-17,paradip,52.6,high,82.1,6,DEMO_DATA,True
2022-10-18,paradip,50.4,high,80.3,6,DEMO_DATA,True
2022-10-19,paradip,51.1,high,80.9,6,DEMO_DATA,True
2022-10-20,paradip,52.3,high,81.9,6,DEMO_DATA,True
2022-10-21,paradip,42.9,medium,74.3,5,DEMO_DATA,True
2022-10-22,paradip,47.3,medium,77.8,5,DEMO_DATA,True
2022-10-23,paradip,41.1,medium,72.9,5,DEMO_DATA,True
2022-10-24,paradip,44.5,medium,75.6,5,DEMO_DATA,True
2022-10-25,paradip,28.9,medium,63.2,3,DEMO_DATA,True
2022-10-26,paradip,27.9,medium,62.3,3,DEMO_DATA,True
2022-10-27,paradip,34.3,medium,67.4,4,DEMO_DATA,True
2022-10-28,paradip,32.7,medium,66.2,4,DEMO_DATA,True
2022-10-29,paradip,26.6,medium,61.2,3,DEMO_DATA,True
2022-10-30,paradip,26.9,medium,61.5,3,DEMO_DATA,True
2022-10-31,paradip,20.6,low,56.5,2,DEMO_DATA,True
2022-11-01,paradip,23.0,low,58.4,2,DEMO_DATA,True
2022-11-02,paradip,19.9,low,55.9,2,DEMO_DATA,True
2022-11-03,paradip,22.3,low,57.8,2,DEMO_DATA,True
2022-11-04,paradip,26.1,medium,60.9,3,DEMO_DATA,True
2022-11-05,paradip,25.8,medium,60.6,3,DEMO_DATA,True
2022-11-06,paradip,30.8,medium,64.6,3,DEMO_DATA,True
2022-11-07,paradip,30.5,medium,64.4,3,DEMO_DATA,True
2022-11-08,paradip,46.1,medium,76.9,5,DEMO_DATA,True
2022-11-09,paradip,46.4,medium,77.1,5,DEMO_DATA,True
2022-11-10,paradip,43.3,medium,74.6,5,DEMO_DATA,True
2022-11-11,paradip,35.8,medium,68.7,4,DEMO_DATA,True
2022-11-12,paradip,35.5,medium,68.4,4,DEMO_DATA,True
2022-11-13,paradip,41.6,medium,73.3,5,DEMO_DATA,True
2022-11-14,paradip,46.0,medium,76.8,5,DEMO_DATA,True
2022-11-15,paradip,30.1,medium,64.1,3,DEMO_DATA,True
2022-11-16,paradip,39.2,medium,71.4,4,DEMO_DATA,True
2022-11-17,paradip,34.9,medium,67.9,4,DEMO_DATA,True
2022-11-18,paradip,32.1,medium,65.7,4,DEMO_DATA,True
2022-11-19,paradip,38.1,medium,70.5,4,DEMO_DATA,True
2022-11-20,paradip,41.1,medium,72.8,5,DEMO_DATA,True
2022-11-21,paradip,44.0,medium,75.2,5,DEMO_DATA,True
2022-11-22,paradip,41.1,medium,72.9,5,DEMO_DATA,True
2022-11-23,paradip,35.8,medium,68.6,4,DEMO_DATA,True
2022-11-24,paradip,28.3,medium,62.6,3,DEMO_DATA,True
2022-11-25,paradip,33.3,medium,66.7,4,DEMO_DATA,True
2022-11-26,paradip,34.8,medium,67.8,4,DEMO_DATA,True
2022-11-27,paradip,26.4,medium,61.1,3,DEMO_DATA,True
2022-11-28,paradip,36.5,medium,69.2,4,DEMO_DATA,True
2022-11-29,paradip,19.8,low,55.9,2,DEMO_DATA,True
2022-11-30,paradip,16.0,low,52.8,2,DEMO_DATA,True
2022-12-01,paradip,20.3,low,56.2,2,DEMO_DATA,True
2022-12-02,paradip,20.9,low,56.7,2,DEMO_DATA,True
2022-12-03,paradip,19.6,low,55.7,2,DEMO_DATA,True
2022-12-04,paradip,19.9,low,55.9,2,DEMO_DATA,True
2022-12-05,paradip,16.1,low,52.9,2,DEMO_DATA,True
2022-12-06,paradip,18.4,low,54.7,2,DEMO_DATA,True
2022-12-07,paradip,19.1,low,55.3,2,DEMO_DATA,True
2022-12-08,paradip,19.6,low,55.7,2,DEMO_DATA,True
2022-12-09,paradip,21.0,low,56.8,2,DEMO_DATA,True
2022-12-10,paradip,29.3,medium,63.4,3,DEMO_DATA,True
2022-12-11,paradip,25.4,medium,60.3,3,DEMO_DATA,True
2022-12-12,paradip,27.1,medium,61.7,3,DEMO_DATA,True
2022-12-13,paradip,32.7,medium,66.1,4,DEMO_DATA,True
2022-12-14,paradip,28.7,medium,63.0,3,DEMO_DATA,True
2022-12-15,paradip,24.1,medium,59.3,3,DEMO_DATA,True
2022-12-16,paradip,25.8,medium,60.7,3,DEMO_DATA,True
2022-12-17,paradip,24.8,medium,59.8,3,DEMO_DATA,True
2022-12-18,paradip,26.2,medium,61.0,3,DEMO_DATA,True
2022-12-19,paradip,21.6,low,57.3,2,DEMO_DATA,True
2022-12-20,paradip,16.6,low,53.3,2,DEMO_DATA,True
2022-12-21,paradip,15.3,low,52.3,1,DEMO_DATA,True
2022-12-22,paradip,16.4,low,53.1,2,DEMO_DATA,True
2022-12-23,paradip,19.2,low,55.3,2,DEMO_DATA,True
2022-12-24,paradip,25.5,medium,60.4,3,DEMO_DATA,True
2022-12-25,paradip,26.0,medium,60.8,3,DEMO_DATA,True
2022-12-26,paradip,25.4,medium,60.3,3,DEMO_DATA,True
2022-12-27,paradip,29.3,medium,63.4,3,DEMO_DATA,True
2022-12-28,paradip,33.8,medium,67.0,4,DEMO_DATA,True
2022-12-29,paradip,33.3,medium,66.7,4,DEMO_DATA,True
2022-12-30,paradip,36.2,medium,69.0,4,DEMO_DATA,True
2022-12-31,paradip,41.9,medium,73.5,5,DEMO_DATA,True
2023-01-01,paradip,43.5,medium,74.8,5,DEMO_DATA,True
2023-01-02,paradip,54.3,high,83.4,6,DEMO_DATA,True
2023-01-03,paradip,39.2,medium,71.3,4,DEMO_DATA,True
2023-01-04,paradip,43.9,medium,75.1,5,DEMO_DATA,True
2023-01-05,paradip,51.7,high,81.4,6,DEMO_DATA,True
2023-01-06,paradip,58.8,high,87.1,7,DEMO_DATA,True
2023-01-07,paradip,52.9,high,82.3,6,DEMO_DATA,True
2023-01-08,paradip,54.8,high,83.9,6,DEMO_DATA,True
2023-01-09,paradip,50.7,high,80.5,6,DEMO_DATA,True
2023-01-10,paradip,48.5,high,78.8,6,DEMO_DATA,True
2023-01-11,paradip,37.1,medium,69.7,4,DEMO_DATA,True
2023-01-12,paradip,29.9,medium,63.9,3,DEMO_DATA,True
2023-01-13,paradip,34.8,medium,67.8,4,DEMO_DATA,True
2023-01-14,paradip,31.2,medium,65.0,3,DEMO_DATA,True
2023-01-15,paradip,19.0,low,55.2,2,DEMO_DATA,True
2023-01-16,paradip,13.0,low,50.4,1,DEMO_DATA,True
2023-01-17,paradip,14.7,low,51.8,1,DEMO_DATA,True
2023-01-18,paradip,17.0,low,53.6,2,DEMO_DATA,True
2023-01-19,paradip,18.8,low,55.1,2,DEMO_DATA,True
2023-01-20,paradip,15.2,low,52.2,1,DEMO_DATA,True
2023-01-21,paradip,18.2,low,54.5,2,DEMO_DATA,True
2023-01-22,paradip,18.5,low,54.8,2,DEMO_DATA,True
2023-01-23,paradip,18.0,low,54.4,2,DEMO_DATA,True
2023-01-24,paradip,18.9,low,55.1,2,DEMO_DATA,True
2023-01-25,paradip,12.5,low,50.0,1,DEMO_DATA,True
2023-01-26,paradip,11.3,low,49.0,1,DEMO_DATA,True
2023-01-27,paradip,13.8,low,51.1,1,DEMO_DATA,True
2023-01-28,paradip,12.6,low,50.1,1,DEMO_DATA,True
2023-01-29,paradip,11.4,low,49.1,1,DEMO_DATA,True
2023-01-30,paradip,10.8,low,48.6,1,DEMO_DATA,True
2023-01-31,paradip,13.0,low,50.4,1,DEMO_DATA,True
2023-02-01,paradip,10.8,low,48.6,1,DEMO_DATA,True
2023-02-02,paradip,10.8,low,48.6,1,DEMO_DATA,True
2023-02-03,paradip,10.8,low,48.6,1,DEMO_DATA,True
2023-02-04,paradip,10.8,low,48.6,1,DEMO_DATA,True
2023-02-05,paradip,10.8,low,48.6,1,DEMO_DATA,True
2023-02-06,paradip,11.7,low,49.3,1,DEMO_DATA,True
2023-02-07,paradip,10.8,low,48.6,1,DEMO_DATA,True
2023-02-08,paradip,12.3,low,49.8,1,DEMO_DATA,True
2023-02-09,paradip,16.0,low,52.8,1,DEMO_DATA,True
2023-02-10,paradip,13.9,low,51.1,1,DEMO_DATA,True
2023-02-11,paradip,14.3,low,51.5,1,DEMO_DATA,True
2023-02-12,paradip,18.6,low,54.9,2,DEMO_DATA,True
2023-02-13,paradip,14.6,low,51.7,1,DEMO_DATA,True
2023-02-14,paradip,16.1,low,52.9,2,DEMO_DATA,True
2023-02-15,paradip,10.8,low,48.6,1,DEMO_DATA,True
2023-02-16,paradip,10.8,low,48.6,1,DEMO_DATA,True
2023-02-17,paradip,10.8,low,48.6,1,DEMO_DATA,True
2023-02-18,paradip,13.4,low,50.7,1,DEMO_DATA,True
2023-02-19,paradip,10.8,low,48.6,1,DEMO_DATA,True
2023-02-20,paradip,10.8,low,48.6,1,DEMO_DATA,True
2023-02-21,paradip,13.8,low,51.1,1,DEMO_DATA,True
2023-02-22,paradip,15.3,low,52.2,1,DEMO_DATA,True
2023-02-23,paradip,16.4,low,53.1,2,DEMO_DATA,True
2023-02-24,paradip,17.3,low,53.8,2,DEMO_DATA,True
2023-02-25,paradip,17.3,low,53.9,2,DEMO_DATA,True
2023-02-26,paradip,16.7,low,53.4,2,DEMO_DATA,True
2023-02-27,paradip,15.8,low,52.7,1,DEMO_DATA,True
2023-02-28,paradip,19.6,low,55.7,2,DEMO_DATA,True
2023-03-01,paradip,18.7,low,54.9,2,DEMO_DATA,True
2023-03-02,paradip,19.1,low,55.3,2,DEMO_DATA,True
2023-03-03,paradip,24.4,medium,59.5,3,DEMO_DATA,True
2023-03-04,paradip,27.8,medium,62.2,3,DEMO_DATA,True
2023-03-05,paradip,35.0,medium,68.0,4,DEMO_DATA,True
2023-03-06,paradip,32.2,medium,65.8,4,DEMO_DATA,True
2023-03-07,paradip,29.7,medium,63.8,3,DEMO_DATA,True
2023-03-08,paradip,36.3,medium,69.0,4,DEMO_DATA,True
2023-03-09,paradip,31.6,medium,65.3,3,DEMO_DATA,True
2023-03-10,paradip,34.1,medium,67.3,4,DEMO_DATA,True
2023-03-11,paradip,38.7,medium,70.9,4,DEMO_DATA,True
2023-03-12,paradip,47.7,medium,78.2,5,DEMO_DATA,True
2023-03-13,paradip,56.4,high,85.1,7,DEMO_DATA,True
2023-03-14,paradip,52.2,high,81.8,6,DEMO_DATA,True
2023-03-15,paradip,52.8,high,82.3,6,DEMO_DATA,True
2023-03-16,paradip,55.1,high,84.1,6,DEMO_DATA,True
2023-03-17,paradip,53.6,high,82.9,6,DEMO_DATA,True
2023-03-18,paradip,55.4,high,84.3,6,DEMO_DATA,True
2023-03-19,paradip,57.8,high,86.2,7,DEMO_DATA,True
2023-03-20,paradip,47.7,medium,78.2,5,DEMO_DATA,True
2023-03-21,paradip,47.4,medium,77.9,5,DEMO_DATA,True
2023-03-22,paradip,51.6,high,81.3,6,DEMO_DATA,True
2023-03-23,paradip,62.3,high,89.8,7,DEMO_DATA,True
2023-03-24,paradip,66.0,high,92.8,8,DEMO_DATA,True
2023-03-25,paradip,68.1,high,94.5,8,DEMO_DATA,True
2023-03-26,paradip,73.6,high,95.0,9,DEMO_DATA,True
2023-03-27,paradip,54.9,high,83.9,6,DEMO_DATA,True
2023-03-28,paradip,58.4,high,86.7,7,DEMO_DATA,True
2023-03-29,paradip,70.3,high,95.0,8,DEMO_DATA,True
2023-03-30,paradip,63.8,high,91.1,7,DEMO_DATA,True
2023-03-31,paradip,55.9,high,84.8,6,DEMO_DATA,True
2023-04-01,paradip,59.4,high,87.5,7,DEMO_DATA,True
2023-04-02,paradip,51.8,high,81.5,6,DEMO_DATA,True
2023-04-03,paradip,53.6,high,82.8,6,DEMO_DATA,True
2023-04-04,paradip,61.7,high,89.3,7,DEMO_DATA,True
2023-04-05,paradip,51.2,high,81.0,6,DEMO_DATA,True
2023-04-06,paradip,48.8,high,79.1,6,DEMO_DATA,True
2023-04-07,paradip,65.9,high,92.7,8,DEMO_DATA,True
2023-04-08,paradip,66.4,high,93.1,8,DEMO_DATA,True
2023-04-09,paradip,70.0,high,95.0,8,DEMO_DATA,True
2023-04-10,paradip,74.6,high,95.0,9,DEMO_DATA,True
2023-04-11,paradip,75.5,high,95.0,9,DEMO_DATA,True
2023-04-12,paradip,63.0,high,90.4,7,DEMO_DATA,True
2023-04-13,paradip,79.6,high,95.0,9,DEMO_DATA,True
2023-04-14,paradip,69.2,high,95.0,8,DEMO_DATA,True
2023-04-15,paradip,102.1,high,95.0,12,DEMO_DATA,True
2023-04-16,paradip,69.2,high,95.0,8,DEMO_DATA,True
2023-04-17,paradip,79.5,high,95.0,9,DEMO_DATA,True
2023-04-18,paradip,95.5,high,95.0,11,DEMO_DATA,True
2023-04-19,paradip,109.3,high,95.0,13,DEMO_DATA,True
2023-04-20,paradip,80.0,high,95.0,10,DEMO_DATA,True
2023-04-21,paradip,86.5,high,95.0,10,DEMO_DATA,True
2023-04-22,paradip,86.0,high,95.0,10,DEMO_DATA,True
2023-04-23,paradip,104.6,high,95.0,13,DEMO_DATA,True
2023-04-24,paradip,93.6,high,95.0,11,DEMO_DATA,True
2023-04-25,paradip,119.4,high,95.0,14,DEMO_DATA,True
2023-04-26,paradip,107.1,high,95.0,13,DEMO_DATA,True
2023-04-27,paradip,77.6,high,95.0,9,DEMO_DATA,True
2023-04-28,paradip,67.5,high,94.0,8,DEMO_DATA,True
2023-04-29,paradip,55.4,high,84.3,6,DEMO_DATA,True
2023-04-30,paradip,41.7,medium,73.4,5,DEMO_DATA,True
2023-05-01,paradip,31.7,medium,65.4,3,DEMO_DATA,True
2023-05-02,paradip,26.9,medium,61.5,3,DEMO_DATA,True
2023-05-03,paradip,25.1,medium,60.1,3,DEMO_DATA,True
2023-05-04,paradip,19.9,low,55.9,2,DEMO_DATA,True
2023-05-05,paradip,22.8,low,58.2,2,DEMO_DATA,True
2023-05-06,paradip,20.9,low,56.7,2,DEMO_DATA,True
2023-05-07,paradip,22.5,low,58.0,2,DEMO_DATA,True
2023-05-08,paradip,24.9,medium,59.9,3,DEMO_DATA,True
2023-05-09,paradip,27.9,medium,62.3,3,DEMO_DATA,True
2023-05-10,paradip,28.0,medium,62.4,3,DEMO_DATA,True
2023-05-11,paradip,15.7,low,52.6,1,DEMO_DATA,True
2023-05-12,paradip,16.3,low,53.0,2,DEMO_DATA,True
2023-05-13,paradip,17.0,low,53.6,2,DEMO_DATA,True
2023-05-14,paradip,16.5,low,53.2,2,DEMO_DATA,True
2023-05-15,paradip,10.9,low,48.7,1,DEMO_DATA,True
2023-05-16,paradip,10.8,low,48.6,1,DEMO_DATA,True
2023-05-17,paradip,12.2,low,49.8,1,DEMO_DATA,True
2023-05-18,paradip,10.8,low,48.6,1,DEMO_DATA,True
2023-05-19,paradip,10.8,low,48.6,1,DEMO_DATA,True
2023-05-20,paradip,14.7,low,51.7,1,DEMO_DATA,True
2023-05-21,paradip,17.3,low,53.8,2,DEMO_DATA,True
2023-05-22,paradip,27.3,medium,61.8,3,DEMO_DATA,True
2023-05-23,paradip,30.5,medium,64.4,3,DEMO_DATA,True
2023-05-24,paradip,27.0,medium,61.6,3,DEMO_DATA,True
2023-05-25,paradip,34.5,medium,67.6,4,DEMO_DATA,True
2023-05-26,paradip,26.4,medium,61.1,3,DEMO_DATA,True
2023-05-27,paradip,34.2,medium,67.3,4,DEMO_DATA,True
2023-05-28,paradip,33.9,medium,67.1,4,DEMO_DATA,True
2023-05-29,paradip,27.2,medium,61.7,3,DEMO_DATA,True
2023-05-30,paradip,34.7,medium,67.8,4,DEMO_DATA,True
2023-05-31,paradip,24.0,low,59.2,2,DEMO_DATA,True
2023-06-01,paradip,25.5,medium,60.4,3,DEMO_DATA,True
2023-06-02,paradip,28.0,medium,62.4,3,DEMO_DATA,True
2023-06-03,paradip,27.6,medium,62.1,3,DEMO_DATA,True
2023-06-04,paradip,44.4,medium,75.5,5,DEMO_DATA,True
2023-06-05,paradip,31.6,medium,65.3,3,DEMO_DATA,True
2023-06-06,paradip,22.1,low,57.7,2,DEMO_DATA,True
2023-06-07,paradip,19.4,low,55.6,2,DEMO_DATA,True
2023-06-08,paradip,18.5,low,54.8,2,DEMO_DATA,True
2023-06-09,paradip,17.8,low,54.3,2,DEMO_DATA,True
2023-06-10,paradip,18.2,low,54.6,2,DEMO_DATA,True
2023-06-11,paradip,19.8,low,55.9,2,DEMO_DATA,True
2023-06-12,paradip,19.3,low,55.5,2,DEMO_DATA,True
2023-06-13,paradip,16.4,low,53.2,2,DEMO_DATA,True
2023-06-14,paradip,16.7,low,53.3,2,DEMO_DATA,True
2023-06-15,paradip,25.0,medium,60.0,3,DEMO_DATA,True
2023-06-16,paradip,20.7,low,56.6,2,DEMO_DATA,True
2023-06-17,paradip,20.6,low,56.5,2,DEMO_DATA,True
2023-06-18,paradip,20.0,low,56.0,2,DEMO_DATA,True
2023-06-19,paradip,17.8,low,54.2,2,DEMO_DATA,True
2023-06-20,paradip,21.7,low,57.4,2,DEMO_DATA,True
2023-06-21,paradip,15.7,low,52.6,1,DEMO_DATA,True
2023-06-22,paradip,14.0,low,51.2,1,DEMO_DATA,True
2023-06-23,paradip,12.1,low,49.7,1,DEMO_DATA,True
2023-06-24,paradip,13.9,low,51.1,1,DEMO_DATA,True
2023-06-25,paradip,16.0,low,52.8,2,DEMO_DATA,True
2023-06-26,paradip,25.3,medium,60.3,3,DEMO_DATA,True
2023-06-27,paradip,33.3,medium,66.6,4,DEMO_DATA,True
2023-06-28,paradip,34.3,medium,67.4,4,DEMO_DATA,True
2023-06-29,paradip,23.5,low,58.8,2,DEMO_DATA,True
2023-06-30,paradip,23.5,low,58.8,2,DEMO_DATA,True
2023-07-01,paradip,29.7,medium,63.8,3,DEMO_DATA,True
2023-07-02,paradip,35.9,medium,68.7,4,DEMO_DATA,True
2023-07-03,paradip,21.1,low,56.9,2,DEMO_DATA,True
2023-07-04,paradip,19.0,low,55.2,2,DEMO_DATA,True
2023-07-05,paradip,21.0,low,56.8,2,DEMO_DATA,True
2023-07-06,paradip,17.6,low,54.1,2,DEMO_DATA,True
2023-07-07,paradip,16.4,low,53.1,2,DEMO_DATA,True
2023-07-08,paradip,19.5,low,55.6,2,DEMO_DATA,True
2023-07-09,paradip,23.6,low,58.9,2,DEMO_DATA,True
2023-07-10,paradip,23.4,low,58.8,2,DEMO_DATA,True
2023-07-11,paradip,26.1,medium,60.9,3,DEMO_DATA,True
2023-07-12,paradip,33.5,medium,66.8,4,DEMO_DATA,True
2023-07-13,paradip,32.0,medium,65.6,4,DEMO_DATA,True
2023-07-14,paradip,32.9,medium,66.4,4,DEMO_DATA,True
2023-07-15,paradip,40.3,medium,72.3,5,DEMO_DATA,True
2023-07-16,paradip,38.7,medium,71.0,4,DEMO_DATA,True
2023-07-17,paradip,58.5,high,86.8,7,DEMO_DATA,True
2023-07-18,paradip,62.3,high,89.8,7,DEMO_DATA,True
2023-07-19,paradip,45.4,medium,76.3,5,DEMO_DATA,True
2023-07-20,paradip,41.1,medium,72.9,5,DEMO_DATA,True
2023-07-21,paradip,42.5,medium,74.0,5,DEMO_DATA,True
2023-07-22,paradip,32.2,medium,65.7,4,DEMO_DATA,True
2023-07-23,paradip,39.8,medium,71.8,4,DEMO_DATA,True
2023-07-24,paradip,33.3,medium,66.6,4,DEMO_DATA,True
2023-07-25,paradip,39.9,medium,71.9,4,DEMO_DATA,True
2023-07-26,paradip,45.3,medium,76.3,5,DEMO_DATA,True
2023-07-27,paradip,45.2,medium,76.2,5,DEMO_DATA,True
2023-07-28,paradip,36.6,medium,69.3,4,DEMO_DATA,True
2023-07-29,paradip,40.1,medium,72.0,5,DEMO_DATA,True
2023-07-30,paradip,33.5,medium,66.8,4,DEMO_DATA,True
2023-07-31,paradip,30.5,medium,64.4,3,DEMO_DATA,True
2023-08-01,paradip,34.2,medium,67.4,4,DEMO_DATA,True
2023-08-02,paradip,35.8,medium,68.6,4,DEMO_DATA,True
2023-08-03,paradip,27.0,medium,61.6,3,DEMO_DATA,True
2023-08-04,paradip,25.5,medium,60.4,3,DEMO_DATA,True
2023-08-05,paradip,23.2,low,58.5,2,DEMO_DATA,True
2023-08-06,paradip,24.8,medium,59.9,3,DEMO_DATA,True
2023-08-07,paradip,33.1,medium,66.5,4,DEMO_DATA,True
2023-08-08,paradip,46.2,medium,76.9,5,DEMO_DATA,True
2023-08-09,paradip,48.8,high,79.0,6,DEMO_DATA,True
2023-08-10,paradip,42.9,medium,74.3,5,DEMO_DATA,True
2023-08-11,paradip,46.1,medium,76.9,5,DEMO_DATA,True
2023-08-12,paradip,48.9,high,79.2,6,DEMO_DATA,True
2023-08-13,paradip,37.6,medium,70.1,4,DEMO_DATA,True
2023-08-14,paradip,48.7,high,79.0,6,DEMO_DATA,True
2023-08-15,paradip,61.4,high,89.1,7,DEMO_DATA,True
2023-08-16,paradip,62.1,high,89.7,7,DEMO_DATA,True
2023-08-17,paradip,82.4,high,95.0,10,DEMO_DATA,True
2023-08-18,paradip,114.6,high,95.0,14,DEMO_DATA,True
2023-08-19,paradip,129.3,high,95.0,16,DEMO_DATA,True
2023-08-20,paradip,35.8,medium,68.6,4,DEMO_DATA,True
2023-08-21,paradip,21.4,low,57.1,2,DEMO_DATA,True
2023-08-22,paradip,18.5,low,54.8,2,DEMO_DATA,True
2023-08-23,paradip,21.4,low,57.1,2,DEMO_DATA,True
2023-08-24,paradip,22.9,low,58.3,2,DEMO_DATA,True
2023-08-25,paradip,26.1,medium,60.8,3,DEMO_DATA,True
2023-08-26,paradip,23.6,low,58.9,2,DEMO_DATA,True
2023-08-27,paradip,26.7,medium,61.3,3,DEMO_DATA,True
2023-08-28,paradip,19.9,low,56.0,2,DEMO_DATA,True
2023-08-29,paradip,21.3,low,57.1,2,DEMO_DATA,True
2023-08-30,paradip,24.9,medium,59.9,3,DEMO_DATA,True
2023-08-31,paradip,24.6,medium,59.7,3,DEMO_DATA,True
2023-09-01,paradip,20.9,low,56.7,2,DEMO_DATA,True
2023-09-02,paradip,21.8,low,57.4,2,DEMO_DATA,True
2023-09-03,paradip,26.4,medium,61.1,3,DEMO_DATA,True
2023-09-04,paradip,24.5,medium,59.6,3,DEMO_DATA,True
2023-09-05,paradip,28.5,medium,62.8,3,DEMO_DATA,True
2023-09-06,paradip,32.0,medium,65.6,3,DEMO_DATA,True
2023-09-07,paradip,28.0,medium,62.4,3,DEMO_DATA,True
2023-09-08,paradip,30.4,medium,64.3,3,DEMO_DATA,True
2023-09-09,paradip,41.0,medium,72.8,5,DEMO_DATA,True
2023-09-10,paradip,45.1,medium,76.0,5,DEMO_DATA,True
2023-09-11,paradip,50.3,high,80.3,6,DEMO_DATA,True
2023-09-12,paradip,42.3,medium,73.8,5,DEMO_DATA,True
2023-09-13,paradip,38.9,medium,71.1,4,DEMO_DATA,True
2023-09-14,paradip,45.7,medium,76.6,5,DEMO_DATA,True
2023-09-15,paradip,50.3,high,80.3,6,DEMO_DATA,True
2023-09-16,paradip,36.5,medium,69.2,4,DEMO_DATA,True
2023-09-17,paradip,41.4,medium,73.1,5,DEMO_DATA,True
2023-09-18,paradip,53.3,high,82.6,6,DEMO_DATA,True
2023-09-19,paradip,23.0,low,58.4,2,DEMO_DATA,True
2023-09-20,paradip,27.1,medium,61.7,3,DEMO_DATA,True
2023-09-21,paradip,38.8,medium,71.0,4,DEMO_DATA,True
2023-09-22,paradip,60.0,high,88.0,7,DEMO_DATA,True
2023-09-23,paradip,67.2,high,93.8,8,DEMO_DATA,True
2023-09-24,paradip,33.4,medium,66.7,4,DEMO_DATA,True
2023-09-25,paradip,23.9,low,59.1,2,DEMO_DATA,True
2023-09-26,paradip,17.1,low,53.7,2,DEMO_DATA,True
2023-09-27,paradip,24.5,medium,59.6,3,DEMO_DATA,True
2023-09-28,paradip,26.6,medium,61.3,3,DEMO_DATA,True
2023-09-29,paradip,30.5,medium,64.4,3,DEMO_DATA,True
2023-09-30,paradip,29.9,medium,63.9,3,DEMO_DATA,True
2023-10-01,paradip,26.8,medium,61.5,3,DEMO_DATA,True
2023-10-02,paradip,24.6,medium,59.7,3,DEMO_DATA,True
2023-10-03,paradip,28.4,medium,62.7,3,DEMO_DATA,True
2023-10-04,paradip,21.8,low,57.5,2,DEMO_DATA,True
2023-10-05,paradip,22.1,low,57.7,2,DEMO_DATA,True
2023-10-06,paradip,29.8,medium,63.8,3,DEMO_DATA,True
2023-10-07,paradip,35.8,medium,68.6,4,DEMO_DATA,True
2023-10-08,paradip,41.0,medium,72.8,5,DEMO_DATA,True
2023-10-09,paradip,47.2,medium,77.8,5,DEMO_DATA,True
2023-10-10,paradip,61.3,high,89.0,7,DEMO_DATA,True
2023-10-11,paradip,56.7,high,85.3,7,DEMO_DATA,True
2023-10-12,paradip,73.4,high,95.0,9,DEMO_DATA,True
2023-10-13,paradip,71.5,high,95.0,8,DEMO_DATA,True
2023-10-14,paradip,80.0,high,95.0,10,DEMO_DATA,True
2023-10-15,paradip,70.0,high,95.0,8,DEMO_DATA,True
2023-10-16,paradip,84.7,high,95.0,10,DEMO_DATA,True
2023-10-17,paradip,77.6,high,95.0,9,DEMO_DATA,True
2023-10-18,paradip,70.4,high,95.0,8,DEMO_DATA,True
2023-10-19,paradip,76.3,high,95.0,9,DEMO_DATA,True
2023-10-20,paradip,65.0,high,92.0,8,DEMO_DATA,True
2023-10-21,paradip,65.7,high,92.6,8,DEMO_DATA,True
2023-10-22,paradip,51.8,high,81.4,6,DEMO_DATA,True
2023-10-23,paradip,46.1,medium,76.9,5,DEMO_DATA,True
2023-10-24,paradip,42.2,medium,73.8,5,DEMO_DATA,True
2023-10-25,paradip,51.5,high,81.2,6,DEMO_DATA,True
2023-10-26,paradip,47.9,medium,78.3,5,DEMO_DATA,True
2023-10-27,paradip,51.7,high,81.3,6,DEMO_DATA,True
2023-10-28,paradip,53.9,high,83.1,6,DEMO_DATA,True
2023-10-29,paradip,48.3,high,78.6,6,DEMO_DATA,True
2023-10-30,paradip,42.8,medium,74.2,5,DEMO_DATA,True
2023-10-31,paradip,51.4,high,81.1,6,DEMO_DATA,True
2023-11-01,paradip,59.6,high,87.6,7,DEMO_DATA,True
2023-11-02,paradip,60.9,high,88.7,7,DEMO_DATA,True
2023-11-03,paradip,67.4,high,93.9,8,DEMO_DATA,True
2023-11-04,paradip,86.4,high,95.0,10,DEMO_DATA,True
2023-11-05,paradip,91.3,high,95.0,11,DEMO_DATA,True
2023-11-06,paradip,79.3,high,95.0,9,DEMO_DATA,True
2023-11-07,paradip,80.5,high,95.0,10,DEMO_DATA,True
2023-11-08,paradip,64.8,high,91.8,8,DEMO_DATA,True
2023-11-09,paradip,90.2,high,95.0,11,DEMO_DATA,True
2023-11-10,paradip,93.5,high,95.0,11,DEMO_DATA,True
2023-11-11,paradip,82.7,high,95.0,10,DEMO_DATA,True
2023-11-12,paradip,126.8,high,95.0,15,DEMO_DATA,True
2023-11-13,paradip,137.4,high,95.0,17,DEMO_DATA,True
2023-11-14,paradip,77.3,high,95.0,9,DEMO_DATA,True
2023-11-15,paradip,74.0,high,95.0,9,DEMO_DATA,True
2023-11-16,paradip,64.3,high,91.5,8,DEMO_DATA,True
2023-11-17,paradip,70.8,high,95.0,8,DEMO_DATA,True
2023-11-18,paradip,53.8,high,83.1,6,DEMO_DATA,True
2023-11-19,paradip,53.6,high,82.9,6,DEMO_DATA,True
2023-11-20,paradip,51.0,high,80.8,6,DEMO_DATA,True
2023-11-21,paradip,47.6,medium,78.1,5,DEMO_DATA,True
2023-11-22,paradip,60.6,high,88.4,7,DEMO_DATA,True
2023-11-23,paradip,54.2,high,83.4,6,DEMO_DATA,True
2023-11-24,paradip,46.8,medium,77.4,5,DEMO_DATA,True
2023-11-25,paradip,28.9,medium,63.1,3,DEMO_DATA,True
2023-11-26,paradip,29.4,medium,63.5,3,DEMO_DATA,True
2023-11-27,paradip,43.8,medium,75.0,5,DEMO_DATA,True
2023-11-28,paradip,35.2,medium,68.2,4,DEMO_DATA,True
2023-11-29,paradip,35.3,medium,68.2,4,DEMO_DATA,True
2023-11-30,paradip,41.6,medium,73.3,5,DEMO_DATA,True
2023-12-01,paradip,31.6,medium,65.3,3,DEMO_DATA,True
2023-12-02,paradip,39.9,medium,71.9,4,DEMO_DATA,True
2023-12-03,paradip,51.0,high,80.8,6,DEMO_DATA,True
2023-12-04,paradip,36.6,medium,69.3,4,DEMO_DATA,True
2023-12-05,paradip,54.6,high,83.7,6,DEMO_DATA,True
2023-12-06,paradip,55.8,high,84.6,6,DEMO_DATA,True
2023-12-07,paradip,56.0,high,84.8,6,DEMO_DATA,True
2023-12-08,paradip,56.9,high,85.5,7,DEMO_DATA,True
2023-12-09,paradip,50.1,high,80.1,6,DEMO_DATA,True
2023-12-10,paradip,51.8,high,81.4,6,DEMO_DATA,True
2023-12-11,paradip,48.5,high,78.8,6,DEMO_DATA,True
2023-12-12,paradip,47.9,medium,78.3,5,DEMO_DATA,True
2023-12-13,paradip,43.7,medium,75.0,5,DEMO_DATA,True
2023-12-14,paradip,42.1,medium,73.7,5,DEMO_DATA,True
2023-12-15,paradip,48.5,high,78.8,6,DEMO_DATA,True
2023-12-16,paradip,49.8,high,79.8,6,DEMO_DATA,True
2023-12-17,paradip,51.6,high,81.3,6,DEMO_DATA,True
2023-12-18,paradip,48.2,high,78.6,6,DEMO_DATA,True
2023-12-19,paradip,50.6,high,80.5,6,DEMO_DATA,True
2023-12-20,paradip,48.6,high,78.9,6,DEMO_DATA,True
2023-12-21,paradip,49.0,high,79.2,6,DEMO_DATA,True
2023-12-22,paradip,58.1,high,86.5,7,DEMO_DATA,True
2023-12-23,paradip,54.3,high,83.5,6,DEMO_DATA,True
2023-12-24,paradip,58.2,high,86.6,7,DEMO_DATA,True
2023-12-25,paradip,70.0,high,95.0,8,DEMO_DATA,True
2023-12-26,paradip,76.9,high,95.0,9,DEMO_DATA,True
2023-12-27,paradip,59.7,high,87.8,7,DEMO_DATA,True
2023-12-28,paradip,47.5,medium,78.0,5,DEMO_DATA,True
2023-12-29,paradip,59.2,high,87.3,7,DEMO_DATA,True
2023-12-30,paradip,36.8,medium,69.4,4,DEMO_DATA,True
2023-12-31,paradip,37.5,medium,70.0,4,DEMO_DATA,True
2024-01-01,paradip,40.1,medium,72.1,5,DEMO_DATA,True
2024-01-02,paradip,53.0,high,82.4,6,DEMO_DATA,True
2024-01-03,paradip,42.3,medium,73.9,5,DEMO_DATA,True
2024-01-04,paradip,39.0,medium,71.2,4,DEMO_DATA,True
2024-01-05,paradip,34.7,medium,67.8,4,DEMO_DATA,True
2024-01-06,paradip,24.1,medium,59.3,3,DEMO_DATA,True
2024-01-07,paradip,26.4,medium,61.2,3,DEMO_DATA,True
2024-01-08,paradip,23.9,low,59.2,2,DEMO_DATA,True
2024-01-09,paradip,25.2,medium,60.2,3,DEMO_DATA,True
2024-01-10,paradip,21.8,low,57.4,2,DEMO_DATA,True
2024-01-11,paradip,18.0,low,54.4,2,DEMO_DATA,True
2024-01-12,paradip,18.6,low,54.9,2,DEMO_DATA,True
2024-01-13,paradip,17.7,low,54.1,2,DEMO_DATA,True
2024-01-14,paradip,15.6,low,52.4,1,DEMO_DATA,True
2024-01-15,paradip,17.5,low,54.0,2,DEMO_DATA,True
2024-01-16,paradip,16.2,low,53.0,2,DEMO_DATA,True
2024-01-17,paradip,17.1,low,53.7,2,DEMO_DATA,True
2024-01-18,paradip,15.0,low,52.0,1,DEMO_DATA,True
2024-01-19,paradip,17.3,low,53.8,2,DEMO_DATA,True
2024-01-20,paradip,10.8,low,48.6,1,DEMO_DATA,True
2024-01-21,paradip,11.8,low,49.4,1,DEMO_DATA,True
2024-01-22,paradip,11.0,low,48.8,1,DEMO_DATA,True
2024-01-23,paradip,11.9,low,49.5,1,DEMO_DATA,True
2024-01-24,paradip,12.6,low,50.1,1,DEMO_DATA,True
2024-01-25,paradip,10.8,low,48.6,1,DEMO_DATA,True
2024-01-26,paradip,13.1,low,50.4,1,DEMO_DATA,True
2024-01-27,paradip,13.9,low,51.1,1,DEMO_DATA,True
2024-01-28,paradip,11.9,low,49.5,1,DEMO_DATA,True
2024-01-29,paradip,14.2,low,51.4,1,DEMO_DATA,True
2024-01-30,paradip,16.8,low,53.4,2,DEMO_DATA,True
2024-01-31,paradip,21.4,low,57.1,2,DEMO_DATA,True
2024-02-01,paradip,20.9,low,56.8,2,DEMO_DATA,True
2024-02-02,paradip,22.5,low,58.0,2,DEMO_DATA,True
2024-02-03,paradip,22.9,low,58.4,2,DEMO_DATA,True
2024-02-04,paradip,26.4,medium,61.2,3,DEMO_DATA,True
2024-02-05,paradip,23.1,low,58.5,2,DEMO_DATA,True
2024-02-06,paradip,28.1,medium,62.5,3,DEMO_DATA,True
2024-02-07,paradip,36.8,medium,69.4,4,DEMO_DATA,True
2024-02-08,paradip,43.0,medium,74.4,5,DEMO_DATA,True
2024-02-09,paradip,31.9,medium,65.5,3,DEMO_DATA,True
2024-02-10,paradip,39.5,medium,71.6,4,DEMO_DATA,True
2024-02-11,paradip,39.3,medium,71.5,4,DEMO_DATA,True
2024-02-12,paradip,32.8,medium,66.2,4,DEMO_DATA,True
2024-02-13,paradip,40.4,medium,72.3,5,DEMO_DATA,True
2024-02-14,paradip,31.4,medium,65.1,3,DEMO_DATA,True
2024-02-15,paradip,30.3,medium,64.2,3,DEMO_DATA,True
2024-02-16,paradip,38.0,medium,70.4,4,DEMO_DATA,True
2024-02-17,paradip,26.5,medium,61.2,3,DEMO_DATA,True
2024-02-18,paradip,26.5,medium,61.2,3,DEMO_DATA,True
2024-02-19,paradip,30.7,medium,64.6,3,DEMO_DATA,True
2024-02-20,paradip,32.7,medium,66.2,4,DEMO_DATA,True
2024-02-21,paradip,24.4,medium,59.5,3,DEMO_DATA,True
2024-02-22,paradip,22.9,low,58.3,2,DEMO_DATA,True
2024-02-23,paradip,20.8,low,56.6,2,DEMO_DATA,True
2024-02-24,paradip,12.4,low,49.9,1,DEMO_DATA,True
2024-02-25,paradip,13.5,low,50.8,1,DEMO_DATA,True
2024-02-26,paradip,12.9,low,50.3,1,DEMO_DATA,True
2024-02-27,paradip,14.6,low,51.7,1,DEMO_DATA,True
2024-02-28,paradip,12.0,low,49.6,1,DEMO_DATA,True
2024-02-29,paradip,14.2,low,51.4,1,DEMO_DATA,True
2024-03-01,paradip,14.8,low,51.8,1,DEMO_DATA,True
2024-03-02,paradip,14.7,low,51.7,1,DEMO_DATA,True
2024-03-03,paradip,15.6,low,52.4,1,DEMO_DATA,True
2024-03-04,paradip,17.3,low,53.8,2,DEMO_DATA,True
2024-03-05,paradip,12.3,low,49.9,1,DEMO_DATA,True
2024-03-06,paradip,10.8,low,48.6,1,DEMO_DATA,True
2024-03-07,paradip,10.8,low,48.6,1,DEMO_DATA,True
2024-03-08,paradip,11.5,low,49.2,1,DEMO_DATA,True
2024-03-09,paradip,15.7,low,52.5,1,DEMO_DATA,True
2024-03-10,paradip,11.0,low,48.8,1,DEMO_DATA,True
2024-03-11,paradip,13.8,low,51.0,1,DEMO_DATA,True
2024-03-12,paradip,15.7,low,52.6,1,DEMO_DATA,True
2024-03-13,paradip,10.8,low,48.6,1,DEMO_DATA,True
2024-03-14,paradip,11.5,low,49.2,1,DEMO_DATA,True
2024-03-15,paradip,14.8,low,51.9,1,DEMO_DATA,True
2024-03-16,paradip,13.6,low,50.9,1,DEMO_DATA,True
2024-03-17,paradip,11.0,low,48.8,1,DEMO_DATA,True
2024-03-18,paradip,15.0,low,52.0,1,DEMO_DATA,True
2024-03-19,paradip,18.5,low,54.8,2,DEMO_DATA,True
2024-03-20,paradip,22.7,low,58.1,2,DEMO_DATA,True
2024-03-21,paradip,24.1,medium,59.3,3,DEMO_DATA,True
2024-03-22,paradip,24.9,medium,59.9,3,DEMO_DATA,True
2024-03-23,paradip,20.3,low,56.3,2,DEMO_DATA,True
2024-03-24,paradip,20.2,low,56.1,2,DEMO_DATA,True
2024-03-25,paradip,18.4,low,54.7,2,DEMO_DATA,True
2024-03-26,paradip,18.9,low,55.1,2,DEMO_DATA,True
2024-03-27,paradip,18.2,low,54.5,2,DEMO_DATA,True
2024-03-28,paradip,20.5,low,56.4,2,DEMO_DATA,True
2024-03-29,paradip,16.7,low,53.4,2,DEMO_DATA,True
2024-03-30,paradip,13.8,low,51.1,1,DEMO_DATA,True
2024-03-31,paradip,15.6,low,52.5,1,DEMO_DATA,True
2024-04-01,paradip,18.4,low,54.7,2,DEMO_DATA,True
2024-04-02,paradip,22.8,low,58.2,2,DEMO_DATA,True
2024-04-03,paradip,26.6,medium,61.3,3,DEMO_DATA,True
2024-04-04,paradip,21.2,low,57.0,2,DEMO_DATA,True
2024-04-05,paradip,21.8,low,57.4,2,DEMO_DATA,True
2024-04-06,paradip,34.5,medium,67.6,4,DEMO_DATA,True
2024-04-07,paradip,24.9,medium,59.9,3,DEMO_DATA,True
2024-04-08,paradip,20.6,low,56.4,2,DEMO_DATA,True
2024-04-09,paradip,22.9,low,58.3,2,DEMO_DATA,True
2024-04-10,paradip,31.2,medium,65.0,3,DEMO_DATA,True
2024-04-11,paradip,40.5,medium,72.4,5,DEMO_DATA,True
2024-04-12,paradip,51.5,high,81.2,6,DEMO_DATA,True
2024-04-13,paradip,52.3,high,81.9,6,DEMO_DATA,True
2024-04-14,paradip,71.2,high,95.0,8,DEMO_DATA,True
2024-04-15,paradip,82.9,high,95.0,10,DEMO_DATA,True
2024-04-16,paradip,71.5,high,95.0,8,DEMO_DATA,True
2024-04-17,paradip,81.7,high,95.0,10,DEMO_DATA,True
2024-04-18,paradip,76.2,high,95.0,9,DEMO_DATA,True
2024-04-19,paradip,78.5,high,95.0,9,DEMO_DATA,True
2024-04-20,paradip,64.4,high,91.5,8,DEMO_DATA,True
2024-04-21,paradip,67.3,high,93.8,8,DEMO_DATA,True
2024-04-22,paradip,81.9,high,95.0,10,DEMO_DATA,True
2024-04-23,paradip,50.3,high,80.2,6,DEMO_DATA,True
2024-04-24,paradip,46.5,medium,77.2,5,DEMO_DATA,True
2024-04-25,paradip,41.2,medium,72.9,5,DEMO_DATA,True
2024-04-26,paradip,40.5,medium,72.4,5,DEMO_DATA,True
2024-04-27,paradip,42.8,medium,74.3,5,DEMO_DATA,True
2024-04-28,paradip,42.8,medium,74.3,5,DEMO_DATA,True
2024-04-29,paradip,56.3,high,85.0,7,DEMO_DATA,True
2024-04-30,paradip,62.2,high,89.8,7,DEMO_DATA,True
2024-05-01,paradip,58.9,high,87.1,7,DEMO_DATA,True
2024-05-02,paradip,60.6,high,88.5,7,DEMO_DATA,True
2024-05-03,paradip,56.9,high,85.5,7,DEMO_DATA,True
2024-05-04,paradip,40.0,medium,72.0,5,DEMO_DATA,True
2024-05-05,paradip,45.1,medium,76.1,5,DEMO_DATA,True
2024-05-06,paradip,47.6,medium,78.1,5,DEMO_DATA,True
2024-05-07,paradip,62.3,high,89.8,7,DEMO_DATA,True
2024-05-08,paradip,52.2,high,81.7,6,DEMO_DATA,True
2024-05-09,paradip,81.6,high,95.0,10,DEMO_DATA,True
2024-05-10,paradip,106.4,high,95.0,13,DEMO_DATA,True
2024-05-11,paradip,108.2,high,95.0,13,DEMO_DATA,True
2024-05-12,paradip,86.5,high,95.0,10,DEMO_DATA,True
2024-05-13,paradip,80.0,high,95.0,9,DEMO_DATA,True
2024-05-14,paradip,103.0,high,95.0,12,DEMO_DATA,True
2024-05-15,paradip,100.5,high,95.0,12,DEMO_DATA,True
2024-05-16,paradip,51.1,high,80.9,6,DEMO_DATA,True
2024-05-17,paradip,36.6,medium,69.2,4,DEMO_DATA,True
2024-05-18,paradip,30.7,medium,64.5,3,DEMO_DATA,True
2024-05-19,paradip,27.6,medium,62.1,3,DEMO_DATA,True
2024-05-20,paradip,29.3,medium,63.4,3,DEMO_DATA,True
2024-05-21,paradip,34.8,medium,67.8,4,DEMO_DATA,True
2024-05-22,paradip,26.9,medium,61.6,3,DEMO_DATA,True
2024-05-23,paradip,30.3,medium,64.3,3,DEMO_DATA,True
2024-05-24,paradip,25.7,medium,60.6,3,DEMO_DATA,True
2024-05-25,paradip,27.3,medium,61.8,3,DEMO_DATA,True
2024-05-26,paradip,23.2,low,58.6,2,DEMO_DATA,True
2024-05-27,paradip,23.0,low,58.4,2,DEMO_DATA,True
2024-05-28,paradip,22.1,low,57.6,2,DEMO_DATA,True
2024-05-29,paradip,24.1,medium,59.3,3,DEMO_DATA,True
2024-05-30,paradip,25.4,medium,60.3,3,DEMO_DATA,True
2024-05-31,paradip,38.4,medium,70.7,4,DEMO_DATA,True
2024-06-01,paradip,42.6,medium,74.1,5,DEMO_DATA,True
2024-06-02,paradip,42.9,medium,74.3,5,DEMO_DATA,True
2024-06-03,paradip,37.8,medium,70.2,4,DEMO_DATA,True
2024-06-04,paradip,43.5,medium,74.8,5,DEMO_DATA,True
2024-06-05,paradip,49.2,high,79.4,6,DEMO_DATA,True
2024-06-06,paradip,58.3,high,86.7,7,DEMO_DATA,True
2024-06-07,paradip,48.8,high,79.0,6,DEMO_DATA,True
2024-06-08,paradip,57.1,high,85.7,7,DEMO_DATA,True
2024-06-09,paradip,53.7,high,83.0,6,DEMO_DATA,True
2024-06-10,paradip,69.8,high,95.0,8,DEMO_DATA,True
2024-06-11,paradip,52.0,high,81.6,6,DEMO_DATA,True
2024-06-12,paradip,44.9,medium,75.9,5,DEMO_DATA,True
2024-06-13,paradip,50.4,high,80.4,6,DEMO_DATA,True
2024-06-14,paradip,54.0,high,83.2,6,DEMO_DATA,True
2024-06-15,paradip,56.9,high,85.5,7,DEMO_DATA,True
2024-06-16,paradip,44.5,medium,75.6,5,DEMO_DATA,True
2024-06-17,paradip,49.7,high,79.8,6,DEMO_DATA,True
2024-06-18,paradip,53.8,high,83.0,6,DEMO_DATA,True
2024-06-19,paradip,53.9,high,83.1,6,DEMO_DATA,True
2024-06-20,paradip,55.9,high,84.7,6,DEMO_DATA,True
2024-06-21,paradip,38.8,medium,71.1,4,DEMO_DATA,True
2024-06-22,paradip,37.5,medium,70.0,4,DEMO_DATA,True
2024-06-23,paradip,45.9,medium,76.7,5,DEMO_DATA,True
2024-06-24,paradip,40.9,medium,72.7,5,DEMO_DATA,True
2024-06-25,paradip,38.8,medium,71.0,4,DEMO_DATA,True
2024-06-26,paradip,39.8,medium,71.8,4,DEMO_DATA,True
2024-06-27,paradip,34.9,medium,67.9,4,DEMO_DATA,True
2024-06-28,paradip,48.7,high,79.0,6,DEMO_DATA,True
2024-06-29,paradip,65.9,high,92.7,8,DEMO_DATA,True
2024-06-30,paradip,61.8,high,89.4,7,DEMO_DATA,True
2024-07-01,paradip,80.3,high,95.0,10,DEMO_DATA,True
2024-07-02,paradip,75.1,high,95.0,9,DEMO_DATA,True
2024-07-03,paradip,77.5,high,95.0,9,DEMO_DATA,True
2024-07-04,paradip,66.4,high,93.1,8,DEMO_DATA,True
2024-07-05,paradip,83.1,high,95.0,10,DEMO_DATA,True
2024-07-06,paradip,112.1,high,95.0,14,DEMO_DATA,True
2024-07-07,paradip,94.2,high,95.0,11,DEMO_DATA,True
2024-07-08,paradip,71.0,high,95.0,8,DEMO_DATA,True
2024-07-09,paradip,70.1,high,95.0,8,DEMO_DATA,True
2024-07-10,paradip,58.0,high,86.4,7,DEMO_DATA,True
2024-07-11,paradip,73.5,high,95.0,9,DEMO_DATA,True
2024-07-12,paradip,42.2,medium,73.8,5,DEMO_DATA,True
2024-07-13,paradip,45.0,medium,76.0,5,DEMO_DATA,True
2024-07-14,paradip,49.3,high,79.5,6,DEMO_DATA,True
2024-07-15,paradip,53.8,high,83.1,6,DEMO_DATA,True
2024-07-16,paradip,48.0,high,78.4,6,DEMO_DATA,True
2024-07-17,paradip,72.1,high,95.0,9,DEMO_DATA,True
2024-07-18,paradip,73.3,high,95.0,9,DEMO_DATA,True
2024-07-19,paradip,64.2,high,91.4,8,DEMO_DATA,True
2024-07-20,paradip,70.2,high,95.0,8,DEMO_DATA,True
2024-07-21,paradip,55.0,high,84.0,6,DEMO_DATA,True
2024-07-22,paradip,61.3,high,89.0,7,DEMO_DATA,True
2024-07-23,paradip,67.0,high,93.6,8,DEMO_DATA,True
2024-07-24,paradip,66.6,high,93.3,8,DEMO_DATA,True
2024-07-25,paradip,86.9,high,95.0,10,DEMO_DATA,True
2024-07-26,paradip,85.9,high,95.0,10,DEMO_DATA,True
2024-07-27,paradip,112.9,high,95.0,14,DEMO_DATA,True
2024-07-28,paradip,146.5,high,95.0,18,DEMO_DATA,True
2024-07-29,paradip,136.3,high,95.0,17,DEMO_DATA,True
2024-07-30,paradip,128.9,high,95.0,16,DEMO_DATA,True
2024-07-31,paradip,88.7,high,95.0,11,DEMO_DATA,True
2024-08-01,paradip,53.2,high,82.6,6,DEMO_DATA,True
2024-08-02,paradip,48.3,high,78.7,6,DEMO_DATA,True
2024-08-03,paradip,74.9,high,95.0,9,DEMO_DATA,True
2024-08-04,paradip,87.7,high,95.0,10,DEMO_DATA,True
2024-08-05,paradip,113.6,high,95.0,14,DEMO_DATA,True
2024-08-06,paradip,71.5,high,95.0,8,DEMO_DATA,True
2024-08-07,paradip,71.7,high,95.0,8,DEMO_DATA,True
2024-08-08,paradip,74.8,high,95.0,9,DEMO_DATA,True
2024-08-09,paradip,67.3,high,93.8,8,DEMO_DATA,True
2024-08-10,paradip,30.0,medium,64.0,3,DEMO_DATA,True
2024-08-11,paradip,28.3,medium,62.6,3,DEMO_DATA,True
2024-08-12,paradip,40.6,medium,72.5,5,DEMO_DATA,True
2024-08-13,paradip,57.5,high,86.0,7,DEMO_DATA,True
2024-08-14,paradip,63.2,high,90.6,7,DEMO_DATA,True
2024-08-15,paradip,58.7,high,87.0,7,DEMO_DATA,True
2024-08-16,paradip,58.4,high,86.8,7,DEMO_DATA,True
2024-08-17,paradip,68.0,high,94.4,8,DEMO_DATA,True
2024-08-18,paradip,57.1,high,85.7,7,DEMO_DATA,True
2024-08-19,paradip,68.8,high,95.0,8,DEMO_DATA,True
2024-08-20,paradip,64.2,high,91.4,8,DEMO_DATA,True
2024-08-21,paradip,66.2,high,93.0,8,DEMO_DATA,True
2024-08-22,paradip,53.7,high,82.9,6,DEMO_DATA,True
2024-08-23,paradip,60.0,high,88.0,7,DEMO_DATA,True
2024-08-24,paradip,40.7,medium,72.6,5,DEMO_DATA,True
2024-08-25,paradip,54.3,high,83.5,6,DEMO_DATA,True
2024-08-26,paradip,59.0,high,87.2,7,DEMO_DATA,True
2024-08-27,paradip,68.0,high,94.4,8,DEMO_DATA,True
2024-08-28,paradip,60.1,high,88.1,7,DEMO_DATA,True
2024-08-29,paradip,60.2,high,88.1,7,DEMO_DATA,True
2024-08-30,paradip,49.5,high,79.6,6,DEMO_DATA,True
2024-08-31,paradip,43.0,medium,74.4,5,DEMO_DATA,True
2024-09-01,paradip,49.9,high,79.9,6,DEMO_DATA,True
2024-09-02,paradip,32.7,medium,66.2,4,DEMO_DATA,True
2024-09-03,paradip,38.6,medium,70.8,4,DEMO_DATA,True
2024-09-04,paradip,39.1,medium,71.3,4,DEMO_DATA,True
2024-09-05,paradip,41.1,medium,72.9,5,DEMO_DATA,True
2024-09-06,paradip,56.0,high,84.8,7,DEMO_DATA,True
2024-09-07,paradip,36.9,medium,69.5,4,DEMO_DATA,True
2024-09-08,paradip,39.8,medium,71.9,4,DEMO_DATA,True
2024-09-09,paradip,35.4,medium,68.3,4,DEMO_DATA,True
2024-09-10,paradip,29.3,medium,63.4,3,DEMO_DATA,True
2024-09-11,paradip,30.8,medium,64.6,3,DEMO_DATA,True
2024-09-12,paradip,40.2,medium,72.2,5,DEMO_DATA,True
2024-09-13,paradip,24.3,medium,59.5,3,DEMO_DATA,True
2024-09-14,paradip,22.9,low,58.3,2,DEMO_DATA,True
2024-09-15,paradip,24.5,medium,59.6,3,DEMO_DATA,True
2024-09-16,paradip,33.7,medium,66.9,4,DEMO_DATA,True
2024-09-17,paradip,34.0,medium,67.2,4,DEMO_DATA,True
2024-09-18,paradip,34.2,medium,67.4,4,DEMO_DATA,True
2024-09-19,paradip,39.9,medium,71.9,4,DEMO_DATA,True
2024-09-20,paradip,31.2,medium,65.0,3,DEMO_DATA,True
2024-09-21,paradip,29.9,medium,63.9,3,DEMO_DATA,True
2024-09-22,paradip,34.6,medium,67.7,4,DEMO_DATA,True
2024-09-23,paradip,35.7,medium,68.6,4,DEMO_DATA,True
2024-09-24,paradip,31.5,medium,65.2,3,DEMO_DATA,True
2024-09-25,paradip,27.1,medium,61.7,3,DEMO_DATA,True
2024-09-26,paradip,25.6,medium,60.5,3,DEMO_DATA,True
2024-09-27,paradip,30.0,medium,64.0,3,DEMO_DATA,True
2024-09-28,paradip,22.7,low,58.2,2,DEMO_DATA,True
2024-09-29,paradip,23.1,low,58.5,2,DEMO_DATA,True
2024-09-30,paradip,30.5,medium,64.4,3,DEMO_DATA,True
2024-10-01,paradip,36.4,medium,69.1,4,DEMO_DATA,True
2024-10-02,paradip,36.2,medium,69.0,4,DEMO_DATA,True
2024-10-03,paradip,28.7,medium,63.0,3,DEMO_DATA,True
2024-10-04,paradip,26.4,medium,61.1,3,DEMO_DATA,True
2024-10-05,paradip,30.2,medium,64.2,3,DEMO_DATA,True
2024-10-06,paradip,26.9,medium,61.5,3,DEMO_DATA,True
2024-10-07,paradip,29.1,medium,63.3,3,DEMO_DATA,True
2024-10-08,paradip,25.6,medium,60.5,3,DEMO_DATA,True
2024-10-09,paradip,33.2,medium,66.6,4,DEMO_DATA,True
2024-10-10,paradip,16.7,low,53.4,2,DEMO_DATA,True
2024-10-11,paradip,20.3,low,56.2,2,DEMO_DATA,True
2024-10-12,paradip,19.7,low,55.7,2,DEMO_DATA,True
2024-10-13,paradip,21.7,low,57.4,2,DEMO_DATA,True
2024-10-14,paradip,19.3,low,55.4,2,DEMO_DATA,True
2024-10-15,paradip,21.6,low,57.2,2,DEMO_DATA,True
2024-10-16,paradip,23.3,low,58.7,2,DEMO_DATA,True
2024-10-17,paradip,19.1,low,55.3,2,DEMO_DATA,True
2024-10-18,paradip,22.3,low,57.8,2,DEMO_DATA,True
2024-10-19,paradip,33.2,medium,66.5,4,DEMO_DATA,True
2024-10-20,paradip,48.5,high,78.8,6,DEMO_DATA,True
2024-10-21,paradip,51.0,high,80.8,6,DEMO_DATA,True
2024-10-22,paradip,58.6,high,86.9,7,DEMO_DATA,True
2024-10-23,paradip,64.1,high,91.3,8,DEMO_DATA,True
2024-10-24,paradip,82.9,high,95.0,10,DEMO_DATA,True
2024-10-25,paradip,94.7,high,95.0,11,DEMO_DATA,True
2024-10-26,paradip,74.6,high,95.0,9,DEMO_DATA,True
2024-10-27,paradip,70.9,high,95.0,8,DEMO_DATA,True
2024-10-28,paradip,90.2,high,95.0,11,DEMO_DATA,True
2024-10-29,paradip,96.3,high,95.0,12,DEMO_DATA,True
2024-10-30,paradip,118.4,high,95.0,14,DEMO_DATA,True
2024-10-31,paradip,88.7,high,95.0,11,DEMO_DATA,True
2024-11-01,paradip,64.7,high,91.8,8,DEMO_DATA,True
2024-11-02,paradip,70.0,high,95.0,8,DEMO_DATA,True
2024-11-03,paradip,58.1,high,86.5,7,DEMO_DATA,True
2024-11-04,paradip,60.6,high,88.5,7,DEMO_DATA,True
2024-11-05,paradip,63.5,high,90.8,7,DEMO_DATA,True
2024-11-06,paradip,84.7,high,95.0,10,DEMO_DATA,True
2024-11-07,paradip,81.5,high,95.0,10,DEMO_DATA,True
2024-11-08,paradip,65.8,high,92.6,8,DEMO_DATA,True
2024-11-09,paradip,76.1,high,95.0,9,DEMO_DATA,True
2024-11-10,paradip,67.0,high,93.6,8,DEMO_DATA,True
2024-11-11,paradip,70.6,high,95.0,8,DEMO_DATA,True
2024-11-12,paradip,69.0,high,95.0,8,DEMO_DATA,True
2024-11-13,paradip,87.8,high,95.0,10,DEMO_DATA,True
2024-11-14,paradip,79.1,high,95.0,9,DEMO_DATA,True
2024-11-15,paradip,50.6,high,80.5,6,DEMO_DATA,True
2024-11-16,paradip,55.6,high,84.5,6,DEMO_DATA,True
2024-11-17,paradip,72.8,high,95.0,9,DEMO_DATA,True
2024-11-18,paradip,84.6,high,95.0,10,DEMO_DATA,True
2024-11-19,paradip,65.4,high,92.3,8,DEMO_DATA,True
2024-11-20,paradip,69.1,high,95.0,8,DEMO_DATA,True
2024-11-21,paradip,87.2,high,95.0,10,DEMO_DATA,True
2024-11-22,paradip,103.6,high,95.0,12,DEMO_DATA,True
2024-11-23,paradip,142.8,high,95.0,17,DEMO_DATA,True
2024-11-24,paradip,123.2,high,95.0,15,DEMO_DATA,True
2024-11-25,paradip,106.6,high,95.0,13,DEMO_DATA,True
2024-11-26,paradip,71.9,high,95.0,8,DEMO_DATA,True
2024-11-27,paradip,67.5,high,94.0,8,DEMO_DATA,True
2024-11-28,paradip,43.7,medium,75.0,5,DEMO_DATA,True
2024-11-29,paradip,53.0,high,82.4,6,DEMO_DATA,True
2024-11-30,paradip,47.4,medium,77.9,5,DEMO_DATA,True
2024-12-01,paradip,40.5,medium,72.4,5,DEMO_DATA,True
2024-12-02,paradip,34.2,medium,67.4,4,DEMO_DATA,True
2024-12-03,paradip,24.8,medium,59.8,3,DEMO_DATA,True
2024-12-04,paradip,27.7,medium,62.1,3,DEMO_DATA,True
2024-12-05,paradip,29.7,medium,63.8,3,DEMO_DATA,True
2024-12-06,paradip,26.6,medium,61.3,3,DEMO_DATA,True
2024-12-07,paradip,23.6,low,58.9,2,DEMO_DATA,True
2024-12-08,paradip,21.1,low,56.9,2,DEMO_DATA,True
2024-12-09,paradip,18.8,low,55.0,2,DEMO_DATA,True
2024-12-10,paradip,23.3,low,58.6,2,DEMO_DATA,True
2024-12-11,paradip,17.9,low,54.3,2,DEMO_DATA,True
2024-12-12,paradip,17.7,low,54.2,2,DEMO_DATA,True
2024-12-13,paradip,26.9,medium,61.5,3,DEMO_DATA,True
2024-12-14,paradip,34.6,medium,67.7,4,DEMO_DATA,True
2024-12-15,paradip,26.7,medium,61.4,3,DEMO_DATA,True
2024-12-16,paradip,22.7,low,58.2,2,DEMO_DATA,True
2024-12-17,paradip,25.8,medium,60.7,3,DEMO_DATA,True
2024-12-18,paradip,29.1,medium,63.3,3,DEMO_DATA,True
2024-12-19,paradip,15.2,low,52.1,1,DEMO_DATA,True
2024-12-20,paradip,11.2,low,48.9,1,DEMO_DATA,True
2024-12-21,paradip,10.8,low,48.6,1,DEMO_DATA,True
2024-12-22,paradip,12.0,low,49.6,1,DEMO_DATA,True
2024-12-23,paradip,12.8,low,50.3,1,DEMO_DATA,True
2024-12-24,paradip,16.0,low,52.8,2,DEMO_DATA,True
2024-12-25,paradip,23.8,low,59.1,2,DEMO_DATA,True
2024-12-26,paradip,30.7,medium,64.5,3,DEMO_DATA,True
2024-12-27,paradip,26.5,medium,61.2,3,DEMO_DATA,True
2024-12-28,paradip,18.0,low,54.4,2,DEMO_DATA,True
2024-12-29,paradip,20.1,low,56.1,2,DEMO_DATA,True
2024-12-30,paradip,18.2,low,54.5,2,DEMO_DATA,True
2024-12-31,paradip,19.3,low,55.4,2,DEMO_DATA,True
2025-01-01,paradip,20.1,low,56.1,2,DEMO_DATA,True
2025-01-02,paradip,20.6,low,56.4,2,DEMO_DATA,True
2025-01-03,paradip,19.7,low,55.8,2,DEMO_DATA,True
2025-01-04,paradip,21.9,low,57.5,2,DEMO_DATA,True
2025-01-05,paradip,25.1,medium,60.1,3,DEMO_DATA,True
2025-01-06,paradip,29.9,medium,63.9,3,DEMO_DATA,True
2025-01-07,paradip,35.4,medium,68.3,4,DEMO_DATA,True
2025-01-08,paradip,36.0,medium,68.8,4,DEMO_DATA,True
2025-01-09,paradip,26.4,medium,61.1,3,DEMO_DATA,True
2025-01-10,paradip,26.3,medium,61.0,3,DEMO_DATA,True
2025-01-11,paradip,18.6,low,54.9,2,DEMO_DATA,True
2025-01-12,paradip,17.1,low,53.7,2,DEMO_DATA,True
2025-01-13,paradip,16.9,low,53.6,2,DEMO_DATA,True
2025-01-14,paradip,22.3,low,57.8,2,DEMO_DATA,True
2025-01-15,paradip,25.6,medium,60.4,3,DEMO_DATA,True
2025-01-16,paradip,30.0,medium,64.0,3,DEMO_DATA,True
2025-01-17,paradip,29.5,medium,63.6,3,DEMO_DATA,True
2025-01-18,paradip,28.1,medium,62.4,3,DEMO_DATA,True
2025-01-19,paradip,27.2,medium,61.8,3,DEMO_DATA,True
2025-01-20,paradip,20.3,low,56.2,2,DEMO_DATA,True
2025-01-21,paradip,24.0,medium,59.2,3,DEMO_DATA,True
2025-01-22,paradip,28.2,medium,62.6,3,DEMO_DATA,True
2025-01-23,paradip,33.8,medium,67.1,4,DEMO_DATA,True
2025-01-24,paradip,28.5,medium,62.8,3,DEMO_DATA,True
2025-01-25,paradip,15.9,low,52.7,1,DEMO_DATA,True
2025-01-26,paradip,15.6,low,52.5,1,DEMO_DATA,True
2025-01-27,paradip,17.0,low,53.6,2,DEMO_DATA,True
2025-01-28,paradip,15.5,low,52.4,1,DEMO_DATA,True
2025-01-29,paradip,15.4,low,52.3,1,DEMO_DATA,True
2025-01-30,paradip,12.7,low,50.2,1,DEMO_DATA,True
2025-01-31,paradip,14.5,low,51.6,1,DEMO_DATA,True
2025-02-01,paradip,16.3,low,53.0,2,DEMO_DATA,True
2025-02-02,paradip,15.0,low,52.0,1,DEMO_DATA,True
2025-02-03,paradip,14.9,low,51.9,1,DEMO_DATA,True
2025-02-04,paradip,19.9,low,55.9,2,DEMO_DATA,True
2025-02-05,paradip,17.4,low,53.9,2,DEMO_DATA,True
2025-02-06,paradip,17.3,low,53.9,2,DEMO_DATA,True
2025-02-07,paradip,14.3,low,51.4,1,DEMO_DATA,True
2025-02-08,paradip,17.0,low,53.6,2,DEMO_DATA,True
2025-02-09,paradip,20.1,low,56.0,2,DEMO_DATA,True
2025-02-10,paradip,17.3,low,53.9,2,DEMO_DATA,True
2025-02-11,paradip,16.4,low,53.2,2,DEMO_DATA,True
2025-02-12,paradip,16.3,low,53.1,2,DEMO_DATA,True
2025-02-13,paradip,14.9,low,51.9,1,DEMO_DATA,True
2025-02-14,paradip,13.6,low,50.9,1,DEMO_DATA,True
2025-02-15,paradip,13.0,low,50.4,1,DEMO_DATA,True
2025-02-16,paradip,15.8,low,52.6,1,DEMO_DATA,True
2025-02-17,paradip,11.3,low,49.0,1,DEMO_DATA,True
2025-02-18,paradip,15.9,low,52.7,1,DEMO_DATA,True
2025-02-19,paradip,17.0,low,53.6,2,DEMO_DATA,True
2025-02-20,paradip,24.8,medium,59.9,3,DEMO_DATA,True
2025-02-21,paradip,27.3,medium,61.8,3,DEMO_DATA,True
2025-02-22,paradip,32.5,medium,66.0,4,DEMO_DATA,True
2025-02-23,paradip,30.5,medium,64.4,3,DEMO_DATA,True
2025-02-24,paradip,39.2,medium,71.3,4,DEMO_DATA,True
2025-02-25,paradip,40.6,medium,72.5,5,DEMO_DATA,True
2025-02-26,paradip,43.4,medium,74.7,5,DEMO_DATA,True
2025-02-27,paradip,40.3,medium,72.2,5,DEMO_DATA,True
2025-02-28,paradip,37.9,medium,70.3,4,DEMO_DATA,True
2025-03-01,paradip,44.7,medium,75.8,5,DEMO_DATA,True
2025-03-02,paradip,56.7,high,85.4,7,DEMO_DATA,True
2025-03-03,paradip,72.5,high,95.0,9,DEMO_DATA,True
2025-03-04,paradip,84.4,high,95.0,10,DEMO_DATA,True
2025-03-05,paradip,94.7,high,95.0,11,DEMO_DATA,True
2025-03-06,paradip,115.4,high,95.0,14,DEMO_DATA,True
2025-03-07,paradip,166.2,high,95.0,20,DEMO_DATA,True
2025-03-08,paradip,227.9,high,95.0,28,DEMO_DATA,True
2025-03-09,paradip,206.1,high,95.0,25,DEMO_DATA,True
2025-03-10,paradip,96.6,high,95.0,12,DEMO_DATA,True
2025-03-11,paradip,106.0,high,95.0,13,DEMO_DATA,True
2025-03-12,paradip,146.0,high,95.0,18,DEMO_DATA,True
2025-03-13,paradip,106.2,high,95.0,13,DEMO_DATA,True
2025-03-14,paradip,85.8,high,95.0,10,DEMO_DATA,True
2025-03-15,paradip,79.0,high,95.0,9,DEMO_DATA,True
2025-03-16,paradip,79.3,high,95.0,9,DEMO_DATA,True
2025-03-17,paradip,106.5,high,95.0,13,DEMO_DATA,True
2025-03-18,paradip,123.6,high,95.0,15,DEMO_DATA,True
2025-03-19,paradip,118.8,high,95.0,14,DEMO_DATA,True
2025-03-20,paradip,84.2,high,95.0,10,DEMO_DATA,True
2025-03-21,paradip,74.4,high,95.0,9,DEMO_DATA,True
2025-03-22,paradip,80.6,high,95.0,10,DEMO_DATA,True
2025-03-23,paradip,62.8,high,90.2,7,DEMO_DATA,True
2025-03-24,paradip,65.8,high,92.6,8,DEMO_DATA,True
2025-03-25,paradip,61.8,high,89.4,7,DEMO_DATA,True
2025-03-26,paradip,56.0,high,84.8,7,DEMO_DATA,True
2025-03-27,paradip,89.1,high,95.0,11,DEMO_DATA,True
2025-03-28,paradip,84.7,high,95.0,10,DEMO_DATA,True
2025-03-29,paradip,77.2,high,95.0,9,DEMO_DATA,True
2025-03-30,paradip,69.7,high,95.0,8,DEMO_DATA,True
2025-03-31,paradip,78.1,high,95.0,9,DEMO_DATA,True
2025-04-01,paradip,109.8,high,95.0,13,DEMO_DATA,True
2025-04-02,paradip,122.3,high,95.0,15,DEMO_DATA,True
2025-04-03,paradip,75.1,high,95.0,9,DEMO_DATA,True
2025-04-04,paradip,75.0,high,95.0,9,DEMO_DATA,True
2025-04-05,paradip,52.8,high,82.2,6,DEMO_DATA,True
2025-04-06,paradip,60.9,high,88.7,7,DEMO_DATA,True
2025-04-07,paradip,45.9,medium,76.7,5,DEMO_DATA,True
2025-04-08,paradip,48.4,high,78.7,6,DEMO_DATA,True
2025-04-09,paradip,32.7,medium,66.2,4,DEMO_DATA,True
2025-04-10,paradip,30.4,medium,64.3,3,DEMO_DATA,True
2025-04-11,paradip,35.1,medium,68.1,4,DEMO_DATA,True
2025-04-12,paradip,28.5,medium,62.8,3,DEMO_DATA,True
2025-04-13,paradip,32.9,medium,66.3,4,DEMO_DATA,True
2025-04-14,paradip,33.4,medium,66.7,4,DEMO_DATA,True
2025-04-15,paradip,37.4,medium,69.9,4,DEMO_DATA,True
2025-04-16,paradip,35.8,medium,68.6,4,DEMO_DATA,True
2025-04-17,paradip,28.3,medium,62.7,3,DEMO_DATA,True
2025-04-18,paradip,29.0,medium,63.2,3,DEMO_DATA,True
2025-04-19,paradip,31.0,medium,64.8,3,DEMO_DATA,True
2025-04-20,paradip,39.4,medium,71.5,4,DEMO_DATA,True
2025-04-21,paradip,49.0,high,79.2,6,DEMO_DATA,True
2025-04-22,paradip,48.9,high,79.1,6,DEMO_DATA,True
2025-04-23,paradip,40.6,medium,72.5,5,DEMO_DATA,True
2025-04-24,paradip,47.3,medium,77.8,5,DEMO_DATA,True
2025-04-25,paradip,49.8,high,79.8,6,DEMO_DATA,True
2025-04-26,paradip,57.5,high,86.0,7,DEMO_DATA,True
2025-04-27,paradip,35.3,medium,68.2,4,DEMO_DATA,True
2025-04-28,paradip,35.2,medium,68.2,4,DEMO_DATA,True
2025-04-29,paradip,46.9,medium,77.6,5,DEMO_DATA,True
2025-04-30,paradip,49.4,high,79.6,6,DEMO_DATA,True
2025-05-01,paradip,51.1,high,80.9,6,DEMO_DATA,True
2025-05-02,paradip,47.0,medium,77.6,5,DEMO_DATA,True
2025-05-03,paradip,49.7,high,79.7,6,DEMO_DATA,True
2025-05-04,paradip,54.2,high,83.4,6,DEMO_DATA,True
2025-05-05,paradip,62.3,high,89.8,7,DEMO_DATA,True
2025-05-06,paradip,38.2,medium,70.5,4,DEMO_DATA,True
2025-05-07,paradip,44.0,medium,75.2,5,DEMO_DATA,True
2025-05-08,paradip,16.2,low,53.0,2,DEMO_DATA,True
2025-05-09,paradip,17.6,low,54.0,2,DEMO_DATA,True
2025-05-10,paradip,23.6,low,58.9,2,DEMO_DATA,True
2025-05-11,paradip,26.1,medium,60.8,3,DEMO_DATA,True
2025-05-12,paradip,25.1,medium,60.1,3,DEMO_DATA,True
2025-05-13,paradip,20.1,low,56.1,2,DEMO_DATA,True
2025-05-14,paradip,12.1,low,49.7,1,DEMO_DATA,True
2025-05-15,paradip,13.2,low,50.5,1,DEMO_DATA,True
2025-05-16,paradip,13.3,low,50.7,1,DEMO_DATA,True
2025-05-17,paradip,17.3,low,53.8,2,DEMO_DATA,True
2025-05-18,paradip,18.6,low,54.9,2,DEMO_DATA,True
2025-05-19,paradip,16.0,low,52.8,1,DEMO_DATA,True
2025-05-20,paradip,15.2,low,52.1,1,DEMO_DATA,True
2025-05-21,paradip,13.4,low,50.7,1,DEMO_DATA,True
2025-05-22,paradip,11.3,low,49.0,1,DEMO_DATA,True
2025-05-23,paradip,14.0,low,51.2,1,DEMO_DATA,True
2025-05-24,paradip,16.5,low,53.2,2,DEMO_DATA,True
2025-05-25,paradip,17.7,low,54.2,2,DEMO_DATA,True
2025-05-26,paradip,18.3,low,54.6,2,DEMO_DATA,True
2025-05-27,paradip,17.7,low,54.1,2,DEMO_DATA,True
2025-05-28,paradip,16.1,low,52.9,2,DEMO_DATA,True
2025-05-29,paradip,17.3,low,53.8,2,DEMO_DATA,True
2025-05-30,paradip,22.6,low,58.1,2,DEMO_DATA,True
2025-05-31,paradip,17.0,low,53.6,2,DEMO_DATA,True
2025-06-01,paradip,18.5,low,54.8,2,DEMO_DATA,True
2025-06-02,paradip,21.5,low,57.2,2,DEMO_DATA,True
2025-06-03,paradip,18.0,low,54.4,2,DEMO_DATA,True
2025-06-04,paradip,20.6,low,56.5,2,DEMO_DATA,True
2025-06-05,paradip,13.4,low,50.7,1,DEMO_DATA,True
2025-06-06,paradip,16.8,low,53.5,2,DEMO_DATA,True
2025-06-07,paradip,22.1,low,57.7,2,DEMO_DATA,True
2025-06-08,paradip,23.9,low,59.1,2,DEMO_DATA,True
2025-06-09,paradip,28.0,medium,62.4,3,DEMO_DATA,True
2025-06-10,paradip,27.2,medium,61.7,3,DEMO_DATA,True
2025-06-11,paradip,25.5,medium,60.4,3,DEMO_DATA,True
2025-06-12,paradip,26.5,medium,61.2,3,DEMO_DATA,True
2025-06-13,paradip,23.7,low,59.0,2,DEMO_DATA,True
2025-06-14,paradip,30.7,medium,64.6,3,DEMO_DATA,True
2025-06-15,paradip,22.2,low,57.8,2,DEMO_DATA,True
2025-06-16,paradip,22.0,low,57.6,2,DEMO_DATA,True
2025-06-17,paradip,26.8,medium,61.5,3,DEMO_DATA,True
2025-06-18,paradip,26.2,medium,60.9,3,DEMO_DATA,True
2025-06-19,paradip,31.6,medium,65.2,3,DEMO_DATA,True
2025-06-20,paradip,40.2,medium,72.2,5,DEMO_DATA,True
2025-06-21,paradip,42.9,medium,74.3,5,DEMO_DATA,True
2025-06-22,paradip,41.2,medium,73.0,5,DEMO_DATA,True
2025-06-23,paradip,36.3,medium,69.0,4,DEMO_DATA,True
2025-06-24,paradip,45.1,medium,76.1,5,DEMO_DATA,True
2025-06-25,paradip,41.4,medium,73.1,5,DEMO_DATA,True
2025-06-26,paradip,47.5,medium,78.0,5,DEMO_DATA,True
2025-06-27,paradip,51.7,high,81.4,6,DEMO_DATA,True
2025-06-28,paradip,53.5,high,82.8,6,DEMO_DATA,True
2025-06-29,paradip,44.4,medium,75.5,5,DEMO_DATA,True
2025-06-30,paradip,41.5,medium,73.2,5,DEMO_DATA,True
2025-07-01,paradip,38.1,medium,70.5,4,DEMO_DATA,True
2025-07-02,paradip,35.6,medium,68.5,4,DEMO_DATA,True
2025-07-03,paradip,42.6,medium,74.1,5,DEMO_DATA,True
2025-07-04,paradip,45.1,medium,76.1,5,DEMO_DATA,True
2025-07-05,paradip,49.1,high,79.3,6,DEMO_DATA,True
2025-07-06,paradip,41.5,medium,73.2,5,DEMO_DATA,True
2025-07-07,paradip,41.4,medium,73.1,5,DEMO_DATA,True
2025-07-08,paradip,35.8,medium,68.7,4,DEMO_DATA,True
2025-07-09,paradip,37.8,medium,70.3,4,DEMO_DATA,True
2025-07-10,paradip,43.9,medium,75.1,5,DEMO_DATA,True
2025-07-11,paradip,34.5,medium,67.6,4,DEMO_DATA,True
2025-07-12,paradip,35.2,medium,68.2,4,DEMO_DATA,True
2025-07-13,paradip,35.4,medium,68.3,4,DEMO_DATA,True
2025-07-14,paradip,41.0,medium,72.8,5,DEMO_DATA,True
2025-07-15,paradip,34.6,medium,67.7,4,DEMO_DATA,True
2025-07-16,paradip,37.0,medium,69.6,4,DEMO_DATA,True
2025-07-17,paradip,32.4,medium,65.9,4,DEMO_DATA,True
2025-07-18,paradip,31.9,medium,65.5,3,DEMO_DATA,True
2025-07-19,paradip,28.5,medium,62.8,3,DEMO_DATA,True
2025-07-20,paradip,35.8,medium,68.6,4,DEMO_DATA,True
2025-07-21,paradip,23.4,low,58.7,2,DEMO_DATA,True
2025-07-22,paradip,31.2,medium,65.0,3,DEMO_DATA,True
2025-07-23,paradip,17.1,low,53.7,2,DEMO_DATA,True
2025-07-24,paradip,18.4,low,54.7,2,DEMO_DATA,True
2025-07-25,paradip,17.8,low,54.2,2,DEMO_DATA,True
2025-07-26,paradip,21.5,low,57.2,2,DEMO_DATA,True
2025-07-27,paradip,12.0,low,49.6,1,DEMO_DATA,True
2025-07-28,paradip,14.7,low,51.7,1,DEMO_DATA,True
2025-07-29,paradip,14.4,low,51.6,1,DEMO_DATA,True
2025-07-30,paradip,17.5,low,54.0,2,DEMO_DATA,True
2025-07-31,paradip,18.4,low,54.7,2,DEMO_DATA,True
2025-08-01,paradip,21.9,low,57.5,2,DEMO_DATA,True
2025-08-02,paradip,19.4,low,55.6,2,DEMO_DATA,True
2025-08-03,paradip,17.9,low,54.3,2,DEMO_DATA,True
2025-08-04,paradip,23.3,low,58.6,2,DEMO_DATA,True
2025-08-05,paradip,21.8,low,57.4,2,DEMO_DATA,True
2025-08-06,paradip,24.1,medium,59.3,3,DEMO_DATA,True
2025-08-07,paradip,27.4,medium,61.9,3,DEMO_DATA,True
2025-08-08,paradip,20.5,low,56.4,2,DEMO_DATA,True
2025-08-09,paradip,22.7,low,58.2,2,DEMO_DATA,True
2025-08-10,paradip,18.8,low,55.0,2,DEMO_DATA,True
2025-08-11,paradip,21.1,low,56.9,2,DEMO_DATA,True
2025-08-12,paradip,14.9,low,51.9,1,DEMO_DATA,True
2025-08-13,paradip,14.1,low,51.3,1,DEMO_DATA,True
2025-08-14,paradip,16.2,low,53.0,2,DEMO_DATA,True
2025-08-15,paradip,14.3,low,51.4,1,DEMO_DATA,True
2025-08-16,paradip,21.3,low,57.0,2,DEMO_DATA,True
2025-08-17,paradip,20.2,low,56.1,2,DEMO_DATA,True
2025-08-18,paradip,22.4,low,57.9,2,DEMO_DATA,True
2025-08-19,paradip,20.8,low,56.7,2,DEMO_DATA,True
2025-08-20,paradip,23.8,low,59.1,2,DEMO_DATA,True
2025-08-21,paradip,15.9,low,52.7,1,DEMO_DATA,True
2025-08-22,paradip,18.0,low,54.4,2,DEMO_DATA,True
2025-08-23,paradip,14.2,low,51.4,1,DEMO_DATA,True
2025-08-24,paradip,12.0,low,49.6,1,DEMO_DATA,True
2025-08-25,paradip,15.6,low,52.5,1,DEMO_DATA,True
2025-08-26,paradip,21.5,low,57.2,2,DEMO_DATA,True
2025-08-27,paradip,22.5,low,58.0,2,DEMO_DATA,True
2025-08-28,paradip,24.4,medium,59.5,3,DEMO_DATA,True
2025-08-29,paradip,13.9,low,51.1,1,DEMO_DATA,True
2025-08-30,paradip,13.8,low,51.1,1,DEMO_DATA,True
2025-08-31,paradip,19.3,low,55.4,2,DEMO_DATA,True
2025-09-01,paradip,14.5,low,51.6,1,DEMO_DATA,True
2025-09-02,paradip,20.3,low,56.3,2,DEMO_DATA,True
2025-09-03,paradip,26.2,medium,61.0,3,DEMO_DATA,True
2025-09-04,paradip,24.7,medium,59.8,3,DEMO_DATA,True
2025-09-05,paradip,28.5,medium,62.8,3,DEMO_DATA,True
2025-09-06,paradip,27.5,medium,62.0,3,DEMO_DATA,True
2025-09-07,paradip,26.9,medium,61.5,3,DEMO_DATA,True
2025-09-08,paradip,32.9,medium,66.3,4,DEMO_DATA,True
2025-09-09,paradip,36.3,medium,69.1,4,DEMO_DATA,True
2025-09-10,paradip,60.6,high,88.5,7,DEMO_DATA,True
2025-09-11,paradip,61.4,high,89.1,7,DEMO_DATA,True
2025-09-12,paradip,42.6,medium,74.1,5,DEMO_DATA,True
2025-09-13,paradip,41.3,medium,73.1,5,DEMO_DATA,True
2025-09-14,paradip,37.9,medium,70.3,4,DEMO_DATA,True
2025-09-15,paradip,26.0,medium,60.8,3,DEMO_DATA,True
2025-09-16,paradip,19.9,low,55.9,2,DEMO_DATA,True
2025-09-17,paradip,14.2,low,51.4,1,DEMO_DATA,True
2025-09-18,paradip,17.7,low,54.1,2,DEMO_DATA,True
2025-09-19,paradip,20.4,low,56.3,2,DEMO_DATA,True
2025-09-20,paradip,17.6,low,54.0,2,DEMO_DATA,True
2025-09-21,paradip,20.8,low,56.6,2,DEMO_DATA,True
2025-09-22,paradip,33.9,medium,67.2,4,DEMO_DATA,True
2025-09-23,paradip,44.2,medium,75.3,5,DEMO_DATA,True
2025-09-24,paradip,36.8,medium,69.5,4,DEMO_DATA,True
2025-09-25,paradip,36.6,medium,69.3,4,DEMO_DATA,True
2025-09-26,paradip,41.5,medium,73.2,5,DEMO_DATA,True
2025-09-27,paradip,33.8,medium,67.1,4,DEMO_DATA,True
2025-09-28,paradip,40.1,medium,72.1,5,DEMO_DATA,True
2025-09-29,paradip,40.5,medium,72.4,5,DEMO_DATA,True
2025-09-30,paradip,29.1,medium,63.3,3,DEMO_DATA,True
2025-10-01,paradip,22.1,low,57.7,2,DEMO_DATA,True
2025-10-02,paradip,26.6,medium,61.3,3,DEMO_DATA,True
2025-10-03,paradip,33.5,medium,66.8,4,DEMO_DATA,True
2025-10-04,paradip,30.9,medium,64.7,3,DEMO_DATA,True
2025-10-05,paradip,33.7,medium,66.9,4,DEMO_DATA,True
2025-10-06,paradip,34.1,medium,67.3,4,DEMO_DATA,True
2025-10-07,paradip,29.8,medium,63.9,3,DEMO_DATA,True
2025-10-08,paradip,37.9,medium,70.3,4,DEMO_DATA,True
2025-10-09,paradip,33.6,medium,66.9,4,DEMO_DATA,True
2025-10-10,paradip,35.0,medium,68.0,4,DEMO_DATA,True
2025-10-11,paradip,24.5,medium,59.6,3,DEMO_DATA,True
2025-10-12,paradip,24.1,medium,59.3,3,DEMO_DATA,True
2025-10-13,paradip,25.0,medium,60.0,3,DEMO_DATA,True
2025-10-14,paradip,30.6,medium,64.5,3,DEMO_DATA,True
2025-10-15,paradip,30.5,medium,64.4,3,DEMO_DATA,True
2025-10-16,paradip,29.0,medium,63.2,3,DEMO_DATA,True
2025-10-17,paradip,36.9,medium,69.5,4,DEMO_DATA,True
2025-10-18,paradip,35.9,medium,68.7,4,DEMO_DATA,True
2025-10-19,paradip,39.8,medium,71.8,4,DEMO_DATA,True
2025-10-20,paradip,47.4,medium,78.0,5,DEMO_DATA,True
2025-10-21,paradip,54.8,high,83.8,6,DEMO_DATA,True
2025-10-22,paradip,46.7,medium,77.4,5,DEMO_DATA,True
2025-10-23,paradip,39.3,medium,71.5,4,DEMO_DATA,True
2025-10-24,paradip,47.1,medium,77.6,5,DEMO_DATA,True
2025-10-25,paradip,42.5,medium,74.0,5,DEMO_DATA,True
2025-10-26,paradip,48.1,high,78.5,6,DEMO_DATA,True
2025-10-27,paradip,48.2,high,78.5,6,DEMO_DATA,True
2025-10-28,paradip,51.7,high,81.4,6,DEMO_DATA,True
2025-10-29,paradip,31.3,medium,65.1,3,DEMO_DATA,True
2025-10-30,paradip,39.8,medium,71.9,4,DEMO_DATA,True
2025-10-31,paradip,33.1,medium,66.5,4,DEMO_DATA,True
2025-11-01,paradip,27.9,medium,62.3,3,DEMO_DATA,True
2025-11-02,paradip,22.1,low,57.7,2,DEMO_DATA,True
2025-11-03,paradip,24.8,medium,59.8,3,DEMO_DATA,True
2025-11-04,paradip,24.6,medium,59.7,3,DEMO_DATA,True
2025-11-05,paradip,31.7,medium,65.4,3,DEMO_DATA,True
2025-11-06,paradip,37.8,medium,70.2,4,DEMO_DATA,True
2025-11-07,paradip,31.5,medium,65.2,3,DEMO_DATA,True
2025-11-08,paradip,27.4,medium,61.9,3,DEMO_DATA,True
2025-11-09,paradip,36.6,medium,69.3,4,DEMO_DATA,True
2025-11-10,paradip,37.8,medium,70.2,4,DEMO_DATA,True
2025-11-11,paradip,35.3,medium,68.3,4,DEMO_DATA,True
2025-11-12,paradip,47.2,medium,77.8,5,DEMO_DATA,True
2025-11-13,paradip,67.1,high,93.7,8,DEMO_DATA,True
2025-11-14,paradip,64.5,high,91.6,8,DEMO_DATA,True
2025-11-15,paradip,50.9,high,80.7,6,DEMO_DATA,True
2025-11-16,paradip,35.1,medium,68.1,4,DEMO_DATA,True
2025-11-17,paradip,38.1,medium,70.4,4,DEMO_DATA,True
2025-11-18,paradip,42.4,medium,73.9,5,DEMO_DATA,True
2025-11-19,paradip,55.9,high,84.7,6,DEMO_DATA,True
2025-11-20,paradip,45.9,medium,76.8,5,DEMO_DATA,True
2025-11-21,paradip,29.0,medium,63.2,3,DEMO_DATA,True
2025-11-22,paradip,25.9,medium,60.7,3,DEMO_DATA,True
2025-11-23,paradip,22.3,low,57.8,2,DEMO_DATA,True
2025-11-24,paradip,32.7,medium,66.2,4,DEMO_DATA,True
2025-11-25,paradip,30.7,medium,64.6,3,DEMO_DATA,True
2025-11-26,paradip,31.9,medium,65.5,3,DEMO_DATA,True
2025-11-27,paradip,25.2,medium,60.2,3,DEMO_DATA,True
2025-11-28,paradip,44.7,medium,75.7,5,DEMO_DATA,True
2025-11-29,paradip,48.9,high,79.1,6,DEMO_DATA,True
2025-11-30,paradip,55.9,high,84.7,6,DEMO_DATA,True
2025-12-01,paradip,44.2,medium,75.4,5,DEMO_DATA,True
2025-12-02,paradip,54.7,high,83.7,6,DEMO_DATA,True
2025-12-03,paradip,41.1,medium,72.9,5,DEMO_DATA,True
2025-12-04,paradip,44.8,medium,75.9,5,DEMO_DATA,True
2025-12-05,paradip,46.0,medium,76.8,5,DEMO_DATA,True
2025-12-06,paradip,44.3,medium,75.5,5,DEMO_DATA,True
2025-12-07,paradip,53.9,high,83.1,6,DEMO_DATA,True
2025-12-08,paradip,63.8,high,91.0,7,DEMO_DATA,True
2025-12-09,paradip,63.6,high,90.9,7,DEMO_DATA,True
2025-12-10,paradip,77.3,high,95.0,9,DEMO_DATA,True
2025-12-11,paradip,117.8,high,95.0,14,DEMO_DATA,True
2025-12-12,paradip,171.4,high,95.0,21,DEMO_DATA,True
2025-12-13,paradip,164.6,high,95.0,20,DEMO_DATA,True
2025-12-14,paradip,164.3,high,95.0,20,DEMO_DATA,True
2025-12-15,paradip,128.8,high,95.0,16,DEMO_DATA,True
2025-12-16,paradip,132.5,high,95.0,16,DEMO_DATA,True
2025-12-17,paradip,85.3,high,95.0,10,DEMO_DATA,True
2025-12-18,paradip,91.5,high,95.0,11,DEMO_DATA,True
2025-12-19,paradip,106.9,high,95.0,13,DEMO_DATA,True
2025-12-20,paradip,78.2,high,95.0,9,DEMO_DATA,True
2025-12-21,paradip,77.1,high,95.0,9,DEMO_DATA,True
2025-12-22,paradip,93.3,high,95.0,11,DEMO_DATA,True
2025-12-23,paradip,86.7,high,95.0,10,DEMO_DATA,True
2025-12-24,paradip,80.0,high,95.0,10,DEMO_DATA,True
2025-12-25,paradip,80.6,high,95.0,10,DEMO_DATA,True
2025-12-26,paradip,61.9,high,89.5,7,DEMO_DATA,True
2025-12-27,paradip,90.0,high,95.0,11,DEMO_DATA,True
2025-12-28,paradip,57.7,high,86.2,7,DEMO_DATA,True
2025-12-29,paradip,55.2,high,84.2,6,DEMO_DATA,True
2025-12-30,paradip,42.5,medium,74.0,5,DEMO_DATA,True
2025-12-31,paradip,29.3,medium,63.4,3,DEMO_DATA,True
2026-01-01,paradip,25.7,medium,60.6,3,DEMO_DATA,True
2026-01-02,paradip,23.8,low,59.0,2,DEMO_DATA,True
2026-01-03,paradip,25.7,medium,60.6,3,DEMO_DATA,True
2026-01-04,paradip,21.6,low,57.3,2,DEMO_DATA,True
2026-01-05,paradip,32.3,medium,65.8,4,DEMO_DATA,True
2026-01-06,paradip,31.2,medium,65.0,3,DEMO_DATA,True
2026-01-07,paradip,24.1,medium,59.3,3,DEMO_DATA,True
2026-01-08,paradip,31.1,medium,64.9,3,DEMO_DATA,True
2026-01-09,paradip,33.1,medium,66.5,4,DEMO_DATA,True
2026-01-10,paradip,30.2,medium,64.2,3,DEMO_DATA,True
2026-01-11,paradip,24.9,medium,59.9,3,DEMO_DATA,True
2026-01-12,paradip,30.4,medium,64.3,3,DEMO_DATA,True
2026-01-13,paradip,32.6,medium,66.1,4,DEMO_DATA,True
2026-01-14,paradip,27.8,medium,62.2,3,DEMO_DATA,True
2026-01-15,paradip,30.7,medium,64.5,3,DEMO_DATA,True
2026-01-16,paradip,30.1,medium,64.1,3,DEMO_DATA,True
2026-01-17,paradip,40.0,medium,72.0,5,DEMO_DATA,True
2026-01-18,paradip,40.9,medium,72.8,5,DEMO_DATA,True
2026-01-19,paradip,34.5,medium,67.6,4,DEMO_DATA,True
2026-01-20,paradip,28.8,medium,63.1,3,DEMO_DATA,True
2026-01-21,paradip,22.5,low,58.0,2,DEMO_DATA,True
2026-01-22,paradip,19.4,low,55.5,2,DEMO_DATA,True
2026-01-23,paradip,23.1,low,58.5,2,DEMO_DATA,True
2026-01-24,paradip,27.1,medium,61.7,3,DEMO_DATA,True
2026-01-25,paradip,23.1,low,58.5,2,DEMO_DATA,True
2026-01-26,paradip,28.0,medium,62.4,3,DEMO_DATA,True
2026-01-27,paradip,26.7,medium,61.4,3,DEMO_DATA,True
2026-01-28,paradip,26.4,medium,61.1,3,DEMO_DATA,True
2026-01-29,paradip,28.6,medium,62.9,3,DEMO_DATA,True
2026-01-30,paradip,22.4,low,57.9,2,DEMO_DATA,True
2026-01-31,paradip,25.8,medium,60.7,3,DEMO_DATA,True
2026-02-01,paradip,31.0,medium,64.8,3,DEMO_DATA,True
2026-02-02,paradip,29.9,medium,63.9,3,DEMO_DATA,True
2026-02-03,paradip,28.3,medium,62.6,3,DEMO_DATA,True
2026-02-04,paradip,33.6,medium,66.9,4,DEMO_DATA,True
2026-02-05,paradip,28.8,medium,63.0,3,DEMO_DATA,True
2026-02-06,paradip,35.4,medium,68.3,4,DEMO_DATA,True
2026-02-07,paradip,43.6,medium,74.9,5,DEMO_DATA,True
2026-02-08,paradip,45.9,medium,76.7,5,DEMO_DATA,True
2026-02-09,paradip,34.2,medium,67.3,4,DEMO_DATA,True
2026-02-10,paradip,37.3,medium,69.9,4,DEMO_DATA,True
2026-02-11,paradip,30.5,medium,64.4,3,DEMO_DATA,True
2026-02-12,paradip,24.6,medium,59.7,3,DEMO_DATA,True
2026-02-13,paradip,28.4,medium,62.7,3,DEMO_DATA,True
2026-02-14,paradip,21.7,low,57.3,2,DEMO_DATA,True
2026-02-15,paradip,25.3,medium,60.2,3,DEMO_DATA,True
2026-02-16,paradip,26.8,medium,61.5,3,DEMO_DATA,True
2026-02-17,paradip,22.4,low,57.9,2,DEMO_DATA,True
2026-02-18,paradip,19.1,low,55.3,2,DEMO_DATA,True
2026-02-19,paradip,24.8,medium,59.8,3,DEMO_DATA,True
2026-02-20,paradip,23.7,low,59.0,2,DEMO_DATA,True
2026-02-21,paradip,27.2,medium,61.7,3,DEMO_DATA,True
2026-02-22,paradip,33.1,medium,66.5,4,DEMO_DATA,True
2026-02-23,paradip,25.1,medium,60.1,3,DEMO_DATA,True
2026-02-24,paradip,26.4,medium,61.1,3,DEMO_DATA,True
2026-02-25,paradip,28.5,medium,62.8,3,DEMO_DATA,True
2026-02-26,paradip,33.4,medium,66.7,4,DEMO_DATA,True
2026-02-27,paradip,36.2,medium,69.0,4,DEMO_DATA,True
2026-02-28,paradip,31.5,medium,65.2,3,DEMO_DATA,True
2026-03-01,paradip,28.9,medium,63.1,3,DEMO_DATA,True
2026-03-02,paradip,31.0,medium,64.8,3,DEMO_DATA,True
2026-03-03,paradip,36.7,medium,69.4,4,DEMO_DATA,True
2026-03-04,paradip,37.8,medium,70.2,4,DEMO_DATA,True
2026-03-05,paradip,41.3,medium,73.1,5,DEMO_DATA,True
2026-03-06,paradip,44.9,medium,75.9,5,DEMO_DATA,True
2026-03-07,paradip,58.6,high,86.9,7,DEMO_DATA,True
2026-03-08,paradip,76.0,high,95.0,9,DEMO_DATA,True
2026-03-09,paradip,95.3,high,95.0,11,DEMO_DATA,True
2026-03-10,paradip,75.6,high,95.0,9,DEMO_DATA,True
2026-03-11,paradip,73.2,high,95.0,9,DEMO_DATA,True
2026-03-12,paradip,79.3,high,95.0,9,DEMO_DATA,True
2026-03-13,paradip,80.6,high,95.0,10,DEMO_DATA,True
2026-03-14,paradip,76.7,high,95.0,9,DEMO_DATA,True
2026-03-15,paradip,72.1,high,95.0,9,DEMO_DATA,True
2026-03-16,paradip,78.7,high,95.0,9,DEMO_DATA,True
2026-03-17,paradip,71.8,high,95.0,8,DEMO_DATA,True
2026-03-18,paradip,44.6,medium,75.7,5,DEMO_DATA,True
2026-03-19,paradip,52.6,high,82.1,6,DEMO_DATA,True
2026-03-20,paradip,51.4,high,81.1,6,DEMO_DATA,True
2026-03-21,paradip,58.6,high,86.9,7,DEMO_DATA,True
2026-03-22,paradip,53.1,high,82.4,6,DEMO_DATA,True
2026-03-23,paradip,49.6,high,79.7,6,DEMO_DATA,True
2026-03-24,paradip,52.5,high,82.0,6,DEMO_DATA,True
2026-03-25,paradip,45.1,medium,76.1,5,DEMO_DATA,True
2026-03-26,paradip,62.3,high,89.8,7,DEMO_DATA,True
2026-03-27,paradip,72.7,high,95.0,9,DEMO_DATA,True
2026-03-28,paradip,61.9,high,89.5,7,DEMO_DATA,True
2026-03-29,paradip,60.1,high,88.1,7,DEMO_DATA,True
2026-03-30,paradip,67.3,high,93.8,8,DEMO_DATA,True
2026-03-31,paradip,63.0,high,90.4,7,DEMO_DATA,True
2026-04-01,paradip,86.5,high,95.0,10,DEMO_DATA,True
2026-04-02,paradip,58.1,high,86.5,7,DEMO_DATA,True
2026-04-03,paradip,63.3,high,90.6,7,DEMO_DATA,True
2026-04-04,paradip,60.8,high,88.7,7,DEMO_DATA,True
2026-04-05,paradip,51.5,high,81.2,6,DEMO_DATA,True
2026-04-06,paradip,50.8,high,80.6,6,DEMO_DATA,True
2026-04-07,paradip,34.3,medium,67.4,4,DEMO_DATA,True
2026-04-08,paradip,50.3,high,80.2,6,DEMO_DATA,True
2026-04-09,paradip,62.5,high,90.0,7,DEMO_DATA,True
2026-04-10,paradip,54.8,high,83.8,6,DEMO_DATA,True
2026-04-11,paradip,67.7,high,94.2,8,DEMO_DATA,True
2026-04-12,paradip,112.8,high,95.0,14,DEMO_DATA,True
2026-04-13,paradip,135.6,high,95.0,16,DEMO_DATA,True
2026-04-14,paradip,162.3,high,95.0,20,DEMO_DATA,True
2026-04-15,paradip,187.3,high,95.0,23,DEMO_DATA,True
2026-04-16,paradip,263.2,high,95.0,32,DEMO_DATA,True
2026-04-17,paradip,300.8,high,95.0,37,DEMO_DATA,True
2026-04-18,paradip,321.5,high,95.0,40,DEMO_DATA,True
2026-04-19,paradip,437.3,high,95.0,54,DEMO_DATA,True
2026-04-20,paradip,309.6,high,95.0,38,DEMO_DATA,True
2026-04-21,paradip,276.5,high,95.0,34,DEMO_DATA,True
2026-04-22,paradip,282.6,high,95.0,35,DEMO_DATA,True
2026-04-23,paradip,309.5,high,95.0,38,DEMO_DATA,True
2026-04-24,paradip,190.3,high,95.0,23,DEMO_DATA,True
2026-04-25,paradip,225.1,high,95.0,28,DEMO_DATA,True
2026-04-26,paradip,252.5,high,95.0,31,DEMO_DATA,True
2026-04-27,paradip,289.1,high,95.0,36,DEMO_DATA,True
2026-04-28,paradip,272.6,high,95.0,34,DEMO_DATA,True
2026-04-29,paradip,313.5,high,95.0,39,DEMO_DATA,True
2026-04-30,paradip,156.0,high,95.0,19,DEMO_DATA,True
2026-05-01,paradip,154.5,high,95.0,19,DEMO_DATA,True
2026-05-02,paradip,109.9,high,95.0,13,DEMO_DATA,True
2026-05-03,paradip,132.4,high,95.0,16,DEMO_DATA,True
2026-05-04,paradip,203.3,high,95.0,25,DEMO_DATA,True
2026-05-05,paradip,216.9,high,95.0,27,DEMO_DATA,True
2026-05-06,paradip,216.9,high,95.0,27,DEMO_DATA,True
2026-05-07,paradip,221.2,high,95.0,27,DEMO_DATA,True
2026-05-08,paradip,240.5,high,95.0,30,DEMO_DATA,True
2026-05-09,paradip,210.5,high,95.0,26,DEMO_DATA,True
2026-05-10,paradip,168.9,high,95.0,21,DEMO_DATA,True
2026-05-11,paradip,182.7,high,95.0,22,DEMO_DATA,True
2026-05-12,paradip,205.1,high,95.0,25,DEMO_DATA,True
2026-05-13,paradip,223.4,high,95.0,27,DEMO_DATA,True
2026-05-14,paradip,152.9,high,95.0,19,DEMO_DATA,True
2026-05-15,paradip,191.7,high,95.0,23,DEMO_DATA,True
2026-05-16,paradip,183.0,high,95.0,22,DEMO_DATA,True
2026-05-17,paradip,196.8,high,95.0,24,DEMO_DATA,True
2026-05-18,paradip,125.7,high,95.0,15,DEMO_DATA,True
2026-05-19,paradip,55.9,high,84.7,6,DEMO_DATA,True
2026-05-20,paradip,68.4,high,94.7,8,DEMO_DATA,True
2026-05-21,paradip,66.5,high,93.2,8,DEMO_DATA,True
2026-05-22,paradip,67.8,high,94.3,8,DEMO_DATA,True
2026-05-23,paradip,64.2,high,91.4,8,DEMO_DATA,True
2026-05-24,paradip,49.2,high,79.3,6,DEMO_DATA,True
2026-05-25,paradip,56.2,high,85.0,7,DEMO_DATA,True
2026-05-26,paradip,36.7,medium,69.4,4,DEMO_DATA,True
2026-05-27,paradip,33.6,medium,66.9,4,DEMO_DATA,True
2026-05-28,paradip,27.5,medium,62.0,3,DEMO_DATA,True
2026-05-29,paradip,29.9,medium,63.9,3,DEMO_DATA,True
2026-05-30,paradip,31.2,medium,65.0,3,DEMO_DATA,True
2026-05-31,paradip,21.4,low,57.1,2,DEMO_DATA,True
2026-06-01,paradip,17.4,low,53.9,2,DEMO_DATA,True
2026-06-02,paradip,19.7,low,55.8,2,DEMO_DATA,True
2026-06-03,paradip,18.0,low,54.4,2,DEMO_DATA,True
2026-06-04,paradip,11.7,low,49.4,1,DEMO_DATA,True
2026-06-05,paradip,16.2,low,53.0,2,DEMO_DATA,True
2026-06-06,paradip,19.7,low,55.8,2,DEMO_DATA,True
2026-06-07,paradip,25.7,medium,60.6,3,DEMO_DATA,True
2026-06-08,paradip,27.7,medium,62.2,3,DEMO_DATA,True
2026-06-09,paradip,35.3,medium,68.2,4,DEMO_DATA,True
2026-06-10,paradip,46.7,medium,77.3,5,DEMO_DATA,True
2026-06-11,paradip,47.4,medium,77.9,5,DEMO_DATA,True
2026-06-12,paradip,33.5,medium,66.8,4,DEMO_DATA,True
2026-06-13,paradip,23.6,low,58.9,2,DEMO_DATA,True
2026-06-14,paradip,28.0,medium,62.4,3,DEMO_DATA,True
2026-06-15,paradip,28.7,medium,63.0,3,DEMO_DATA,True
2026-06-16,paradip,22.7,low,58.2,2,DEMO_DATA,True
2026-06-17,paradip,28.7,medium,63.0,3,DEMO_DATA,True
2026-06-18,paradip,31.8,medium,65.4,3,DEMO_DATA,True
2026-06-19,paradip,28.4,medium,62.7,3,DEMO_DATA,True
2026-06-20,paradip,15.5,low,52.4,1,DEMO_DATA,True
2026-06-21,paradip,16.4,low,53.1,2,DEMO_DATA,True
2026-06-22,paradip,16.8,low,53.5,2,DEMO_DATA,True
2026-06-23,paradip,17.4,low,54.0,2,DEMO_DATA,True
2026-06-24,paradip,13.6,low,50.8,1,DEMO_DATA,True
2026-06-25,paradip,15.3,low,52.2,1,DEMO_DATA,True
2026-06-26,paradip,17.1,low,53.7,2,DEMO_DATA,True
2026-06-27,paradip,18.8,low,55.1,2,DEMO_DATA,True
2026-06-28,paradip,21.8,low,57.5,2,DEMO_DATA,True
2026-06-29,paradip,17.7,low,54.1,2,DEMO_DATA,True
2026-06-30,paradip,21.2,low,57.0,2,DEMO_DATA,True
2026-07-01,paradip,16.1,low,52.9,2,DEMO_DATA,True
2026-07-02,paradip,16.7,low,53.4,2,DEMO_DATA,True
2026-07-03,paradip,15.9,low,52.7,1,DEMO_DATA,True
2026-07-04,paradip,20.5,low,56.4,2,DEMO_DATA,True
2026-07-05,paradip,18.1,low,54.5,2,DEMO_DATA,True
2026-07-06,paradip,16.7,low,53.4,2,DEMO_DATA,True
2026-07-07,paradip,13.9,low,51.1,1,DEMO_DATA,True
2026-07-08,paradip,19.3,low,55.4,2,DEMO_DATA,True
2026-07-09,paradip,23.0,low,58.4,2,DEMO_DATA,True
2026-07-10,paradip,19.6,low,55.6,2,DEMO_DATA,True
2026-07-11,paradip,15.9,low,52.7,1,DEMO_DATA,True
2026-07-12,paradip,17.7,low,54.2,2,DEMO_DATA,True
2026-07-13,paradip,29.5,medium,63.6,3,DEMO_DATA,True
2026-07-14,paradip,23.2,low,58.6,2,DEMO_DATA,True
2026-07-15,paradip,20.2,low,56.2,2,DEMO_DATA,True
2026-07-16,paradip,24.4,medium,59.6,3,DEMO_DATA,True
2026-07-17,paradip,27.7,medium,62.2,3,DEMO_DATA,True
2026-07-18,paradip,22.1,low,57.7,2,DEMO_DATA,True
2026-07-19,paradip,20.6,low,56.5,2,DEMO_DATA,True
2026-07-20,paradip,26.4,medium,61.1,3,DEMO_DATA,True
2026-07-21,paradip,18.8,low,55.0,2,DEMO_DATA,True
2026-07-22,paradip,21.1,low,56.9,2,DEMO_DATA,True
2026-07-23,paradip,22.6,low,58.1,2,DEMO_DATA,True
2026-07-24,paradip,24.9,medium,59.9,3,DEMO_DATA,True
2026-07-25,paradip,19.0,low,55.2,2,DEMO_DATA,True
2026-07-26,paradip,19.8,low,55.9,2,DEMO_DATA,True
2026-07-27,paradip,18.1,low,54.5,2,DEMO_DATA,True
2026-07-28,paradip,23.2,low,58.5,2,DEMO_DATA,True
2026-07-29,paradip,18.5,low,54.8,2,DEMO_DATA,True
2026-07-30,paradip,22.9,low,58.3,2,DEMO_DATA,True
2026-07-31,paradip,23.0,low,58.4,2,DEMO_DATA,True
2026-08-01,paradip,31.2,medium,64.9,3,DEMO_DATA,True
2026-08-02,paradip,21.9,low,57.5,2,DEMO_DATA,True
2026-08-03,paradip,21.5,low,57.2,2,DEMO_DATA,True
2026-08-04,paradip,14.6,low,51.7,1,DEMO_DATA,True
2026-08-05,paradip,17.6,low,54.1,2,DEMO_DATA,True
2026-08-06,paradip,15.4,low,52.3,1,DEMO_DATA,True
2026-08-07,paradip,14.4,low,51.6,1,DEMO_DATA,True
2026-08-08,paradip,13.6,low,50.9,1,DEMO_DATA,True
2026-08-09,paradip,13.6,low,50.9,1,DEMO_DATA,True
2026-08-10,paradip,16.6,low,53.3,2,DEMO_DATA,True
2026-08-11,paradip,16.1,low,52.8,2,DEMO_DATA,True
2026-08-12,paradip,14.3,low,51.4,1,DEMO_DATA,True
2026-08-13,paradip,13.2,low,50.5,1,DEMO_DATA,True
2026-08-14,paradip,13.9,low,51.1,1,DEMO_DATA,True
2026-08-15,paradip,12.3,low,49.9,1,DEMO_DATA,True
2026-08-16,paradip,13.9,low,51.1,1,DEMO_DATA,True
2026-08-17,paradip,14.6,low,51.7,1,DEMO_DATA,True
2026-08-18,paradip,20.2,low,56.2,2,DEMO_DATA,True
2026-08-19,paradip,18.4,low,54.7,2,DEMO_DATA,True
2026-08-20,paradip,13.7,low,50.9,1,DEMO_DATA,True
2026-08-21,paradip,12.4,low,49.9,1,DEMO_DATA,True
2026-08-22,paradip,12.2,low,49.8,1,DEMO_DATA,True
2026-08-23,paradip,13.1,low,50.5,1,DEMO_DATA,True
2026-08-24,paradip,15.7,low,52.5,1,DEMO_DATA,True
2026-08-25,paradip,14.8,low,51.8,1,DEMO_DATA,True
2026-08-26,paradip,13.2,low,50.6,1,DEMO_DATA,True
2026-08-27,paradip,14.9,low,51.9,1,DEMO_DATA,True
2026-08-28,paradip,16.8,low,53.4,2,DEMO_DATA,True
2026-08-29,paradip,25.1,medium,60.1,3,DEMO_DATA,True
2026-08-30,paradip,29.5,medium,63.6,3,DEMO_DATA,True
2026-08-31,paradip,23.8,low,59.1,2,DEMO_DATA,True
2026-09-01,paradip,16.2,low,52.9,2,DEMO_DATA,True
2026-09-02,paradip,16.4,low,53.1,2,DEMO_DATA,True
2026-09-03,paradip,16.9,low,53.5,2,DEMO_DATA,True
2026-09-04,paradip,16.2,low,53.0,2,DEMO_DATA,True
2026-09-05,paradip,18.0,low,54.4,2,DEMO_DATA,True
2026-09-06,paradip,13.9,low,51.1,1,DEMO_DATA,True
2026-09-07,paradip,12.4,low,49.9,1,DEMO_DATA,True
2026-09-08,paradip,12.4,low,50.0,1,DEMO_DATA,True
2026-09-09,paradip,13.1,low,50.5,1,DEMO_DATA,True
2026-09-10,paradip,21.3,low,57.0,2,DEMO_DATA,True
2026-09-11,paradip,19.8,low,55.8,2,DEMO_DATA,True
2026-09-12,paradip,18.5,low,54.8,2,DEMO_DATA,True
2026-09-13,paradip,23.1,low,58.5,2,DEMO_DATA,True
2026-09-14,paradip,28.0,medium,62.4,3,DEMO_DATA,True
2020-01-01,visakhapatnam,27.0,medium,61.6,3,DEMO_DATA,True
2020-01-02,visakhapatnam,33.9,medium,67.1,4,DEMO_DATA,True
2020-01-03,visakhapatnam,36.6,medium,69.3,4,DEMO_DATA,True
2020-01-04,visakhapatnam,35.7,medium,68.6,4,DEMO_DATA,True
2020-01-05,visakhapatnam,45.6,medium,76.5,5,DEMO_DATA,True
2020-01-06,visakhapatnam,44.8,medium,75.8,5,DEMO_DATA,True
2020-01-07,visakhapatnam,42.6,medium,74.1,5,DEMO_DATA,True
2020-01-08,visakhapatnam,34.1,medium,67.3,4,DEMO_DATA,True
2020-01-09,visakhapatnam,39.7,medium,71.7,4,DEMO_DATA,True
2020-01-10,visakhapatnam,33.8,medium,67.0,4,DEMO_DATA,True
2020-01-11,visakhapatnam,29.7,medium,63.8,3,DEMO_DATA,True
2020-01-12,visakhapatnam,40.1,medium,72.0,5,DEMO_DATA,True
2020-01-13,visakhapatnam,45.5,medium,76.4,5,DEMO_DATA,True
2020-01-14,visakhapatnam,47.4,medium,77.9,5,DEMO_DATA,True
2020-01-15,visakhapatnam,52.1,high,81.7,6,DEMO_DATA,True
2020-01-16,visakhapatnam,52.9,high,82.3,6,DEMO_DATA,True
2020-01-17,visakhapatnam,54.8,high,83.8,6,DEMO_DATA,True
2020-01-18,visakhapatnam,62.8,high,90.2,7,DEMO_DATA,True
2020-01-19,visakhapatnam,62.3,high,89.8,7,DEMO_DATA,True
2020-01-20,visakhapatnam,60.1,high,88.1,7,DEMO_DATA,True
2020-01-21,visakhapatnam,94.3,high,95.0,11,DEMO_DATA,True
2020-01-22,visakhapatnam,103.0,high,95.0,12,DEMO_DATA,True
2020-01-23,visakhapatnam,97.7,high,95.0,12,DEMO_DATA,True
2020-01-24,visakhapatnam,50.9,high,80.7,6,DEMO_DATA,True
2020-01-25,visakhapatnam,46.5,medium,77.2,5,DEMO_DATA,True
2020-01-26,visakhapatnam,41.3,medium,73.0,5,DEMO_DATA,True
2020-01-27,visakhapatnam,43.3,medium,74.6,5,DEMO_DATA,True
2020-01-28,visakhapatnam,32.0,medium,65.6,4,DEMO_DATA,True
2020-01-29,visakhapatnam,23.9,low,59.1,2,DEMO_DATA,True
2020-01-30,visakhapatnam,25.7,medium,60.5,3,DEMO_DATA,True
2020-01-31,visakhapatnam,25.6,medium,60.5,3,DEMO_DATA,True
2020-02-01,visakhapatnam,25.3,medium,60.2,3,DEMO_DATA,True
2020-02-02,visakhapatnam,21.6,low,57.3,2,DEMO_DATA,True
2020-02-03,visakhapatnam,8.8,low,47.0,1,DEMO_DATA,True
2020-02-04,visakhapatnam,10.0,low,48.0,1,DEMO_DATA,True
2020-02-05,visakhapatnam,9.0,low,47.2,1,DEMO_DATA,True
2020-02-06,visakhapatnam,8.4,low,46.7,1,DEMO_DATA,True
2020-02-07,visakhapatnam,10.3,low,48.2,1,DEMO_DATA,True
2020-02-08,visakhapatnam,12.1,low,49.6,1,DEMO_DATA,True
2020-02-09,visakhapatnam,14.4,low,51.5,1,DEMO_DATA,True
2020-02-10,visakhapatnam,14.5,low,51.6,1,DEMO_DATA,True
2020-02-11,visakhapatnam,22.1,low,57.7,2,DEMO_DATA,True
2020-02-12,visakhapatnam,20.6,low,56.5,2,DEMO_DATA,True
2020-02-13,visakhapatnam,18.8,low,55.1,2,DEMO_DATA,True
2020-02-14,visakhapatnam,28.0,medium,62.4,3,DEMO_DATA,True
2020-02-15,visakhapatnam,30.0,medium,64.0,3,DEMO_DATA,True
2020-02-16,visakhapatnam,25.8,medium,60.6,3,DEMO_DATA,True
2020-02-17,visakhapatnam,20.7,low,56.6,2,DEMO_DATA,True
2020-02-18,visakhapatnam,28.6,medium,62.9,3,DEMO_DATA,True
2020-02-19,visakhapatnam,33.3,medium,66.6,4,DEMO_DATA,True
2020-02-20,visakhapatnam,28.9,medium,63.1,3,DEMO_DATA,True
2020-02-21,visakhapatnam,28.3,medium,62.7,3,DEMO_DATA,True
2020-02-22,visakhapatnam,21.6,low,57.3,2,DEMO_DATA,True
2020-02-23,visakhapatnam,12.0,low,49.6,1,DEMO_DATA,True
2020-02-24,visakhapatnam,10.6,low,48.5,1,DEMO_DATA,True
2020-02-25,visakhapatnam,10.3,low,48.2,1,DEMO_DATA,True
2020-02-26,visakhapatnam,9.8,low,47.8,1,DEMO_DATA,True
2020-02-27,visakhapatnam,11.6,low,49.3,1,DEMO_DATA,True
2020-02-28,visakhapatnam,13.5,low,50.8,1,DEMO_DATA,True
2020-02-29,visakhapatnam,12.7,low,50.2,1,DEMO_DATA,True
2020-03-01,visakhapatnam,13.7,low,51.0,1,DEMO_DATA,True
2020-03-02,visakhapatnam,9.9,low,47.9,1,DEMO_DATA,True
2020-03-03,visakhapatnam,9.3,low,47.5,1,DEMO_DATA,True
2020-03-04,visakhapatnam,10.4,low,48.3,1,DEMO_DATA,True
2020-03-05,visakhapatnam,12.9,low,50.3,1,DEMO_DATA,True
2020-03-06,visakhapatnam,20.1,low,56.1,2,DEMO_DATA,True
2020-03-07,visakhapatnam,27.9,medium,62.3,3,DEMO_DATA,True
2020-03-08,visakhapatnam,22.3,low,57.9,2,DEMO_DATA,True
2020-03-09,visakhapatnam,28.6,medium,62.9,3,DEMO_DATA,True
2020-03-10,visakhapatnam,29.8,medium,63.9,3,DEMO_DATA,True
2020-03-11,visakhapatnam,31.3,medium,65.0,3,DEMO_DATA,True
2020-03-12,visakhapatnam,34.3,medium,67.5,4,DEMO_DATA,True
2020-03-13,visakhapatnam,34.4,medium,67.5,4,DEMO_DATA,True
2020-03-14,visakhapatnam,30.5,medium,64.4,3,DEMO_DATA,True
2020-03-15,visakhapatnam,28.7,medium,62.9,3,DEMO_DATA,True
2020-03-16,visakhapatnam,40.3,medium,72.3,5,DEMO_DATA,True
2020-03-17,visakhapatnam,34.9,medium,67.9,4,DEMO_DATA,True
2020-03-18,visakhapatnam,44.0,medium,75.2,5,DEMO_DATA,True
2020-03-19,visakhapatnam,50.7,high,80.6,6,DEMO_DATA,True
2020-03-20,visakhapatnam,63.5,high,90.8,7,DEMO_DATA,True
2020-03-21,visakhapatnam,63.4,high,90.7,7,DEMO_DATA,True
2020-03-22,visakhapatnam,50.7,high,80.6,6,DEMO_DATA,True
2020-03-23,visakhapatnam,46.1,medium,76.9,5,DEMO_DATA,True
2020-03-24,visakhapatnam,51.9,high,81.5,6,DEMO_DATA,True
2020-03-25,visakhapatnam,36.8,medium,69.5,4,DEMO_DATA,True
2020-03-26,visakhapatnam,40.1,medium,72.1,5,DEMO_DATA,True
2020-03-27,visakhapatnam,39.7,medium,71.8,4,DEMO_DATA,True
2020-03-28,visakhapatnam,36.2,medium,68.9,4,DEMO_DATA,True
2020-03-29,visakhapatnam,30.2,medium,64.1,3,DEMO_DATA,True
2020-03-30,visakhapatnam,28.5,medium,62.8,3,DEMO_DATA,True
2020-03-31,visakhapatnam,26.7,medium,61.4,3,DEMO_DATA,True
2020-04-01,visakhapatnam,25.5,medium,60.4,3,DEMO_DATA,True
2020-04-02,visakhapatnam,33.0,medium,66.4,4,DEMO_DATA,True
2020-04-03,visakhapatnam,33.5,medium,66.8,4,DEMO_DATA,True
2020-04-04,visakhapatnam,29.8,medium,63.9,3,DEMO_DATA,True
2020-04-05,visakhapatnam,33.1,medium,66.5,4,DEMO_DATA,True
2020-04-06,visakhapatnam,38.9,medium,71.2,4,DEMO_DATA,True
2020-04-07,visakhapatnam,36.4,medium,69.1,4,DEMO_DATA,True
2020-04-08,visakhapatnam,39.5,medium,71.6,4,DEMO_DATA,True
2020-04-09,visakhapatnam,31.0,medium,64.8,3,DEMO_DATA,True
2020-04-10,visakhapatnam,36.5,medium,69.2,4,DEMO_DATA,True
2020-04-11,visakhapatnam,41.7,medium,73.4,5,DEMO_DATA,True
2020-04-12,visakhapatnam,41.8,medium,73.4,5,DEMO_DATA,True
2020-04-13,visakhapatnam,44.1,medium,75.3,5,DEMO_DATA,True
2020-04-14,visakhapatnam,28.7,medium,62.9,3,DEMO_DATA,True
2020-04-15,visakhapatnam,35.1,medium,68.1,4,DEMO_DATA,True
2020-04-16,visakhapatnam,41.0,medium,72.8,5,DEMO_DATA,True
2020-04-17,visakhapatnam,47.6,medium,78.0,5,DEMO_DATA,True
2020-04-18,visakhapatnam,27.8,medium,62.2,3,DEMO_DATA,True
2020-04-19,visakhapatnam,35.0,medium,68.0,4,DEMO_DATA,True
2020-04-20,visakhapatnam,32.9,medium,66.3,4,DEMO_DATA,True
2020-04-21,visakhapatnam,27.4,medium,61.9,3,DEMO_DATA,True
2020-04-22,visakhapatnam,22.5,low,58.0,2,DEMO_DATA,True
2020-04-23,visakhapatnam,22.3,low,57.8,2,DEMO_DATA,True
2020-04-24,visakhapatnam,23.3,low,58.7,2,DEMO_DATA,True
2020-04-25,visakhapatnam,23.1,low,58.5,2,DEMO_DATA,True
2020-04-26,visakhapatnam,21.2,low,56.9,2,DEMO_DATA,True
2020-04-27,visakhapatnam,20.0,low,56.0,2,DEMO_DATA,True
2020-04-28,visakhapatnam,19.8,low,55.8,2,DEMO_DATA,True
2020-04-29,visakhapatnam,17.2,low,53.8,2,DEMO_DATA,True
2020-04-30,visakhapatnam,22.5,low,58.0,2,DEMO_DATA,True
2020-05-01,visakhapatnam,28.5,medium,62.8,3,DEMO_DATA,True
2020-05-02,visakhapatnam,33.6,medium,66.9,4,DEMO_DATA,True
2020-05-03,visakhapatnam,33.3,medium,66.6,4,DEMO_DATA,True
2020-05-04,visakhapatnam,24.9,medium,59.9,3,DEMO_DATA,True
2020-05-05,visakhapatnam,22.7,low,58.2,2,DEMO_DATA,True
2020-05-06,visakhapatnam,18.9,low,55.1,2,DEMO_DATA,True
2020-05-07,visakhapatnam,16.7,low,53.4,2,DEMO_DATA,True
2020-05-08,visakhapatnam,14.0,low,51.2,1,DEMO_DATA,True
2020-05-09,visakhapatnam,15.7,low,52.6,1,DEMO_DATA,True
2020-05-10,visakhapatnam,10.5,low,48.4,1,DEMO_DATA,True
2020-05-11,visakhapatnam,11.9,low,49.5,1,DEMO_DATA,True
2020-05-12,visakhapatnam,8.4,low,46.7,1,DEMO_DATA,True
2020-05-13,visakhapatnam,9.9,low,47.9,1,DEMO_DATA,True
2020-05-14,visakhapatnam,10.6,low,48.5,1,DEMO_DATA,True
2020-05-15,visakhapatnam,10.3,low,48.2,1,DEMO_DATA,True
2020-05-16,visakhapatnam,9.1,low,47.3,1,DEMO_DATA,True
2020-05-17,visakhapatnam,8.5,low,46.8,1,DEMO_DATA,True
2020-05-18,visakhapatnam,8.4,low,46.7,1,DEMO_DATA,True
2020-05-19,visakhapatnam,8.4,low,46.7,1,DEMO_DATA,True
2020-05-20,visakhapatnam,8.4,low,46.7,1,DEMO_DATA,True
2020-05-21,visakhapatnam,8.4,low,46.7,1,DEMO_DATA,True
2020-05-22,visakhapatnam,9.7,low,47.8,1,DEMO_DATA,True
2020-05-23,visakhapatnam,11.2,low,49.0,1,DEMO_DATA,True
2020-05-24,visakhapatnam,14.2,low,51.4,1,DEMO_DATA,True
2020-05-25,visakhapatnam,16.4,low,53.1,2,DEMO_DATA,True
2020-05-26,visakhapatnam,19.2,low,55.4,2,DEMO_DATA,True
2020-05-27,visakhapatnam,20.4,low,56.3,2,DEMO_DATA,True
2020-05-28,visakhapatnam,22.4,low,57.9,2,DEMO_DATA,True
2020-05-29,visakhapatnam,10.6,low,48.5,1,DEMO_DATA,True
2020-05-30,visakhapatnam,10.3,low,48.2,1,DEMO_DATA,True
2020-05-31,visakhapatnam,9.1,low,47.3,1,DEMO_DATA,True
2020-06-01,visakhapatnam,11.5,low,49.2,1,DEMO_DATA,True
2020-06-02,visakhapatnam,16.5,low,53.2,2,DEMO_DATA,True
2020-06-03,visakhapatnam,19.9,low,55.9,2,DEMO_DATA,True
2020-06-04,visakhapatnam,18.5,low,54.8,2,DEMO_DATA,True
2020-06-05,visakhapatnam,16.0,low,52.8,1,DEMO_DATA,True
2020-06-06,visakhapatnam,17.5,low,54.0,2,DEMO_DATA,True
2020-06-07,visakhapatnam,24.5,medium,59.6,3,DEMO_DATA,True
2020-06-08,visakhapatnam,17.0,low,53.6,2,DEMO_DATA,True
2020-06-09,visakhapatnam,16.5,low,53.2,2,DEMO_DATA,True
2020-06-10,visakhapatnam,20.7,low,56.6,2,DEMO_DATA,True
2020-06-11,visakhapatnam,23.2,low,58.6,2,DEMO_DATA,True
2020-06-12,visakhapatnam,19.9,low,55.9,2,DEMO_DATA,True
2020-06-13,visakhapatnam,21.0,low,56.8,2,DEMO_DATA,True
2020-06-14,visakhapatnam,21.4,low,57.2,2,DEMO_DATA,True
2020-06-15,visakhapatnam,19.6,low,55.7,2,DEMO_DATA,True
2020-06-16,visakhapatnam,20.8,low,56.7,2,DEMO_DATA,True
2020-06-17,visakhapatnam,19.7,low,55.8,2,DEMO_DATA,True
2020-06-18,visakhapatnam,16.5,low,53.2,2,DEMO_DATA,True
2020-06-19,visakhapatnam,20.0,low,56.0,2,DEMO_DATA,True
2020-06-20,visakhapatnam,20.0,low,56.0,2,DEMO_DATA,True
2020-06-21,visakhapatnam,18.0,low,54.4,2,DEMO_DATA,True
2020-06-22,visakhapatnam,31.7,medium,65.4,3,DEMO_DATA,True
2020-06-23,visakhapatnam,29.5,medium,63.6,3,DEMO_DATA,True
2020-06-24,visakhapatnam,27.4,medium,61.9,3,DEMO_DATA,True
2020-06-25,visakhapatnam,29.8,medium,63.9,3,DEMO_DATA,True
2020-06-26,visakhapatnam,28.5,medium,62.8,3,DEMO_DATA,True
2020-06-27,visakhapatnam,30.2,medium,64.2,3,DEMO_DATA,True
2020-06-28,visakhapatnam,22.9,low,58.3,2,DEMO_DATA,True
2020-06-29,visakhapatnam,24.9,medium,59.9,3,DEMO_DATA,True
2020-06-30,visakhapatnam,22.2,low,57.7,2,DEMO_DATA,True
2020-07-01,visakhapatnam,25.0,medium,60.0,3,DEMO_DATA,True
2020-07-02,visakhapatnam,27.9,medium,62.3,3,DEMO_DATA,True
2020-07-03,visakhapatnam,29.1,medium,63.3,3,DEMO_DATA,True
2020-07-04,visakhapatnam,29.2,medium,63.3,3,DEMO_DATA,True
2020-07-05,visakhapatnam,30.2,medium,64.1,3,DEMO_DATA,True
2020-07-06,visakhapatnam,22.3,low,57.8,2,DEMO_DATA,True
2020-07-07,visakhapatnam,27.1,medium,61.7,3,DEMO_DATA,True
2020-07-08,visakhapatnam,25.8,medium,60.7,3,DEMO_DATA,True
2020-07-09,visakhapatnam,25.6,medium,60.5,3,DEMO_DATA,True
2020-07-10,visakhapatnam,31.7,medium,65.3,3,DEMO_DATA,True
2020-07-11,visakhapatnam,28.9,medium,63.1,3,DEMO_DATA,True
2020-07-12,visakhapatnam,36.3,medium,69.1,4,DEMO_DATA,True
2020-07-13,visakhapatnam,42.7,medium,74.2,5,DEMO_DATA,True
2020-07-14,visakhapatnam,36.9,medium,69.5,4,DEMO_DATA,True
2020-07-15,visakhapatnam,36.6,medium,69.3,4,DEMO_DATA,True
2020-07-16,visakhapatnam,40.0,medium,72.0,4,DEMO_DATA,True
2020-07-17,visakhapatnam,39.2,medium,71.4,4,DEMO_DATA,True
2020-07-18,visakhapatnam,45.3,medium,76.3,5,DEMO_DATA,True
2020-07-19,visakhapatnam,33.6,medium,66.9,4,DEMO_DATA,True
2020-07-20,visakhapatnam,42.3,medium,73.8,5,DEMO_DATA,True
2020-07-21,visakhapatnam,38.4,medium,70.8,4,DEMO_DATA,True
2020-07-22,visakhapatnam,39.1,medium,71.3,4,DEMO_DATA,True
2020-07-23,visakhapatnam,31.9,medium,65.5,3,DEMO_DATA,True
2020-07-24,visakhapatnam,36.2,medium,68.9,4,DEMO_DATA,True
2020-07-25,visakhapatnam,29.5,medium,63.6,3,DEMO_DATA,True
2020-07-26,visakhapatnam,28.6,medium,62.9,3,DEMO_DATA,True
2020-07-27,visakhapatnam,32.6,medium,66.0,4,DEMO_DATA,True
2020-07-28,visakhapatnam,32.3,medium,65.8,4,DEMO_DATA,True
2020-07-29,visakhapatnam,24.8,medium,59.8,3,DEMO_DATA,True
2020-07-30,visakhapatnam,22.4,low,57.9,2,DEMO_DATA,True
2020-07-31,visakhapatnam,21.4,low,57.1,2,DEMO_DATA,True
2020-08-01,visakhapatnam,18.5,low,54.8,2,DEMO_DATA,True
2020-08-02,visakhapatnam,16.8,low,53.4,2,DEMO_DATA,True
2020-08-03,visakhapatnam,25.6,medium,60.4,3,DEMO_DATA,True
2020-08-04,visakhapatnam,27.5,medium,62.0,3,DEMO_DATA,True
2020-08-05,visakhapatnam,26.3,medium,61.0,3,DEMO_DATA,True
2020-08-06,visakhapatnam,21.6,low,57.2,2,DEMO_DATA,True
2020-08-07,visakhapatnam,24.1,medium,59.3,3,DEMO_DATA,True
2020-08-08,visakhapatnam,27.1,medium,61.7,3,DEMO_DATA,True
2020-08-09,visakhapatnam,20.9,low,56.7,2,DEMO_DATA,True
2020-08-10,visakhapatnam,22.6,low,58.1,2,DEMO_DATA,True
2020-08-11,visakhapatnam,22.5,low,58.0,2,DEMO_DATA,True
2020-08-12,visakhapatnam,20.1,low,56.1,2,DEMO_DATA,True
2020-08-13,visakhapatnam,22.4,low,57.9,2,DEMO_DATA,True
2020-08-14,visakhapatnam,20.9,low,56.7,2,DEMO_DATA,True
2020-08-15,visakhapatnam,25.5,medium,60.4,3,DEMO_DATA,True
2020-08-16,visakhapatnam,25.1,medium,60.1,3,DEMO_DATA,True
2020-08-17,visakhapatnam,14.5,low,51.6,1,DEMO_DATA,True
2020-08-18,visakhapatnam,16.2,low,52.9,2,DEMO_DATA,True
2020-08-19,visakhapatnam,18.2,low,54.6,2,DEMO_DATA,True
2020-08-20,visakhapatnam,25.4,medium,60.3,3,DEMO_DATA,True
2020-08-21,visakhapatnam,26.8,medium,61.4,3,DEMO_DATA,True
2020-08-22,visakhapatnam,34.4,medium,67.5,4,DEMO_DATA,True
2020-08-23,visakhapatnam,26.0,medium,60.8,3,DEMO_DATA,True
2020-08-24,visakhapatnam,19.9,low,55.9,2,DEMO_DATA,True
2020-08-25,visakhapatnam,15.4,low,52.3,1,DEMO_DATA,True
2020-08-26,visakhapatnam,16.4,low,53.1,2,DEMO_DATA,True
2020-08-27,visakhapatnam,16.5,low,53.2,2,DEMO_DATA,True
2020-08-28,visakhapatnam,16.4,low,53.1,2,DEMO_DATA,True
2020-08-29,visakhapatnam,13.7,low,51.0,1,DEMO_DATA,True
2020-08-30,visakhapatnam,16.9,low,53.5,2,DEMO_DATA,True
2020-08-31,visakhapatnam,15.6,low,52.5,1,DEMO_DATA,True
2020-09-01,visakhapatnam,14.3,low,51.4,1,DEMO_DATA,True
2020-09-02,visakhapatnam,15.2,low,52.1,1,DEMO_DATA,True
2020-09-03,visakhapatnam,17.8,low,54.2,2,DEMO_DATA,True
2020-09-04,visakhapatnam,13.8,low,51.0,1,DEMO_DATA,True
2020-09-05,visakhapatnam,12.2,low,49.8,1,DEMO_DATA,True
2020-09-06,visakhapatnam,19.2,low,55.4,2,DEMO_DATA,True
2020-09-07,visakhapatnam,23.7,low,58.9,2,DEMO_DATA,True
2020-09-08,visakhapatnam,30.3,medium,64.2,3,DEMO_DATA,True
2020-09-09,visakhapatnam,31.5,medium,65.2,3,DEMO_DATA,True
2020-09-10,visakhapatnam,39.3,medium,71.4,4,DEMO_DATA,True
2020-09-11,visakhapatnam,44.5,medium,75.6,5,DEMO_DATA,True
2020-09-12,visakhapatnam,34.1,medium,67.3,4,DEMO_DATA,True
2020-09-13,visakhapatnam,36.9,medium,69.5,4,DEMO_DATA,True
2020-09-14,visakhapatnam,25.0,medium,60.0,3,DEMO_DATA,True
2020-09-15,visakhapatnam,28.1,medium,62.4,3,DEMO_DATA,True
2020-09-16,visakhapatnam,29.2,medium,63.4,3,DEMO_DATA,True
2020-09-17,visakhapatnam,28.8,medium,63.0,3,DEMO_DATA,True
2020-09-18,visakhapatnam,30.5,medium,64.4,3,DEMO_DATA,True
2020-09-19,visakhapatnam,35.8,medium,68.7,4,DEMO_DATA,True
2020-09-20,visakhapatnam,47.8,medium,78.2,5,DEMO_DATA,True
2020-09-21,visakhapatnam,42.4,medium,73.9,5,DEMO_DATA,True
2020-09-22,visakhapatnam,40.3,medium,72.2,5,DEMO_DATA,True
2020-09-23,visakhapatnam,47.7,medium,78.2,5,DEMO_DATA,True
2020-09-24,visakhapatnam,37.5,medium,70.0,4,DEMO_DATA,True
2020-09-25,visakhapatnam,36.3,medium,69.0,4,DEMO_DATA,True
2020-09-26,visakhapatnam,31.0,medium,64.8,3,DEMO_DATA,True
2020-09-27,visakhapatnam,34.3,medium,67.5,4,DEMO_DATA,True
2020-09-28,visakhapatnam,30.3,medium,64.2,3,DEMO_DATA,True
2020-09-29,visakhapatnam,19.6,low,55.7,2,DEMO_DATA,True
2020-09-30,visakhapatnam,21.7,low,57.4,2,DEMO_DATA,True
2020-10-01,visakhapatnam,16.5,low,53.2,2,DEMO_DATA,True
2020-10-02,visakhapatnam,20.4,low,56.3,2,DEMO_DATA,True
2020-10-03,visakhapatnam,17.6,low,54.1,2,DEMO_DATA,True
2020-10-04,visakhapatnam,13.9,low,51.1,1,DEMO_DATA,True
2020-10-05,visakhapatnam,13.7,low,51.0,1,DEMO_DATA,True
2020-10-06,visakhapatnam,13.7,low,51.0,1,DEMO_DATA,True
2020-10-07,visakhapatnam,16.5,low,53.2,2,DEMO_DATA,True
2020-10-08,visakhapatnam,18.5,low,54.8,2,DEMO_DATA,True
2020-10-09,visakhapatnam,18.9,low,55.1,2,DEMO_DATA,True
2020-10-10,visakhapatnam,22.6,low,58.1,2,DEMO_DATA,True
2020-10-11,visakhapatnam,18.2,low,54.5,2,DEMO_DATA,True
2020-10-12,visakhapatnam,17.4,low,54.0,2,DEMO_DATA,True
2020-10-13,visakhapatnam,17.8,low,54.3,2,DEMO_DATA,True
2020-10-14,visakhapatnam,17.0,low,53.6,2,DEMO_DATA,True
2020-10-15,visakhapatnam,21.5,low,57.2,2,DEMO_DATA,True
2020-10-16,visakhapatnam,19.7,low,55.8,2,DEMO_DATA,True
2020-10-17,visakhapatnam,24.5,medium,59.6,3,DEMO_DATA,True
2020-10-18,visakhapatnam,26.1,medium,60.8,3,DEMO_DATA,True
2020-10-19,visakhapatnam,25.2,medium,60.2,3,DEMO_DATA,True
2020-10-20,visakhapatnam,26.8,medium,61.5,3,DEMO_DATA,True
2020-10-21,visakhapatnam,27.1,medium,61.7,3,DEMO_DATA,True
2020-10-22,visakhapatnam,29.4,medium,63.5,3,DEMO_DATA,True
2020-10-23,visakhapatnam,35.8,medium,68.7,4,DEMO_DATA,True
2020-10-24,visakhapatnam,19.9,low,55.9,2,DEMO_DATA,True
2020-10-25,visakhapatnam,21.5,low,57.2,2,DEMO_DATA,True
2020-10-26,visakhapatnam,22.6,low,58.1,2,DEMO_DATA,True
2020-10-27,visakhapatnam,27.2,medium,61.8,3,DEMO_DATA,True
2020-10-28,visakhapatnam,27.7,medium,62.2,3,DEMO_DATA,True
2020-10-29,visakhapatnam,28.1,medium,62.5,3,DEMO_DATA,True
2020-10-30,visakhapatnam,26.6,medium,61.3,3,DEMO_DATA,True
2020-10-31,visakhapatnam,30.5,medium,64.4,3,DEMO_DATA,True
2020-11-01,visakhapatnam,23.9,low,59.1,2,DEMO_DATA,True
2020-11-02,visakhapatnam,22.2,low,57.7,2,DEMO_DATA,True
2020-11-03,visakhapatnam,19.6,low,55.6,2,DEMO_DATA,True
2020-11-04,visakhapatnam,19.4,low,55.5,2,DEMO_DATA,True
2020-11-05,visakhapatnam,18.9,low,55.1,2,DEMO_DATA,True
2020-11-06,visakhapatnam,22.7,low,58.2,2,DEMO_DATA,True
2020-11-07,visakhapatnam,22.8,low,58.3,2,DEMO_DATA,True
2020-11-08,visakhapatnam,19.9,low,55.9,2,DEMO_DATA,True
2020-11-09,visakhapatnam,29.2,medium,63.4,3,DEMO_DATA,True
2020-11-10,visakhapatnam,34.4,medium,67.5,4,DEMO_DATA,True
2020-11-11,visakhapatnam,34.9,medium,67.9,4,DEMO_DATA,True
2020-11-12,visakhapatnam,28.8,medium,63.0,3,DEMO_DATA,True
2020-11-13,visakhapatnam,31.2,medium,65.0,3,DEMO_DATA,True
2020-11-14,visakhapatnam,31.4,medium,65.1,3,DEMO_DATA,True
2020-11-15,visakhapatnam,37.3,medium,69.8,4,DEMO_DATA,True
2020-11-16,visakhapatnam,33.9,medium,67.2,4,DEMO_DATA,True
2020-11-17,visakhapatnam,26.2,medium,61.0,3,DEMO_DATA,True
2020-11-18,visakhapatnam,29.4,medium,63.5,3,DEMO_DATA,True
2020-11-19,visakhapatnam,31.3,medium,65.0,3,DEMO_DATA,True
2020-11-20,visakhapatnam,36.9,medium,69.5,4,DEMO_DATA,True
2020-11-21,visakhapatnam,28.7,medium,62.9,3,DEMO_DATA,True
2020-11-22,visakhapatnam,28.7,medium,63.0,3,DEMO_DATA,True
2020-11-23,visakhapatnam,27.3,medium,61.9,3,DEMO_DATA,True
2020-11-24,visakhapatnam,25.2,medium,60.1,3,DEMO_DATA,True
2020-11-25,visakhapatnam,25.8,medium,60.7,3,DEMO_DATA,True
2020-11-26,visakhapatnam,31.2,medium,64.9,3,DEMO_DATA,True
2020-11-27,visakhapatnam,22.7,low,58.2,2,DEMO_DATA,True
2020-11-28,visakhapatnam,25.7,medium,60.5,3,DEMO_DATA,True
2020-11-29,visakhapatnam,27.7,medium,62.2,3,DEMO_DATA,True
2020-11-30,visakhapatnam,39.9,medium,72.0,4,DEMO_DATA,True
2020-12-01,visakhapatnam,42.9,medium,74.4,5,DEMO_DATA,True
2020-12-02,visakhapatnam,44.3,medium,75.4,5,DEMO_DATA,True
2020-12-03,visakhapatnam,45.9,medium,76.8,5,DEMO_DATA,True
2020-12-04,visakhapatnam,52.4,high,81.9,6,DEMO_DATA,True
2020-12-05,visakhapatnam,61.1,high,88.9,7,DEMO_DATA,True
2020-12-06,visakhapatnam,68.6,high,94.9,8,DEMO_DATA,True
2020-12-07,visakhapatnam,62.8,high,90.3,7,DEMO_DATA,True
2020-12-08,visakhapatnam,72.2,high,95.0,9,DEMO_DATA,True
2020-12-09,visakhapatnam,78.0,high,95.0,9,DEMO_DATA,True
2020-12-10,visakhapatnam,93.5,high,95.0,11,DEMO_DATA,True
2020-12-11,visakhapatnam,104.2,high,95.0,13,DEMO_DATA,True
2020-12-12,visakhapatnam,92.2,high,95.0,11,DEMO_DATA,True
2020-12-13,visakhapatnam,97.5,high,95.0,12,DEMO_DATA,True
2020-12-14,visakhapatnam,76.2,high,95.0,9,DEMO_DATA,True
2020-12-15,visakhapatnam,76.6,high,95.0,9,DEMO_DATA,True
2020-12-16,visakhapatnam,68.6,high,94.8,8,DEMO_DATA,True
2020-12-17,visakhapatnam,86.1,high,95.0,10,DEMO_DATA,True
2020-12-18,visakhapatnam,96.6,high,95.0,12,DEMO_DATA,True
2020-12-19,visakhapatnam,108.6,high,95.0,13,DEMO_DATA,True
2020-12-20,visakhapatnam,124.5,high,95.0,15,DEMO_DATA,True
2020-12-21,visakhapatnam,117.9,high,95.0,14,DEMO_DATA,True
2020-12-22,visakhapatnam,100.8,high,95.0,12,DEMO_DATA,True
2020-12-23,visakhapatnam,84.6,high,95.0,10,DEMO_DATA,True
2020-12-24,visakhapatnam,83.6,high,95.0,10,DEMO_DATA,True
2020-12-25,visakhapatnam,55.2,high,84.2,6,DEMO_DATA,True
2020-12-26,visakhapatnam,57.0,high,85.6,7,DEMO_DATA,True
2020-12-27,visakhapatnam,46.6,medium,77.3,5,DEMO_DATA,True
2020-12-28,visakhapatnam,62.7,high,90.2,7,DEMO_DATA,True
2020-12-29,visakhapatnam,81.7,high,95.0,10,DEMO_DATA,True
2020-12-30,visakhapatnam,100.7,high,95.0,12,DEMO_DATA,True
2020-12-31,visakhapatnam,101.9,high,95.0,12,DEMO_DATA,True
2021-01-01,visakhapatnam,118.5,high,95.0,14,DEMO_DATA,True
2021-01-02,visakhapatnam,138.1,high,95.0,17,DEMO_DATA,True
2021-01-03,visakhapatnam,135.3,high,95.0,16,DEMO_DATA,True
2021-01-04,visakhapatnam,149.9,high,95.0,18,DEMO_DATA,True
2021-01-05,visakhapatnam,130.6,high,95.0,16,DEMO_DATA,True
2021-01-06,visakhapatnam,143.6,high,95.0,17,DEMO_DATA,True
2021-01-07,visakhapatnam,131.7,high,95.0,16,DEMO_DATA,True
2021-01-08,visakhapatnam,132.1,high,95.0,16,DEMO_DATA,True
2021-01-09,visakhapatnam,106.4,high,95.0,13,DEMO_DATA,True
2021-01-10,visakhapatnam,114.3,high,95.0,14,DEMO_DATA,True
2021-01-11,visakhapatnam,82.8,high,95.0,10,DEMO_DATA,True
2021-01-12,visakhapatnam,44.1,medium,75.3,5,DEMO_DATA,True
2021-01-13,visakhapatnam,44.2,medium,75.4,5,DEMO_DATA,True
2021-01-14,visakhapatnam,53.1,high,82.5,6,DEMO_DATA,True
2021-01-15,visakhapatnam,52.2,high,81.8,6,DEMO_DATA,True
2021-01-16,visakhapatnam,39.9,medium,71.9,4,DEMO_DATA,True
2021-01-17,visakhapatnam,37.6,medium,70.1,4,DEMO_DATA,True
2021-01-18,visakhapatnam,42.7,medium,74.1,5,DEMO_DATA,True
2021-01-19,visakhapatnam,50.7,high,80.6,6,DEMO_DATA,True
2021-01-20,visakhapatnam,40.6,medium,72.5,5,DEMO_DATA,True
2021-01-21,visakhapatnam,44.1,medium,75.2,5,DEMO_DATA,True
2021-01-22,visakhapatnam,51.2,high,81.0,6,DEMO_DATA,True
2021-01-23,visakhapatnam,49.5,high,79.6,6,DEMO_DATA,True
2021-01-24,visakhapatnam,46.0,medium,76.8,5,DEMO_DATA,True
2021-01-25,visakhapatnam,38.4,medium,70.7,4,DEMO_DATA,True
2021-01-26,visakhapatnam,29.3,medium,63.4,3,DEMO_DATA,True
2021-01-27,visakhapatnam,32.1,medium,65.7,4,DEMO_DATA,True
2021-01-28,visakhapatnam,38.8,medium,71.0,4,DEMO_DATA,True
2021-01-29,visakhapatnam,31.1,medium,64.9,3,DEMO_DATA,True
2021-01-30,visakhapatnam,34.5,medium,67.6,4,DEMO_DATA,True
2021-01-31,visakhapatnam,35.2,medium,68.1,4,DEMO_DATA,True
2021-02-01,visakhapatnam,25.9,medium,60.7,3,DEMO_DATA,True
2021-02-02,visakhapatnam,25.8,medium,60.6,3,DEMO_DATA,True
2021-02-03,visakhapatnam,30.6,medium,64.5,3,DEMO_DATA,True
2021-02-04,visakhapatnam,32.2,medium,65.7,4,DEMO_DATA,True
2021-02-05,visakhapatnam,28.1,medium,62.5,3,DEMO_DATA,True
2021-02-06,visakhapatnam,32.2,medium,65.7,4,DEMO_DATA,True
2021-02-07,visakhapatnam,35.8,medium,68.6,4,DEMO_DATA,True
2021-02-08,visakhapatnam,21.9,low,57.5,2,DEMO_DATA,True
2021-02-09,visakhapatnam,18.7,low,55.0,2,DEMO_DATA,True
2021-02-10,visakhapatnam,26.6,medium,61.3,3,DEMO_DATA,True
2021-02-11,visakhapatnam,30.8,medium,64.7,3,DEMO_DATA,True
2021-02-12,visakhapatnam,31.8,medium,65.5,3,DEMO_DATA,True
2021-02-13,visakhapatnam,38.2,medium,70.6,4,DEMO_DATA,True
2021-02-14,visakhapatnam,36.0,medium,68.8,4,DEMO_DATA,True
2021-02-15,visakhapatnam,31.8,medium,65.4,3,DEMO_DATA,True
2021-02-16,visakhapatnam,29.4,medium,63.5,3,DEMO_DATA,True
2021-02-17,visakhapatnam,36.1,medium,68.9,4,DEMO_DATA,True
2021-02-18,visakhapatnam,40.9,medium,72.7,5,DEMO_DATA,True
2021-02-19,visakhapatnam,37.0,medium,69.6,4,DEMO_DATA,True
2021-02-20,visakhapatnam,19.3,low,55.4,2,DEMO_DATA,True
2021-02-21,visakhapatnam,18.8,low,55.0,2,DEMO_DATA,True
2021-02-22,visakhapatnam,25.6,medium,60.5,3,DEMO_DATA,True
2021-02-23,visakhapatnam,23.8,low,59.0,2,DEMO_DATA,True
2021-02-24,visakhapatnam,27.5,medium,62.0,3,DEMO_DATA,True
2021-02-25,visakhapatnam,21.5,low,57.2,2,DEMO_DATA,True
2021-02-26,visakhapatnam,13.8,low,51.1,1,DEMO_DATA,True
2021-02-27,visakhapatnam,18.7,low,55.0,2,DEMO_DATA,True
2021-02-28,visakhapatnam,22.8,low,58.2,2,DEMO_DATA,True
2021-03-01,visakhapatnam,18.3,low,54.6,2,DEMO_DATA,True
2021-03-02,visakhapatnam,19.3,low,55.4,2,DEMO_DATA,True
2021-03-03,visakhapatnam,18.3,low,54.7,2,DEMO_DATA,True
2021-03-04,visakhapatnam,24.2,medium,59.3,3,DEMO_DATA,True
2021-03-05,visakhapatnam,19.8,low,55.9,2,DEMO_DATA,True
2021-03-06,visakhapatnam,21.6,low,57.3,2,DEMO_DATA,True
2021-03-07,visakhapatnam,23.5,low,58.8,2,DEMO_DATA,True
2021-03-08,visakhapatnam,20.3,low,56.2,2,DEMO_DATA,True
2021-03-09,visakhapatnam,21.5,low,57.2,2,DEMO_DATA,True
2021-03-10,visakhapatnam,30.3,medium,64.3,3,DEMO_DATA,True
2021-03-11,visakhapatnam,39.7,medium,71.8,4,DEMO_DATA,True
2021-03-12,visakhapatnam,36.3,medium,69.0,4,DEMO_DATA,True
2021-03-13,visakhapatnam,42.5,medium,74.0,5,DEMO_DATA,True
2021-03-14,visakhapatnam,38.3,medium,70.7,4,DEMO_DATA,True
2021-03-15,visakhapatnam,22.3,low,57.9,2,DEMO_DATA,True
2021-03-16,visakhapatnam,31.1,medium,64.9,3,DEMO_DATA,True
2021-03-17,visakhapatnam,27.5,medium,62.0,3,DEMO_DATA,True
2021-03-18,visakhapatnam,30.1,medium,64.1,3,DEMO_DATA,True
2021-03-19,visakhapatnam,23.4,low,58.7,2,DEMO_DATA,True
2021-03-20,visakhapatnam,21.3,low,57.0,2,DEMO_DATA,True
2021-03-21,visakhapatnam,26.5,medium,61.2,3,DEMO_DATA,True
2021-03-22,visakhapatnam,16.5,low,53.2,2,DEMO_DATA,True
2021-03-23,visakhapatnam,12.5,low,50.0,1,DEMO_DATA,True
2021-03-24,visakhapatnam,10.6,low,48.5,1,DEMO_DATA,True
2021-03-25,visakhapatnam,11.2,low,49.0,1,DEMO_DATA,True
2021-03-26,visakhapatnam,9.6,low,47.7,1,DEMO_DATA,True
2021-03-27,visakhapatnam,12.9,low,50.3,1,DEMO_DATA,True
2021-03-28,visakhapatnam,13.1,low,50.5,1,DEMO_DATA,True
2021-03-29,visakhapatnam,14.3,low,51.5,1,DEMO_DATA,True
2021-03-30,visakhapatnam,13.9,low,51.1,1,DEMO_DATA,True
2021-03-31,visakhapatnam,12.5,low,50.0,1,DEMO_DATA,True
2021-04-01,visakhapatnam,14.5,low,51.6,1,DEMO_DATA,True
2021-04-02,visakhapatnam,14.6,low,51.7,1,DEMO_DATA,True
2021-04-03,visakhapatnam,18.4,low,54.7,2,DEMO_DATA,True
2021-04-04,visakhapatnam,24.1,medium,59.3,3,DEMO_DATA,True
2021-04-05,visakhapatnam,22.8,low,58.2,2,DEMO_DATA,True
2021-04-06,visakhapatnam,22.7,low,58.2,2,DEMO_DATA,True
2021-04-07,visakhapatnam,24.1,medium,59.3,3,DEMO_DATA,True
2021-04-08,visakhapatnam,18.1,low,54.5,2,DEMO_DATA,True
2021-04-09,visakhapatnam,15.1,low,52.1,1,DEMO_DATA,True
2021-04-10,visakhapatnam,11.0,low,48.8,1,DEMO_DATA,True
2021-04-11,visakhapatnam,11.2,low,49.0,1,DEMO_DATA,True
2021-04-12,visakhapatnam,11.0,low,48.8,1,DEMO_DATA,True
2021-04-13,visakhapatnam,13.1,low,50.5,1,DEMO_DATA,True
2021-04-14,visakhapatnam,13.5,low,50.8,1,DEMO_DATA,True
2021-04-15,visakhapatnam,13.9,low,51.1,1,DEMO_DATA,True
2021-04-16,visakhapatnam,14.7,low,51.8,1,DEMO_DATA,True
2021-04-17,visakhapatnam,18.3,low,54.6,2,DEMO_DATA,True
2021-04-18,visakhapatnam,20.4,low,56.3,2,DEMO_DATA,True
2021-04-19,visakhapatnam,14.8,low,51.9,1,DEMO_DATA,True
2021-04-20,visakhapatnam,13.9,low,51.2,1,DEMO_DATA,True
2021-04-21,visakhapatnam,15.5,low,52.4,1,DEMO_DATA,True
2021-04-22,visakhapatnam,18.2,low,54.5,2,DEMO_DATA,True
2021-04-23,visakhapatnam,19.6,low,55.7,2,DEMO_DATA,True
2021-04-24,visakhapatnam,14.5,low,51.6,1,DEMO_DATA,True
2021-04-25,visakhapatnam,14.3,low,51.4,1,DEMO_DATA,True
2021-04-26,visakhapatnam,13.0,low,50.4,1,DEMO_DATA,True
2021-04-27,visakhapatnam,13.4,low,50.7,1,DEMO_DATA,True
2021-04-28,visakhapatnam,13.5,low,50.8,1,DEMO_DATA,True
2021-04-29,visakhapatnam,14.7,low,51.8,1,DEMO_DATA,True
2021-04-30,visakhapatnam,16.5,low,53.2,2,DEMO_DATA,True
2021-05-01,visakhapatnam,17.5,low,54.0,2,DEMO_DATA,True
2021-05-02,visakhapatnam,23.4,low,58.7,2,DEMO_DATA,True
2021-05-03,visakhapatnam,27.0,medium,61.6,3,DEMO_DATA,True
2021-05-04,visakhapatnam,33.5,medium,66.8,4,DEMO_DATA,True
2021-05-05,visakhapatnam,22.2,low,57.8,2,DEMO_DATA,True
2021-05-06,visakhapatnam,25.1,medium,60.1,3,DEMO_DATA,True
2021-05-07,visakhapatnam,23.0,low,58.4,2,DEMO_DATA,True
2021-05-08,visakhapatnam,19.9,low,55.9,2,DEMO_DATA,True
2021-05-09,visakhapatnam,21.1,low,56.9,2,DEMO_DATA,True
2021-05-10,visakhapatnam,18.9,low,55.1,2,DEMO_DATA,True
2021-05-11,visakhapatnam,17.5,low,54.0,2,DEMO_DATA,True
2021-05-12,visakhapatnam,18.4,low,54.7,2,DEMO_DATA,True
2021-05-13,visakhapatnam,12.6,low,50.0,1,DEMO_DATA,True
2021-05-14,visakhapatnam,13.0,low,50.4,1,DEMO_DATA,True
2021-05-15,visakhapatnam,16.6,low,53.3,2,DEMO_DATA,True
2021-05-16,visakhapatnam,17.2,low,53.7,2,DEMO_DATA,True
2021-05-17,visakhapatnam,18.0,low,54.4,2,DEMO_DATA,True
2021-05-18,visakhapatnam,20.0,low,56.0,2,DEMO_DATA,True
2021-05-19,visakhapatnam,16.8,low,53.5,2,DEMO_DATA,True
2021-05-20,visakhapatnam,17.8,low,54.2,2,DEMO_DATA,True
2021-05-21,visakhapatnam,19.5,low,55.6,2,DEMO_DATA,True
2021-05-22,visakhapatnam,21.9,low,57.5,2,DEMO_DATA,True
2021-05-23,visakhapatnam,25.9,medium,60.7,3,DEMO_DATA,True
2021-05-24,visakhapatnam,26.0,medium,60.8,3,DEMO_DATA,True
2021-05-25,visakhapatnam,17.1,low,53.7,2,DEMO_DATA,True
2021-05-26,visakhapatnam,21.8,low,57.4,2,DEMO_DATA,True
2021-05-27,visakhapatnam,21.2,low,56.9,2,DEMO_DATA,True
2021-05-28,visakhapatnam,15.3,low,52.3,1,DEMO_DATA,True
2021-05-29,visakhapatnam,16.1,low,52.9,2,DEMO_DATA,True
2021-05-30,visakhapatnam,17.8,low,54.2,2,DEMO_DATA,True
2021-05-31,visakhapatnam,24.7,medium,59.8,3,DEMO_DATA,True
2021-06-01,visakhapatnam,22.1,low,57.7,2,DEMO_DATA,True
2021-06-02,visakhapatnam,20.2,low,56.1,2,DEMO_DATA,True
2021-06-03,visakhapatnam,22.7,low,58.2,2,DEMO_DATA,True
2021-06-04,visakhapatnam,22.2,low,57.7,2,DEMO_DATA,True
2021-06-05,visakhapatnam,22.0,low,57.6,2,DEMO_DATA,True
2021-06-06,visakhapatnam,27.8,medium,62.3,3,DEMO_DATA,True
2021-06-07,visakhapatnam,14.0,low,51.2,1,DEMO_DATA,True
2021-06-08,visakhapatnam,15.0,low,52.0,1,DEMO_DATA,True
2021-06-09,visakhapatnam,16.7,low,53.3,2,DEMO_DATA,True
2021-06-10,visakhapatnam,16.3,low,53.0,2,DEMO_DATA,True
2021-06-11,visakhapatnam,15.9,low,52.7,1,DEMO_DATA,True
2021-06-12,visakhapatnam,18.4,low,54.7,2,DEMO_DATA,True
2021-06-13,visakhapatnam,13.8,low,51.0,1,DEMO_DATA,True
2021-06-14,visakhapatnam,14.5,low,51.6,1,DEMO_DATA,True
2021-06-15,visakhapatnam,15.7,low,52.6,1,DEMO_DATA,True
2021-06-16,visakhapatnam,16.8,low,53.5,2,DEMO_DATA,True
2021-06-17,visakhapatnam,21.6,low,57.2,2,DEMO_DATA,True
2021-06-18,visakhapatnam,25.4,medium,60.4,3,DEMO_DATA,True
2021-06-19,visakhapatnam,30.0,medium,64.0,3,DEMO_DATA,True
2021-06-20,visakhapatnam,23.6,low,58.9,2,DEMO_DATA,True
2021-06-21,visakhapatnam,26.4,medium,61.1,3,DEMO_DATA,True
2021-06-22,visakhapatnam,21.6,low,57.3,2,DEMO_DATA,True
2021-06-23,visakhapatnam,18.4,low,54.7,2,DEMO_DATA,True
2021-06-24,visakhapatnam,20.2,low,56.2,2,DEMO_DATA,True
2021-06-25,visakhapatnam,17.7,low,54.1,2,DEMO_DATA,True
2021-06-26,visakhapatnam,14.0,low,51.2,1,DEMO_DATA,True
2021-06-27,visakhapatnam,12.7,low,50.1,1,DEMO_DATA,True
2021-06-28,visakhapatnam,12.5,low,50.0,1,DEMO_DATA,True
2021-06-29,visakhapatnam,13.7,low,51.0,1,DEMO_DATA,True
2021-06-30,visakhapatnam,17.0,low,53.6,2,DEMO_DATA,True
2021-07-01,visakhapatnam,19.6,low,55.7,2,DEMO_DATA,True
2021-07-02,visakhapatnam,13.7,low,51.0,1,DEMO_DATA,True
2021-07-03,visakhapatnam,14.7,low,51.8,1,DEMO_DATA,True
2021-07-04,visakhapatnam,13.6,low,50.9,1,DEMO_DATA,True
2021-07-05,visakhapatnam,11.7,low,49.3,1,DEMO_DATA,True
2021-07-06,visakhapatnam,17.2,low,53.8,2,DEMO_DATA,True
2021-07-07,visakhapatnam,16.6,low,53.3,2,DEMO_DATA,True
2021-07-08,visakhapatnam,17.6,low,54.1,2,DEMO_DATA,True
2021-07-09,visakhapatnam,20.0,low,56.0,2,DEMO_DATA,True
2021-07-10,visakhapatnam,20.8,low,56.7,2,DEMO_DATA,True
2021-07-11,visakhapatnam,21.2,low,57.0,2,DEMO_DATA,True
2021-07-12,visakhapatnam,22.2,low,57.7,2,DEMO_DATA,True
2021-07-13,visakhapatnam,24.8,medium,59.9,3,DEMO_DATA,True
2021-07-14,visakhapatnam,19.9,low,55.9,2,DEMO_DATA,True
2021-07-15,visakhapatnam,20.1,low,56.1,2,DEMO_DATA,True
2021-07-16,visakhapatnam,23.8,low,59.0,2,DEMO_DATA,True
2021-07-17,visakhapatnam,20.3,low,56.3,2,DEMO_DATA,True
2021-07-18,visakhapatnam,30.9,medium,64.7,3,DEMO_DATA,True
2021-07-19,visakhapatnam,36.5,medium,69.2,4,DEMO_DATA,True
2021-07-20,visakhapatnam,23.5,low,58.8,2,DEMO_DATA,True
2021-07-21,visakhapatnam,29.9,medium,63.9,3,DEMO_DATA,True
2021-07-22,visakhapatnam,31.1,medium,64.9,3,DEMO_DATA,True
2021-07-23,visakhapatnam,36.2,medium,68.9,4,DEMO_DATA,True
2021-07-24,visakhapatnam,31.7,medium,65.4,3,DEMO_DATA,True
2021-07-25,visakhapatnam,48.0,high,78.4,6,DEMO_DATA,True
2021-07-26,visakhapatnam,61.3,high,89.1,7,DEMO_DATA,True
2021-07-27,visakhapatnam,41.5,medium,73.2,5,DEMO_DATA,True
2021-07-28,visakhapatnam,38.3,medium,70.7,4,DEMO_DATA,True
2021-07-29,visakhapatnam,45.9,medium,76.7,5,DEMO_DATA,True
2021-07-30,visakhapatnam,42.9,medium,74.3,5,DEMO_DATA,True
2021-07-31,visakhapatnam,25.6,medium,60.5,3,DEMO_DATA,True
2021-08-01,visakhapatnam,36.5,medium,69.2,4,DEMO_DATA,True
2021-08-02,visakhapatnam,40.1,medium,72.1,5,DEMO_DATA,True
2021-08-03,visakhapatnam,33.8,medium,67.0,4,DEMO_DATA,True
2021-08-04,visakhapatnam,30.1,medium,64.1,3,DEMO_DATA,True
2021-08-05,visakhapatnam,28.6,medium,62.8,3,DEMO_DATA,True
2021-08-06,visakhapatnam,20.1,low,56.0,2,DEMO_DATA,True
2021-08-07,visakhapatnam,19.8,low,55.8,2,DEMO_DATA,True
2021-08-08,visakhapatnam,22.6,low,58.1,2,DEMO_DATA,True
2021-08-09,visakhapatnam,24.3,medium,59.4,3,DEMO_DATA,True
2021-08-10,visakhapatnam,24.0,low,59.2,2,DEMO_DATA,True
2021-08-11,visakhapatnam,27.0,medium,61.6,3,DEMO_DATA,True
2021-08-12,visakhapatnam,22.9,low,58.3,2,DEMO_DATA,True
2021-08-13,visakhapatnam,27.3,medium,61.9,3,DEMO_DATA,True
2021-08-14,visakhapatnam,17.8,low,54.3,2,DEMO_DATA,True
2021-08-15,visakhapatnam,21.4,low,57.1,2,DEMO_DATA,True
2021-08-16,visakhapatnam,25.0,medium,60.0,3,DEMO_DATA,True
2021-08-17,visakhapatnam,31.9,medium,65.5,3,DEMO_DATA,True
2021-08-18,visakhapatnam,30.7,medium,64.6,3,DEMO_DATA,True
2021-08-19,visakhapatnam,30.4,medium,64.4,3,DEMO_DATA,True
2021-08-20,visakhapatnam,20.3,low,56.2,2,DEMO_DATA,True
2021-08-21,visakhapatnam,19.0,low,55.2,2,DEMO_DATA,True
2021-08-22,visakhapatnam,20.9,low,56.7,2,DEMO_DATA,True
2021-08-23,visakhapatnam,27.3,medium,61.8,3,DEMO_DATA,True
2021-08-24,visakhapatnam,21.0,low,56.8,2,DEMO_DATA,True
2021-08-25,visakhapatnam,21.2,low,57.0,2,DEMO_DATA,True
2021-08-26,visakhapatnam,18.3,low,54.6,2,DEMO_DATA,True
2021-08-27,visakhapatnam,17.8,low,54.3,2,DEMO_DATA,True
2021-08-28,visakhapatnam,18.3,low,54.6,2,DEMO_DATA,True
2021-08-29,visakhapatnam,12.7,low,50.2,1,DEMO_DATA,True
2021-08-30,visakhapatnam,18.1,low,54.5,2,DEMO_DATA,True
2021-08-31,visakhapatnam,18.3,low,54.6,2,DEMO_DATA,True
2021-09-01,visakhapatnam,14.9,low,51.9,1,DEMO_DATA,True
2021-09-02,visakhapatnam,17.1,low,53.7,2,DEMO_DATA,True
2021-09-03,visakhapatnam,17.4,low,53.9,2,DEMO_DATA,True
2021-09-04,visakhapatnam,19.7,low,55.8,2,DEMO_DATA,True
2021-09-05,visakhapatnam,22.1,low,57.7,2,DEMO_DATA,True
2021-09-06,visakhapatnam,20.9,low,56.7,2,DEMO_DATA,True
2021-09-07,visakhapatnam,14.1,low,51.3,1,DEMO_DATA,True
2021-09-08,visakhapatnam,16.7,low,53.4,2,DEMO_DATA,True
2021-09-09,visakhapatnam,13.3,low,50.7,1,DEMO_DATA,True
2021-09-10,visakhapatnam,14.9,low,51.9,1,DEMO_DATA,True
2021-09-11,visakhapatnam,19.7,low,55.7,2,DEMO_DATA,True
2021-09-12,visakhapatnam,20.5,low,56.4,2,DEMO_DATA,True
2021-09-13,visakhapatnam,21.8,low,57.4,2,DEMO_DATA,True
2021-09-14,visakhapatnam,36.3,medium,69.0,4,DEMO_DATA,True
2021-09-15,visakhapatnam,46.7,medium,77.4,5,DEMO_DATA,True
2021-09-16,visakhapatnam,58.2,high,86.6,7,DEMO_DATA,True
2021-09-17,visakhapatnam,57.5,high,86.0,7,DEMO_DATA,True
2021-09-18,visakhapatnam,50.1,high,80.0,6,DEMO_DATA,True
2021-09-19,visakhapatnam,47.6,medium,78.1,5,DEMO_DATA,True
2021-09-20,visakhapatnam,45.4,medium,76.3,5,DEMO_DATA,True
2021-09-21,visakhapatnam,51.1,high,80.8,6,DEMO_DATA,True
2021-09-22,visakhapatnam,41.6,medium,73.3,5,DEMO_DATA,True
2021-09-23,visakhapatnam,30.7,medium,64.5,3,DEMO_DATA,True
2021-09-24,visakhapatnam,31.0,medium,64.8,3,DEMO_DATA,True
2021-09-25,visakhapatnam,38.9,medium,71.1,4,DEMO_DATA,True
2021-09-26,visakhapatnam,47.1,medium,77.7,5,DEMO_DATA,True
2021-09-27,visakhapatnam,31.0,medium,64.8,3,DEMO_DATA,True
2021-09-28,visakhapatnam,34.8,medium,67.8,4,DEMO_DATA,True
2021-09-29,visakhapatnam,37.2,medium,69.7,4,DEMO_DATA,True
2021-09-30,visakhapatnam,43.3,medium,74.6,5,DEMO_DATA,True
2021-10-01,visakhapatnam,39.9,medium,71.9,4,DEMO_DATA,True
2021-10-02,visakhapatnam,44.2,medium,75.4,5,DEMO_DATA,True
2021-10-03,visakhapatnam,44.8,medium,75.8,5,DEMO_DATA,True
2021-10-04,visakhapatnam,42.4,medium,73.9,5,DEMO_DATA,True
2021-10-05,visakhapatnam,32.1,medium,65.7,4,DEMO_DATA,True
2021-10-06,visakhapatnam,32.7,medium,66.2,4,DEMO_DATA,True
2021-10-07,visakhapatnam,36.0,medium,68.8,4,DEMO_DATA,True
2021-10-08,visakhapatnam,38.2,medium,70.5,4,DEMO_DATA,True
2021-10-09,visakhapatnam,34.8,medium,67.9,4,DEMO_DATA,True
2021-10-10,visakhapatnam,34.9,medium,67.9,4,DEMO_DATA,True
2021-10-11,visakhapatnam,21.2,low,56.9,2,DEMO_DATA,True
2021-10-12,visakhapatnam,15.6,low,52.5,1,DEMO_DATA,True
2021-10-13,visakhapatnam,15.1,low,52.0,1,DEMO_DATA,True
2021-10-14,visakhapatnam,14.9,low,51.9,1,DEMO_DATA,True
2021-10-15,visakhapatnam,19.5,low,55.6,2,DEMO_DATA,True
2021-10-16,visakhapatnam,17.8,low,54.3,2,DEMO_DATA,True
2021-10-17,visakhapatnam,20.9,low,56.7,2,DEMO_DATA,True
2021-10-18,visakhapatnam,25.3,medium,60.2,3,DEMO_DATA,True
2021-10-19,visakhapatnam,25.2,medium,60.2,3,DEMO_DATA,True
2021-10-20,visakhapatnam,20.8,low,56.6,2,DEMO_DATA,True
2021-10-21,visakhapatnam,18.2,low,54.5,2,DEMO_DATA,True
2021-10-22,visakhapatnam,18.0,low,54.4,2,DEMO_DATA,True
2021-10-23,visakhapatnam,18.3,low,54.6,2,DEMO_DATA,True
2021-10-24,visakhapatnam,31.0,medium,64.8,3,DEMO_DATA,True
2021-10-25,visakhapatnam,24.2,medium,59.4,3,DEMO_DATA,True
2021-10-26,visakhapatnam,21.9,low,57.5,2,DEMO_DATA,True
2021-10-27,visakhapatnam,23.7,low,59.0,2,DEMO_DATA,True
2021-10-28,visakhapatnam,19.6,low,55.7,2,DEMO_DATA,True
2021-10-29,visakhapatnam,22.3,low,57.8,2,DEMO_DATA,True
2021-10-30,visakhapatnam,25.5,medium,60.4,3,DEMO_DATA,True
2021-10-31,visakhapatnam,20.6,low,56.5,2,DEMO_DATA,True
2021-11-01,visakhapatnam,20.4,low,56.3,2,DEMO_DATA,True
2021-11-02,visakhapatnam,15.8,low,52.6,1,DEMO_DATA,True
2021-11-03,visakhapatnam,16.1,low,52.9,2,DEMO_DATA,True
2021-11-04,visakhapatnam,17.4,low,53.9,2,DEMO_DATA,True
2021-11-05,visakhapatnam,11.4,low,49.1,1,DEMO_DATA,True
2021-11-06,visakhapatnam,11.3,low,49.1,1,DEMO_DATA,True
2021-11-07,visakhapatnam,12.5,low,50.0,1,DEMO_DATA,True
2021-11-08,visakhapatnam,10.7,low,48.5,1,DEMO_DATA,True
2021-11-09,visakhapatnam,10.2,low,48.2,1,DEMO_DATA,True
2021-11-10,visakhapatnam,9.2,low,47.3,1,DEMO_DATA,True
2021-11-11,visakhapatnam,8.4,low,46.7,1,DEMO_DATA,True
2021-11-12,visakhapatnam,10.6,low,48.5,1,DEMO_DATA,True
2021-11-13,visakhapatnam,14.9,low,51.9,1,DEMO_DATA,True
2021-11-14,visakhapatnam,18.9,low,55.1,2,DEMO_DATA,True
2021-11-15,visakhapatnam,18.1,low,54.4,2,DEMO_DATA,True
2021-11-16,visakhapatnam,15.3,low,52.2,1,DEMO_DATA,True
2021-11-17,visakhapatnam,16.4,low,53.1,2,DEMO_DATA,True
2021-11-18,visakhapatnam,21.0,low,56.8,2,DEMO_DATA,True
2021-11-19,visakhapatnam,22.0,low,57.6,2,DEMO_DATA,True
2021-11-20,visakhapatnam,20.2,low,56.2,2,DEMO_DATA,True
2021-11-21,visakhapatnam,16.5,low,53.2,2,DEMO_DATA,True
2021-11-22,visakhapatnam,14.5,low,51.6,1,DEMO_DATA,True
2021-11-23,visakhapatnam,17.3,low,53.8,2,DEMO_DATA,True
2021-11-24,visakhapatnam,16.0,low,52.8,1,DEMO_DATA,True
2021-11-25,visakhapatnam,14.6,low,51.7,1,DEMO_DATA,True
2021-11-26,visakhapatnam,13.9,low,51.2,1,DEMO_DATA,True
2021-11-27,visakhapatnam,17.3,low,53.8,2,DEMO_DATA,True
2021-11-28,visakhapatnam,19.8,low,55.8,2,DEMO_DATA,True
2021-11-29,visakhapatnam,19.0,low,55.2,2,DEMO_DATA,True
2021-11-30,visakhapatnam,16.0,low,52.8,1,DEMO_DATA,True
2021-12-01,visakhapatnam,20.1,low,56.0,2,DEMO_DATA,True
2021-12-02,visakhapatnam,19.5,low,55.6,2,DEMO_DATA,True
2021-12-03,visakhapatnam,17.0,low,53.6,2,DEMO_DATA,True
2021-12-04,visakhapatnam,25.8,medium,60.6,3,DEMO_DATA,True
2021-12-05,visakhapatnam,23.7,low,59.0,2,DEMO_DATA,True
2021-12-06,visakhapatnam,28.9,medium,63.1,3,DEMO_DATA,True
2021-12-07,visakhapatnam,25.8,medium,60.6,3,DEMO_DATA,True
2021-12-08,visakhapatnam,21.8,low,57.5,2,DEMO_DATA,True
2021-12-09,visakhapatnam,14.7,low,51.7,1,DEMO_DATA,True
2021-12-10,visakhapatnam,15.2,low,52.2,1,DEMO_DATA,True
2021-12-11,visakhapatnam,18.8,low,55.1,2,DEMO_DATA,True
2021-12-12,visakhapatnam,19.4,low,55.5,2,DEMO_DATA,True
2021-12-13,visakhapatnam,21.9,low,57.5,2,DEMO_DATA,True
2021-12-14,visakhapatnam,19.5,low,55.6,2,DEMO_DATA,True
2021-12-15,visakhapatnam,16.7,low,53.3,2,DEMO_DATA,True
2021-12-16,visakhapatnam,12.0,low,49.6,1,DEMO_DATA,True
2021-12-17,visakhapatnam,13.3,low,50.7,1,DEMO_DATA,True
2021-12-18,visakhapatnam,16.8,low,53.4,2,DEMO_DATA,True
2021-12-19,visakhapatnam,15.8,low,52.6,1,DEMO_DATA,True
2021-12-20,visakhapatnam,16.5,low,53.2,2,DEMO_DATA,True
2021-12-21,visakhapatnam,20.4,low,56.4,2,DEMO_DATA,True
2021-12-22,visakhapatnam,19.3,low,55.4,2,DEMO_DATA,True
2021-12-23,visakhapatnam,19.6,low,55.7,2,DEMO_DATA,True
2021-12-24,visakhapatnam,18.7,low,54.9,2,DEMO_DATA,True
2021-12-25,visakhapatnam,18.9,low,55.1,2,DEMO_DATA,True
2021-12-26,visakhapatnam,18.3,low,54.7,2,DEMO_DATA,True
2021-12-27,visakhapatnam,18.1,low,54.5,2,DEMO_DATA,True
2021-12-28,visakhapatnam,16.5,low,53.2,2,DEMO_DATA,True
2021-12-29,visakhapatnam,16.5,low,53.2,2,DEMO_DATA,True
2021-12-30,visakhapatnam,17.2,low,53.8,2,DEMO_DATA,True
2021-12-31,visakhapatnam,14.0,low,51.2,1,DEMO_DATA,True
2022-01-01,visakhapatnam,18.1,low,54.5,2,DEMO_DATA,True
2022-01-02,visakhapatnam,18.6,low,54.9,2,DEMO_DATA,True
2022-01-03,visakhapatnam,18.2,low,54.6,2,DEMO_DATA,True
2022-01-04,visakhapatnam,14.4,low,51.5,1,DEMO_DATA,True
2022-01-05,visakhapatnam,14.4,low,51.5,1,DEMO_DATA,True
2022-01-06,visakhapatnam,14.9,low,51.9,1,DEMO_DATA,True
2022-01-07,visakhapatnam,9.9,low,47.9,1,DEMO_DATA,True
2022-01-08,visakhapatnam,9.8,low,47.9,1,DEMO_DATA,True
2022-01-09,visakhapatnam,13.0,low,50.4,1,DEMO_DATA,True
2022-01-10,visakhapatnam,16.7,low,53.4,2,DEMO_DATA,True
2022-01-11,visakhapatnam,21.4,low,57.2,2,DEMO_DATA,True
2022-01-12,visakhapatnam,22.3,low,57.8,2,DEMO_DATA,True
2022-01-13,visakhapatnam,27.5,medium,62.0,3,DEMO_DATA,True
2022-01-14,visakhapatnam,27.7,medium,62.1,3,DEMO_DATA,True
2022-01-15,visakhapatnam,28.9,medium,63.1,3,DEMO_DATA,True
2022-01-16,visakhapatnam,22.8,low,58.2,2,DEMO_DATA,True
2022-01-17,visakhapatnam,24.4,medium,59.5,3,DEMO_DATA,True
2022-01-18,visakhapatnam,30.3,medium,64.2,3,DEMO_DATA,True
2022-01-19,visakhapatnam,22.1,low,57.7,2,DEMO_DATA,True
2022-01-20,visakhapatnam,22.3,low,57.8,2,DEMO_DATA,True
2022-01-21,visakhapatnam,26.2,medium,61.0,3,DEMO_DATA,True
2022-01-22,visakhapatnam,34.1,medium,67.3,4,DEMO_DATA,True
2022-01-23,visakhapatnam,30.6,medium,64.5,3,DEMO_DATA,True
2022-01-24,visakhapatnam,37.4,medium,69.9,4,DEMO_DATA,True
2022-01-25,visakhapatnam,37.7,medium,70.1,4,DEMO_DATA,True
2022-01-26,visakhapatnam,52.1,high,81.7,6,DEMO_DATA,True
2022-01-27,visakhapatnam,62.3,high,89.8,7,DEMO_DATA,True
2022-01-28,visakhapatnam,60.6,high,88.5,7,DEMO_DATA,True
2022-01-29,visakhapatnam,57.2,high,85.8,7,DEMO_DATA,True
2022-01-30,visakhapatnam,56.8,high,85.5,7,DEMO_DATA,True
2022-01-31,visakhapatnam,50.2,high,80.2,6,DEMO_DATA,True
2022-02-01,visakhapatnam,51.6,high,81.3,6,DEMO_DATA,True
2022-02-02,visakhapatnam,40.2,medium,72.2,5,DEMO_DATA,True
2022-02-03,visakhapatnam,26.8,medium,61.4,3,DEMO_DATA,True
2022-02-04,visakhapatnam,27.9,medium,62.3,3,DEMO_DATA,True
2022-02-05,visakhapatnam,33.4,medium,66.7,4,DEMO_DATA,True
2022-02-06,visakhapatnam,39.9,medium,71.9,4,DEMO_DATA,True
2022-02-07,visakhapatnam,43.4,medium,74.7,5,DEMO_DATA,True
2022-02-08,visakhapatnam,54.9,high,83.9,6,DEMO_DATA,True
2022-02-09,visakhapatnam,50.6,high,80.5,6,DEMO_DATA,True
2022-02-10,visakhapatnam,58.3,high,86.7,7,DEMO_DATA,True
2022-02-11,visakhapatnam,48.4,high,78.7,6,DEMO_DATA,True
2022-02-12,visakhapatnam,32.7,medium,66.2,4,DEMO_DATA,True
2022-02-13,visakhapatnam,41.5,medium,73.2,5,DEMO_DATA,True
2022-02-14,visakhapatnam,44.9,medium,75.9,5,DEMO_DATA,True
2022-02-15,visakhapatnam,39.5,medium,71.6,4,DEMO_DATA,True
2022-02-16,visakhapatnam,55.1,high,84.0,6,DEMO_DATA,True
2022-02-17,visakhapatnam,52.7,high,82.1,6,DEMO_DATA,True
2022-02-18,visakhapatnam,55.7,high,84.5,6,DEMO_DATA,True
2022-02-19,visakhapatnam,46.6,medium,77.3,5,DEMO_DATA,True
2022-02-20,visakhapatnam,26.7,medium,61.4,3,DEMO_DATA,True
2022-02-21,visakhapatnam,15.5,low,52.4,1,DEMO_DATA,True
2022-02-22,visakhapatnam,19.5,low,55.6,2,DEMO_DATA,True
2022-02-23,visakhapatnam,17.7,low,54.2,2,DEMO_DATA,True
2022-02-24,visakhapatnam,18.6,low,54.9,2,DEMO_DATA,True
2022-02-25,visakhapatnam,15.2,low,52.2,1,DEMO_DATA,True
2022-02-26,visakhapatnam,15.9,low,52.7,1,DEMO_DATA,True
2022-02-27,visakhapatnam,14.4,low,51.5,1,DEMO_DATA,True
2022-02-28,visakhapatnam,13.2,low,50.5,1,DEMO_DATA,True
2022-03-01,visakhapatnam,13.5,low,50.8,1,DEMO_DATA,True
2022-03-02,visakhapatnam,13.5,low,50.8,1,DEMO_DATA,True
2022-03-03,visakhapatnam,14.2,low,51.4,1,DEMO_DATA,True
2022-03-04,visakhapatnam,13.0,low,50.4,1,DEMO_DATA,True
2022-03-05,visakhapatnam,12.1,low,49.7,1,DEMO_DATA,True
2022-03-06,visakhapatnam,14.7,low,51.8,1,DEMO_DATA,True
2022-03-07,visakhapatnam,14.3,low,51.5,1,DEMO_DATA,True
2022-03-08,visakhapatnam,12.1,low,49.7,1,DEMO_DATA,True
2022-03-09,visakhapatnam,12.8,low,50.2,1,DEMO_DATA,True
2022-03-10,visakhapatnam,12.5,low,50.0,1,DEMO_DATA,True
2022-03-11,visakhapatnam,11.8,low,49.4,1,DEMO_DATA,True
2022-03-12,visakhapatnam,15.8,low,52.6,1,DEMO_DATA,True
2022-03-13,visakhapatnam,17.0,low,53.6,2,DEMO_DATA,True
2022-03-14,visakhapatnam,22.0,low,57.6,2,DEMO_DATA,True
2022-03-15,visakhapatnam,21.1,low,56.9,2,DEMO_DATA,True
2022-03-16,visakhapatnam,17.7,low,54.1,2,DEMO_DATA,True
2022-03-17,visakhapatnam,20.8,low,56.6,2,DEMO_DATA,True
2022-03-18,visakhapatnam,22.4,low,57.9,2,DEMO_DATA,True
2022-03-19,visakhapatnam,26.0,medium,60.8,3,DEMO_DATA,True
2022-03-20,visakhapatnam,20.8,low,56.6,2,DEMO_DATA,True
2022-03-21,visakhapatnam,20.0,low,56.0,2,DEMO_DATA,True
2022-03-22,visakhapatnam,17.7,low,54.1,2,DEMO_DATA,True
2022-03-23,visakhapatnam,18.7,low,54.9,2,DEMO_DATA,True
2022-03-24,visakhapatnam,23.3,low,58.6,2,DEMO_DATA,True
2022-03-25,visakhapatnam,24.6,medium,59.6,3,DEMO_DATA,True
2022-03-26,visakhapatnam,21.2,low,57.0,2,DEMO_DATA,True
2022-03-27,visakhapatnam,21.2,low,56.9,2,DEMO_DATA,True
2022-03-28,visakhapatnam,21.9,low,57.5,2,DEMO_DATA,True
2022-03-29,visakhapatnam,21.8,low,57.5,2,DEMO_DATA,True
2022-03-30,visakhapatnam,23.7,low,59.0,2,DEMO_DATA,True
2022-03-31,visakhapatnam,20.4,low,56.4,2,DEMO_DATA,True
2022-04-01,visakhapatnam,17.7,low,54.1,2,DEMO_DATA,True
2022-04-02,visakhapatnam,19.8,low,55.8,2,DEMO_DATA,True
2022-04-03,visakhapatnam,19.9,low,55.9,2,DEMO_DATA,True
2022-04-04,visakhapatnam,21.2,low,56.9,2,DEMO_DATA,True
2022-04-05,visakhapatnam,15.0,low,52.0,1,DEMO_DATA,True
2022-04-06,visakhapatnam,14.3,low,51.4,1,DEMO_DATA,True
2022-04-07,visakhapatnam,15.3,low,52.2,1,DEMO_DATA,True
2022-04-08,visakhapatnam,13.9,low,51.1,1,DEMO_DATA,True
2022-04-09,visakhapatnam,16.7,low,53.4,2,DEMO_DATA,True
2022-04-10,visakhapatnam,21.3,low,57.0,2,DEMO_DATA,True
2022-04-11,visakhapatnam,20.1,low,56.0,2,DEMO_DATA,True
2022-04-12,visakhapatnam,22.6,low,58.0,2,DEMO_DATA,True
2022-04-13,visakhapatnam,26.6,medium,61.2,3,DEMO_DATA,True
2022-04-14,visakhapatnam,27.5,medium,62.0,3,DEMO_DATA,True
2022-04-15,visakhapatnam,30.9,medium,64.7,3,DEMO_DATA,True
2022-04-16,visakhapatnam,31.6,medium,65.3,3,DEMO_DATA,True
2022-04-17,visakhapatnam,34.9,medium,67.9,4,DEMO_DATA,True
2022-04-18,visakhapatnam,44.1,medium,75.3,5,DEMO_DATA,True
2022-04-19,visakhapatnam,37.0,medium,69.6,4,DEMO_DATA,True
2022-04-20,visakhapatnam,37.0,medium,69.6,4,DEMO_DATA,True
2022-04-21,visakhapatnam,35.4,medium,68.4,4,DEMO_DATA,True
2022-04-22,visakhapatnam,29.8,medium,63.9,3,DEMO_DATA,True
2022-04-23,visakhapatnam,30.9,medium,64.7,3,DEMO_DATA,True
2022-04-24,visakhapatnam,33.7,medium,67.0,4,DEMO_DATA,True
2022-04-25,visakhapatnam,37.8,medium,70.2,4,DEMO_DATA,True
2022-04-26,visakhapatnam,40.2,medium,72.2,5,DEMO_DATA,True
2022-04-27,visakhapatnam,41.1,medium,72.9,5,DEMO_DATA,True
2022-04-28,visakhapatnam,38.0,medium,70.4,4,DEMO_DATA,True
2022-04-29,visakhapatnam,36.7,medium,69.3,4,DEMO_DATA,True
2022-04-30,visakhapatnam,48.8,high,79.0,6,DEMO_DATA,True
2022-05-01,visakhapatnam,54.7,high,83.8,6,DEMO_DATA,True
2022-05-02,visakhapatnam,47.6,medium,78.1,5,DEMO_DATA,True
2022-05-03,visakhapatnam,48.7,high,79.0,6,DEMO_DATA,True
2022-05-04,visakhapatnam,46.2,medium,77.0,5,DEMO_DATA,True
2022-05-05,visakhapatnam,38.2,medium,70.6,4,DEMO_DATA,True
2022-05-06,visakhapatnam,34.0,medium,67.2,4,DEMO_DATA,True
2022-05-07,visakhapatnam,27.6,medium,62.1,3,DEMO_DATA,True
2022-05-08,visakhapatnam,24.1,medium,59.3,3,DEMO_DATA,True
2022-05-09,visakhapatnam,17.6,low,54.1,2,DEMO_DATA,True
2022-05-10,visakhapatnam,19.9,low,55.9,2,DEMO_DATA,True
2022-05-11,visakhapatnam,21.1,low,56.9,2,DEMO_DATA,True
2022-05-12,visakhapatnam,22.6,low,58.1,2,DEMO_DATA,True
2022-05-13,visakhapatnam,29.3,medium,63.5,3,DEMO_DATA,True
2022-05-14,visakhapatnam,26.8,medium,61.4,3,DEMO_DATA,True
2022-05-15,visakhapatnam,26.8,medium,61.4,3,DEMO_DATA,True
2022-05-16,visakhapatnam,28.0,medium,62.4,3,DEMO_DATA,True
2022-05-17,visakhapatnam,35.1,medium,68.1,4,DEMO_DATA,True
2022-05-18,visakhapatnam,38.2,medium,70.6,4,DEMO_DATA,True
2022-05-19,visakhapatnam,41.3,medium,73.0,5,DEMO_DATA,True
2022-05-20,visakhapatnam,49.0,high,79.2,6,DEMO_DATA,True
2022-05-21,visakhapatnam,41.7,medium,73.3,5,DEMO_DATA,True
2022-05-22,visakhapatnam,32.6,medium,66.1,4,DEMO_DATA,True
2022-05-23,visakhapatnam,27.3,medium,61.9,3,DEMO_DATA,True
2022-05-24,visakhapatnam,32.0,medium,65.6,4,DEMO_DATA,True
2022-05-25,visakhapatnam,30.2,medium,64.1,3,DEMO_DATA,True
2022-05-26,visakhapatnam,25.4,medium,60.3,3,DEMO_DATA,True
2022-05-27,visakhapatnam,23.1,low,58.5,2,DEMO_DATA,True
2022-05-28,visakhapatnam,28.4,medium,62.7,3,DEMO_DATA,True
2022-05-29,visakhapatnam,28.3,medium,62.7,3,DEMO_DATA,True
2022-05-30,visakhapatnam,24.3,medium,59.4,3,DEMO_DATA,True
2022-05-31,visakhapatnam,24.9,medium,59.9,3,DEMO_DATA,True
2022-06-01,visakhapatnam,21.3,low,57.1,2,DEMO_DATA,True
2022-06-02,visakhapatnam,16.2,low,53.0,2,DEMO_DATA,True
2022-06-03,visakhapatnam,19.4,low,55.5,2,DEMO_DATA,True
2022-06-04,visakhapatnam,20.4,low,56.4,2,DEMO_DATA,True
2022-06-05,visakhapatnam,27.7,medium,62.1,3,DEMO_DATA,True
2022-06-06,visakhapatnam,36.9,medium,69.5,4,DEMO_DATA,True
2022-06-07,visakhapatnam,40.9,medium,72.7,5,DEMO_DATA,True
2022-06-08,visakhapatnam,37.7,medium,70.2,4,DEMO_DATA,True
2022-06-09,visakhapatnam,38.0,medium,70.4,4,DEMO_DATA,True
2022-06-10,visakhapatnam,30.6,medium,64.5,3,DEMO_DATA,True
2022-06-11,visakhapatnam,35.8,medium,68.6,4,DEMO_DATA,True
2022-06-12,visakhapatnam,35.8,medium,68.7,4,DEMO_DATA,True
2022-06-13,visakhapatnam,36.8,medium,69.5,4,DEMO_DATA,True
2022-06-14,visakhapatnam,37.8,medium,70.2,4,DEMO_DATA,True
2022-06-15,visakhapatnam,32.4,medium,65.9,4,DEMO_DATA,True
2022-06-16,visakhapatnam,33.4,medium,66.7,4,DEMO_DATA,True
2022-06-17,visakhapatnam,38.5,medium,70.8,4,DEMO_DATA,True
2022-06-18,visakhapatnam,32.0,medium,65.6,3,DEMO_DATA,True
2022-06-19,visakhapatnam,41.3,medium,73.0,5,DEMO_DATA,True
2022-06-20,visakhapatnam,43.4,medium,74.7,5,DEMO_DATA,True
2022-06-21,visakhapatnam,46.7,medium,77.4,5,DEMO_DATA,True
2022-06-22,visakhapatnam,52.1,high,81.7,6,DEMO_DATA,True
2022-06-23,visakhapatnam,53.4,high,82.7,6,DEMO_DATA,True
2022-06-24,visakhapatnam,51.3,high,81.0,6,DEMO_DATA,True
2022-06-25,visakhapatnam,37.3,medium,69.9,4,DEMO_DATA,True
2022-06-26,visakhapatnam,44.6,medium,75.7,5,DEMO_DATA,True
2022-06-27,visakhapatnam,43.5,medium,74.8,5,DEMO_DATA,True
2022-06-28,visakhapatnam,29.2,medium,63.4,3,DEMO_DATA,True
2022-06-29,visakhapatnam,34.3,medium,67.4,4,DEMO_DATA,True
2022-06-30,visakhapatnam,24.9,medium,59.9,3,DEMO_DATA,True
2022-07-01,visakhapatnam,25.4,medium,60.3,3,DEMO_DATA,True
2022-07-02,visakhapatnam,37.5,medium,70.0,4,DEMO_DATA,True
2022-07-03,visakhapatnam,36.6,medium,69.3,4,DEMO_DATA,True
2022-07-04,visakhapatnam,35.6,medium,68.4,4,DEMO_DATA,True
2022-07-05,visakhapatnam,34.6,medium,67.7,4,DEMO_DATA,True
2022-07-06,visakhapatnam,30.0,medium,64.0,3,DEMO_DATA,True
2022-07-07,visakhapatnam,29.6,medium,63.7,3,DEMO_DATA,True
2022-07-08,visakhapatnam,27.9,medium,62.4,3,DEMO_DATA,True
2022-07-09,visakhapatnam,22.8,low,58.2,2,DEMO_DATA,True
2022-07-10,visakhapatnam,18.7,low,55.0,2,DEMO_DATA,True
2022-07-11,visakhapatnam,21.6,low,57.3,2,DEMO_DATA,True
2022-07-12,visakhapatnam,27.7,medium,62.2,3,DEMO_DATA,True
2022-07-13,visakhapatnam,27.0,medium,61.6,3,DEMO_DATA,True
2022-07-14,visakhapatnam,31.2,medium,65.0,3,DEMO_DATA,True
2022-07-15,visakhapatnam,26.5,medium,61.2,3,DEMO_DATA,True
2022-07-16,visakhapatnam,21.1,low,56.9,2,DEMO_DATA,True
2022-07-17,visakhapatnam,25.9,medium,60.7,3,DEMO_DATA,True
2022-07-18,visakhapatnam,25.3,medium,60.2,3,DEMO_DATA,True
2022-07-19,visakhapatnam,16.4,low,53.1,2,DEMO_DATA,True
2022-07-20,visakhapatnam,19.4,low,55.5,2,DEMO_DATA,True
2022-07-21,visakhapatnam,17.4,low,53.9,2,DEMO_DATA,True
2022-07-22,visakhapatnam,21.9,low,57.5,2,DEMO_DATA,True
2022-07-23,visakhapatnam,20.8,low,56.6,2,DEMO_DATA,True
2022-07-24,visakhapatnam,25.2,medium,60.2,3,DEMO_DATA,True
2022-07-25,visakhapatnam,33.9,medium,67.1,4,DEMO_DATA,True
2022-07-26,visakhapatnam,33.9,medium,67.1,4,DEMO_DATA,True
2022-07-27,visakhapatnam,39.8,medium,71.8,4,DEMO_DATA,True
2022-07-28,visakhapatnam,38.1,medium,70.5,4,DEMO_DATA,True
2022-07-29,visakhapatnam,32.4,medium,65.9,4,DEMO_DATA,True
2022-07-30,visakhapatnam,37.7,medium,70.2,4,DEMO_DATA,True
2022-07-31,visakhapatnam,35.2,medium,68.2,4,DEMO_DATA,True
2022-08-01,visakhapatnam,36.0,medium,68.8,4,DEMO_DATA,True
2022-08-02,visakhapatnam,32.2,medium,65.8,4,DEMO_DATA,True
2022-08-03,visakhapatnam,31.2,medium,65.0,3,DEMO_DATA,True
2022-08-04,visakhapatnam,37.0,medium,69.6,4,DEMO_DATA,True
2022-08-05,visakhapatnam,43.1,medium,74.5,5,DEMO_DATA,True
2022-08-06,visakhapatnam,39.5,medium,71.6,4,DEMO_DATA,True
2022-08-07,visakhapatnam,35.5,medium,68.4,4,DEMO_DATA,True
2022-08-08,visakhapatnam,22.1,low,57.7,2,DEMO_DATA,True
2022-08-09,visakhapatnam,25.4,medium,60.3,3,DEMO_DATA,True
2022-08-10,visakhapatnam,19.8,low,55.8,2,DEMO_DATA,True
2022-08-11,visakhapatnam,29.3,medium,63.4,3,DEMO_DATA,True
2022-08-12,visakhapatnam,19.9,low,55.9,2,DEMO_DATA,True
2022-08-13,visakhapatnam,16.0,low,52.8,2,DEMO_DATA,True
2022-08-14,visakhapatnam,13.2,low,50.6,1,DEMO_DATA,True
2022-08-15,visakhapatnam,16.8,low,53.5,2,DEMO_DATA,True
2022-08-16,visakhapatnam,22.6,low,58.1,2,DEMO_DATA,True
2022-08-17,visakhapatnam,17.0,low,53.6,2,DEMO_DATA,True
2022-08-18,visakhapatnam,19.6,low,55.7,2,DEMO_DATA,True
2022-08-19,visakhapatnam,16.0,low,52.8,2,DEMO_DATA,True
2022-08-20,visakhapatnam,18.9,low,55.1,2,DEMO_DATA,True
2022-08-21,visakhapatnam,19.3,low,55.5,2,DEMO_DATA,True
2022-08-22,visakhapatnam,11.9,low,49.5,1,DEMO_DATA,True
2022-08-23,visakhapatnam,13.3,low,50.6,1,DEMO_DATA,True
2022-08-24,visakhapatnam,11.5,low,49.2,1,DEMO_DATA,True
2022-08-25,visakhapatnam,9.6,low,47.7,1,DEMO_DATA,True
2022-08-26,visakhapatnam,13.9,low,51.1,1,DEMO_DATA,True
2022-08-27,visakhapatnam,18.0,low,54.4,2,DEMO_DATA,True
2022-08-28,visakhapatnam,16.7,low,53.4,2,DEMO_DATA,True
2022-08-29,visakhapatnam,15.2,low,52.1,1,DEMO_DATA,True
2022-08-30,visakhapatnam,13.2,low,50.6,1,DEMO_DATA,True
2022-08-31,visakhapatnam,12.0,low,49.6,1,DEMO_DATA,True
2022-09-01,visakhapatnam,13.6,low,50.9,1,DEMO_DATA,True
2022-09-02,visakhapatnam,18.5,low,54.8,2,DEMO_DATA,True
2022-09-03,visakhapatnam,36.2,medium,68.9,4,DEMO_DATA,True
2022-09-04,visakhapatnam,47.8,medium,78.2,5,DEMO_DATA,True
2022-09-05,visakhapatnam,31.5,medium,65.2,3,DEMO_DATA,True
2022-09-06,visakhapatnam,37.2,medium,69.8,4,DEMO_DATA,True
2022-09-07,visakhapatnam,42.3,medium,73.9,5,DEMO_DATA,True
2022-09-08,visakhapatnam,37.3,medium,69.8,4,DEMO_DATA,True
2022-09-09,visakhapatnam,29.3,medium,63.4,3,DEMO_DATA,True
2022-09-10,visakhapatnam,24.0,medium,59.2,3,DEMO_DATA,True
2022-09-11,visakhapatnam,29.2,medium,63.4,3,DEMO_DATA,True
2022-09-12,visakhapatnam,22.7,low,58.1,2,DEMO_DATA,True
2022-09-13,visakhapatnam,26.4,medium,61.1,3,DEMO_DATA,True
2022-09-14,visakhapatnam,24.2,medium,59.3,3,DEMO_DATA,True
2022-09-15,visakhapatnam,21.3,low,57.0,2,DEMO_DATA,True
2022-09-16,visakhapatnam,22.8,low,58.3,2,DEMO_DATA,True
2022-09-17,visakhapatnam,21.3,low,57.0,2,DEMO_DATA,True
2022-09-18,visakhapatnam,14.7,low,51.8,1,DEMO_DATA,True
2022-09-19,visakhapatnam,14.3,low,51.4,1,DEMO_DATA,True
2022-09-20,visakhapatnam,15.0,low,52.0,1,DEMO_DATA,True
2022-09-21,visakhapatnam,17.4,low,53.9,2,DEMO_DATA,True
2022-09-22,visakhapatnam,12.5,low,50.0,1,DEMO_DATA,True
2022-09-23,visakhapatnam,15.6,low,52.5,1,DEMO_DATA,True
2022-09-24,visakhapatnam,16.8,low,53.4,2,DEMO_DATA,True
2022-09-25,visakhapatnam,14.5,low,51.6,1,DEMO_DATA,True
2022-09-26,visakhapatnam,15.9,low,52.7,1,DEMO_DATA,True
2022-09-27,visakhapatnam,16.6,low,53.3,2,DEMO_DATA,True
2022-09-28,visakhapatnam,14.6,low,51.7,1,DEMO_DATA,True
2022-09-29,visakhapatnam,19.1,low,55.3,2,DEMO_DATA,True
2022-09-30,visakhapatnam,22.7,low,58.2,2,DEMO_DATA,True
2022-10-01,visakhapatnam,17.0,low,53.6,2,DEMO_DATA,True
2022-10-02,visakhapatnam,16.2,low,53.0,2,DEMO_DATA,True
2022-10-03,visakhapatnam,17.1,low,53.7,2,DEMO_DATA,True
2022-10-04,visakhapatnam,15.3,low,52.2,1,DEMO_DATA,True
2022-10-05,visakhapatnam,14.6,low,51.7,1,DEMO_DATA,True
2022-10-06,visakhapatnam,17.9,low,54.3,2,DEMO_DATA,True
2022-10-07,visakhapatnam,18.5,low,54.8,2,DEMO_DATA,True
2022-10-08,visakhapatnam,21.2,low,57.0,2,DEMO_DATA,True
2022-10-09,visakhapatnam,21.9,low,57.6,2,DEMO_DATA,True
2022-10-10,visakhapatnam,19.2,low,55.4,2,DEMO_DATA,True
2022-10-11,visakhapatnam,16.7,low,53.4,2,DEMO_DATA,True
2022-10-12,visakhapatnam,18.5,low,54.8,2,DEMO_DATA,True
2022-10-13,visakhapatnam,17.6,low,54.1,2,DEMO_DATA,True
2022-10-14,visakhapatnam,20.9,low,56.7,2,DEMO_DATA,True
2022-10-15,visakhapatnam,18.6,low,54.9,2,DEMO_DATA,True
2022-10-16,visakhapatnam,19.5,low,55.6,2,DEMO_DATA,True
2022-10-17,visakhapatnam,21.4,low,57.1,2,DEMO_DATA,True
2022-10-18,visakhapatnam,12.9,low,50.3,1,DEMO_DATA,True
2022-10-19,visakhapatnam,11.0,low,48.8,1,DEMO_DATA,True
2022-10-20,visakhapatnam,10.8,low,48.6,1,DEMO_DATA,True
2022-10-21,visakhapatnam,12.0,low,49.6,1,DEMO_DATA,True
2022-10-22,visakhapatnam,12.5,low,50.0,1,DEMO_DATA,True
2022-10-23,visakhapatnam,8.4,low,46.7,1,DEMO_DATA,True
2022-10-24,visakhapatnam,8.5,low,46.8,1,DEMO_DATA,True
2022-10-25,visakhapatnam,10.1,low,48.1,1,DEMO_DATA,True
2022-10-26,visakhapatnam,10.0,low,48.0,1,DEMO_DATA,True
2022-10-27,visakhapatnam,8.8,low,47.1,1,DEMO_DATA,True
2022-10-28,visakhapatnam,10.2,low,48.2,1,DEMO_DATA,True
2022-10-29,visakhapatnam,11.6,low,49.3,1,DEMO_DATA,True
2022-10-30,visakhapatnam,11.1,low,48.9,1,DEMO_DATA,True
2022-10-31,visakhapatnam,13.0,low,50.4,1,DEMO_DATA,True
2022-11-01,visakhapatnam,15.2,low,52.2,1,DEMO_DATA,True
2022-11-02,visakhapatnam,17.3,low,53.9,2,DEMO_DATA,True
2022-11-03,visakhapatnam,14.5,low,51.6,1,DEMO_DATA,True
2022-11-04,visakhapatnam,13.4,low,50.7,1,DEMO_DATA,True
2022-11-05,visakhapatnam,18.9,low,55.1,2,DEMO_DATA,True
2022-11-06,visakhapatnam,25.0,medium,60.0,3,DEMO_DATA,True
2022-11-07,visakhapatnam,21.3,low,57.1,2,DEMO_DATA,True
2022-11-08,visakhapatnam,28.6,medium,62.8,3,DEMO_DATA,True
2022-11-09,visakhapatnam,13.3,low,50.7,1,DEMO_DATA,True
2022-11-10,visakhapatnam,12.3,low,49.9,1,DEMO_DATA,True
2022-11-11,visakhapatnam,11.8,low,49.4,1,DEMO_DATA,True
2022-11-12,visakhapatnam,9.0,low,47.2,1,DEMO_DATA,True
2022-11-13,visakhapatnam,9.2,low,47.4,1,DEMO_DATA,True
2022-11-14,visakhapatnam,10.5,low,48.4,1,DEMO_DATA,True
2022-11-15,visakhapatnam,12.2,low,49.8,1,DEMO_DATA,True
2022-11-16,visakhapatnam,13.3,low,50.7,1,DEMO_DATA,True
2022-11-17,visakhapatnam,18.3,low,54.7,2,DEMO_DATA,True
2022-11-18,visakhapatnam,19.7,low,55.8,2,DEMO_DATA,True
2022-11-19,visakhapatnam,24.4,medium,59.6,3,DEMO_DATA,True
2022-11-20,visakhapatnam,17.7,low,54.2,2,DEMO_DATA,True
2022-11-21,visakhapatnam,17.2,low,53.7,2,DEMO_DATA,True
2022-11-22,visakhapatnam,19.2,low,55.4,2,DEMO_DATA,True
2022-11-23,visakhapatnam,20.6,low,56.5,2,DEMO_DATA,True
2022-11-24,visakhapatnam,17.2,low,53.7,2,DEMO_DATA,True
2022-11-25,visakhapatnam,13.7,low,51.0,1,DEMO_DATA,True
2022-11-26,visakhapatnam,14.9,low,51.9,1,DEMO_DATA,True
2022-11-27,visakhapatnam,14.1,low,51.3,1,DEMO_DATA,True
2022-11-28,visakhapatnam,20.1,low,56.1,2,DEMO_DATA,True
2022-11-29,visakhapatnam,21.7,low,57.3,2,DEMO_DATA,True
2022-11-30,visakhapatnam,16.4,low,53.1,2,DEMO_DATA,True
2022-12-01,visakhapatnam,18.2,low,54.6,2,DEMO_DATA,True
2022-12-02,visakhapatnam,20.0,low,56.0,2,DEMO_DATA,True
2022-12-03,visakhapatnam,19.3,low,55.5,2,DEMO_DATA,True
2022-12-04,visakhapatnam,23.7,low,59.0,2,DEMO_DATA,True
2022-12-05,visakhapatnam,28.2,medium,62.5,3,DEMO_DATA,True
2022-12-06,visakhapatnam,22.8,low,58.2,2,DEMO_DATA,True
2022-12-07,visakhapatnam,25.3,medium,60.2,3,DEMO_DATA,True
2022-12-08,visakhapatnam,25.5,medium,60.4,3,DEMO_DATA,True
2022-12-09,visakhapatnam,27.5,medium,62.0,3,DEMO_DATA,True
2022-12-10,visakhapatnam,28.5,medium,62.8,3,DEMO_DATA,True
2022-12-11,visakhapatnam,22.6,low,58.1,2,DEMO_DATA,True
2022-12-12,visakhapatnam,27.0,medium,61.6,3,DEMO_DATA,True
2022-12-13,visakhapatnam,31.4,medium,65.1,3,DEMO_DATA,True
2022-12-14,visakhapatnam,27.6,medium,62.0,3,DEMO_DATA,True
2022-12-15,visakhapatnam,23.6,low,58.9,2,DEMO_DATA,True
2022-12-16,visakhapatnam,23.2,low,58.6,2,DEMO_DATA,True
2022-12-17,visakhapatnam,14.4,low,51.5,1,DEMO_DATA,True
2022-12-18,visakhapatnam,10.1,low,48.1,1,DEMO_DATA,True
2022-12-19,visakhapatnam,9.0,low,47.2,1,DEMO_DATA,True
2022-12-20,visakhapatnam,12.2,low,49.7,1,DEMO_DATA,True
2022-12-21,visakhapatnam,14.5,low,51.6,1,DEMO_DATA,True
2022-12-22,visakhapatnam,14.3,low,51.5,1,DEMO_DATA,True
2022-12-23,visakhapatnam,13.9,low,51.1,1,DEMO_DATA,True
2022-12-24,visakhapatnam,19.5,low,55.6,2,DEMO_DATA,True
2022-12-25,visakhapatnam,19.5,low,55.6,2,DEMO_DATA,True
2022-12-26,visakhapatnam,24.0,low,59.2,2,DEMO_DATA,True
2022-12-27,visakhapatnam,22.3,low,57.8,2,DEMO_DATA,True
2022-12-28,visakhapatnam,26.9,medium,61.5,3,DEMO_DATA,True
2022-12-29,visakhapatnam,26.6,medium,61.3,3,DEMO_DATA,True
2022-12-30,visakhapatnam,30.0,medium,64.0,3,DEMO_DATA,True
2022-12-31,visakhapatnam,28.6,medium,62.9,3,DEMO_DATA,True
2023-01-01,visakhapatnam,26.0,medium,60.8,3,DEMO_DATA,True
2023-01-02,visakhapatnam,23.4,low,58.7,2,DEMO_DATA,True
2023-01-03,visakhapatnam,22.6,low,58.1,2,DEMO_DATA,True
2023-01-04,visakhapatnam,22.6,low,58.1,2,DEMO_DATA,True
2023-01-05,visakhapatnam,28.2,medium,62.6,3,DEMO_DATA,True
2023-01-06,visakhapatnam,27.8,medium,62.2,3,DEMO_DATA,True
2023-01-07,visakhapatnam,21.1,low,56.9,2,DEMO_DATA,True
2023-01-08,visakhapatnam,17.5,low,54.0,2,DEMO_DATA,True
2023-01-09,visakhapatnam,13.5,low,50.8,1,DEMO_DATA,True
2023-01-10,visakhapatnam,16.3,low,53.0,2,DEMO_DATA,True
2023-01-11,visakhapatnam,18.8,low,55.0,2,DEMO_DATA,True
2023-01-12,visakhapatnam,17.7,low,54.2,2,DEMO_DATA,True
2023-01-13,visakhapatnam,20.0,low,56.0,2,DEMO_DATA,True
2023-01-14,visakhapatnam,21.0,low,56.8,2,DEMO_DATA,True
2023-01-15,visakhapatnam,22.4,low,57.9,2,DEMO_DATA,True
2023-01-16,visakhapatnam,26.1,medium,60.9,3,DEMO_DATA,True
2023-01-17,visakhapatnam,24.7,medium,59.7,3,DEMO_DATA,True
2023-01-18,visakhapatnam,29.3,medium,63.4,3,DEMO_DATA,True
2023-01-19,visakhapatnam,34.3,medium,67.4,4,DEMO_DATA,True
2023-01-20,visakhapatnam,34.1,medium,67.3,4,DEMO_DATA,True
2023-01-21,visakhapatnam,33.3,medium,66.6,4,DEMO_DATA,True
2023-01-22,visakhapatnam,31.4,medium,65.1,3,DEMO_DATA,True
2023-01-23,visakhapatnam,35.5,medium,68.4,4,DEMO_DATA,True
2023-01-24,visakhapatnam,17.2,low,53.8,2,DEMO_DATA,True
2023-01-25,visakhapatnam,19.1,low,55.3,2,DEMO_DATA,True
2023-01-26,visakhapatnam,22.1,low,57.7,2,DEMO_DATA,True
2023-01-27,visakhapatnam,21.7,low,57.3,2,DEMO_DATA,True
2023-01-28,visakhapatnam,13.6,low,50.8,1,DEMO_DATA,True
2023-01-29,visakhapatnam,15.4,low,52.3,1,DEMO_DATA,True
2023-01-30,visakhapatnam,16.8,low,53.4,2,DEMO_DATA,True
2023-01-31,visakhapatnam,19.7,low,55.7,2,DEMO_DATA,True
2023-02-01,visakhapatnam,24.4,medium,59.5,3,DEMO_DATA,True
2023-02-02,visakhapatnam,15.8,low,52.7,1,DEMO_DATA,True
2023-02-03,visakhapatnam,16.7,low,53.4,2,DEMO_DATA,True
2023-02-04,visakhapatnam,17.9,low,54.3,2,DEMO_DATA,True
2023-02-05,visakhapatnam,12.4,low,49.9,1,DEMO_DATA,True
2023-02-06,visakhapatnam,14.8,low,51.8,1,DEMO_DATA,True
2023-02-07,visakhapatnam,17.6,low,54.1,2,DEMO_DATA,True
2023-02-08,visakhapatnam,12.5,low,50.0,1,DEMO_DATA,True
2023-02-09,visakhapatnam,12.5,low,50.0,1,DEMO_DATA,True
2023-02-10,visakhapatnam,15.7,low,52.5,1,DEMO_DATA,True
2023-02-11,visakhapatnam,16.4,low,53.1,2,DEMO_DATA,True
2023-02-12,visakhapatnam,15.6,low,52.5,1,DEMO_DATA,True
2023-02-13,visakhapatnam,16.9,low,53.5,2,DEMO_DATA,True
2023-02-14,visakhapatnam,16.0,low,52.8,1,DEMO_DATA,True
2023-02-15,visakhapatnam,16.6,low,53.2,2,DEMO_DATA,True
2023-02-16,visakhapatnam,20.3,low,56.2,2,DEMO_DATA,True
2023-02-17,visakhapatnam,23.1,low,58.4,2,DEMO_DATA,True
2023-02-18,visakhapatnam,24.8,medium,59.9,3,DEMO_DATA,True
2023-02-19,visakhapatnam,32.6,medium,66.1,4,DEMO_DATA,True
2023-02-20,visakhapatnam,29.6,medium,63.7,3,DEMO_DATA,True
2023-02-21,visakhapatnam,30.6,medium,64.5,3,DEMO_DATA,True
2023-02-22,visakhapatnam,35.4,medium,68.3,4,DEMO_DATA,True
2023-02-23,visakhapatnam,29.3,medium,63.4,3,DEMO_DATA,True
2023-02-24,visakhapatnam,30.6,medium,64.4,3,DEMO_DATA,True
2023-02-25,visakhapatnam,29.0,medium,63.2,3,DEMO_DATA,True
2023-02-26,visakhapatnam,32.7,medium,66.2,4,DEMO_DATA,True
2023-02-27,visakhapatnam,21.1,low,56.9,2,DEMO_DATA,True
2023-02-28,visakhapatnam,18.3,low,54.6,2,DEMO_DATA,True
2023-03-01,visakhapatnam,16.5,low,53.2,2,DEMO_DATA,True
2023-03-02,visakhapatnam,14.3,low,51.4,1,DEMO_DATA,True
2023-03-03,visakhapatnam,14.7,low,51.8,1,DEMO_DATA,True
2023-03-04,visakhapatnam,15.3,low,52.2,1,DEMO_DATA,True
2023-03-05,visakhapatnam,17.0,low,53.6,2,DEMO_DATA,True
2023-03-06,visakhapatnam,18.0,low,54.4,2,DEMO_DATA,True
2023-03-07,visakhapatnam,15.8,low,52.6,1,DEMO_DATA,True
2023-03-08,visakhapatnam,17.2,low,53.7,2,DEMO_DATA,True
2023-03-09,visakhapatnam,19.4,low,55.5,2,DEMO_DATA,True
2023-03-10,visakhapatnam,20.4,low,56.3,2,DEMO_DATA,True
2023-03-11,visakhapatnam,19.2,low,55.4,2,DEMO_DATA,True
2023-03-12,visakhapatnam,19.1,low,55.3,2,DEMO_DATA,True
2023-03-13,visakhapatnam,24.7,medium,59.8,3,DEMO_DATA,True
2023-03-14,visakhapatnam,29.3,medium,63.5,3,DEMO_DATA,True
2023-03-15,visakhapatnam,24.0,low,59.2,2,DEMO_DATA,True
2023-03-16,visakhapatnam,21.9,low,57.6,2,DEMO_DATA,True
2023-03-17,visakhapatnam,23.1,low,58.5,2,DEMO_DATA,True
2023-03-18,visakhapatnam,26.5,medium,61.2,3,DEMO_DATA,True
2023-03-19,visakhapatnam,24.2,medium,59.4,3,DEMO_DATA,True
2023-03-20,visakhapatnam,27.8,medium,62.2,3,DEMO_DATA,True
2023-03-21,visakhapatnam,34.4,medium,67.5,4,DEMO_DATA,True
2023-03-22,visakhapatnam,29.5,medium,63.6,3,DEMO_DATA,True
2023-03-23,visakhapatnam,23.2,low,58.6,2,DEMO_DATA,True
2023-03-24,visakhapatnam,21.5,low,57.2,2,DEMO_DATA,True
2023-03-25,visakhapatnam,12.8,low,50.3,1,DEMO_DATA,True
2023-03-26,visakhapatnam,18.2,low,54.6,2,DEMO_DATA,True
2023-03-27,visakhapatnam,20.2,low,56.2,2,DEMO_DATA,True
2023-03-28,visakhapatnam,18.2,low,54.5,2,DEMO_DATA,True
2023-03-29,visakhapatnam,16.6,low,53.3,2,DEMO_DATA,True
2023-03-30,visakhapatnam,12.8,low,50.2,1,DEMO_DATA,True
2023-03-31,visakhapatnam,13.3,low,50.6,1,DEMO_DATA,True
2023-04-01,visakhapatnam,10.4,low,48.3,1,DEMO_DATA,True
2023-04-02,visakhapatnam,10.2,low,48.1,1,DEMO_DATA,True
2023-04-03,visakhapatnam,10.9,low,48.7,1,DEMO_DATA,True
2023-04-04,visakhapatnam,9.7,low,47.7,1,DEMO_DATA,True
2023-04-05,visakhapatnam,10.8,low,48.6,1,DEMO_DATA,True
2023-04-06,visakhapatnam,10.6,low,48.5,1,DEMO_DATA,True
2023-04-07,visakhapatnam,13.5,low,50.8,1,DEMO_DATA,True
2023-04-08,visakhapatnam,18.9,low,55.1,2,DEMO_DATA,True
2023-04-09,visakhapatnam,16.9,low,53.5,2,DEMO_DATA,True
2023-04-10,visakhapatnam,18.3,low,54.7,2,DEMO_DATA,True
2023-04-11,visakhapatnam,26.7,medium,61.3,3,DEMO_DATA,True
2023-04-12,visakhapatnam,18.5,low,54.8,2,DEMO_DATA,True
2023-04-13,visakhapatnam,20.6,low,56.5,2,DEMO_DATA,True
2023-04-14,visakhapatnam,20.7,low,56.6,2,DEMO_DATA,True
2023-04-15,visakhapatnam,24.3,medium,59.5,3,DEMO_DATA,True
2023-04-16,visakhapatnam,24.7,medium,59.8,3,DEMO_DATA,True
2023-04-17,visakhapatnam,31.0,medium,64.8,3,DEMO_DATA,True
2023-04-18,visakhapatnam,28.0,medium,62.4,3,DEMO_DATA,True
2023-04-19,visakhapatnam,35.6,medium,68.4,4,DEMO_DATA,True
2023-04-20,visakhapatnam,31.4,medium,65.2,3,DEMO_DATA,True
2023-04-21,visakhapatnam,29.3,medium,63.5,3,DEMO_DATA,True
2023-04-22,visakhapatnam,15.8,low,52.7,1,DEMO_DATA,True
2023-04-23,visakhapatnam,21.5,low,57.2,2,DEMO_DATA,True
2023-04-24,visakhapatnam,24.5,medium,59.6,3,DEMO_DATA,True
2023-04-25,visakhapatnam,26.6,medium,61.2,3,DEMO_DATA,True
2023-04-26,visakhapatnam,22.6,low,58.1,2,DEMO_DATA,True
2023-04-27,visakhapatnam,16.1,low,52.9,2,DEMO_DATA,True
2023-04-28,visakhapatnam,18.8,low,55.0,2,DEMO_DATA,True
2023-04-29,visakhapatnam,24.8,medium,59.9,3,DEMO_DATA,True
2023-04-30,visakhapatnam,21.6,low,57.3,2,DEMO_DATA,True
2023-05-01,visakhapatnam,21.4,low,57.1,2,DEMO_DATA,True
2023-05-02,visakhapatnam,26.3,medium,61.0,3,DEMO_DATA,True
2023-05-03,visakhapatnam,24.2,medium,59.3,3,DEMO_DATA,True
2023-05-04,visakhapatnam,25.9,medium,60.7,3,DEMO_DATA,True
2023-05-05,visakhapatnam,28.5,medium,62.8,3,DEMO_DATA,True
2023-05-06,visakhapatnam,13.5,low,50.8,1,DEMO_DATA,True
2023-05-07,visakhapatnam,14.6,low,51.7,1,DEMO_DATA,True
2023-05-08,visakhapatnam,12.9,low,50.4,1,DEMO_DATA,True
2023-05-09,visakhapatnam,13.4,low,50.7,1,DEMO_DATA,True
2023-05-10,visakhapatnam,9.0,low,47.2,1,DEMO_DATA,True
2023-05-11,visakhapatnam,11.2,low,49.0,1,DEMO_DATA,True
2023-05-12,visakhapatnam,13.6,low,50.9,1,DEMO_DATA,True
2023-05-13,visakhapatnam,13.1,low,50.5,1,DEMO_DATA,True
2023-05-14,visakhapatnam,14.4,low,51.5,1,DEMO_DATA,True
2023-05-15,visakhapatnam,14.9,low,51.9,1,DEMO_DATA,True
2023-05-16,visakhapatnam,15.1,low,52.1,1,DEMO_DATA,True
2023-05-17,visakhapatnam,18.5,low,54.8,2,DEMO_DATA,True
2023-05-18,visakhapatnam,18.1,low,54.5,2,DEMO_DATA,True
2023-05-19,visakhapatnam,17.0,low,53.6,2,DEMO_DATA,True
2023-05-20,visakhapatnam,18.3,low,54.6,2,DEMO_DATA,True
2023-05-21,visakhapatnam,21.7,low,57.3,2,DEMO_DATA,True
2023-05-22,visakhapatnam,21.7,low,57.3,2,DEMO_DATA,True
2023-05-23,visakhapatnam,25.0,medium,60.0,3,DEMO_DATA,True
2023-05-24,visakhapatnam,19.4,low,55.6,2,DEMO_DATA,True
2023-05-25,visakhapatnam,19.1,low,55.3,2,DEMO_DATA,True
2023-05-26,visakhapatnam,19.4,low,55.5,2,DEMO_DATA,True
2023-05-27,visakhapatnam,13.1,low,50.5,1,DEMO_DATA,True
2023-05-28,visakhapatnam,16.4,low,53.1,2,DEMO_DATA,True
2023-05-29,visakhapatnam,17.2,low,53.8,2,DEMO_DATA,True
2023-05-30,visakhapatnam,23.1,low,58.5,2,DEMO_DATA,True
2023-05-31,visakhapatnam,24.8,medium,59.9,3,DEMO_DATA,True
2023-06-01,visakhapatnam,19.6,low,55.7,2,DEMO_DATA,True
2023-06-02,visakhapatnam,16.3,low,53.0,2,DEMO_DATA,True
2023-06-03,visakhapatnam,17.3,low,53.8,2,DEMO_DATA,True
2023-06-04,visakhapatnam,22.2,low,57.8,2,DEMO_DATA,True
2023-06-05,visakhapatnam,29.4,medium,63.5,3,DEMO_DATA,True
2023-06-06,visakhapatnam,35.9,medium,68.7,4,DEMO_DATA,True
2023-06-07,visakhapatnam,32.3,medium,65.9,4,DEMO_DATA,True
2023-06-08,visakhapatnam,32.0,medium,65.6,4,DEMO_DATA,True
2023-06-09,visakhapatnam,31.6,medium,65.3,3,DEMO_DATA,True
2023-06-10,visakhapatnam,35.4,medium,68.3,4,DEMO_DATA,True
2023-06-11,visakhapatnam,35.9,medium,68.7,4,DEMO_DATA,True
2023-06-12,visakhapatnam,27.7,medium,62.1,3,DEMO_DATA,True
2023-06-13,visakhapatnam,38.9,medium,71.1,4,DEMO_DATA,True
2023-06-14,visakhapatnam,35.9,medium,68.7,4,DEMO_DATA,True
2023-06-15,visakhapatnam,37.2,medium,69.8,4,DEMO_DATA,True
2023-06-16,visakhapatnam,35.2,medium,68.2,4,DEMO_DATA,True
2023-06-17,visakhapatnam,35.2,medium,68.1,4,DEMO_DATA,True
2023-06-18,visakhapatnam,45.6,medium,76.5,5,DEMO_DATA,True
2023-06-19,visakhapatnam,38.0,medium,70.4,4,DEMO_DATA,True
2023-06-20,visakhapatnam,35.8,medium,68.6,4,DEMO_DATA,True
2023-06-21,visakhapatnam,40.3,medium,72.2,5,DEMO_DATA,True
2023-06-22,visakhapatnam,48.1,high,78.4,6,DEMO_DATA,True
2023-06-23,visakhapatnam,48.5,high,78.8,6,DEMO_DATA,True
2023-06-24,visakhapatnam,44.5,medium,75.6,5,DEMO_DATA,True
2023-06-25,visakhapatnam,31.4,medium,65.1,3,DEMO_DATA,True
2023-06-26,visakhapatnam,25.1,medium,60.1,3,DEMO_DATA,True
2023-06-27,visakhapatnam,31.4,medium,65.1,3,DEMO_DATA,True
2023-06-28,visakhapatnam,28.4,medium,62.7,3,DEMO_DATA,True
2023-06-29,visakhapatnam,24.7,medium,59.8,3,DEMO_DATA,True
2023-06-30,visakhapatnam,27.0,medium,61.6,3,DEMO_DATA,True
2023-07-01,visakhapatnam,29.9,medium,63.9,3,DEMO_DATA,True
2023-07-02,visakhapatnam,41.6,medium,73.2,5,DEMO_DATA,True
2023-07-03,visakhapatnam,48.1,high,78.5,6,DEMO_DATA,True
2023-07-04,visakhapatnam,47.5,medium,78.0,5,DEMO_DATA,True
2023-07-05,visakhapatnam,43.9,medium,75.1,5,DEMO_DATA,True
2023-07-06,visakhapatnam,53.9,high,83.1,6,DEMO_DATA,True
2023-07-07,visakhapatnam,64.0,high,91.2,7,DEMO_DATA,True
2023-07-08,visakhapatnam,88.7,high,95.0,11,DEMO_DATA,True
2023-07-09,visakhapatnam,72.3,high,95.0,9,DEMO_DATA,True
2023-07-10,visakhapatnam,75.9,high,95.0,9,DEMO_DATA,True
2023-07-11,visakhapatnam,93.1,high,95.0,11,DEMO_DATA,True
2023-07-12,visakhapatnam,70.2,high,95.0,8,DEMO_DATA,True
2023-07-13,visakhapatnam,54.7,high,83.8,6,DEMO_DATA,True
2023-07-14,visakhapatnam,44.6,medium,75.7,5,DEMO_DATA,True
2023-07-15,visakhapatnam,60.7,high,88.5,7,DEMO_DATA,True
2023-07-16,visakhapatnam,43.1,medium,74.5,5,DEMO_DATA,True
2023-07-17,visakhapatnam,50.9,high,80.7,6,DEMO_DATA,True
2023-07-18,visakhapatnam,43.7,medium,74.9,5,DEMO_DATA,True
2023-07-19,visakhapatnam,49.6,high,79.7,6,DEMO_DATA,True
2023-07-20,visakhapatnam,48.6,high,78.9,6,DEMO_DATA,True
2023-07-21,visakhapatnam,49.8,high,79.8,6,DEMO_DATA,True
2023-07-22,visakhapatnam,30.2,medium,64.1,3,DEMO_DATA,True
2023-07-23,visakhapatnam,37.2,medium,69.8,4,DEMO_DATA,True
2023-07-24,visakhapatnam,46.8,medium,77.4,5,DEMO_DATA,True
2023-07-25,visakhapatnam,43.3,medium,74.7,5,DEMO_DATA,True
2023-07-26,visakhapatnam,28.4,medium,62.7,3,DEMO_DATA,True
2023-07-27,visakhapatnam,27.0,medium,61.6,3,DEMO_DATA,True
2023-07-28,visakhapatnam,36.2,medium,69.0,4,DEMO_DATA,True
2023-07-29,visakhapatnam,34.9,medium,68.0,4,DEMO_DATA,True
2023-07-30,visakhapatnam,36.2,medium,68.9,4,DEMO_DATA,True
2023-07-31,visakhapatnam,33.4,medium,66.7,4,DEMO_DATA,True
2023-08-01,visakhapatnam,39.9,medium,71.9,4,DEMO_DATA,True
2023-08-02,visakhapatnam,31.4,medium,65.1,3,DEMO_DATA,True
2023-08-03,visakhapatnam,33.2,medium,66.6,4,DEMO_DATA,True
2023-08-04,visakhapatnam,28.1,medium,62.5,3,DEMO_DATA,True
2023-08-05,visakhapatnam,33.4,medium,66.7,4,DEMO_DATA,True
2023-08-06,visakhapatnam,21.4,low,57.1,2,DEMO_DATA,True
2023-08-07,visakhapatnam,26.5,medium,61.2,3,DEMO_DATA,True
2023-08-08,visakhapatnam,33.9,medium,67.2,4,DEMO_DATA,True
2023-08-09,visakhapatnam,25.6,medium,60.5,3,DEMO_DATA,True
2023-08-10,visakhapatnam,25.1,medium,60.1,3,DEMO_DATA,True
2023-08-11,visakhapatnam,21.4,low,57.1,2,DEMO_DATA,True
2023-08-12,visakhapatnam,20.5,low,56.4,2,DEMO_DATA,True
2023-08-13,visakhapatnam,31.5,medium,65.2,3,DEMO_DATA,True
2023-08-14,visakhapatnam,29.3,medium,63.5,3,DEMO_DATA,True
2023-08-15,visakhapatnam,28.2,medium,62.5,3,DEMO_DATA,True
2023-08-16,visakhapatnam,32.2,medium,65.7,4,DEMO_DATA,True
2023-08-17,visakhapatnam,33.9,medium,67.1,4,DEMO_DATA,True
2023-08-18,visakhapatnam,36.8,medium,69.5,4,DEMO_DATA,True
2023-08-19,visakhapatnam,40.7,medium,72.5,5,DEMO_DATA,True
2023-08-20,visakhapatnam,45.1,medium,76.1,5,DEMO_DATA,True
2023-08-21,visakhapatnam,44.9,medium,75.9,5,DEMO_DATA,True
2023-08-22,visakhapatnam,61.8,high,89.5,7,DEMO_DATA,True
2023-08-23,visakhapatnam,47.1,medium,77.7,5,DEMO_DATA,True
2023-08-24,visakhapatnam,41.0,medium,72.8,5,DEMO_DATA,True
2023-08-25,visakhapatnam,38.7,medium,71.0,4,DEMO_DATA,True
2023-08-26,visakhapatnam,38.8,medium,71.0,4,DEMO_DATA,True
2023-08-27,visakhapatnam,49.8,high,79.8,6,DEMO_DATA,True
2023-08-28,visakhapatnam,42.7,medium,74.2,5,DEMO_DATA,True
2023-08-29,visakhapatnam,50.8,high,80.7,6,DEMO_DATA,True
2023-08-30,visakhapatnam,44.8,medium,75.9,5,DEMO_DATA,True
2023-08-31,visakhapatnam,41.4,medium,73.1,5,DEMO_DATA,True
2023-09-01,visakhapatnam,48.5,high,78.8,6,DEMO_DATA,True
2023-09-02,visakhapatnam,49.0,high,79.2,6,DEMO_DATA,True
2023-09-03,visakhapatnam,54.1,high,83.3,6,DEMO_DATA,True
2023-09-04,visakhapatnam,57.9,high,86.3,7,DEMO_DATA,True
2023-09-05,visakhapatnam,51.2,high,81.0,6,DEMO_DATA,True
2023-09-06,visakhapatnam,38.7,medium,71.0,4,DEMO_DATA,True
2023-09-07,visakhapatnam,44.2,medium,75.4,5,DEMO_DATA,True
2023-09-08,visakhapatnam,38.1,medium,70.5,4,DEMO_DATA,True
2023-09-09,visakhapatnam,37.3,medium,69.8,4,DEMO_DATA,True
2023-09-10,visakhapatnam,33.1,medium,66.5,4,DEMO_DATA,True
2023-09-11,visakhapatnam,34.7,medium,67.7,4,DEMO_DATA,True
2023-09-12,visakhapatnam,34.1,medium,67.3,4,DEMO_DATA,True
2023-09-13,visakhapatnam,31.1,medium,64.9,3,DEMO_DATA,True
2023-09-14,visakhapatnam,20.3,low,56.2,2,DEMO_DATA,True
2023-09-15,visakhapatnam,26.4,medium,61.1,3,DEMO_DATA,True
2023-09-16,visakhapatnam,26.7,medium,61.4,3,DEMO_DATA,True
2023-09-17,visakhapatnam,21.0,low,56.8,2,DEMO_DATA,True
2023-09-18,visakhapatnam,18.7,low,55.0,2,DEMO_DATA,True
2023-09-19,visakhapatnam,23.2,low,58.6,2,DEMO_DATA,True
2023-09-20,visakhapatnam,23.4,low,58.7,2,DEMO_DATA,True
2023-09-21,visakhapatnam,24.5,medium,59.6,3,DEMO_DATA,True
2023-09-22,visakhapatnam,23.2,low,58.6,2,DEMO_DATA,True
2023-09-23,visakhapatnam,20.8,low,56.6,2,DEMO_DATA,True
2023-09-24,visakhapatnam,25.2,medium,60.2,3,DEMO_DATA,True
2023-09-25,visakhapatnam,29.4,medium,63.5,3,DEMO_DATA,True
2023-09-26,visakhapatnam,27.7,medium,62.1,3,DEMO_DATA,True
2023-09-27,visakhapatnam,26.9,medium,61.5,3,DEMO_DATA,True
2023-09-28,visakhapatnam,32.4,medium,65.9,4,DEMO_DATA,True
2023-09-29,visakhapatnam,30.0,medium,64.0,3,DEMO_DATA,True
2023-09-30,visakhapatnam,31.8,medium,65.5,3,DEMO_DATA,True
2023-10-01,visakhapatnam,26.2,medium,60.9,3,DEMO_DATA,True
2023-10-02,visakhapatnam,26.5,medium,61.2,3,DEMO_DATA,True
2023-10-03,visakhapatnam,19.8,low,55.9,2,DEMO_DATA,True
2023-10-04,visakhapatnam,21.3,low,57.0,2,DEMO_DATA,True
2023-10-05,visakhapatnam,21.4,low,57.1,2,DEMO_DATA,True
2023-10-06,visakhapatnam,24.7,medium,59.8,3,DEMO_DATA,True
2023-10-07,visakhapatnam,35.5,medium,68.4,4,DEMO_DATA,True
2023-10-08,visakhapatnam,32.7,medium,66.2,4,DEMO_DATA,True
2023-10-09,visakhapatnam,29.5,medium,63.6,3,DEMO_DATA,True
2023-10-10,visakhapatnam,25.4,medium,60.3,3,DEMO_DATA,True
2023-10-11,visakhapatnam,27.4,medium,61.9,3,DEMO_DATA,True
2023-10-12,visakhapatnam,28.8,medium,63.0,3,DEMO_DATA,True
2023-10-13,visakhapatnam,32.3,medium,65.8,4,DEMO_DATA,True
2023-10-14,visakhapatnam,37.1,medium,69.7,4,DEMO_DATA,True
2023-10-15,visakhapatnam,32.6,medium,66.1,4,DEMO_DATA,True
2023-10-16,visakhapatnam,26.4,medium,61.1,3,DEMO_DATA,True
2023-10-17,visakhapatnam,28.2,medium,62.5,3,DEMO_DATA,True
2023-10-18,visakhapatnam,28.9,medium,63.1,3,DEMO_DATA,True
2023-10-19,visakhapatnam,25.8,medium,60.7,3,DEMO_DATA,True
2023-10-20,visakhapatnam,20.9,low,56.7,2,DEMO_DATA,True
2023-10-21,visakhapatnam,22.4,low,57.9,2,DEMO_DATA,True
2023-10-22,visakhapatnam,19.9,low,55.9,2,DEMO_DATA,True
2023-10-23,visakhapatnam,23.5,low,58.8,2,DEMO_DATA,True
2023-10-24,visakhapatnam,28.6,medium,62.9,3,DEMO_DATA,True
2023-10-25,visakhapatnam,29.5,medium,63.6,3,DEMO_DATA,True
2023-10-26,visakhapatnam,40.4,medium,72.3,5,DEMO_DATA,True
2023-10-27,visakhapatnam,36.1,medium,68.9,4,DEMO_DATA,True
2023-10-28,visakhapatnam,41.3,medium,73.0,5,DEMO_DATA,True
2023-10-29,visakhapatnam,38.8,medium,71.0,4,DEMO_DATA,True
2023-10-30,visakhapatnam,26.8,medium,61.5,3,DEMO_DATA,True
2023-10-31,visakhapatnam,23.8,low,59.1,2,DEMO_DATA,True
2023-11-01,visakhapatnam,24.0,medium,59.2,3,DEMO_DATA,True
2023-11-02,visakhapatnam,25.2,medium,60.1,3,DEMO_DATA,True
2023-11-03,visakhapatnam,31.7,medium,65.4,3,DEMO_DATA,True
2023-11-04,visakhapatnam,30.3,medium,64.2,3,DEMO_DATA,True
2023-11-05,visakhapatnam,26.3,medium,61.0,3,DEMO_DATA,True
2023-11-06,visakhapatnam,30.3,medium,64.2,3,DEMO_DATA,True
2023-11-07,visakhapatnam,19.1,low,55.3,2,DEMO_DATA,True
2023-11-08,visakhapatnam,21.5,low,57.2,2,DEMO_DATA,True
2023-11-09,visakhapatnam,19.3,low,55.5,2,DEMO_DATA,True
2023-11-10,visakhapatnam,21.9,low,57.5,2,DEMO_DATA,True
2023-11-11,visakhapatnam,22.7,low,58.2,2,DEMO_DATA,True
2023-11-12,visakhapatnam,26.2,medium,60.9,3,DEMO_DATA,True
2023-11-13,visakhapatnam,22.5,low,58.0,2,DEMO_DATA,True
2023-11-14,visakhapatnam,18.2,low,54.6,2,DEMO_DATA,True
2023-11-15,visakhapatnam,19.5,low,55.6,2,DEMO_DATA,True
2023-11-16,visakhapatnam,18.3,low,54.7,2,DEMO_DATA,True
2023-11-17,visakhapatnam,17.3,low,53.8,2,DEMO_DATA,True
2023-11-18,visakhapatnam,17.3,low,53.9,2,DEMO_DATA,True
2023-11-19,visakhapatnam,18.3,low,54.7,2,DEMO_DATA,True
2023-11-20,visakhapatnam,18.2,low,54.6,2,DEMO_DATA,True
2023-11-21,visakhapatnam,16.8,low,53.5,2,DEMO_DATA,True
2023-11-22,visakhapatnam,24.6,medium,59.7,3,DEMO_DATA,True
2023-11-23,visakhapatnam,26.7,medium,61.4,3,DEMO_DATA,True
2023-11-24,visakhapatnam,22.3,low,57.8,2,DEMO_DATA,True
2023-11-25,visakhapatnam,25.1,medium,60.1,3,DEMO_DATA,True
2023-11-26,visakhapatnam,20.0,low,56.0,2,DEMO_DATA,True
2023-11-27,visakhapatnam,18.0,low,54.4,2,DEMO_DATA,True
2023-11-28,visakhapatnam,15.7,low,52.6,1,DEMO_DATA,True
2023-11-29,visakhapatnam,18.3,low,54.6,2,DEMO_DATA,True
2023-11-30,visakhapatnam,18.8,low,55.0,2,DEMO_DATA,True
2023-12-01,visakhapatnam,22.2,low,57.8,2,DEMO_DATA,True
2023-12-02,visakhapatnam,20.0,low,56.0,2,DEMO_DATA,True
2023-12-03,visakhapatnam,18.4,low,54.7,2,DEMO_DATA,True
2023-12-04,visakhapatnam,20.6,low,56.5,2,DEMO_DATA,True
2023-12-05,visakhapatnam,25.2,medium,60.2,3,DEMO_DATA,True
2023-12-06,visakhapatnam,26.4,medium,61.1,3,DEMO_DATA,True
2023-12-07,visakhapatnam,35.9,medium,68.7,4,DEMO_DATA,True
2023-12-08,visakhapatnam,36.1,medium,68.9,4,DEMO_DATA,True
2023-12-09,visakhapatnam,29.5,medium,63.6,3,DEMO_DATA,True
2023-12-10,visakhapatnam,38.5,medium,70.8,4,DEMO_DATA,True
2023-12-11,visakhapatnam,31.8,medium,65.4,3,DEMO_DATA,True
2023-12-12,visakhapatnam,31.1,medium,64.9,3,DEMO_DATA,True
2023-12-13,visakhapatnam,38.5,medium,70.8,4,DEMO_DATA,True
2023-12-14,visakhapatnam,26.9,medium,61.5,3,DEMO_DATA,True
2023-12-15,visakhapatnam,23.5,low,58.8,2,DEMO_DATA,True
2023-12-16,visakhapatnam,22.7,low,58.2,2,DEMO_DATA,True
2023-12-17,visakhapatnam,19.8,low,55.8,2,DEMO_DATA,True
2023-12-18,visakhapatnam,20.6,low,56.5,2,DEMO_DATA,True
2023-12-19,visakhapatnam,20.8,low,56.6,2,DEMO_DATA,True
2023-12-20,visakhapatnam,25.0,medium,60.0,3,DEMO_DATA,True
2023-12-21,visakhapatnam,25.3,medium,60.2,3,DEMO_DATA,True
2023-12-22,visakhapatnam,29.2,medium,63.4,3,DEMO_DATA,True
2023-12-23,visakhapatnam,28.5,medium,62.8,3,DEMO_DATA,True
2023-12-24,visakhapatnam,33.5,medium,66.8,4,DEMO_DATA,True
2023-12-25,visakhapatnam,28.0,medium,62.4,3,DEMO_DATA,True
2023-12-26,visakhapatnam,25.2,medium,60.2,3,DEMO_DATA,True
2023-12-27,visakhapatnam,26.0,medium,60.8,3,DEMO_DATA,True
2023-12-28,visakhapatnam,25.9,medium,60.7,3,DEMO_DATA,True
2023-12-29,visakhapatnam,31.4,medium,65.1,3,DEMO_DATA,True
2023-12-30,visakhapatnam,40.2,medium,72.1,5,DEMO_DATA,True
2023-12-31,visakhapatnam,39.2,medium,71.4,4,DEMO_DATA,True
2024-01-01,visakhapatnam,35.8,medium,68.6,4,DEMO_DATA,True
2024-01-02,visakhapatnam,23.3,low,58.7,2,DEMO_DATA,True
2024-01-03,visakhapatnam,22.8,low,58.2,2,DEMO_DATA,True
2024-01-04,visakhapatnam,29.0,medium,63.2,3,DEMO_DATA,True
2024-01-05,visakhapatnam,29.0,medium,63.2,3,DEMO_DATA,True
2024-01-06,visakhapatnam,28.2,medium,62.5,3,DEMO_DATA,True
2024-01-07,visakhapatnam,26.9,medium,61.5,3,DEMO_DATA,True
2024-01-08,visakhapatnam,19.7,low,55.7,2,DEMO_DATA,True
2024-01-09,visakhapatnam,18.9,low,55.1,2,DEMO_DATA,True
2024-01-10,visakhapatnam,25.2,medium,60.1,3,DEMO_DATA,True
2024-01-11,visakhapatnam,24.4,medium,59.5,3,DEMO_DATA,True
2024-01-12,visakhapatnam,31.9,medium,65.5,3,DEMO_DATA,True
2024-01-13,visakhapatnam,33.5,medium,66.8,4,DEMO_DATA,True
2024-01-14,visakhapatnam,38.7,medium,70.9,4,DEMO_DATA,True
2024-01-15,visakhapatnam,30.8,medium,64.6,3,DEMO_DATA,True
2024-01-16,visakhapatnam,37.2,medium,69.7,4,DEMO_DATA,True
2024-01-17,visakhapatnam,31.2,medium,64.9,3,DEMO_DATA,True
2024-01-18,visakhapatnam,40.6,medium,72.5,5,DEMO_DATA,True
2024-01-19,visakhapatnam,41.1,medium,72.9,5,DEMO_DATA,True
2024-01-20,visakhapatnam,25.2,medium,60.2,3,DEMO_DATA,True
2024-01-21,visakhapatnam,20.4,low,56.4,2,DEMO_DATA,True
2024-01-22,visakhapatnam,30.6,medium,64.5,3,DEMO_DATA,True
2024-01-23,visakhapatnam,27.1,medium,61.7,3,DEMO_DATA,True
2024-01-24,visakhapatnam,22.2,low,57.8,2,DEMO_DATA,True
2024-01-25,visakhapatnam,18.5,low,54.8,2,DEMO_DATA,True
2024-01-26,visakhapatnam,17.3,low,53.8,2,DEMO_DATA,True
2024-01-27,visakhapatnam,23.0,low,58.4,2,DEMO_DATA,True
2024-01-28,visakhapatnam,23.5,low,58.8,2,DEMO_DATA,True
2024-01-29,visakhapatnam,20.9,low,56.8,2,DEMO_DATA,True
2024-01-30,visakhapatnam,24.7,medium,59.8,3,DEMO_DATA,True
2024-01-31,visakhapatnam,19.9,low,55.9,2,DEMO_DATA,True
2024-02-01,visakhapatnam,25.1,medium,60.1,3,DEMO_DATA,True
2024-02-02,visakhapatnam,24.8,medium,59.8,3,DEMO_DATA,True
2024-02-03,visakhapatnam,20.2,low,56.2,2,DEMO_DATA,True
2024-02-04,visakhapatnam,21.8,low,57.5,2,DEMO_DATA,True
2024-02-05,visakhapatnam,22.1,low,57.6,2,DEMO_DATA,True
2024-02-06,visakhapatnam,23.8,low,59.0,2,DEMO_DATA,True
2024-02-07,visakhapatnam,19.2,low,55.4,2,DEMO_DATA,True
2024-02-08,visakhapatnam,17.0,low,53.6,2,DEMO_DATA,True
2024-02-09,visakhapatnam,21.1,low,56.9,2,DEMO_DATA,True
2024-02-10,visakhapatnam,13.7,low,51.0,1,DEMO_DATA,True
2024-02-11,visakhapatnam,15.6,low,52.5,1,DEMO_DATA,True
2024-02-12,visakhapatnam,12.7,low,50.1,1,DEMO_DATA,True
2024-02-13,visakhapatnam,13.1,low,50.5,1,DEMO_DATA,True
2024-02-14,visakhapatnam,12.3,low,49.8,1,DEMO_DATA,True
2024-02-15,visakhapatnam,13.5,low,50.8,1,DEMO_DATA,True
2024-02-16,visakhapatnam,12.1,low,49.7,1,DEMO_DATA,True
2024-02-17,visakhapatnam,12.7,low,50.2,1,DEMO_DATA,True
2024-02-18,visakhapatnam,13.2,low,50.6,1,DEMO_DATA,True
2024-02-19,visakhapatnam,12.1,low,49.7,1,DEMO_DATA,True
2024-02-20,visakhapatnam,14.8,low,51.8,1,DEMO_DATA,True
2024-02-21,visakhapatnam,15.1,low,52.0,1,DEMO_DATA,True
2024-02-22,visakhapatnam,15.3,low,52.2,1,DEMO_DATA,True
2024-02-23,visakhapatnam,12.9,low,50.4,1,DEMO_DATA,True
2024-02-24,visakhapatnam,13.7,low,50.9,1,DEMO_DATA,True
2024-02-25,visakhapatnam,19.3,low,55.5,2,DEMO_DATA,True
2024-02-26,visakhapatnam,21.6,low,57.3,2,DEMO_DATA,True
2024-02-27,visakhapatnam,24.0,low,59.2,2,DEMO_DATA,True
2024-02-28,visakhapatnam,17.2,low,53.7,2,DEMO_DATA,True
2024-02-29,visakhapatnam,14.9,low,51.9,1,DEMO_DATA,True
2024-03-01,visakhapatnam,12.5,low,50.0,1,DEMO_DATA,True
2024-03-02,visakhapatnam,14.1,low,51.3,1,DEMO_DATA,True
2024-03-03,visakhapatnam,14.2,low,51.4,1,DEMO_DATA,True
2024-03-04,visakhapatnam,16.1,low,52.9,2,DEMO_DATA,True
2024-03-05,visakhapatnam,19.6,low,55.7,2,DEMO_DATA,True
2024-03-06,visakhapatnam,23.8,low,59.0,2,DEMO_DATA,True
2024-03-07,visakhapatnam,30.8,medium,64.6,3,DEMO_DATA,True
2024-03-08,visakhapatnam,47.7,medium,78.2,5,DEMO_DATA,True
2024-03-09,visakhapatnam,49.2,high,79.4,6,DEMO_DATA,True
2024-03-10,visakhapatnam,45.5,medium,76.4,5,DEMO_DATA,True
2024-03-11,visakhapatnam,46.0,medium,76.8,5,DEMO_DATA,True
2024-03-12,visakhapatnam,56.5,high,85.2,7,DEMO_DATA,True
2024-03-13,visakhapatnam,63.0,high,90.4,7,DEMO_DATA,True
2024-03-14,visakhapatnam,77.1,high,95.0,9,DEMO_DATA,True
2024-03-15,visakhapatnam,74.6,high,95.0,9,DEMO_DATA,True
2024-03-16,visakhapatnam,79.1,high,95.0,9,DEMO_DATA,True
2024-03-17,visakhapatnam,109.9,high,95.0,13,DEMO_DATA,True
2024-03-18,visakhapatnam,103.0,high,95.0,12,DEMO_DATA,True
2024-03-19,visakhapatnam,102.5,high,95.0,12,DEMO_DATA,True
2024-03-20,visakhapatnam,122.8,high,95.0,15,DEMO_DATA,True
2024-03-21,visakhapatnam,113.0,high,95.0,14,DEMO_DATA,True
2024-03-22,visakhapatnam,101.6,high,95.0,12,DEMO_DATA,True
2024-03-23,visakhapatnam,91.5,high,95.0,11,DEMO_DATA,True
2024-03-24,visakhapatnam,89.8,high,95.0,11,DEMO_DATA,True
2024-03-25,visakhapatnam,81.6,high,95.0,10,DEMO_DATA,True
2024-03-26,visakhapatnam,89.2,high,95.0,11,DEMO_DATA,True
2024-03-27,visakhapatnam,101.6,high,95.0,12,DEMO_DATA,True
2024-03-28,visakhapatnam,115.5,high,95.0,14,DEMO_DATA,True
2024-03-29,visakhapatnam,120.3,high,95.0,15,DEMO_DATA,True
2024-03-30,visakhapatnam,120.1,high,95.0,15,DEMO_DATA,True
2024-03-31,visakhapatnam,126.0,high,95.0,15,DEMO_DATA,True
2024-04-01,visakhapatnam,90.7,high,95.0,11,DEMO_DATA,True
2024-04-02,visakhapatnam,77.5,high,95.0,9,DEMO_DATA,True
2024-04-03,visakhapatnam,63.3,high,90.7,7,DEMO_DATA,True
2024-04-04,visakhapatnam,52.7,high,82.1,6,DEMO_DATA,True
2024-04-05,visakhapatnam,48.3,high,78.6,6,DEMO_DATA,True
2024-04-06,visakhapatnam,53.6,high,82.9,6,DEMO_DATA,True
2024-04-07,visakhapatnam,37.0,medium,69.6,4,DEMO_DATA,True
2024-04-08,visakhapatnam,30.0,medium,64.0,3,DEMO_DATA,True
2024-04-09,visakhapatnam,33.5,medium,66.8,4,DEMO_DATA,True
2024-04-10,visakhapatnam,21.6,low,57.3,2,DEMO_DATA,True
2024-04-11,visakhapatnam,23.7,low,59.0,2,DEMO_DATA,True
2024-04-12,visakhapatnam,21.1,low,56.9,2,DEMO_DATA,True
2024-04-13,visakhapatnam,23.2,low,58.6,2,DEMO_DATA,True
2024-04-14,visakhapatnam,27.4,medium,61.9,3,DEMO_DATA,True
2024-04-15,visakhapatnam,39.5,medium,71.6,4,DEMO_DATA,True
2024-04-16,visakhapatnam,53.5,high,82.8,6,DEMO_DATA,True
2024-04-17,visakhapatnam,60.3,high,88.2,7,DEMO_DATA,True
2024-04-18,visakhapatnam,66.1,high,92.9,8,DEMO_DATA,True
2024-04-19,visakhapatnam,54.7,high,83.7,6,DEMO_DATA,True
2024-04-20,visakhapatnam,58.1,high,86.4,7,DEMO_DATA,True
2024-04-21,visakhapatnam,70.1,high,95.0,8,DEMO_DATA,True
2024-04-22,visakhapatnam,65.5,high,92.4,8,DEMO_DATA,True
2024-04-23,visakhapatnam,60.1,high,88.1,7,DEMO_DATA,True
2024-04-24,visakhapatnam,45.6,medium,76.5,5,DEMO_DATA,True
2024-04-25,visakhapatnam,54.2,high,83.4,6,DEMO_DATA,True
2024-04-26,visakhapatnam,56.2,high,85.0,7,DEMO_DATA,True
2024-04-27,visakhapatnam,61.3,high,89.0,7,DEMO_DATA,True
2024-04-28,visakhapatnam,73.2,high,95.0,9,DEMO_DATA,True
2024-04-29,visakhapatnam,78.6,high,95.0,9,DEMO_DATA,True
2024-04-30,visakhapatnam,77.3,high,95.0,9,DEMO_DATA,True
2024-05-01,visakhapatnam,110.0,high,95.0,13,DEMO_DATA,True
2024-05-02,visakhapatnam,124.7,high,95.0,15,DEMO_DATA,True
2024-05-03,visakhapatnam,119.5,high,95.0,14,DEMO_DATA,True
2024-05-04,visakhapatnam,86.6,high,95.0,10,DEMO_DATA,True
2024-05-05,visakhapatnam,57.0,high,85.6,7,DEMO_DATA,True
2024-05-06,visakhapatnam,70.2,high,95.0,8,DEMO_DATA,True
2024-05-07,visakhapatnam,69.0,high,95.0,8,DEMO_DATA,True
2024-05-08,visakhapatnam,77.8,high,95.0,9,DEMO_DATA,True
2024-05-09,visakhapatnam,89.5,high,95.0,11,DEMO_DATA,True
2024-05-10,visakhapatnam,99.9,high,95.0,12,DEMO_DATA,True
2024-05-11,visakhapatnam,100.3,high,95.0,12,DEMO_DATA,True
2024-05-12,visakhapatnam,69.6,high,95.0,8,DEMO_DATA,True
2024-05-13,visakhapatnam,65.1,high,92.1,8,DEMO_DATA,True
2024-05-14,visakhapatnam,71.7,high,95.0,8,DEMO_DATA,True
2024-05-15,visakhapatnam,42.6,medium,74.1,5,DEMO_DATA,True
2024-05-16,visakhapatnam,43.3,medium,74.6,5,DEMO_DATA,True
2024-05-17,visakhapatnam,55.0,high,84.0,6,DEMO_DATA,True
2024-05-18,visakhapatnam,59.8,high,87.8,7,DEMO_DATA,True
2024-05-19,visakhapatnam,67.1,high,93.7,8,DEMO_DATA,True
2024-05-20,visakhapatnam,56.7,high,85.4,7,DEMO_DATA,True
2024-05-21,visakhapatnam,51.8,high,81.4,6,DEMO_DATA,True
2024-05-22,visakhapatnam,53.2,high,82.6,6,DEMO_DATA,True
2024-05-23,visakhapatnam,50.3,high,80.3,6,DEMO_DATA,True
2024-05-24,visakhapatnam,62.7,high,90.2,7,DEMO_DATA,True
2024-05-25,visakhapatnam,45.9,medium,76.8,5,DEMO_DATA,True
2024-05-26,visakhapatnam,41.6,medium,73.3,5,DEMO_DATA,True
2024-05-27,visakhapatnam,48.3,high,78.6,6,DEMO_DATA,True
2024-05-28,visakhapatnam,34.0,medium,67.2,4,DEMO_DATA,True
2024-05-29,visakhapatnam,33.1,medium,66.5,4,DEMO_DATA,True
2024-05-30,visakhapatnam,25.7,medium,60.6,3,DEMO_DATA,True
2024-05-31,visakhapatnam,24.5,medium,59.6,3,DEMO_DATA,True
2024-06-01,visakhapatnam,20.3,low,56.3,2,DEMO_DATA,True
2024-06-02,visakhapatnam,17.4,low,53.9,2,DEMO_DATA,True
2024-06-03,visakhapatnam,20.1,low,56.1,2,DEMO_DATA,True
2024-06-04,visakhapatnam,16.2,low,53.0,2,DEMO_DATA,True
2024-06-05,visakhapatnam,18.0,low,54.4,2,DEMO_DATA,True
2024-06-06,visakhapatnam,13.2,low,50.6,1,DEMO_DATA,True
2024-06-07,visakhapatnam,17.4,low,53.9,2,DEMO_DATA,True
2024-06-08,visakhapatnam,20.0,low,56.0,2,DEMO_DATA,True
2024-06-09,visakhapatnam,20.0,low,56.0,2,DEMO_DATA,True
2024-06-10,visakhapatnam,21.0,low,56.8,2,DEMO_DATA,True
2024-06-11,visakhapatnam,19.1,low,55.3,2,DEMO_DATA,True
2024-06-12,visakhapatnam,16.4,low,53.1,2,DEMO_DATA,True
2024-06-13,visakhapatnam,16.9,low,53.5,2,DEMO_DATA,True
2024-06-14,visakhapatnam,14.3,low,51.4,1,DEMO_DATA,True
2024-06-15,visakhapatnam,14.0,low,51.2,1,DEMO_DATA,True
2024-06-16,visakhapatnam,10.2,low,48.1,1,DEMO_DATA,True
2024-06-17,visakhapatnam,11.3,low,49.1,1,DEMO_DATA,True
2024-06-18,visakhapatnam,16.2,low,53.0,2,DEMO_DATA,True
2024-06-19,visakhapatnam,19.5,low,55.6,2,DEMO_DATA,True
2024-06-20,visakhapatnam,17.8,low,54.3,2,DEMO_DATA,True
2024-06-21,visakhapatnam,16.7,low,53.3,2,DEMO_DATA,True
2024-06-22,visakhapatnam,18.6,low,54.9,2,DEMO_DATA,True
2024-06-23,visakhapatnam,19.2,low,55.4,2,DEMO_DATA,True
2024-06-24,visakhapatnam,22.0,low,57.6,2,DEMO_DATA,True
2024-06-25,visakhapatnam,17.5,low,54.0,2,DEMO_DATA,True
2024-06-26,visakhapatnam,18.2,low,54.6,2,DEMO_DATA,True
2024-06-27,visakhapatnam,21.5,low,57.2,2,DEMO_DATA,True
2024-06-28,visakhapatnam,21.9,low,57.6,2,DEMO_DATA,True
2024-06-29,visakhapatnam,15.5,low,52.4,1,DEMO_DATA,True
2024-06-30,visakhapatnam,13.9,low,51.1,1,DEMO_DATA,True
2024-07-01,visakhapatnam,19.5,low,55.6,2,DEMO_DATA,True
2024-07-02,visakhapatnam,16.3,low,53.0,2,DEMO_DATA,True
2024-07-03,visakhapatnam,17.5,low,54.0,2,DEMO_DATA,True
2024-07-04,visakhapatnam,12.6,low,50.1,1,DEMO_DATA,True
2024-07-05,visakhapatnam,14.8,low,51.8,1,DEMO_DATA,True
2024-07-06,visakhapatnam,25.9,medium,60.7,3,DEMO_DATA,True
2024-07-07,visakhapatnam,19.1,low,55.3,2,DEMO_DATA,True
2024-07-08,visakhapatnam,20.1,low,56.1,2,DEMO_DATA,True
2024-07-09,visakhapatnam,17.1,low,53.7,2,DEMO_DATA,True
2024-07-10,visakhapatnam,19.2,low,55.4,2,DEMO_DATA,True
2024-07-11,visakhapatnam,22.3,low,57.8,2,DEMO_DATA,True
2024-07-12,visakhapatnam,28.5,medium,62.8,3,DEMO_DATA,True
2024-07-13,visakhapatnam,19.8,low,55.9,2,DEMO_DATA,True
2024-07-14,visakhapatnam,23.0,low,58.4,2,DEMO_DATA,True
2024-07-15,visakhapatnam,26.1,medium,60.9,3,DEMO_DATA,True
2024-07-16,visakhapatnam,31.6,medium,65.2,3,DEMO_DATA,True
2024-07-17,visakhapatnam,28.3,medium,62.7,3,DEMO_DATA,True
2024-07-18,visakhapatnam,19.6,low,55.7,2,DEMO_DATA,True
2024-07-19,visakhapatnam,33.9,medium,67.1,4,DEMO_DATA,True
2024-07-20,visakhapatnam,32.7,medium,66.1,4,DEMO_DATA,True
2024-07-21,visakhapatnam,21.8,low,57.5,2,DEMO_DATA,True
2024-07-22,visakhapatnam,26.4,medium,61.1,3,DEMO_DATA,True
2024-07-23,visakhapatnam,30.3,medium,64.2,3,DEMO_DATA,True
2024-07-24,visakhapatnam,23.2,low,58.6,2,DEMO_DATA,True
2024-07-25,visakhapatnam,31.4,medium,65.1,3,DEMO_DATA,True
2024-07-26,visakhapatnam,33.8,medium,67.0,4,DEMO_DATA,True
2024-07-27,visakhapatnam,34.1,medium,67.3,4,DEMO_DATA,True
2024-07-28,visakhapatnam,37.9,medium,70.3,4,DEMO_DATA,True
2024-07-29,visakhapatnam,35.3,medium,68.2,4,DEMO_DATA,True
2024-07-30,visakhapatnam,30.3,medium,64.2,3,DEMO_DATA,True
2024-07-31,visakhapatnam,34.9,medium,67.9,4,DEMO_DATA,True
2024-08-01,visakhapatnam,37.3,medium,69.8,4,DEMO_DATA,True
2024-08-02,visakhapatnam,18.5,low,54.8,2,DEMO_DATA,True
2024-08-03,visakhapatnam,16.5,low,53.2,2,DEMO_DATA,True
2024-08-04,visakhapatnam,13.7,low,51.0,1,DEMO_DATA,True
2024-08-05,visakhapatnam,12.5,low,50.0,1,DEMO_DATA,True
2024-08-06,visakhapatnam,13.3,low,50.6,1,DEMO_DATA,True
2024-08-07,visakhapatnam,13.8,low,51.1,1,DEMO_DATA,True
2024-08-08,visakhapatnam,19.6,low,55.7,2,DEMO_DATA,True
2024-08-09,visakhapatnam,20.0,low,56.0,2,DEMO_DATA,True
2024-08-10,visakhapatnam,17.9,low,54.4,2,DEMO_DATA,True
2024-08-11,visakhapatnam,16.2,low,53.0,2,DEMO_DATA,True
2024-08-12,visakhapatnam,14.2,low,51.4,1,DEMO_DATA,True
2024-08-13,visakhapatnam,17.9,low,54.3,2,DEMO_DATA,True
2024-08-14,visakhapatnam,23.5,low,58.8,2,DEMO_DATA,True
2024-08-15,visakhapatnam,33.7,medium,66.9,4,DEMO_DATA,True
2024-08-16,visakhapatnam,24.3,medium,59.4,3,DEMO_DATA,True
2024-08-17,visakhapatnam,31.4,medium,65.1,3,DEMO_DATA,True
2024-08-18,visakhapatnam,27.6,medium,62.1,3,DEMO_DATA,True
2024-08-19,visakhapatnam,27.9,medium,62.4,3,DEMO_DATA,True
2024-08-20,visakhapatnam,26.2,medium,60.9,3,DEMO_DATA,True
2024-08-21,visakhapatnam,22.5,low,58.0,2,DEMO_DATA,True
2024-08-22,visakhapatnam,26.7,medium,61.4,3,DEMO_DATA,True
2024-08-23,visakhapatnam,26.4,medium,61.1,3,DEMO_DATA,True
2024-08-24,visakhapatnam,31.2,medium,64.9,3,DEMO_DATA,True
2024-08-25,visakhapatnam,25.1,medium,60.1,3,DEMO_DATA,True
2024-08-26,visakhapatnam,24.8,medium,59.8,3,DEMO_DATA,True
2024-08-27,visakhapatnam,30.0,medium,64.0,3,DEMO_DATA,True
2024-08-28,visakhapatnam,29.0,medium,63.2,3,DEMO_DATA,True
2024-08-29,visakhapatnam,32.7,medium,66.1,4,DEMO_DATA,True
2024-08-30,visakhapatnam,45.0,medium,76.0,5,DEMO_DATA,True
2024-08-31,visakhapatnam,52.1,high,81.7,6,DEMO_DATA,True
2024-09-01,visakhapatnam,45.3,medium,76.2,5,DEMO_DATA,True
2024-09-02,visakhapatnam,41.6,medium,73.3,5,DEMO_DATA,True
2024-09-03,visakhapatnam,34.7,medium,67.8,4,DEMO_DATA,True
2024-09-04,visakhapatnam,35.0,medium,68.0,4,DEMO_DATA,True
2024-09-05,visakhapatnam,27.5,medium,62.0,3,DEMO_DATA,True
2024-09-06,visakhapatnam,24.5,medium,59.6,3,DEMO_DATA,True
2024-09-07,visakhapatnam,23.7,low,59.0,2,DEMO_DATA,True
2024-09-08,visakhapatnam,28.0,medium,62.4,3,DEMO_DATA,True
2024-09-09,visakhapatnam,24.3,medium,59.4,3,DEMO_DATA,True
2024-09-10,visakhapatnam,18.6,low,54.8,2,DEMO_DATA,True
2024-09-11,visakhapatnam,21.3,low,57.1,2,DEMO_DATA,True
2024-09-12,visakhapatnam,25.1,medium,60.1,3,DEMO_DATA,True
2024-09-13,visakhapatnam,24.1,medium,59.3,3,DEMO_DATA,True
2024-09-14,visakhapatnam,24.0,medium,59.2,3,DEMO_DATA,True
2024-09-15,visakhapatnam,19.9,low,55.9,2,DEMO_DATA,True
2024-09-16,visakhapatnam,23.1,low,58.5,2,DEMO_DATA,True
2024-09-17,visakhapatnam,20.0,low,56.0,2,DEMO_DATA,True
2024-09-18,visakhapatnam,20.5,low,56.4,2,DEMO_DATA,True
2024-09-19,visakhapatnam,25.0,medium,60.0,3,DEMO_DATA,True
2024-09-20,visakhapatnam,34.8,medium,67.8,4,DEMO_DATA,True
2024-09-21,visakhapatnam,39.4,medium,71.5,4,DEMO_DATA,True
2024-09-22,visakhapatnam,50.9,high,80.7,6,DEMO_DATA,True
2024-09-23,visakhapatnam,30.0,medium,64.0,3,DEMO_DATA,True
2024-09-24,visakhapatnam,23.5,low,58.8,2,DEMO_DATA,True
2024-09-25,visakhapatnam,29.6,medium,63.7,3,DEMO_DATA,True
2024-09-26,visakhapatnam,44.4,medium,75.5,5,DEMO_DATA,True
2024-09-27,visakhapatnam,44.6,medium,75.7,5,DEMO_DATA,True
2024-09-28,visakhapatnam,40.8,medium,72.7,5,DEMO_DATA,True
2024-09-29,visakhapatnam,41.6,medium,73.3,5,DEMO_DATA,True
2024-09-30,visakhapatnam,26.0,medium,60.8,3,DEMO_DATA,True
2024-10-01,visakhapatnam,19.7,low,55.8,2,DEMO_DATA,True
2024-10-02,visakhapatnam,9.0,low,47.2,1,DEMO_DATA,True
2024-10-03,visakhapatnam,11.5,low,49.2,1,DEMO_DATA,True
2024-10-04,visakhapatnam,15.7,low,52.6,1,DEMO_DATA,True
2024-10-05,visakhapatnam,16.8,low,53.4,2,DEMO_DATA,True
2024-10-06,visakhapatnam,19.5,low,55.6,2,DEMO_DATA,True
2024-10-07,visakhapatnam,24.2,medium,59.3,3,DEMO_DATA,True
2024-10-08,visakhapatnam,24.8,medium,59.8,3,DEMO_DATA,True
2024-10-09,visakhapatnam,18.5,low,54.8,2,DEMO_DATA,True
2024-10-10,visakhapatnam,15.1,low,52.1,1,DEMO_DATA,True
2024-10-11,visakhapatnam,16.2,low,52.9,2,DEMO_DATA,True
2024-10-12,visakhapatnam,14.1,low,51.2,1,DEMO_DATA,True
2024-10-13,visakhapatnam,16.4,low,53.1,2,DEMO_DATA,True
2024-10-14,visakhapatnam,18.0,low,54.4,2,DEMO_DATA,True
2024-10-15,visakhapatnam,16.4,low,53.1,2,DEMO_DATA,True
2024-10-16,visakhapatnam,11.6,low,49.3,1,DEMO_DATA,True
2024-10-17,visakhapatnam,10.8,low,48.7,1,DEMO_DATA,True
2024-10-18,visakhapatnam,13.8,low,51.0,1,DEMO_DATA,True
2024-10-19,visakhapatnam,15.9,low,52.7,1,DEMO_DATA,True
2024-10-20,visakhapatnam,15.5,low,52.4,1,DEMO_DATA,True
2024-10-21,visakhapatnam,14.8,low,51.9,1,DEMO_DATA,True
2024-10-22,visakhapatnam,18.2,low,54.5,2,DEMO_DATA,True
2024-10-23,visakhapatnam,21.8,low,57.4,2,DEMO_DATA,True
2024-10-24,visakhapatnam,25.6,medium,60.5,3,DEMO_DATA,True
2024-10-25,visakhapatnam,25.2,medium,60.1,3,DEMO_DATA,True
2024-10-26,visakhapatnam,24.6,medium,59.7,3,DEMO_DATA,True
2024-10-27,visakhapatnam,23.2,low,58.6,2,DEMO_DATA,True
2024-10-28,visakhapatnam,21.8,low,57.4,2,DEMO_DATA,True
2024-10-29,visakhapatnam,20.2,low,56.2,2,DEMO_DATA,True
2024-10-30,visakhapatnam,20.8,low,56.6,2,DEMO_DATA,True
2024-10-31,visakhapatnam,20.7,low,56.6,2,DEMO_DATA,True
2024-11-01,visakhapatnam,23.1,low,58.5,2,DEMO_DATA,True
2024-11-02,visakhapatnam,30.3,medium,64.2,3,DEMO_DATA,True
2024-11-03,visakhapatnam,25.6,medium,60.5,3,DEMO_DATA,True
2024-11-04,visakhapatnam,24.7,medium,59.7,3,DEMO_DATA,True
2024-11-05,visakhapatnam,29.9,medium,63.9,3,DEMO_DATA,True
2024-11-06,visakhapatnam,38.3,medium,70.7,4,DEMO_DATA,True
2024-11-07,visakhapatnam,37.3,medium,69.8,4,DEMO_DATA,True
2024-11-08,visakhapatnam,27.4,medium,61.9,3,DEMO_DATA,True
2024-11-09,visakhapatnam,18.0,low,54.4,2,DEMO_DATA,True
2024-11-10,visakhapatnam,17.2,low,53.8,2,DEMO_DATA,True
2024-11-11,visakhapatnam,18.0,low,54.4,2,DEMO_DATA,True
2024-11-12,visakhapatnam,20.5,low,56.4,2,DEMO_DATA,True
2024-11-13,visakhapatnam,23.7,low,59.0,2,DEMO_DATA,True
2024-11-14,visakhapatnam,17.2,low,53.7,2,DEMO_DATA,True
2024-11-15,visakhapatnam,18.4,low,54.7,2,DEMO_DATA,True
2024-11-16,visakhapatnam,21.0,low,56.8,2,DEMO_DATA,True
2024-11-17,visakhapatnam,18.2,low,54.5,2,DEMO_DATA,True
2024-11-18,visakhapatnam,23.3,low,58.6,2,DEMO_DATA,True
2024-11-19,visakhapatnam,27.1,medium,61.7,3,DEMO_DATA,True
2024-11-20,visakhapatnam,26.9,medium,61.5,3,DEMO_DATA,True
2024-11-21,visakhapatnam,26.7,medium,61.3,3,DEMO_DATA,True
2024-11-22,visakhapatnam,34.1,medium,67.3,4,DEMO_DATA,True
2024-11-23,visakhapatnam,36.0,medium,68.8,4,DEMO_DATA,True
2024-11-24,visakhapatnam,35.9,medium,68.7,4,DEMO_DATA,True
2024-11-25,visakhapatnam,40.3,medium,72.2,5,DEMO_DATA,True
2024-11-26,visakhapatnam,62.6,high,90.1,7,DEMO_DATA,True
2024-11-27,visakhapatnam,80.0,high,95.0,10,DEMO_DATA,True
2024-11-28,visakhapatnam,86.0,high,95.0,10,DEMO_DATA,True
2024-11-29,visakhapatnam,75.9,high,95.0,9,DEMO_DATA,True
2024-11-30,visakhapatnam,48.9,high,79.1,6,DEMO_DATA,True
2024-12-01,visakhapatnam,39.3,medium,71.4,4,DEMO_DATA,True
2024-12-02,visakhapatnam,48.3,high,78.6,6,DEMO_DATA,True
2024-12-03,visakhapatnam,41.6,medium,73.3,5,DEMO_DATA,True
2024-12-04,visakhapatnam,38.6,medium,70.9,4,DEMO_DATA,True
2024-12-05,visakhapatnam,36.5,medium,69.2,4,DEMO_DATA,True
2024-12-06,visakhapatnam,47.3,medium,77.8,5,DEMO_DATA,True
2024-12-07,visakhapatnam,42.4,medium,74.0,5,DEMO_DATA,True
2024-12-08,visakhapatnam,44.5,medium,75.6,5,DEMO_DATA,True
2024-12-09,visakhapatnam,37.6,medium,70.1,4,DEMO_DATA,True
2024-12-10,visakhapatnam,46.2,medium,77.0,5,DEMO_DATA,True
2024-12-11,visakhapatnam,47.4,medium,77.9,5,DEMO_DATA,True
2024-12-12,visakhapatnam,43.8,medium,75.0,5,DEMO_DATA,True
2024-12-13,visakhapatnam,46.1,medium,76.9,5,DEMO_DATA,True
2024-12-14,visakhapatnam,46.6,medium,77.2,5,DEMO_DATA,True
2024-12-15,visakhapatnam,59.9,high,87.9,7,DEMO_DATA,True
2024-12-16,visakhapatnam,56.6,high,85.3,7,DEMO_DATA,True
2024-12-17,visakhapatnam,52.7,high,82.1,6,DEMO_DATA,True
2024-12-18,visakhapatnam,44.8,medium,75.8,5,DEMO_DATA,True
2024-12-19,visakhapatnam,39.5,medium,71.6,4,DEMO_DATA,True
2024-12-20,visakhapatnam,42.4,medium,74.0,5,DEMO_DATA,True
2024-12-21,visakhapatnam,47.6,medium,78.1,5,DEMO_DATA,True
2024-12-22,visakhapatnam,54.0,high,83.2,6,DEMO_DATA,True
2024-12-23,visakhapatnam,67.5,high,94.0,8,DEMO_DATA,True
2024-12-24,visakhapatnam,52.5,high,82.0,6,DEMO_DATA,True
2024-12-25,visakhapatnam,55.6,high,84.5,6,DEMO_DATA,True
2024-12-26,visakhapatnam,53.4,high,82.7,6,DEMO_DATA,True
2024-12-27,visakhapatnam,41.1,medium,72.9,5,DEMO_DATA,True
2024-12-28,visakhapatnam,32.9,medium,66.3,4,DEMO_DATA,True
2024-12-29,visakhapatnam,46.2,medium,77.0,5,DEMO_DATA,True
2024-12-30,visakhapatnam,50.7,high,80.5,6,DEMO_DATA,True
2024-12-31,visakhapatnam,40.1,medium,72.1,5,DEMO_DATA,True
2025-01-01,visakhapatnam,27.2,medium,61.7,3,DEMO_DATA,True
2025-01-02,visakhapatnam,25.2,medium,60.1,3,DEMO_DATA,True
2025-01-03,visakhapatnam,22.9,low,58.3,2,DEMO_DATA,True
2025-01-04,visakhapatnam,25.2,medium,60.1,3,DEMO_DATA,True
2025-01-05,visakhapatnam,28.8,medium,63.1,3,DEMO_DATA,True
2025-01-06,visakhapatnam,24.1,medium,59.3,3,DEMO_DATA,True
2025-01-07,visakhapatnam,27.1,medium,61.7,3,DEMO_DATA,True
2025-01-08,visakhapatnam,29.5,medium,63.6,3,DEMO_DATA,True
2025-01-09,visakhapatnam,30.6,medium,64.5,3,DEMO_DATA,True
2025-01-10,visakhapatnam,17.2,low,53.8,2,DEMO_DATA,True
2025-01-11,visakhapatnam,8.4,low,46.7,1,DEMO_DATA,True
2025-01-12,visakhapatnam,9.7,low,47.7,1,DEMO_DATA,True
2025-01-13,visakhapatnam,11.9,low,49.5,1,DEMO_DATA,True
2025-01-14,visakhapatnam,12.3,low,49.8,1,DEMO_DATA,True
2025-01-15,visakhapatnam,13.8,low,51.0,1,DEMO_DATA,True
2025-01-16,visakhapatnam,14.1,low,51.3,1,DEMO_DATA,True
2025-01-17,visakhapatnam,12.9,low,50.3,1,DEMO_DATA,True
2025-01-18,visakhapatnam,15.2,low,52.2,1,DEMO_DATA,True
2025-01-19,visakhapatnam,16.5,low,53.2,2,DEMO_DATA,True
2025-01-20,visakhapatnam,17.6,low,54.1,2,DEMO_DATA,True
2025-01-21,visakhapatnam,18.9,low,55.1,2,DEMO_DATA,True
2025-01-22,visakhapatnam,23.7,low,59.0,2,DEMO_DATA,True
2025-01-23,visakhapatnam,25.8,medium,60.7,3,DEMO_DATA,True
2025-01-24,visakhapatnam,18.4,low,54.7,2,DEMO_DATA,True
2025-01-25,visakhapatnam,19.9,low,55.9,2,DEMO_DATA,True
2025-01-26,visakhapatnam,18.8,low,55.0,2,DEMO_DATA,True
2025-01-27,visakhapatnam,20.6,low,56.5,2,DEMO_DATA,True
2025-01-28,visakhapatnam,15.2,low,52.2,1,DEMO_DATA,True
2025-01-29,visakhapatnam,9.5,low,47.6,1,DEMO_DATA,True
2025-01-30,visakhapatnam,8.9,low,47.1,1,DEMO_DATA,True
2025-01-31,visakhapatnam,9.9,low,47.9,1,DEMO_DATA,True
2025-02-01,visakhapatnam,11.4,low,49.1,1,DEMO_DATA,True
2025-02-02,visakhapatnam,8.8,low,47.0,1,DEMO_DATA,True
2025-02-03,visakhapatnam,8.4,low,46.7,1,DEMO_DATA,True
2025-02-04,visakhapatnam,8.9,low,47.1,1,DEMO_DATA,True
2025-02-05,visakhapatnam,10.2,low,48.2,1,DEMO_DATA,True
2025-02-06,visakhapatnam,13.5,low,50.8,1,DEMO_DATA,True
2025-02-07,visakhapatnam,10.6,low,48.5,1,DEMO_DATA,True
2025-02-08,visakhapatnam,10.2,low,48.2,1,DEMO_DATA,True
2025-02-09,visakhapatnam,13.7,low,51.0,1,DEMO_DATA,True
2025-02-10,visakhapatnam,15.9,low,52.7,1,DEMO_DATA,True
2025-02-11,visakhapatnam,15.1,low,52.1,1,DEMO_DATA,True
2025-02-12,visakhapatnam,15.5,low,52.4,1,DEMO_DATA,True
2025-02-13,visakhapatnam,15.8,low,52.6,1,DEMO_DATA,True
2025-02-14,visakhapatnam,17.3,low,53.8,2,DEMO_DATA,True
2025-02-15,visakhapatnam,22.3,low,57.9,2,DEMO_DATA,True
2025-02-16,visakhapatnam,24.6,medium,59.6,3,DEMO_DATA,True
2025-02-17,visakhapatnam,26.9,medium,61.5,3,DEMO_DATA,True
2025-02-18,visakhapatnam,26.9,medium,61.5,3,DEMO_DATA,True
2025-02-19,visakhapatnam,21.5,low,57.2,2,DEMO_DATA,True
2025-02-20,visakhapatnam,16.4,low,53.1,2,DEMO_DATA,True
2025-02-21,visakhapatnam,12.6,low,50.0,1,DEMO_DATA,True
2025-02-22,visakhapatnam,10.7,low,48.5,1,DEMO_DATA,True
2025-02-23,visakhapatnam,13.4,low,50.7,1,DEMO_DATA,True
2025-02-24,visakhapatnam,17.8,low,54.2,2,DEMO_DATA,True
2025-02-25,visakhapatnam,14.1,low,51.3,1,DEMO_DATA,True
2025-02-26,visakhapatnam,13.7,low,51.0,1,DEMO_DATA,True
2025-02-27,visakhapatnam,10.4,low,48.3,1,DEMO_DATA,True
2025-02-28,visakhapatnam,10.3,low,48.2,1,DEMO_DATA,True
2025-03-01,visakhapatnam,12.3,low,49.9,1,DEMO_DATA,True
2025-03-02,visakhapatnam,15.3,low,52.2,1,DEMO_DATA,True
2025-03-03,visakhapatnam,16.2,low,53.0,2,DEMO_DATA,True
2025-03-04,visakhapatnam,17.1,low,53.7,2,DEMO_DATA,True
2025-03-05,visakhapatnam,16.4,low,53.1,2,DEMO_DATA,True
2025-03-06,visakhapatnam,20.0,low,56.0,2,DEMO_DATA,True
2025-03-07,visakhapatnam,25.2,medium,60.2,3,DEMO_DATA,True
2025-03-08,visakhapatnam,28.3,medium,62.6,3,DEMO_DATA,True
2025-03-09,visakhapatnam,33.1,medium,66.5,4,DEMO_DATA,True
2025-03-10,visakhapatnam,30.7,medium,64.5,3,DEMO_DATA,True
2025-03-11,visakhapatnam,26.7,medium,61.3,3,DEMO_DATA,True
2025-03-12,visakhapatnam,34.9,medium,67.9,4,DEMO_DATA,True
2025-03-13,visakhapatnam,41.9,medium,73.5,5,DEMO_DATA,True
2025-03-14,visakhapatnam,48.2,high,78.6,6,DEMO_DATA,True
2025-03-15,visakhapatnam,49.3,high,79.4,6,DEMO_DATA,True
2025-03-16,visakhapatnam,64.9,high,91.9,8,DEMO_DATA,True
2025-03-17,visakhapatnam,56.0,high,84.8,6,DEMO_DATA,True
2025-03-18,visakhapatnam,43.3,medium,74.6,5,DEMO_DATA,True
2025-03-19,visakhapatnam,39.6,medium,71.7,4,DEMO_DATA,True
2025-03-20,visakhapatnam,41.9,medium,73.5,5,DEMO_DATA,True
2025-03-21,visakhapatnam,45.0,medium,76.0,5,DEMO_DATA,True
2025-03-22,visakhapatnam,46.7,medium,77.4,5,DEMO_DATA,True
2025-03-23,visakhapatnam,27.8,medium,62.2,3,DEMO_DATA,True
2025-03-24,visakhapatnam,21.9,low,57.5,2,DEMO_DATA,True
2025-03-25,visakhapatnam,21.4,low,57.1,2,DEMO_DATA,True
2025-03-26,visakhapatnam,26.6,medium,61.3,3,DEMO_DATA,True
2025-03-27,visakhapatnam,32.6,medium,66.1,4,DEMO_DATA,True
2025-03-28,visakhapatnam,25.4,medium,60.3,3,DEMO_DATA,True
2025-03-29,visakhapatnam,27.5,medium,62.0,3,DEMO_DATA,True
2025-03-30,visakhapatnam,29.9,medium,64.0,3,DEMO_DATA,True
2025-03-31,visakhapatnam,28.7,medium,63.0,3,DEMO_DATA,True
2025-04-01,visakhapatnam,27.5,medium,62.0,3,DEMO_DATA,True
2025-04-02,visakhapatnam,32.2,medium,65.8,4,DEMO_DATA,True
2025-04-03,visakhapatnam,42.2,medium,73.7,5,DEMO_DATA,True
2025-04-04,visakhapatnam,33.7,medium,67.0,4,DEMO_DATA,True
2025-04-05,visakhapatnam,31.7,medium,65.4,3,DEMO_DATA,True
2025-04-06,visakhapatnam,28.6,medium,62.9,3,DEMO_DATA,True
2025-04-07,visakhapatnam,32.7,medium,66.2,4,DEMO_DATA,True
2025-04-08,visakhapatnam,32.3,medium,65.9,4,DEMO_DATA,True
2025-04-09,visakhapatnam,32.4,medium,65.9,4,DEMO_DATA,True
2025-04-10,visakhapatnam,24.6,medium,59.7,3,DEMO_DATA,True
2025-04-11,visakhapatnam,26.3,medium,61.1,3,DEMO_DATA,True
2025-04-12,visakhapatnam,25.6,medium,60.5,3,DEMO_DATA,True
2025-04-13,visakhapatnam,27.1,medium,61.7,3,DEMO_DATA,True
2025-04-14,visakhapatnam,18.3,low,54.7,2,DEMO_DATA,True
2025-04-15,visakhapatnam,21.6,low,57.3,2,DEMO_DATA,True
2025-04-16,visakhapatnam,17.2,low,53.8,2,DEMO_DATA,True
2025-04-17,visakhapatnam,13.6,low,50.9,1,DEMO_DATA,True
2025-04-18,visakhapatnam,10.1,low,48.0,1,DEMO_DATA,True
2025-04-19,visakhapatnam,8.4,low,46.7,1,DEMO_DATA,True
2025-04-20,visakhapatnam,10.2,low,48.2,1,DEMO_DATA,True
2025-04-21,visakhapatnam,10.4,low,48.3,1,DEMO_DATA,True
2025-04-22,visakhapatnam,10.6,low,48.5,1,DEMO_DATA,True
2025-04-23,visakhapatnam,14.2,low,51.4,1,DEMO_DATA,True
2025-04-24,visakhapatnam,16.2,low,53.0,2,DEMO_DATA,True
2025-04-25,visakhapatnam,17.8,low,54.2,2,DEMO_DATA,True
2025-04-26,visakhapatnam,17.3,low,53.8,2,DEMO_DATA,True
2025-04-27,visakhapatnam,22.1,low,57.7,2,DEMO_DATA,True
2025-04-28,visakhapatnam,26.9,medium,61.5,3,DEMO_DATA,True
2025-04-29,visakhapatnam,24.8,medium,59.9,3,DEMO_DATA,True
2025-04-30,visakhapatnam,19.2,low,55.4,2,DEMO_DATA,True
2025-05-01,visakhapatnam,12.3,low,49.8,1,DEMO_DATA,True
2025-05-02,visakhapatnam,15.9,low,52.7,1,DEMO_DATA,True
2025-05-03,visakhapatnam,16.2,low,52.9,2,DEMO_DATA,True
2025-05-04,visakhapatnam,13.8,low,51.1,1,DEMO_DATA,True
2025-05-05,visakhapatnam,12.2,low,49.7,1,DEMO_DATA,True
2025-05-06,visakhapatnam,10.7,low,48.5,1,DEMO_DATA,True
2025-05-07,visakhapatnam,13.0,low,50.4,1,DEMO_DATA,True
2025-05-08,visakhapatnam,14.0,low,51.2,1,DEMO_DATA,True
2025-05-09,visakhapatnam,14.0,low,51.2,1,DEMO_DATA,True
2025-05-10,visakhapatnam,11.4,low,49.1,1,DEMO_DATA,True
2025-05-11,visakhapatnam,10.9,low,48.7,1,DEMO_DATA,True
2025-05-12,visakhapatnam,12.3,low,49.9,1,DEMO_DATA,True
2025-05-13,visakhapatnam,11.0,low,48.8,1,DEMO_DATA,True
2025-05-14,visakhapatnam,10.7,low,48.6,1,DEMO_DATA,True
2025-05-15,visakhapatnam,9.9,low,47.9,1,DEMO_DATA,True
2025-05-16,visakhapatnam,13.0,low,50.4,1,DEMO_DATA,True
2025-05-17,visakhapatnam,12.6,low,50.1,1,DEMO_DATA,True
2025-05-18,visakhapatnam,14.5,low,51.6,1,DEMO_DATA,True
2025-05-19,visakhapatnam,12.4,low,49.9,1,DEMO_DATA,True
2025-05-20,visakhapatnam,12.3,low,49.9,1,DEMO_DATA,True
2025-05-21,visakhapatnam,12.7,low,50.1,1,DEMO_DATA,True
2025-05-22,visakhapatnam,12.6,low,50.1,1,DEMO_DATA,True
2025-05-23,visakhapatnam,13.9,low,51.2,1,DEMO_DATA,True
2025-05-24,visakhapatnam,18.8,low,55.0,2,DEMO_DATA,True
2025-05-25,visakhapatnam,20.6,low,56.4,2,DEMO_DATA,True
2025-05-26,visakhapatnam,20.2,low,56.2,2,DEMO_DATA,True
2025-05-27,visakhapatnam,21.4,low,57.1,2,DEMO_DATA,True
2025-05-28,visakhapatnam,21.7,low,57.3,2,DEMO_DATA,True
2025-05-29,visakhapatnam,26.7,medium,61.4,3,DEMO_DATA,True
2025-05-30,visakhapatnam,24.3,medium,59.5,3,DEMO_DATA,True
2025-05-31,visakhapatnam,26.5,medium,61.2,3,DEMO_DATA,True
2025-06-01,visakhapatnam,28.5,medium,62.8,3,DEMO_DATA,True
2025-06-02,visakhapatnam,28.8,medium,63.1,3,DEMO_DATA,True
2025-06-03,visakhapatnam,23.8,low,59.1,2,DEMO_DATA,True
2025-06-04,visakhapatnam,11.2,low,49.0,1,DEMO_DATA,True
2025-06-05,visakhapatnam,13.5,low,50.8,1,DEMO_DATA,True
2025-06-06,visakhapatnam,12.8,low,50.2,1,DEMO_DATA,True
2025-06-07,visakhapatnam,11.3,low,49.1,1,DEMO_DATA,True
2025-06-08,visakhapatnam,13.4,low,50.8,1,DEMO_DATA,True
2025-06-09,visakhapatnam,13.6,low,50.9,1,DEMO_DATA,True
2025-06-10,visakhapatnam,14.4,low,51.5,1,DEMO_DATA,True
2025-06-11,visakhapatnam,18.5,low,54.8,2,DEMO_DATA,True
2025-06-12,visakhapatnam,14.0,low,51.2,1,DEMO_DATA,True
2025-06-13,visakhapatnam,16.9,low,53.5,2,DEMO_DATA,True
2025-06-14,visakhapatnam,19.6,low,55.7,2,DEMO_DATA,True
2025-06-15,visakhapatnam,24.8,medium,59.9,3,DEMO_DATA,True
2025-06-16,visakhapatnam,23.7,low,59.0,2,DEMO_DATA,True
2025-06-17,visakhapatnam,26.0,medium,60.8,3,DEMO_DATA,True
2025-06-18,visakhapatnam,33.8,medium,67.0,4,DEMO_DATA,True
2025-06-19,visakhapatnam,30.0,medium,64.0,3,DEMO_DATA,True
2025-06-20,visakhapatnam,31.6,medium,65.3,3,DEMO_DATA,True
2025-06-21,visakhapatnam,40.4,medium,72.4,5,DEMO_DATA,True
2025-06-22,visakhapatnam,47.0,medium,77.6,5,DEMO_DATA,True
2025-06-23,visakhapatnam,53.2,high,82.6,6,DEMO_DATA,True
2025-06-24,visakhapatnam,29.8,medium,63.8,3,DEMO_DATA,True
2025-06-25,visakhapatnam,34.5,medium,67.6,4,DEMO_DATA,True
2025-06-26,visakhapatnam,33.6,medium,66.9,4,DEMO_DATA,True
2025-06-27,visakhapatnam,28.8,medium,63.1,3,DEMO_DATA,True
2025-06-28,visakhapatnam,30.5,medium,64.4,3,DEMO_DATA,True
2025-06-29,visakhapatnam,32.2,medium,65.8,4,DEMO_DATA,True
2025-06-30,visakhapatnam,45.0,medium,76.0,5,DEMO_DATA,True
2025-07-01,visakhapatnam,78.3,high,95.0,9,DEMO_DATA,True
2025-07-02,visakhapatnam,51.8,high,81.4,6,DEMO_DATA,True
2025-07-03,visakhapatnam,55.0,high,84.0,6,DEMO_DATA,True
2025-07-04,visakhapatnam,41.2,medium,72.9,5,DEMO_DATA,True
2025-07-05,visakhapatnam,43.0,medium,74.4,5,DEMO_DATA,True
2025-07-06,visakhapatnam,38.9,medium,71.1,4,DEMO_DATA,True
2025-07-07,visakhapatnam,40.8,medium,72.6,5,DEMO_DATA,True
2025-07-08,visakhapatnam,26.2,medium,60.9,3,DEMO_DATA,True
2025-07-09,visakhapatnam,24.6,medium,59.7,3,DEMO_DATA,True
2025-07-10,visakhapatnam,32.2,medium,65.8,4,DEMO_DATA,True
2025-07-11,visakhapatnam,35.0,medium,68.0,4,DEMO_DATA,True
2025-07-12,visakhapatnam,44.6,medium,75.7,5,DEMO_DATA,True
2025-07-13,visakhapatnam,41.5,medium,73.2,5,DEMO_DATA,True
2025-07-14,visakhapatnam,46.9,medium,77.5,5,DEMO_DATA,True
2025-07-15,visakhapatnam,48.0,medium,78.4,5,DEMO_DATA,True
2025-07-16,visakhapatnam,50.3,high,80.2,6,DEMO_DATA,True
2025-07-17,visakhapatnam,49.4,high,79.5,6,DEMO_DATA,True
2025-07-18,visakhapatnam,42.4,medium,73.9,5,DEMO_DATA,True
2025-07-19,visakhapatnam,46.5,medium,77.2,5,DEMO_DATA,True
2025-07-20,visakhapatnam,45.6,medium,76.5,5,DEMO_DATA,True
2025-07-21,visakhapatnam,46.4,medium,77.1,5,DEMO_DATA,True
2025-07-22,visakhapatnam,43.3,medium,74.7,5,DEMO_DATA,True
2025-07-23,visakhapatnam,54.2,high,83.4,6,DEMO_DATA,True
2025-07-24,visakhapatnam,48.2,high,78.6,6,DEMO_DATA,True
2025-07-25,visakhapatnam,51.9,high,81.5,6,DEMO_DATA,True
2025-07-26,visakhapatnam,41.4,medium,73.2,5,DEMO_DATA,True
2025-07-27,visakhapatnam,42.8,medium,74.2,5,DEMO_DATA,True
2025-07-28,visakhapatnam,39.7,medium,71.7,4,DEMO_DATA,True
2025-07-29,visakhapatnam,32.7,medium,66.2,4,DEMO_DATA,True
2025-07-30,visakhapatnam,32.4,medium,65.9,4,DEMO_DATA,True
2025-07-31,visakhapatnam,31.8,medium,65.4,3,DEMO_DATA,True
2025-08-01,visakhapatnam,30.0,medium,64.0,3,DEMO_DATA,True
2025-08-02,visakhapatnam,37.1,medium,69.7,4,DEMO_DATA,True
2025-08-03,visakhapatnam,38.4,medium,70.7,4,DEMO_DATA,True
2025-08-04,visakhapatnam,39.5,medium,71.6,4,DEMO_DATA,True
2025-08-05,visakhapatnam,36.7,medium,69.3,4,DEMO_DATA,True
2025-08-06,visakhapatnam,32.6,medium,66.1,4,DEMO_DATA,True
2025-08-07,visakhapatnam,34.0,medium,67.2,4,DEMO_DATA,True
2025-08-08,visakhapatnam,35.0,medium,68.0,4,DEMO_DATA,True
2025-08-09,visakhapatnam,48.5,high,78.8,6,DEMO_DATA,True
2025-08-10,visakhapatnam,47.7,medium,78.2,5,DEMO_DATA,True
2025-08-11,visakhapatnam,48.8,high,79.0,6,DEMO_DATA,True
2025-08-12,visakhapatnam,76.1,high,95.0,9,DEMO_DATA,True
2025-08-13,visakhapatnam,63.4,high,90.7,7,DEMO_DATA,True
2025-08-14,visakhapatnam,56.1,high,84.9,7,DEMO_DATA,True
2025-08-15,visakhapatnam,50.2,high,80.2,6,DEMO_DATA,True
2025-08-16,visakhapatnam,42.7,medium,74.2,5,DEMO_DATA,True
2025-08-17,visakhapatnam,38.7,medium,71.0,4,DEMO_DATA,True
2025-08-18,visakhapatnam,41.5,medium,73.2,5,DEMO_DATA,True
2025-08-19,visakhapatnam,30.8,medium,64.6,3,DEMO_DATA,True
2025-08-20,visakhapatnam,26.0,medium,60.8,3,DEMO_DATA,True
2025-08-21,visakhapatnam,27.8,medium,62.2,3,DEMO_DATA,True
2025-08-22,visakhapatnam,36.5,medium,69.2,4,DEMO_DATA,True
2025-08-23,visakhapatnam,28.3,medium,62.6,3,DEMO_DATA,True
2025-08-24,visakhapatnam,33.0,medium,66.4,4,DEMO_DATA,True
2025-08-25,visakhapatnam,31.0,medium,64.8,3,DEMO_DATA,True
2025-08-26,visakhapatnam,28.3,medium,62.6,3,DEMO_DATA,True
2025-08-27,visakhapatnam,25.4,medium,60.3,3,DEMO_DATA,True
2025-08-28,visakhapatnam,20.5,low,56.4,2,DEMO_DATA,True
2025-08-29,visakhapatnam,16.2,low,52.9,2,DEMO_DATA,True
2025-08-30,visakhapatnam,22.1,low,57.7,2,DEMO_DATA,True
2025-08-31,visakhapatnam,29.0,medium,63.2,3,DEMO_DATA,True
2025-09-01,visakhapatnam,35.9,medium,68.7,4,DEMO_DATA,True
2025-09-02,visakhapatnam,41.3,medium,73.1,5,DEMO_DATA,True
2025-09-03,visakhapatnam,30.8,medium,64.7,3,DEMO_DATA,True
2025-09-04,visakhapatnam,31.7,medium,65.3,3,DEMO_DATA,True
2025-09-05,visakhapatnam,30.3,medium,64.3,3,DEMO_DATA,True
2025-09-06,visakhapatnam,28.6,medium,62.9,3,DEMO_DATA,True
2025-09-07,visakhapatnam,18.6,low,54.9,2,DEMO_DATA,True
2025-09-08,visakhapatnam,19.5,low,55.6,2,DEMO_DATA,True
2025-09-09,visakhapatnam,21.0,low,56.8,2,DEMO_DATA,True
2025-09-10,visakhapatnam,19.7,low,55.7,2,DEMO_DATA,True
2025-09-11,visakhapatnam,25.2,medium,60.2,3,DEMO_DATA,True
2025-09-12,visakhapatnam,26.6,medium,61.3,3,DEMO_DATA,True
2025-09-13,visakhapatnam,28.0,medium,62.4,3,DEMO_DATA,True
2025-09-14,visakhapatnam,30.8,medium,64.7,3,DEMO_DATA,True
2025-09-15,visakhapatnam,34.7,medium,67.8,4,DEMO_DATA,True
2025-09-16,visakhapatnam,37.4,medium,70.0,4,DEMO_DATA,True
2025-09-17,visakhapatnam,36.7,medium,69.4,4,DEMO_DATA,True
2025-09-18,visakhapatnam,28.0,medium,62.4,3,DEMO_DATA,True
2025-09-19,visakhapatnam,23.9,low,59.1,2,DEMO_DATA,True
2025-09-20,visakhapatnam,32.8,medium,66.2,4,DEMO_DATA,True
2025-09-21,visakhapatnam,38.8,medium,71.0,4,DEMO_DATA,True
2025-09-22,visakhapatnam,39.1,medium,71.3,4,DEMO_DATA,True
2025-09-23,visakhapatnam,16.6,low,53.3,2,DEMO_DATA,True
2025-09-24,visakhapatnam,15.8,low,52.7,1,DEMO_DATA,True
2025-09-25,visakhapatnam,23.9,low,59.1,2,DEMO_DATA,True
2025-09-26,visakhapatnam,27.1,medium,61.7,3,DEMO_DATA,True
2025-09-27,visakhapatnam,30.0,medium,64.0,3,DEMO_DATA,True
2025-09-28,visakhapatnam,27.4,medium,61.9,3,DEMO_DATA,True
2025-09-29,visakhapatnam,35.8,medium,68.6,4,DEMO_DATA,True
2025-09-30,visakhapatnam,39.9,medium,71.9,4,DEMO_DATA,True
2025-10-01,visakhapatnam,31.4,medium,65.2,3,DEMO_DATA,True
2025-10-02,visakhapatnam,35.9,medium,68.7,4,DEMO_DATA,True
2025-10-03,visakhapatnam,28.7,medium,62.9,3,DEMO_DATA,True
2025-10-04,visakhapatnam,25.8,medium,60.6,3,DEMO_DATA,True
2025-10-05,visakhapatnam,27.2,medium,61.8,3,DEMO_DATA,True
2025-10-06,visakhapatnam,31.4,medium,65.1,3,DEMO_DATA,True
2025-10-07,visakhapatnam,27.4,medium,61.9,3,DEMO_DATA,True
2025-10-08,visakhapatnam,38.4,medium,70.7,4,DEMO_DATA,True
2025-10-09,visakhapatnam,35.4,medium,68.3,4,DEMO_DATA,True
2025-10-10,visakhapatnam,26.2,medium,61.0,3,DEMO_DATA,True
2025-10-11,visakhapatnam,28.7,medium,63.0,3,DEMO_DATA,True
2025-10-12,visakhapatnam,23.6,low,58.9,2,DEMO_DATA,True
2025-10-13,visakhapatnam,18.2,low,54.5,2,DEMO_DATA,True
2025-10-14,visakhapatnam,22.4,low,57.9,2,DEMO_DATA,True
2025-10-15,visakhapatnam,29.3,medium,63.4,3,DEMO_DATA,True
2025-10-16,visakhapatnam,30.0,medium,64.0,3,DEMO_DATA,True
2025-10-17,visakhapatnam,35.3,medium,68.2,4,DEMO_DATA,True
2025-10-18,visakhapatnam,42.8,medium,74.2,5,DEMO_DATA,True
2025-10-19,visakhapatnam,59.1,high,87.3,7,DEMO_DATA,True
2025-10-20,visakhapatnam,56.2,high,85.0,7,DEMO_DATA,True
2025-10-21,visakhapatnam,71.1,high,95.0,8,DEMO_DATA,True
2025-10-22,visakhapatnam,71.4,high,95.0,8,DEMO_DATA,True
2025-10-23,visakhapatnam,78.2,high,95.0,9,DEMO_DATA,True
2025-10-24,visakhapatnam,61.6,high,89.3,7,DEMO_DATA,True
2025-10-25,visakhapatnam,75.4,high,95.0,9,DEMO_DATA,True
2025-10-26,visakhapatnam,87.7,high,95.0,10,DEMO_DATA,True
2025-10-27,visakhapatnam,68.9,high,95.0,8,DEMO_DATA,True
2025-10-28,visakhapatnam,92.3,high,95.0,11,DEMO_DATA,True
2025-10-29,visakhapatnam,61.4,high,89.2,7,DEMO_DATA,True
2025-10-30,visakhapatnam,75.9,high,95.0,9,DEMO_DATA,True
2025-10-31,visakhapatnam,75.1,high,95.0,9,DEMO_DATA,True
2025-11-01,visakhapatnam,89.7,high,95.0,11,DEMO_DATA,True
2025-11-02,visakhapatnam,79.6,high,95.0,9,DEMO_DATA,True
2025-11-03,visakhapatnam,96.1,high,95.0,12,DEMO_DATA,True
2025-11-04,visakhapatnam,77.7,high,95.0,9,DEMO_DATA,True
2025-11-05,visakhapatnam,81.6,high,95.0,10,DEMO_DATA,True
2025-11-06,visakhapatnam,76.6,high,95.0,9,DEMO_DATA,True
2025-11-07,visakhapatnam,75.1,high,95.0,9,DEMO_DATA,True
2025-11-08,visakhapatnam,46.4,medium,77.1,5,DEMO_DATA,True
2025-11-09,visakhapatnam,37.4,medium,69.9,4,DEMO_DATA,True
2025-11-10,visakhapatnam,29.6,medium,63.7,3,DEMO_DATA,True
2025-11-11,visakhapatnam,23.5,low,58.8,2,DEMO_DATA,True
2025-11-12,visakhapatnam,25.7,medium,60.6,3,DEMO_DATA,True
2025-11-13,visakhapatnam,26.3,medium,61.0,3,DEMO_DATA,True
2025-11-14,visakhapatnam,26.2,medium,60.9,3,DEMO_DATA,True
2025-11-15,visakhapatnam,20.7,low,56.6,2,DEMO_DATA,True
2025-11-16,visakhapatnam,15.7,low,52.5,1,DEMO_DATA,True
2025-11-17,visakhapatnam,8.4,low,46.7,1,DEMO_DATA,True
2025-11-18,visakhapatnam,8.4,low,46.7,1,DEMO_DATA,True
2025-11-19,visakhapatnam,8.4,low,46.7,1,DEMO_DATA,True
2025-11-20,visakhapatnam,9.2,low,47.4,1,DEMO_DATA,True
2025-11-21,visakhapatnam,10.9,low,48.7,1,DEMO_DATA,True
2025-11-22,visakhapatnam,14.5,low,51.6,1,DEMO_DATA,True
2025-11-23,visakhapatnam,17.2,low,53.8,2,DEMO_DATA,True
2025-11-24,visakhapatnam,15.9,low,52.7,1,DEMO_DATA,True
2025-11-25,visakhapatnam,16.6,low,53.3,2,DEMO_DATA,True
2025-11-26,visakhapatnam,21.6,low,57.3,2,DEMO_DATA,True
2025-11-27,visakhapatnam,34.9,medium,67.9,4,DEMO_DATA,True
2025-11-28,visakhapatnam,21.9,low,57.5,2,DEMO_DATA,True
2025-11-29,visakhapatnam,30.0,medium,64.0,3,DEMO_DATA,True
2025-11-30,visakhapatnam,26.7,medium,61.4,3,DEMO_DATA,True
2025-12-01,visakhapatnam,27.3,medium,61.8,3,DEMO_DATA,True
2025-12-02,visakhapatnam,36.1,medium,68.9,4,DEMO_DATA,True
2025-12-03,visakhapatnam,44.3,medium,75.5,5,DEMO_DATA,True
2025-12-04,visakhapatnam,40.9,medium,72.7,5,DEMO_DATA,True
2025-12-05,visakhapatnam,40.6,medium,72.5,5,DEMO_DATA,True
2025-12-06,visakhapatnam,46.9,medium,77.5,5,DEMO_DATA,True
2025-12-07,visakhapatnam,51.3,high,81.1,6,DEMO_DATA,True
2025-12-08,visakhapatnam,49.1,high,79.3,6,DEMO_DATA,True
2025-12-09,visakhapatnam,54.4,high,83.5,6,DEMO_DATA,True
2025-12-10,visakhapatnam,60.8,high,88.7,7,DEMO_DATA,True
2025-12-11,visakhapatnam,58.5,high,86.8,7,DEMO_DATA,True
2025-12-12,visakhapatnam,67.4,high,93.9,8,DEMO_DATA,True
2025-12-13,visakhapatnam,74.2,high,95.0,9,DEMO_DATA,True
2025-12-14,visakhapatnam,78.9,high,95.0,9,DEMO_DATA,True
2025-12-15,visakhapatnam,64.8,high,91.8,8,DEMO_DATA,True
2025-12-16,visakhapatnam,64.8,high,91.8,8,DEMO_DATA,True
2025-12-17,visakhapatnam,37.7,medium,70.2,4,DEMO_DATA,True
2025-12-18,visakhapatnam,40.2,medium,72.1,5,DEMO_DATA,True
2025-12-19,visakhapatnam,37.4,medium,69.9,4,DEMO_DATA,True
2025-12-20,visakhapatnam,42.1,medium,73.6,5,DEMO_DATA,True
2025-12-21,visakhapatnam,34.7,medium,67.8,4,DEMO_DATA,True
2025-12-22,visakhapatnam,18.8,low,55.1,2,DEMO_DATA,True
2025-12-23,visakhapatnam,21.7,low,57.3,2,DEMO_DATA,True
2025-12-24,visakhapatnam,26.7,medium,61.4,3,DEMO_DATA,True
2025-12-25,visakhapatnam,27.8,medium,62.3,3,DEMO_DATA,True
2025-12-26,visakhapatnam,29.6,medium,63.7,3,DEMO_DATA,True
2025-12-27,visakhapatnam,23.0,low,58.4,2,DEMO_DATA,True
2025-12-28,visakhapatnam,18.3,low,54.6,2,DEMO_DATA,True
2025-12-29,visakhapatnam,17.6,low,54.1,2,DEMO_DATA,True
2025-12-30,visakhapatnam,14.0,low,51.2,1,DEMO_DATA,True
2025-12-31,visakhapatnam,17.7,low,54.2,2,DEMO_DATA,True
2026-01-01,visakhapatnam,22.1,low,57.7,2,DEMO_DATA,True
2026-01-02,visakhapatnam,15.7,low,52.5,1,DEMO_DATA,True
2026-01-03,visakhapatnam,14.5,low,51.6,1,DEMO_DATA,True
2026-01-04,visakhapatnam,16.8,low,53.4,2,DEMO_DATA,True
2026-01-05,visakhapatnam,22.2,low,57.8,2,DEMO_DATA,True
2026-01-06,visakhapatnam,25.3,medium,60.2,3,DEMO_DATA,True
2026-01-07,visakhapatnam,27.1,medium,61.6,3,DEMO_DATA,True
2026-01-08,visakhapatnam,28.3,medium,62.7,3,DEMO_DATA,True
2026-01-09,visakhapatnam,31.2,medium,64.9,3,DEMO_DATA,True
2026-01-10,visakhapatnam,18.4,low,54.7,2,DEMO_DATA,True
2026-01-11,visakhapatnam,19.5,low,55.6,2,DEMO_DATA,True
2026-01-12,visakhapatnam,17.8,low,54.3,2,DEMO_DATA,True
2026-01-13,visakhapatnam,17.2,low,53.7,2,DEMO_DATA,True
2026-01-14,visakhapatnam,15.9,low,52.7,1,DEMO_DATA,True
2026-01-15,visakhapatnam,16.2,low,52.9,2,DEMO_DATA,True
2026-01-16,visakhapatnam,15.1,low,52.1,1,DEMO_DATA,True
2026-01-17,visakhapatnam,17.9,low,54.3,2,DEMO_DATA,True
2026-01-18,visakhapatnam,14.9,low,51.9,1,DEMO_DATA,True
2026-01-19,visakhapatnam,18.7,low,55.0,2,DEMO_DATA,True
2026-01-20,visakhapatnam,17.4,low,53.9,2,DEMO_DATA,True
2026-01-21,visakhapatnam,19.2,low,55.4,2,DEMO_DATA,True
2026-01-22,visakhapatnam,16.6,low,53.3,2,DEMO_DATA,True
2026-01-23,visakhapatnam,19.2,low,55.4,2,DEMO_DATA,True
2026-01-24,visakhapatnam,18.4,low,54.7,2,DEMO_DATA,True
2026-01-25,visakhapatnam,16.5,low,53.2,2,DEMO_DATA,True
2026-01-26,visakhapatnam,13.0,low,50.4,1,DEMO_DATA,True
2026-01-27,visakhapatnam,14.5,low,51.6,1,DEMO_DATA,True
2026-01-28,visakhapatnam,18.7,low,55.0,2,DEMO_DATA,True
2026-01-29,visakhapatnam,17.7,low,54.2,2,DEMO_DATA,True
2026-01-30,visakhapatnam,18.7,low,55.0,2,DEMO_DATA,True
2026-01-31,visakhapatnam,18.8,low,55.1,2,DEMO_DATA,True
2026-02-01,visakhapatnam,17.8,low,54.2,2,DEMO_DATA,True
2026-02-02,visakhapatnam,19.2,low,55.3,2,DEMO_DATA,True
2026-02-03,visakhapatnam,16.1,low,52.9,2,DEMO_DATA,True
2026-02-04,visakhapatnam,13.3,low,50.7,1,DEMO_DATA,True
2026-02-05,visakhapatnam,16.1,low,52.9,2,DEMO_DATA,True
2026-02-06,visakhapatnam,19.3,low,55.4,2,DEMO_DATA,True
2026-02-07,visakhapatnam,27.6,medium,62.1,3,DEMO_DATA,True
2026-02-08,visakhapatnam,32.3,medium,65.9,4,DEMO_DATA,True
2026-02-09,visakhapatnam,23.6,low,58.9,2,DEMO_DATA,True
2026-02-10,visakhapatnam,22.8,low,58.2,2,DEMO_DATA,True
2026-02-11,visakhapatnam,22.7,low,58.2,2,DEMO_DATA,True
2026-02-12,visakhapatnam,31.1,medium,64.9,3,DEMO_DATA,True
2026-02-13,visakhapatnam,32.6,medium,66.1,4,DEMO_DATA,True
2026-02-14,visakhapatnam,25.2,medium,60.1,3,DEMO_DATA,True
2026-02-15,visakhapatnam,20.8,low,56.6,2,DEMO_DATA,True
2026-02-16,visakhapatnam,20.7,low,56.6,2,DEMO_DATA,True
2026-02-17,visakhapatnam,21.5,low,57.2,2,DEMO_DATA,True
2026-02-18,visakhapatnam,16.4,low,53.1,2,DEMO_DATA,True
2026-02-19,visakhapatnam,16.0,low,52.8,1,DEMO_DATA,True
2026-02-20,visakhapatnam,19.1,low,55.3,2,DEMO_DATA,True
2026-02-21,visakhapatnam,17.6,low,54.1,2,DEMO_DATA,True
2026-02-22,visakhapatnam,18.3,low,54.6,2,DEMO_DATA,True
2026-02-23,visakhapatnam,23.2,low,58.6,2,DEMO_DATA,True
2026-02-24,visakhapatnam,20.0,low,56.0,2,DEMO_DATA,True
2026-02-25,visakhapatnam,17.2,low,53.8,2,DEMO_DATA,True
2026-02-26,visakhapatnam,15.9,low,52.7,1,DEMO_DATA,True
2026-02-27,visakhapatnam,12.1,low,49.7,1,DEMO_DATA,True
2026-02-28,visakhapatnam,10.3,low,48.3,1,DEMO_DATA,True
2026-03-01,visakhapatnam,11.1,low,48.9,1,DEMO_DATA,True
2026-03-02,visakhapatnam,8.4,low,46.7,1,DEMO_DATA,True
2026-03-03,visakhapatnam,10.4,low,48.3,1,DEMO_DATA,True
2026-03-04,visakhapatnam,13.7,low,50.9,1,DEMO_DATA,True
2026-03-05,visakhapatnam,15.3,low,52.2,1,DEMO_DATA,True
2026-03-06,visakhapatnam,18.1,low,54.5,2,DEMO_DATA,True
2026-03-07,visakhapatnam,16.0,low,52.8,1,DEMO_DATA,True
2026-03-08,visakhapatnam,18.6,low,54.9,2,DEMO_DATA,True
2026-03-09,visakhapatnam,19.1,low,55.3,2,DEMO_DATA,True
2026-03-10,visakhapatnam,15.1,low,52.1,1,DEMO_DATA,True
2026-03-11,visakhapatnam,16.0,low,52.8,1,DEMO_DATA,True
2026-03-12,visakhapatnam,12.7,low,50.2,1,DEMO_DATA,True
2026-03-13,visakhapatnam,10.1,low,48.1,1,DEMO_DATA,True
2026-03-14,visakhapatnam,9.0,low,47.2,1,DEMO_DATA,True
2026-03-15,visakhapatnam,8.9,low,47.1,1,DEMO_DATA,True
2026-03-16,visakhapatnam,10.6,low,48.5,1,DEMO_DATA,True
2026-03-17,visakhapatnam,12.8,low,50.3,1,DEMO_DATA,True
2026-03-18,visakhapatnam,12.2,low,49.8,1,DEMO_DATA,True
2026-03-19,visakhapatnam,13.2,low,50.6,1,DEMO_DATA,True
2026-03-20,visakhapatnam,14.3,low,51.5,1,DEMO_DATA,True
2026-03-21,visakhapatnam,14.7,low,51.7,1,DEMO_DATA,True
2026-03-22,visakhapatnam,15.5,low,52.4,1,DEMO_DATA,True
2026-03-23,visakhapatnam,15.7,low,52.5,1,DEMO_DATA,True
2026-03-24,visakhapatnam,17.6,low,54.1,2,DEMO_DATA,True
2026-03-25,visakhapatnam,21.3,low,57.1,2,DEMO_DATA,True
2026-03-26,visakhapatnam,16.8,low,53.4,2,DEMO_DATA,True
2026-03-27,visakhapatnam,16.2,low,53.0,2,DEMO_DATA,True
2026-03-28,visakhapatnam,17.9,low,54.3,2,DEMO_DATA,True
2026-03-29,visakhapatnam,14.6,low,51.7,1,DEMO_DATA,True
2026-03-30,visakhapatnam,19.2,low,55.3,2,DEMO_DATA,True
2026-03-31,visakhapatnam,20.4,low,56.3,2,DEMO_DATA,True
2026-04-01,visakhapatnam,17.5,low,54.0,2,DEMO_DATA,True
2026-04-02,visakhapatnam,17.5,low,54.0,2,DEMO_DATA,True
2026-04-03,visakhapatnam,13.7,low,51.0,1,DEMO_DATA,True
2026-04-04,visakhapatnam,13.6,low,50.8,1,DEMO_DATA,True
2026-04-05,visakhapatnam,12.7,low,50.2,1,DEMO_DATA,True
2026-04-06,visakhapatnam,16.1,low,52.9,2,DEMO_DATA,True
2026-04-07,visakhapatnam,18.0,low,54.4,2,DEMO_DATA,True
2026-04-08,visakhapatnam,12.9,low,50.4,1,DEMO_DATA,True
2026-04-09,visakhapatnam,12.4,low,49.9,1,DEMO_DATA,True
2026-04-10,visakhapatnam,11.3,low,49.0,1,DEMO_DATA,True
2026-04-11,visakhapatnam,14.6,low,51.7,1,DEMO_DATA,True
2026-04-12,visakhapatnam,13.9,low,51.1,1,DEMO_DATA,True
2026-04-13,visakhapatnam,16.7,low,53.3,2,DEMO_DATA,True
2026-04-14,visakhapatnam,14.4,low,51.5,1,DEMO_DATA,True
2026-04-15,visakhapatnam,13.7,low,50.9,1,DEMO_DATA,True
2026-04-16,visakhapatnam,15.9,low,52.7,1,DEMO_DATA,True
2026-04-17,visakhapatnam,16.4,low,53.1,2,DEMO_DATA,True
2026-04-18,visakhapatnam,13.9,low,51.2,1,DEMO_DATA,True
2026-04-19,visakhapatnam,10.5,low,48.4,1,DEMO_DATA,True
2026-04-20,visakhapatnam,12.3,low,49.8,1,DEMO_DATA,True
2026-04-21,visakhapatnam,11.7,low,49.4,1,DEMO_DATA,True
2026-04-22,visakhapatnam,11.6,low,49.3,1,DEMO_DATA,True
2026-04-23,visakhapatnam,14.3,low,51.4,1,DEMO_DATA,True
2026-04-24,visakhapatnam,17.7,low,54.2,2,DEMO_DATA,True
2026-04-25,visakhapatnam,15.5,low,52.4,1,DEMO_DATA,True
2026-04-26,visakhapatnam,17.5,low,54.0,2,DEMO_DATA,True
2026-04-27,visakhapatnam,14.8,low,51.8,1,DEMO_DATA,True
2026-04-28,visakhapatnam,16.8,low,53.5,2,DEMO_DATA,True
2026-04-29,visakhapatnam,17.4,low,53.9,2,DEMO_DATA,True
2026-04-30,visakhapatnam,16.2,low,53.0,2,DEMO_DATA,True
2026-05-01,visakhapatnam,16.9,low,53.5,2,DEMO_DATA,True
2026-05-02,visakhapatnam,18.2,low,54.6,2,DEMO_DATA,True
2026-05-03,visakhapatnam,15.9,low,52.7,1,DEMO_DATA,True
2026-05-04,visakhapatnam,12.7,low,50.2,1,DEMO_DATA,True
2026-05-05,visakhapatnam,13.5,low,50.8,1,DEMO_DATA,True
2026-05-06,visakhapatnam,14.2,low,51.4,1,DEMO_DATA,True
2026-05-07,visakhapatnam,21.1,low,56.9,2,DEMO_DATA,True
2026-05-08,visakhapatnam,24.3,medium,59.5,3,DEMO_DATA,True
2026-05-09,visakhapatnam,19.2,low,55.4,2,DEMO_DATA,True
2026-05-10,visakhapatnam,21.6,low,57.3,2,DEMO_DATA,True
2026-05-11,visakhapatnam,29.6,medium,63.7,3,DEMO_DATA,True
2026-05-12,visakhapatnam,22.4,low,57.9,2,DEMO_DATA,True
2026-05-13,visakhapatnam,27.9,medium,62.3,3,DEMO_DATA,True
2026-05-14,visakhapatnam,13.8,low,51.0,1,DEMO_DATA,True
2026-05-15,visakhapatnam,15.6,low,52.5,1,DEMO_DATA,True
2026-05-16,visakhapatnam,19.8,low,55.9,2,DEMO_DATA,True
2026-05-17,visakhapatnam,22.8,low,58.3,2,DEMO_DATA,True
2026-05-18,visakhapatnam,26.7,medium,61.4,3,DEMO_DATA,True
2026-05-19,visakhapatnam,32.1,medium,65.7,4,DEMO_DATA,True
2026-05-20,visakhapatnam,23.2,low,58.5,2,DEMO_DATA,True
2026-05-21,visakhapatnam,24.4,medium,59.5,3,DEMO_DATA,True
2026-05-22,visakhapatnam,33.9,medium,67.1,4,DEMO_DATA,True
2026-05-23,visakhapatnam,30.6,medium,64.5,3,DEMO_DATA,True
2026-05-24,visakhapatnam,36.3,medium,69.1,4,DEMO_DATA,True
2026-05-25,visakhapatnam,36.4,medium,69.1,4,DEMO_DATA,True
2026-05-26,visakhapatnam,35.2,medium,68.2,4,DEMO_DATA,True
2026-05-27,visakhapatnam,25.9,medium,60.7,3,DEMO_DATA,True
2026-05-28,visakhapatnam,29.1,medium,63.3,3,DEMO_DATA,True
2026-05-29,visakhapatnam,33.0,medium,66.4,4,DEMO_DATA,True
2026-05-30,visakhapatnam,30.3,medium,64.3,3,DEMO_DATA,True
2026-05-31,visakhapatnam,27.7,medium,62.1,3,DEMO_DATA,True
2026-06-01,visakhapatnam,26.4,medium,61.1,3,DEMO_DATA,True
2026-06-02,visakhapatnam,32.8,medium,66.2,4,DEMO_DATA,True
2026-06-03,visakhapatnam,35.9,medium,68.7,4,DEMO_DATA,True
2026-06-04,visakhapatnam,31.6,medium,65.3,3,DEMO_DATA,True
2026-06-05,visakhapatnam,33.3,medium,66.6,4,DEMO_DATA,True
2026-06-06,visakhapatnam,28.4,medium,62.7,3,DEMO_DATA,True
2026-06-07,visakhapatnam,37.6,medium,70.1,4,DEMO_DATA,True
2026-06-08,visakhapatnam,45.3,medium,76.2,5,DEMO_DATA,True
2026-06-09,visakhapatnam,41.0,medium,72.8,5,DEMO_DATA,True
2026-06-10,visakhapatnam,29.5,medium,63.6,3,DEMO_DATA,True
2026-06-11,visakhapatnam,23.2,low,58.6,2,DEMO_DATA,True
2026-06-12,visakhapatnam,18.6,low,54.9,2,DEMO_DATA,True
2026-06-13,visakhapatnam,20.2,low,56.1,2,DEMO_DATA,True
2026-06-14,visakhapatnam,23.5,low,58.8,2,DEMO_DATA,True
2026-06-15,visakhapatnam,24.5,medium,59.6,3,DEMO_DATA,True
2026-06-16,visakhapatnam,26.7,medium,61.4,3,DEMO_DATA,True
2026-06-17,visakhapatnam,27.7,medium,62.2,3,DEMO_DATA,True
2026-06-18,visakhapatnam,28.1,medium,62.5,3,DEMO_DATA,True
2026-06-19,visakhapatnam,32.2,medium,65.7,4,DEMO_DATA,True
2026-06-20,visakhapatnam,37.4,medium,69.9,4,DEMO_DATA,True
2026-06-21,visakhapatnam,23.2,low,58.5,2,DEMO_DATA,True
2026-06-22,visakhapatnam,19.1,low,55.3,2,DEMO_DATA,True
2026-06-23,visakhapatnam,18.1,low,54.5,2,DEMO_DATA,True
2026-06-24,visakhapatnam,26.4,medium,61.1,3,DEMO_DATA,True
2026-06-25,visakhapatnam,36.2,medium,69.0,4,DEMO_DATA,True
2026-06-26,visakhapatnam,36.0,medium,68.8,4,DEMO_DATA,True
2026-06-27,visakhapatnam,33.8,medium,67.0,4,DEMO_DATA,True
2026-06-28,visakhapatnam,41.2,medium,72.9,5,DEMO_DATA,True
2026-06-29,visakhapatnam,36.0,medium,68.8,4,DEMO_DATA,True
2026-06-30,visakhapatnam,43.1,medium,74.5,5,DEMO_DATA,True
2026-07-01,visakhapatnam,43.5,medium,74.8,5,DEMO_DATA,True
2026-07-02,visakhapatnam,30.6,medium,64.5,3,DEMO_DATA,True
2026-07-03,visakhapatnam,37.3,medium,69.8,4,DEMO_DATA,True
2026-07-04,visakhapatnam,22.1,low,57.7,2,DEMO_DATA,True
2026-07-05,visakhapatnam,16.6,low,53.3,2,DEMO_DATA,True
2026-07-06,visakhapatnam,25.5,medium,60.4,3,DEMO_DATA,True
2026-07-07,visakhapatnam,22.0,low,57.6,2,DEMO_DATA,True
2026-07-08,visakhapatnam,22.3,low,57.9,2,DEMO_DATA,True
2026-07-09,visakhapatnam,30.5,medium,64.4,3,DEMO_DATA,True
2026-07-10,visakhapatnam,25.3,medium,60.2,3,DEMO_DATA,True
2026-07-11,visakhapatnam,23.7,low,58.9,2,DEMO_DATA,True
2026-07-12,visakhapatnam,23.6,low,58.9,2,DEMO_DATA,True
2026-07-13,visakhapatnam,25.8,medium,60.7,3,DEMO_DATA,True
2026-07-14,visakhapatnam,24.0,medium,59.2,3,DEMO_DATA,True
2026-07-15,visakhapatnam,25.2,medium,60.2,3,DEMO_DATA,True
2026-07-16,visakhapatnam,29.4,medium,63.5,3,DEMO_DATA,True
2026-07-17,visakhapatnam,23.4,low,58.7,2,DEMO_DATA,True
2026-07-18,visakhapatnam,29.1,medium,63.3,3,DEMO_DATA,True
2026-07-19,visakhapatnam,24.4,medium,59.5,3,DEMO_DATA,True
2026-07-20,visakhapatnam,22.7,low,58.2,2,DEMO_DATA,True
2026-07-21,visakhapatnam,31.9,medium,65.5,3,DEMO_DATA,True
2026-07-22,visakhapatnam,25.5,medium,60.4,3,DEMO_DATA,True
2026-07-23,visakhapatnam,34.0,medium,67.2,4,DEMO_DATA,True
2026-07-24,visakhapatnam,35.7,medium,68.6,4,DEMO_DATA,True
2026-07-25,visakhapatnam,28.7,medium,63.0,3,DEMO_DATA,True
2026-07-26,visakhapatnam,30.0,medium,64.0,3,DEMO_DATA,True
2026-07-27,visakhapatnam,39.5,medium,71.6,4,DEMO_DATA,True
2026-07-28,visakhapatnam,52.1,high,81.7,6,DEMO_DATA,True
2026-07-29,visakhapatnam,56.7,high,85.3,7,DEMO_DATA,True
2026-07-30,visakhapatnam,49.6,high,79.7,6,DEMO_DATA,True
2026-07-31,visakhapatnam,47.0,medium,77.6,5,DEMO_DATA,True
2026-08-01,visakhapatnam,37.4,medium,69.9,4,DEMO_DATA,True
2026-08-02,visakhapatnam,32.5,medium,66.0,4,DEMO_DATA,True
2026-08-03,visakhapatnam,42.6,medium,74.1,5,DEMO_DATA,True
2026-08-04,visakhapatnam,46.2,medium,77.0,5,DEMO_DATA,True
2026-08-05,visakhapatnam,47.9,medium,78.3,5,DEMO_DATA,True
2026-08-06,visakhapatnam,49.6,high,79.6,6,DEMO_DATA,True
2026-08-07,visakhapatnam,49.7,high,79.7,6,DEMO_DATA,True
2026-08-08,visakhapatnam,43.1,medium,74.5,5,DEMO_DATA,True
2026-08-09,visakhapatnam,31.6,medium,65.3,3,DEMO_DATA,True
2026-08-10,visakhapatnam,26.6,medium,61.3,3,DEMO_DATA,True
2026-08-11,visakhapatnam,24.0,medium,59.2,3,DEMO_DATA,True
2026-08-12,visakhapatnam,17.2,low,53.7,2,DEMO_DATA,True
2026-08-13,visakhapatnam,22.3,low,57.8,2,DEMO_DATA,True
2026-08-14,visakhapatnam,24.4,medium,59.5,3,DEMO_DATA,True
2026-08-15,visakhapatnam,23.5,low,58.8,2,DEMO_DATA,True
2026-08-16,visakhapatnam,23.1,low,58.5,2,DEMO_DATA,True
2026-08-17,visakhapatnam,24.4,medium,59.6,3,DEMO_DATA,True
2026-08-18,visakhapatnam,32.1,medium,65.7,4,DEMO_DATA,True
2026-08-19,visakhapatnam,33.4,medium,66.7,4,DEMO_DATA,True
2026-08-20,visakhapatnam,41.2,medium,73.0,5,DEMO_DATA,True
2026-08-21,visakhapatnam,27.5,medium,62.0,3,DEMO_DATA,True
2026-08-22,visakhapatnam,37.4,medium,70.0,4,DEMO_DATA,True
2026-08-23,visakhapatnam,28.5,medium,62.8,3,DEMO_DATA,True
2026-08-24,visakhapatnam,34.5,medium,67.6,4,DEMO_DATA,True
2026-08-25,visakhapatnam,28.8,medium,63.1,3,DEMO_DATA,True
2026-08-26,visakhapatnam,33.3,medium,66.6,4,DEMO_DATA,True
2026-08-27,visakhapatnam,30.8,medium,64.6,3,DEMO_DATA,True
2026-08-28,visakhapatnam,38.9,medium,71.1,4,DEMO_DATA,True
2026-08-29,visakhapatnam,29.6,medium,63.7,3,DEMO_DATA,True
2026-08-30,visakhapatnam,35.4,medium,68.3,4,DEMO_DATA,True
2026-08-31,visakhapatnam,26.5,medium,61.2,3,DEMO_DATA,True
2026-09-01,visakhapatnam,23.7,low,59.0,2,DEMO_DATA,True
2026-09-02,visakhapatnam,22.3,low,57.9,2,DEMO_DATA,True
2026-09-03,visakhapatnam,16.3,low,53.0,2,DEMO_DATA,True
2026-09-04,visakhapatnam,19.2,low,55.4,2,DEMO_DATA,True
2026-09-05,visakhapatnam,16.0,low,52.8,2,DEMO_DATA,True
2026-09-06,visakhapatnam,12.7,low,50.1,1,DEMO_DATA,True
2026-09-07,visakhapatnam,13.6,low,50.9,1,DEMO_DATA,True
2026-09-08,visakhapatnam,12.9,low,50.3,1,DEMO_DATA,True
2026-09-09,visakhapatnam,11.8,low,49.4,1,DEMO_DATA,True
2026-09-10,visakhapatnam,18.2,low,54.5,2,DEMO_DATA,True
2026-09-11,visakhapatnam,15.1,low,52.0,1,DEMO_DATA,True
2026-09-12,visakhapatnam,12.8,low,50.2,1,DEMO_DATA,True
2026-09-13,visakhapatnam,13.2,low,50.5,1,DEMO_DATA,True
2026-09-14,visakhapatnam,14.5,low,51.6,1,DEMO_DATA,True
2020-01-01,gangavaram,20.1,low,56.1,2,DEMO_DATA,True
2020-01-02,gangavaram,18.1,low,54.5,2,DEMO_DATA,True
2020-01-03,gangavaram,20.1,low,56.0,2,DEMO_DATA,True
2020-01-04,gangavaram,20.8,low,56.6,2,DEMO_DATA,True
2020-01-05,gangavaram,23.3,low,58.6,2,DEMO_DATA,True
2020-01-06,gangavaram,25.2,medium,60.2,3,DEMO_DATA,True
2020-01-07,gangavaram,25.6,medium,60.5,3,DEMO_DATA,True
2020-01-08,gangavaram,29.1,medium,63.3,3,DEMO_DATA,True
2020-01-09,gangavaram,32.4,medium,65.9,4,DEMO_DATA,True
2020-01-10,gangavaram,28.7,medium,62.9,3,DEMO_DATA,True
2020-01-11,gangavaram,27.5,medium,62.0,3,DEMO_DATA,True
2020-01-12,gangavaram,23.4,low,58.7,2,DEMO_DATA,True
2020-01-13,gangavaram,18.7,low,55.0,2,DEMO_DATA,True
2020-01-14,gangavaram,16.7,low,53.3,2,DEMO_DATA,True
2020-01-15,gangavaram,17.0,low,53.6,2,DEMO_DATA,True
2020-01-16,gangavaram,14.6,low,51.7,1,DEMO_DATA,True
2020-01-17,gangavaram,11.6,low,49.3,1,DEMO_DATA,True
2020-01-18,gangavaram,11.3,low,49.0,1,DEMO_DATA,True
2020-01-19,gangavaram,13.2,low,50.5,1,DEMO_DATA,True
2020-01-20,gangavaram,13.7,low,50.9,1,DEMO_DATA,True
2020-01-21,gangavaram,13.6,low,50.9,1,DEMO_DATA,True
2020-01-22,gangavaram,14.5,low,51.6,1,DEMO_DATA,True
2020-01-23,gangavaram,13.1,low,50.5,1,DEMO_DATA,True
2020-01-24,gangavaram,9.6,low,47.7,1,DEMO_DATA,True
2020-01-25,gangavaram,10.3,low,48.2,1,DEMO_DATA,True
2020-01-26,gangavaram,11.0,low,48.8,1,DEMO_DATA,True
2020-01-27,gangavaram,9.6,low,47.7,1,DEMO_DATA,True
2020-01-28,gangavaram,9.8,low,47.9,1,DEMO_DATA,True
2020-01-29,gangavaram,11.0,low,48.8,1,DEMO_DATA,True
2020-01-30,gangavaram,13.2,low,50.6,1,DEMO_DATA,True
2020-01-31,gangavaram,11.4,low,49.1,1,DEMO_DATA,True
2020-02-01,gangavaram,11.1,low,48.9,1,DEMO_DATA,True
2020-02-02,gangavaram,10.7,low,48.6,1,DEMO_DATA,True
2020-02-03,gangavaram,10.5,low,48.4,1,DEMO_DATA,True
2020-02-04,gangavaram,11.8,low,49.5,1,DEMO_DATA,True
2020-02-05,gangavaram,11.3,low,49.0,1,DEMO_DATA,True
2020-02-06,gangavaram,11.3,low,49.1,1,DEMO_DATA,True
2020-02-07,gangavaram,10.2,low,48.2,1,DEMO_DATA,True
2020-02-08,gangavaram,12.8,low,50.3,1,DEMO_DATA,True
2020-02-09,gangavaram,11.1,low,48.9,1,DEMO_DATA,True
2020-02-10,gangavaram,9.4,low,47.6,1,DEMO_DATA,True
2020-02-11,gangavaram,9.3,low,47.4,1,DEMO_DATA,True
2020-02-12,gangavaram,9.6,low,47.6,1,DEMO_DATA,True
2020-02-13,gangavaram,11.9,low,49.6,1,DEMO_DATA,True
2020-02-14,gangavaram,10.6,low,48.5,1,DEMO_DATA,True
2020-02-15,gangavaram,10.1,low,48.1,1,DEMO_DATA,True
2020-02-16,gangavaram,10.9,low,48.7,1,DEMO_DATA,True
2020-02-17,gangavaram,13.3,low,50.6,1,DEMO_DATA,True
2020-02-18,gangavaram,8.9,low,47.1,1,DEMO_DATA,True
2020-02-19,gangavaram,10.9,low,48.8,1,DEMO_DATA,True
2020-02-20,gangavaram,10.2,low,48.2,1,DEMO_DATA,True
2020-02-21,gangavaram,8.6,low,46.9,1,DEMO_DATA,True
2020-02-22,gangavaram,9.1,low,47.3,1,DEMO_DATA,True
2020-02-23,gangavaram,10.8,low,48.6,1,DEMO_DATA,True
2020-02-24,gangavaram,10.1,low,48.1,1,DEMO_DATA,True
2020-02-25,gangavaram,8.1,low,46.5,1,DEMO_DATA,True
2020-02-26,gangavaram,10.2,low,48.2,1,DEMO_DATA,True
2020-02-27,gangavaram,13.9,low,51.1,1,DEMO_DATA,True
2020-02-28,gangavaram,13.2,low,50.5,1,DEMO_DATA,True
2020-02-29,gangavaram,12.0,low,49.6,1,DEMO_DATA,True
2020-03-01,gangavaram,11.0,low,48.8,1,DEMO_DATA,True
2020-03-02,gangavaram,9.9,low,47.9,1,DEMO_DATA,True
2020-03-03,gangavaram,10.4,low,48.3,1,DEMO_DATA,True
2020-03-04,gangavaram,7.2,low,45.8,0,DEMO_DATA,True
2020-03-05,gangavaram,8.9,low,47.1,1,DEMO_DATA,True
2020-03-06,gangavaram,9.0,low,47.2,1,DEMO_DATA,True
2020-03-07,gangavaram,10.0,low,48.0,1,DEMO_DATA,True
2020-03-08,gangavaram,8.2,low,46.5,1,DEMO_DATA,True
2020-03-09,gangavaram,10.9,low,48.7,1,DEMO_DATA,True
2020-03-10,gangavaram,15.8,low,52.7,1,DEMO_DATA,True
2020-03-11,gangavaram,19.1,low,55.3,2,DEMO_DATA,True
2020-03-12,gangavaram,22.5,low,58.0,2,DEMO_DATA,True
2020-03-13,gangavaram,17.5,low,54.0,2,DEMO_DATA,True
2020-03-14,gangavaram,14.9,low,51.9,1,DEMO_DATA,True
2020-03-15,gangavaram,14.2,low,51.3,1,DEMO_DATA,True
2020-03-16,gangavaram,15.5,low,52.4,1,DEMO_DATA,True
2020-03-17,gangavaram,15.7,low,52.5,1,DEMO_DATA,True
2020-03-18,gangavaram,14.9,low,51.9,1,DEMO_DATA,True
2020-03-19,gangavaram,17.6,low,54.1,2,DEMO_DATA,True
2020-03-20,gangavaram,20.5,low,56.4,2,DEMO_DATA,True
2020-03-21,gangavaram,16.9,low,53.5,2,DEMO_DATA,True
2020-03-22,gangavaram,14.8,low,51.8,1,DEMO_DATA,True
2020-03-23,gangavaram,19.3,low,55.5,2,DEMO_DATA,True
2020-03-24,gangavaram,18.3,low,54.7,2,DEMO_DATA,True
2020-03-25,gangavaram,16.9,low,53.5,2,DEMO_DATA,True
2020-03-26,gangavaram,21.7,low,57.3,2,DEMO_DATA,True
2020-03-27,gangavaram,21.8,low,57.4,2,DEMO_DATA,True
2020-03-28,gangavaram,23.2,low,58.6,2,DEMO_DATA,True
2020-03-29,gangavaram,17.9,low,54.3,2,DEMO_DATA,True
2020-03-30,gangavaram,12.4,low,49.9,1,DEMO_DATA,True
2020-03-31,gangavaram,13.2,low,50.5,1,DEMO_DATA,True
2020-04-01,gangavaram,18.5,low,54.8,2,DEMO_DATA,True
2020-04-02,gangavaram,19.8,low,55.8,2,DEMO_DATA,True
2020-04-03,gangavaram,16.7,low,53.4,2,DEMO_DATA,True
2020-04-04,gangavaram,21.0,low,56.8,2,DEMO_DATA,True
2020-04-05,gangavaram,19.3,low,55.5,2,DEMO_DATA,True
2020-04-06,gangavaram,21.0,low,56.8,2,DEMO_DATA,True
2020-04-07,gangavaram,19.6,low,55.7,2,DEMO_DATA,True
2020-04-08,gangavaram,17.8,low,54.2,2,DEMO_DATA,True
2020-04-09,gangavaram,20.6,low,56.5,2,DEMO_DATA,True
2020-04-10,gangavaram,17.4,low,53.9,2,DEMO_DATA,True
2020-04-11,gangavaram,22.7,low,58.1,2,DEMO_DATA,True
2020-04-12,gangavaram,25.1,medium,60.1,3,DEMO_DATA,True
2020-04-13,gangavaram,21.0,low,56.8,2,DEMO_DATA,True
2020-04-14,gangavaram,21.7,low,57.4,2,DEMO_DATA,True
2020-04-15,gangavaram,24.2,medium,59.4,3,DEMO_DATA,True
2020-04-16,gangavaram,20.2,low,56.2,2,DEMO_DATA,True
2020-04-17,gangavaram,26.2,medium,61.0,3,DEMO_DATA,True
2020-04-18,gangavaram,24.5,medium,59.6,3,DEMO_DATA,True
2020-04-19,gangavaram,20.3,low,56.2,2,DEMO_DATA,True
2020-04-20,gangavaram,14.5,low,51.6,1,DEMO_DATA,True
2020-04-21,gangavaram,17.3,low,53.9,2,DEMO_DATA,True
2020-04-22,gangavaram,21.0,low,56.8,2,DEMO_DATA,True
2020-04-23,gangavaram,10.7,low,48.5,1,DEMO_DATA,True
2020-04-24,gangavaram,11.9,low,49.5,1,DEMO_DATA,True
2020-04-25,gangavaram,14.2,low,51.4,1,DEMO_DATA,True
2020-04-26,gangavaram,14.3,low,51.4,1,DEMO_DATA,True
2020-04-27,gangavaram,15.5,low,52.4,1,DEMO_DATA,True
2020-04-28,gangavaram,16.2,low,52.9,2,DEMO_DATA,True
2020-04-29,gangavaram,17.6,low,54.0,2,DEMO_DATA,True
2020-04-30,gangavaram,12.6,low,50.1,1,DEMO_DATA,True
2020-05-01,gangavaram,14.6,low,51.7,1,DEMO_DATA,True
2020-05-02,gangavaram,9.0,low,47.2,1,DEMO_DATA,True
2020-05-03,gangavaram,7.8,low,46.2,0,DEMO_DATA,True
2020-05-04,gangavaram,8.5,low,46.8,1,DEMO_DATA,True
2020-05-05,gangavaram,8.9,low,47.1,1,DEMO_DATA,True
2020-05-06,gangavaram,9.8,low,47.8,1,DEMO_DATA,True
2020-05-07,gangavaram,10.3,low,48.3,1,DEMO_DATA,True
2020-05-08,gangavaram,9.8,low,47.8,1,DEMO_DATA,True
2020-05-09,gangavaram,11.5,low,49.2,1,DEMO_DATA,True
2020-05-10,gangavaram,14.4,low,51.5,1,DEMO_DATA,True
2020-05-11,gangavaram,15.6,low,52.5,1,DEMO_DATA,True
2020-05-12,gangavaram,17.0,low,53.6,2,DEMO_DATA,True
2020-05-13,gangavaram,19.6,low,55.7,2,DEMO_DATA,True
2020-05-14,gangavaram,24.1,medium,59.3,3,DEMO_DATA,True
2020-05-15,gangavaram,23.3,low,58.7,2,DEMO_DATA,True
2020-05-16,gangavaram,24.5,medium,59.6,3,DEMO_DATA,True
2020-05-17,gangavaram,24.5,medium,59.6,3,DEMO_DATA,True
2020-05-18,gangavaram,32.2,medium,65.7,4,DEMO_DATA,True
2020-05-19,gangavaram,42.1,medium,73.7,5,DEMO_DATA,True
2020-05-20,gangavaram,43.6,medium,74.9,5,DEMO_DATA,True
2020-05-21,gangavaram,39.6,medium,71.7,4,DEMO_DATA,True
2020-05-22,gangavaram,38.7,medium,70.9,4,DEMO_DATA,True
2020-05-23,gangavaram,43.5,medium,74.8,5,DEMO_DATA,True
2020-05-24,gangavaram,36.6,medium,69.3,4,DEMO_DATA,True
2020-05-25,gangavaram,41.5,medium,73.2,5,DEMO_DATA,True
2020-05-26,gangavaram,24.1,medium,59.3,3,DEMO_DATA,True
2020-05-27,gangavaram,15.6,low,52.5,1,DEMO_DATA,True
2020-05-28,gangavaram,11.4,low,49.2,1,DEMO_DATA,True
2020-05-29,gangavaram,10.9,low,48.8,1,DEMO_DATA,True
2020-05-30,gangavaram,11.2,low,48.9,1,DEMO_DATA,True
2020-05-31,gangavaram,10.8,low,48.7,1,DEMO_DATA,True
2020-06-01,gangavaram,10.9,low,48.7,1,DEMO_DATA,True
2020-06-02,gangavaram,10.9,low,48.7,1,DEMO_DATA,True
2020-06-03,gangavaram,12.9,low,50.3,1,DEMO_DATA,True
2020-06-04,gangavaram,12.8,low,50.2,1,DEMO_DATA,True
2020-06-05,gangavaram,13.6,low,50.8,1,DEMO_DATA,True
2020-06-06,gangavaram,13.0,low,50.4,1,DEMO_DATA,True
2020-06-07,gangavaram,12.2,low,49.8,1,DEMO_DATA,True
2020-06-08,gangavaram,13.3,low,50.6,1,DEMO_DATA,True
2020-06-09,gangavaram,13.9,low,51.1,1,DEMO_DATA,True
2020-06-10,gangavaram,12.0,low,49.6,1,DEMO_DATA,True
2020-06-11,gangavaram,10.5,low,48.4,1,DEMO_DATA,True
2020-06-12,gangavaram,9.5,low,47.6,1,DEMO_DATA,True
2020-06-13,gangavaram,8.1,low,46.4,1,DEMO_DATA,True
2020-06-14,gangavaram,10.9,low,48.7,1,DEMO_DATA,True
2020-06-15,gangavaram,9.3,low,47.4,1,DEMO_DATA,True
2020-06-16,gangavaram,11.1,low,48.9,1,DEMO_DATA,True
2020-06-17,gangavaram,10.7,low,48.5,1,DEMO_DATA,True
2020-06-18,gangavaram,11.5,low,49.2,1,DEMO_DATA,True
2020-06-19,gangavaram,11.2,low,49.0,1,DEMO_DATA,True
2020-06-20,gangavaram,14.9,low,51.9,1,DEMO_DATA,True
2020-06-21,gangavaram,12.3,low,49.8,1,DEMO_DATA,True
2020-06-22,gangavaram,9.5,low,47.6,1,DEMO_DATA,True
2020-06-23,gangavaram,11.2,low,48.9,1,DEMO_DATA,True
2020-06-24,gangavaram,11.6,low,49.3,1,DEMO_DATA,True
2020-06-25,gangavaram,12.5,low,50.0,1,DEMO_DATA,True
2020-06-26,gangavaram,12.3,low,49.8,1,DEMO_DATA,True
2020-06-27,gangavaram,14.5,low,51.6,1,DEMO_DATA,True
2020-06-28,gangavaram,17.3,low,53.8,2,DEMO_DATA,True
2020-06-29,gangavaram,15.9,low,52.7,1,DEMO_DATA,True
2020-06-30,gangavaram,20.0,low,56.0,2,DEMO_DATA,True
2020-07-01,gangavaram,23.6,low,58.9,2,DEMO_DATA,True
2020-07-02,gangavaram,23.0,low,58.4,2,DEMO_DATA,True
2020-07-03,gangavaram,20.4,low,56.4,2,DEMO_DATA,True
2020-07-04,gangavaram,24.4,medium,59.5,3,DEMO_DATA,True
2020-07-05,gangavaram,24.9,medium,59.9,3,DEMO_DATA,True
2020-07-06,gangavaram,27.4,medium,61.9,3,DEMO_DATA,True
2020-07-07,gangavaram,23.9,low,59.1,2,DEMO_DATA,True
2020-07-08,gangavaram,25.9,medium,60.7,3,DEMO_DATA,True
2020-07-09,gangavaram,19.4,low,55.5,2,DEMO_DATA,True
2020-07-10,gangavaram,25.2,medium,60.2,3,DEMO_DATA,True
2020-07-11,gangavaram,22.3,low,57.9,2,DEMO_DATA,True
2020-07-12,gangavaram,26.7,medium,61.3,3,DEMO_DATA,True
2020-07-13,gangavaram,29.1,medium,63.3,3,DEMO_DATA,True
2020-07-14,gangavaram,23.6,low,58.9,2,DEMO_DATA,True
2020-07-15,gangavaram,25.6,medium,60.5,3,DEMO_DATA,True
2020-07-16,gangavaram,25.7,medium,60.6,3,DEMO_DATA,True
2020-07-17,gangavaram,23.7,low,58.9,2,DEMO_DATA,True
2020-07-18,gangavaram,18.7,low,55.0,2,DEMO_DATA,True
2020-07-19,gangavaram,23.6,low,58.9,2,DEMO_DATA,True
2020-07-20,gangavaram,20.7,low,56.6,2,DEMO_DATA,True
2020-07-21,gangavaram,20.5,low,56.4,2,DEMO_DATA,True
2020-07-22,gangavaram,25.0,medium,60.0,3,DEMO_DATA,True
2020-07-23,gangavaram,21.6,low,57.3,2,DEMO_DATA,True
2020-07-24,gangavaram,29.6,medium,63.6,3,DEMO_DATA,True
2020-07-25,gangavaram,29.1,medium,63.3,3,DEMO_DATA,True
2020-07-26,gangavaram,33.7,medium,66.9,4,DEMO_DATA,True
2020-07-27,gangavaram,35.5,medium,68.4,4,DEMO_DATA,True
2020-07-28,gangavaram,27.7,medium,62.2,3,DEMO_DATA,True
2020-07-29,gangavaram,23.9,low,59.1,2,DEMO_DATA,True
2020-07-30,gangavaram,12.2,low,49.7,1,DEMO_DATA,True
2020-07-31,gangavaram,10.2,low,48.2,1,DEMO_DATA,True
2020-08-01,gangavaram,10.3,low,48.2,1,DEMO_DATA,True
2020-08-02,gangavaram,11.8,low,49.5,1,DEMO_DATA,True
2020-08-03,gangavaram,14.6,low,51.7,1,DEMO_DATA,True
2020-08-04,gangavaram,14.3,low,51.4,1,DEMO_DATA,True
2020-08-05,gangavaram,16.0,low,52.8,1,DEMO_DATA,True
2020-08-06,gangavaram,18.5,low,54.8,2,DEMO_DATA,True
2020-08-07,gangavaram,16.0,low,52.8,2,DEMO_DATA,True
2020-08-08,gangavaram,15.6,low,52.5,1,DEMO_DATA,True
2020-08-09,gangavaram,11.7,low,49.4,1,DEMO_DATA,True
2020-08-10,gangavaram,12.4,low,49.9,1,DEMO_DATA,True
2020-08-11,gangavaram,11.2,low,49.0,1,DEMO_DATA,True
2020-08-12,gangavaram,8.5,low,46.8,1,DEMO_DATA,True
2020-08-13,gangavaram,9.4,low,47.5,1,DEMO_DATA,True
2020-08-14,gangavaram,10.3,low,48.2,1,DEMO_DATA,True
2020-08-15,gangavaram,17.1,low,53.6,2,DEMO_DATA,True
2020-08-16,gangavaram,13.7,low,51.0,1,DEMO_DATA,True
2020-08-17,gangavaram,13.2,low,50.5,1,DEMO_DATA,True
2020-08-18,gangavaram,12.8,low,50.2,1,DEMO_DATA,True
2020-08-19,gangavaram,13.6,low,50.9,1,DEMO_DATA,True
2020-08-20,gangavaram,13.9,low,51.1,1,DEMO_DATA,True
2020-08-21,gangavaram,15.4,low,52.3,1,DEMO_DATA,True
2020-08-22,gangavaram,12.6,low,50.1,1,DEMO_DATA,True
2020-08-23,gangavaram,12.9,low,50.3,1,DEMO_DATA,True
2020-08-24,gangavaram,11.5,low,49.2,1,DEMO_DATA,True
2020-08-25,gangavaram,13.6,low,50.9,1,DEMO_DATA,True
2020-08-26,gangavaram,13.0,low,50.4,1,DEMO_DATA,True
2020-08-27,gangavaram,15.2,low,52.2,1,DEMO_DATA,True
2020-08-28,gangavaram,14.0,low,51.2,1,DEMO_DATA,True
2020-08-29,gangavaram,12.8,low,50.2,1,DEMO_DATA,True
2020-08-30,gangavaram,11.3,low,49.1,1,DEMO_DATA,True
2020-08-31,gangavaram,12.7,low,50.1,1,DEMO_DATA,True
2020-09-01,gangavaram,10.2,low,48.2,1,DEMO_DATA,True
2020-09-02,gangavaram,12.6,low,50.1,1,DEMO_DATA,True
2020-09-03,gangavaram,14.9,low,51.9,1,DEMO_DATA,True
2020-09-04,gangavaram,9.7,low,47.8,1,DEMO_DATA,True
2020-09-05,gangavaram,12.3,low,49.8,1,DEMO_DATA,True
2020-09-06,gangavaram,10.9,low,48.7,1,DEMO_DATA,True
2020-09-07,gangavaram,17.9,low,54.4,2,DEMO_DATA,True
2020-09-08,gangavaram,21.0,low,56.8,2,DEMO_DATA,True
2020-09-09,gangavaram,21.5,low,57.2,2,DEMO_DATA,True
2020-09-10,gangavaram,26.1,medium,60.9,3,DEMO_DATA,True
2020-09-11,gangavaram,26.5,medium,61.2,3,DEMO_DATA,True
2020-09-12,gangavaram,25.2,medium,60.2,3,DEMO_DATA,True
2020-09-13,gangavaram,24.9,medium,59.9,3,DEMO_DATA,True
2020-09-14,gangavaram,23.1,low,58.4,2,DEMO_DATA,True
2020-09-15,gangavaram,18.8,low,55.0,2,DEMO_DATA,True
2020-09-16,gangavaram,22.6,low,58.1,2,DEMO_DATA,True
2020-09-17,gangavaram,18.0,low,54.4,2,DEMO_DATA,True
2020-09-18,gangavaram,14.4,low,51.5,1,DEMO_DATA,True
2020-09-19,gangavaram,13.2,low,50.6,1,DEMO_DATA,True
2020-09-20,gangavaram,18.4,low,54.7,2,DEMO_DATA,True
2020-09-21,gangavaram,11.4,low,49.1,1,DEMO_DATA,True
2020-09-22,gangavaram,9.3,low,47.5,1,DEMO_DATA,True
2020-09-23,gangavaram,6.3,low,45.0,0,DEMO_DATA,True
2020-09-24,gangavaram,7.2,low,45.7,0,DEMO_DATA,True
2020-09-25,gangavaram,8.9,low,47.1,1,DEMO_DATA,True
2020-09-26,gangavaram,7.9,low,46.4,0,DEMO_DATA,True
2020-09-27,gangavaram,8.9,low,47.1,1,DEMO_DATA,True
2020-09-28,gangavaram,8.4,low,46.8,1,DEMO_DATA,True
2020-09-29,gangavaram,8.7,low,47.0,1,DEMO_DATA,True
2020-09-30,gangavaram,10.0,low,48.0,1,DEMO_DATA,True
2020-10-01,gangavaram,7.0,low,45.6,0,DEMO_DATA,True
2020-10-02,gangavaram,8.0,low,46.4,0,DEMO_DATA,True
2020-10-03,gangavaram,10.4,low,48.3,1,DEMO_DATA,True
2020-10-04,gangavaram,9.4,low,47.5,1,DEMO_DATA,True
2020-10-05,gangavaram,10.8,low,48.6,1,DEMO_DATA,True
2020-10-06,gangavaram,13.4,low,50.7,1,DEMO_DATA,True
2020-10-07,gangavaram,13.3,low,50.6,1,DEMO_DATA,True
2020-10-08,gangavaram,14.3,low,51.5,1,DEMO_DATA,True
2020-10-09,gangavaram,12.4,low,49.9,1,DEMO_DATA,True
2020-10-10,gangavaram,14.8,low,51.8,1,DEMO_DATA,True
2020-10-11,gangavaram,16.7,low,53.4,2,DEMO_DATA,True
2020-10-12,gangavaram,14.2,low,51.3,1,DEMO_DATA,True
2020-10-13,gangavaram,12.8,low,50.2,1,DEMO_DATA,True
2020-10-14,gangavaram,9.7,low,47.8,1,DEMO_DATA,True
2020-10-15,gangavaram,10.5,low,48.4,1,DEMO_DATA,True
2020-10-16,gangavaram,11.1,low,48.9,1,DEMO_DATA,True
2020-10-17,gangavaram,7.7,low,46.1,0,DEMO_DATA,True
2020-10-18,gangavaram,7.1,low,45.7,0,DEMO_DATA,True
2020-10-19,gangavaram,9.1,low,47.3,1,DEMO_DATA,True
2020-10-20,gangavaram,10.9,low,48.7,1,DEMO_DATA,True
2020-10-21,gangavaram,9.9,low,47.9,1,DEMO_DATA,True
2020-10-22,gangavaram,9.9,low,47.9,1,DEMO_DATA,True
2020-10-23,gangavaram,9.1,low,47.3,1,DEMO_DATA,True
2020-10-24,gangavaram,10.4,low,48.3,1,DEMO_DATA,True
2020-10-25,gangavaram,8.7,low,46.9,1,DEMO_DATA,True
2020-10-26,gangavaram,8.8,low,47.0,1,DEMO_DATA,True
2020-10-27,gangavaram,7.8,low,46.2,0,DEMO_DATA,True
2020-10-28,gangavaram,11.3,low,49.1,1,DEMO_DATA,True
2020-10-29,gangavaram,10.7,low,48.5,1,DEMO_DATA,True
2020-10-30,gangavaram,12.5,low,50.0,1,DEMO_DATA,True
2020-10-31,gangavaram,13.2,low,50.6,1,DEMO_DATA,True
2020-11-01,gangavaram,11.9,low,49.5,1,DEMO_DATA,True
2020-11-02,gangavaram,11.3,low,49.0,1,DEMO_DATA,True
2020-11-03,gangavaram,9.0,low,47.2,1,DEMO_DATA,True
2020-11-04,gangavaram,10.1,low,48.1,1,DEMO_DATA,True
2020-11-05,gangavaram,16.3,low,53.1,2,DEMO_DATA,True
2020-11-06,gangavaram,14.0,low,51.2,1,DEMO_DATA,True
2020-11-07,gangavaram,12.6,low,50.1,1,DEMO_DATA,True
2020-11-08,gangavaram,12.2,low,49.8,1,DEMO_DATA,True
2020-11-09,gangavaram,14.1,low,51.3,1,DEMO_DATA,True
2020-11-10,gangavaram,17.9,low,54.4,2,DEMO_DATA,True
2020-11-11,gangavaram,15.7,low,52.6,1,DEMO_DATA,True
2020-11-12,gangavaram,17.7,low,54.2,2,DEMO_DATA,True
2020-11-13,gangavaram,17.5,low,54.0,2,DEMO_DATA,True
2020-11-14,gangavaram,20.3,low,56.2,2,DEMO_DATA,True
2020-11-15,gangavaram,19.3,low,55.4,2,DEMO_DATA,True
2020-11-16,gangavaram,24.4,medium,59.5,3,DEMO_DATA,True
2020-11-17,gangavaram,24.0,low,59.2,2,DEMO_DATA,True
2020-11-18,gangavaram,20.1,low,56.0,2,DEMO_DATA,True
2020-11-19,gangavaram,19.2,low,55.3,2,DEMO_DATA,True
2020-11-20,gangavaram,20.8,low,56.6,2,DEMO_DATA,True
2020-11-21,gangavaram,23.0,low,58.4,2,DEMO_DATA,True
2020-11-22,gangavaram,23.5,low,58.8,2,DEMO_DATA,True
2020-11-23,gangavaram,26.5,medium,61.2,3,DEMO_DATA,True
2020-11-24,gangavaram,18.4,low,54.7,2,DEMO_DATA,True
2020-11-25,gangavaram,20.7,low,56.6,2,DEMO_DATA,True
2020-11-26,gangavaram,16.4,low,53.1,2,DEMO_DATA,True
2020-11-27,gangavaram,12.3,low,49.9,1,DEMO_DATA,True
2020-11-28,gangavaram,9.6,low,47.7,1,DEMO_DATA,True
2020-11-29,gangavaram,8.9,low,47.1,1,DEMO_DATA,True
2020-11-30,gangavaram,8.0,low,46.4,1,DEMO_DATA,True
2020-12-01,gangavaram,8.9,low,47.1,1,DEMO_DATA,True
2020-12-02,gangavaram,8.5,low,46.8,1,DEMO_DATA,True
2020-12-03,gangavaram,9.2,low,47.4,1,DEMO_DATA,True
2020-12-04,gangavaram,8.2,low,46.6,1,DEMO_DATA,True
2020-12-05,gangavaram,9.3,low,47.5,1,DEMO_DATA,True
2020-12-06,gangavaram,8.9,low,47.1,1,DEMO_DATA,True
2020-12-07,gangavaram,6.4,low,45.1,0,DEMO_DATA,True
2020-12-08,gangavaram,7.9,low,46.3,0,DEMO_DATA,True
2020-12-09,gangavaram,8.2,low,46.5,1,DEMO_DATA,True
2020-12-10,gangavaram,9.4,low,47.5,1,DEMO_DATA,True
2020-12-11,gangavaram,11.8,low,49.4,1,DEMO_DATA,True
2020-12-12,gangavaram,11.6,low,49.3,1,DEMO_DATA,True
2020-12-13,gangavaram,12.4,low,49.9,1,DEMO_DATA,True
2020-12-14,gangavaram,9.1,low,47.3,1,DEMO_DATA,True
2020-12-15,gangavaram,9.6,low,47.7,1,DEMO_DATA,True
2020-12-16,gangavaram,8.8,low,47.0,1,DEMO_DATA,True
2020-12-17,gangavaram,8.1,low,46.5,1,DEMO_DATA,True
2020-12-18,gangavaram,8.5,low,46.8,1,DEMO_DATA,True
2020-12-19,gangavaram,9.3,low,47.5,1,DEMO_DATA,True
2020-12-20,gangavaram,9.9,low,48.0,1,DEMO_DATA,True
2020-12-21,gangavaram,11.2,low,49.0,1,DEMO_DATA,True
2020-12-22,gangavaram,9.8,low,47.8,1,DEMO_DATA,True
2020-12-23,gangavaram,12.4,low,49.9,1,DEMO_DATA,True
2020-12-24,gangavaram,12.9,low,50.3,1,DEMO_DATA,True
2020-12-25,gangavaram,14.3,low,51.4,1,DEMO_DATA,True
2020-12-26,gangavaram,10.6,low,48.5,1,DEMO_DATA,True
2020-12-27,gangavaram,9.7,low,47.8,1,DEMO_DATA,True
2020-12-28,gangavaram,8.1,low,46.5,1,DEMO_DATA,True
2020-12-29,gangavaram,8.7,low,46.9,1,DEMO_DATA,True
2020-12-30,gangavaram,9.8,low,47.8,1,DEMO_DATA,True
2020-12-31,gangavaram,7.0,low,45.6,0,DEMO_DATA,True
2021-01-01,gangavaram,5.4,low,44.3,0,DEMO_DATA,True
2021-01-02,gangavaram,6.1,low,44.9,0,DEMO_DATA,True
2021-01-03,gangavaram,7.8,low,46.2,0,DEMO_DATA,True
2021-01-04,gangavaram,7.9,low,46.3,0,DEMO_DATA,True
2021-01-05,gangavaram,8.5,low,46.8,1,DEMO_DATA,True
2021-01-06,gangavaram,8.0,low,46.4,0,DEMO_DATA,True
2021-01-07,gangavaram,8.8,low,47.0,1,DEMO_DATA,True
2021-01-08,gangavaram,7.8,low,46.2,0,DEMO_DATA,True
2021-01-09,gangavaram,8.8,low,47.0,1,DEMO_DATA,True
2021-01-10,gangavaram,10.5,low,48.4,1,DEMO_DATA,True
2021-01-11,gangavaram,10.8,low,48.6,1,DEMO_DATA,True
2021-01-12,gangavaram,12.4,low,49.9,1,DEMO_DATA,True
2021-01-13,gangavaram,15.1,low,52.1,1,DEMO_DATA,True
2021-01-14,gangavaram,13.2,low,50.6,1,DEMO_DATA,True
2021-01-15,gangavaram,7.6,low,46.1,0,DEMO_DATA,True
2021-01-16,gangavaram,7.5,low,46.0,0,DEMO_DATA,True
2021-01-17,gangavaram,8.2,low,46.6,1,DEMO_DATA,True
2021-01-18,gangavaram,9.6,low,47.6,1,DEMO_DATA,True
2021-01-19,gangavaram,9.8,low,47.8,1,DEMO_DATA,True
2021-01-20,gangavaram,11.8,low,49.4,1,DEMO_DATA,True
2021-01-21,gangavaram,13.1,low,50.5,1,DEMO_DATA,True
2021-01-22,gangavaram,15.4,low,52.3,1,DEMO_DATA,True
2021-01-23,gangavaram,17.3,low,53.9,2,DEMO_DATA,True
2021-01-24,gangavaram,22.0,low,57.6,2,DEMO_DATA,True
2021-01-25,gangavaram,19.4,low,55.5,2,DEMO_DATA,True
2021-01-26,gangavaram,15.8,low,52.7,1,DEMO_DATA,True
2021-01-27,gangavaram,19.5,low,55.6,2,DEMO_DATA,True
2021-01-28,gangavaram,18.8,low,55.0,2,DEMO_DATA,True
2021-01-29,gangavaram,21.6,low,57.3,2,DEMO_DATA,True
2021-01-30,gangavaram,26.0,medium,60.8,3,DEMO_DATA,True
2021-01-31,gangavaram,26.6,medium,61.2,3,DEMO_DATA,True
2021-02-01,gangavaram,25.6,medium,60.5,3,DEMO_DATA,True
2021-02-02,gangavaram,24.7,medium,59.8,3,DEMO_DATA,True
2021-02-03,gangavaram,16.8,low,53.5,2,DEMO_DATA,True
2021-02-04,gangavaram,16.4,low,53.1,2,DEMO_DATA,True
2021-02-05,gangavaram,16.9,low,53.5,2,DEMO_DATA,True
2021-02-06,gangavaram,18.2,low,54.6,2,DEMO_DATA,True
2021-02-07,gangavaram,19.9,low,55.9,2,DEMO_DATA,True
2021-02-08,gangavaram,17.6,low,54.1,2,DEMO_DATA,True
2021-02-09,gangavaram,16.5,low,53.2,2,DEMO_DATA,True
2021-02-10,gangavaram,17.1,low,53.7,2,DEMO_DATA,True
2021-02-11,gangavaram,17.4,low,53.9,2,DEMO_DATA,True
2021-02-12,gangavaram,19.4,low,55.6,2,DEMO_DATA,True
2021-02-13,gangavaram,18.5,low,54.8,2,DEMO_DATA,True
2021-02-14,gangavaram,19.0,low,55.2,2,DEMO_DATA,True
2021-02-15,gangavaram,17.7,low,54.2,2,DEMO_DATA,True
2021-02-16,gangavaram,21.0,low,56.8,2,DEMO_DATA,True
2021-02-17,gangavaram,19.7,low,55.7,2,DEMO_DATA,True
2021-02-18,gangavaram,20.0,low,56.0,2,DEMO_DATA,True
2021-02-19,gangavaram,20.8,low,56.6,2,DEMO_DATA,True
2021-02-20,gangavaram,17.5,low,54.0,2,DEMO_DATA,True
2021-02-21,gangavaram,24.4,medium,59.5,3,DEMO_DATA,True
2021-02-22,gangavaram,16.5,low,53.2,2,DEMO_DATA,True
2021-02-23,gangavaram,18.9,low,55.1,2,DEMO_DATA,True
2021-02-24,gangavaram,18.8,low,55.1,2,DEMO_DATA,True
2021-02-25,gangavaram,16.4,low,53.1,2,DEMO_DATA,True
2021-02-26,gangavaram,15.1,low,52.1,1,DEMO_DATA,True
2021-02-27,gangavaram,14.3,low,51.4,1,DEMO_DATA,True
2021-02-28,gangavaram,12.2,low,49.7,1,DEMO_DATA,True
2021-03-01,gangavaram,14.5,low,51.6,1,DEMO_DATA,True
2021-03-02,gangavaram,12.3,low,49.8,1,DEMO_DATA,True
2021-03-03,gangavaram,9.7,low,47.7,1,DEMO_DATA,True
2021-03-04,gangavaram,17.6,low,54.1,2,DEMO_DATA,True
2021-03-05,gangavaram,17.8,low,54.2,2,DEMO_DATA,True
2021-03-06,gangavaram,17.1,low,53.7,2,DEMO_DATA,True
2021-03-07,gangavaram,13.2,low,50.6,1,DEMO_DATA,True
2021-03-08,gangavaram,12.6,low,50.1,1,DEMO_DATA,True
2021-03-09,gangavaram,13.5,low,50.8,1,DEMO_DATA,True
2021-03-10,gangavaram,14.9,low,51.9,1,DEMO_DATA,True
2021-03-11,gangavaram,17.1,low,53.6,2,DEMO_DATA,True
2021-03-12,gangavaram,16.4,low,53.1,2,DEMO_DATA,True
2021-03-13,gangavaram,17.9,low,54.3,2,DEMO_DATA,True
2021-03-14,gangavaram,15.0,low,52.0,1,DEMO_DATA,True
2021-03-15,gangavaram,14.5,low,51.6,1,DEMO_DATA,True
2021-03-16,gangavaram,15.5,low,52.4,1,DEMO_DATA,True
2021-03-17,gangavaram,14.2,low,51.4,1,DEMO_DATA,True
2021-03-18,gangavaram,14.3,low,51.5,1,DEMO_DATA,True
2021-03-19,gangavaram,15.6,low,52.4,1,DEMO_DATA,True
2021-03-20,gangavaram,14.2,low,51.4,1,DEMO_DATA,True
2021-03-21,gangavaram,14.3,low,51.5,1,DEMO_DATA,True
2021-03-22,gangavaram,13.3,low,50.6,1,DEMO_DATA,True
2021-03-23,gangavaram,10.2,low,48.2,1,DEMO_DATA,True
2021-03-24,gangavaram,11.1,low,48.9,1,DEMO_DATA,True
2021-03-25,gangavaram,14.0,low,51.2,1,DEMO_DATA,True
2021-03-26,gangavaram,15.6,low,52.5,1,DEMO_DATA,True
2021-03-27,gangavaram,14.3,low,51.4,1,DEMO_DATA,True
2021-03-28,gangavaram,13.8,low,51.0,1,DEMO_DATA,True
2021-03-29,gangavaram,10.3,low,48.3,1,DEMO_DATA,True
2021-03-30,gangavaram,9.0,low,47.2,1,DEMO_DATA,True
2021-03-31,gangavaram,9.4,low,47.5,1,DEMO_DATA,True
2021-04-01,gangavaram,10.3,low,48.2,1,DEMO_DATA,True
2021-04-02,gangavaram,11.0,low,48.8,1,DEMO_DATA,True
2021-04-03,gangavaram,11.0,low,48.8,1,DEMO_DATA,True
2021-04-04,gangavaram,11.5,low,49.2,1,DEMO_DATA,True
2021-04-05,gangavaram,14.7,low,51.8,1,DEMO_DATA,True
2021-04-06,gangavaram,14.3,low,51.4,1,DEMO_DATA,True
2021-04-07,gangavaram,14.7,low,51.8,1,DEMO_DATA,True
2021-04-08,gangavaram,16.6,low,53.3,2,DEMO_DATA,True
2021-04-09,gangavaram,18.4,low,54.8,2,DEMO_DATA,True
2021-04-10,gangavaram,18.5,low,54.8,2,DEMO_DATA,True
2021-04-11,gangavaram,17.2,low,53.7,2,DEMO_DATA,True
2021-04-12,gangavaram,15.0,low,52.0,1,DEMO_DATA,True
2021-04-13,gangavaram,19.6,low,55.7,2,DEMO_DATA,True
2021-04-14,gangavaram,18.3,low,54.6,2,DEMO_DATA,True
2021-04-15,gangavaram,16.4,low,53.1,2,DEMO_DATA,True
2021-04-16,gangavaram,15.3,low,52.3,1,DEMO_DATA,True
2021-04-17,gangavaram,14.2,low,51.4,1,DEMO_DATA,True
2021-04-18,gangavaram,15.5,low,52.4,1,DEMO_DATA,True
2021-04-19,gangavaram,16.0,low,52.8,2,DEMO_DATA,True
2021-04-20,gangavaram,15.4,low,52.4,1,DEMO_DATA,True
2021-04-21,gangavaram,11.8,low,49.4,1,DEMO_DATA,True
2021-04-22,gangavaram,10.4,low,48.3,1,DEMO_DATA,True
2021-04-23,gangavaram,8.7,low,47.0,1,DEMO_DATA,True
2021-04-24,gangavaram,10.9,low,48.7,1,DEMO_DATA,True
2021-04-25,gangavaram,7.1,low,45.6,0,DEMO_DATA,True
2021-04-26,gangavaram,7.3,low,45.9,0,DEMO_DATA,True
2021-04-27,gangavaram,5.4,low,44.3,0,DEMO_DATA,True
2021-04-28,gangavaram,5.8,low,44.7,0,DEMO_DATA,True
2021-04-29,gangavaram,7.6,low,46.1,0,DEMO_DATA,True
2021-04-30,gangavaram,9.0,low,47.2,1,DEMO_DATA,True
2021-05-01,gangavaram,8.9,low,47.1,1,DEMO_DATA,True
2021-05-02,gangavaram,11.2,low,49.0,1,DEMO_DATA,True
2021-05-03,gangavaram,13.6,low,50.9,1,DEMO_DATA,True
2021-05-04,gangavaram,13.4,low,50.7,1,DEMO_DATA,True
2021-05-05,gangavaram,14.1,low,51.3,1,DEMO_DATA,True
2021-05-06,gangavaram,15.2,low,52.1,1,DEMO_DATA,True
2021-05-07,gangavaram,16.5,low,53.2,2,DEMO_DATA,True
2021-05-08,gangavaram,16.8,low,53.4,2,DEMO_DATA,True
2021-05-09,gangavaram,12.7,low,50.2,1,DEMO_DATA,True
2021-05-10,gangavaram,10.6,low,48.5,1,DEMO_DATA,True
2021-05-11,gangavaram,12.2,low,49.8,1,DEMO_DATA,True
2021-05-12,gangavaram,11.2,low,49.0,1,DEMO_DATA,True
2021-05-13,gangavaram,11.9,low,49.5,1,DEMO_DATA,True
2021-05-14,gangavaram,10.8,low,48.6,1,DEMO_DATA,True
2021-05-15,gangavaram,11.2,low,48.9,1,DEMO_DATA,True
2021-05-16,gangavaram,12.4,low,49.9,1,DEMO_DATA,True
2021-05-17,gangavaram,15.9,low,52.7,1,DEMO_DATA,True
2021-05-18,gangavaram,14.4,low,51.5,1,DEMO_DATA,True
2021-05-19,gangavaram,14.1,low,51.3,1,DEMO_DATA,True
2021-05-20,gangavaram,12.0,low,49.6,1,DEMO_DATA,True
2021-05-21,gangavaram,10.0,low,48.0,1,DEMO_DATA,True
2021-05-22,gangavaram,9.4,low,47.5,1,DEMO_DATA,True
2021-05-23,gangavaram,9.8,low,47.9,1,DEMO_DATA,True
2021-05-24,gangavaram,7.8,low,46.2,0,DEMO_DATA,True
2021-05-25,gangavaram,8.2,low,46.6,1,DEMO_DATA,True
2021-05-26,gangavaram,8.4,low,46.7,1,DEMO_DATA,True
2021-05-27,gangavaram,8.3,low,46.6,1,DEMO_DATA,True
2021-05-28,gangavaram,9.2,low,47.4,1,DEMO_DATA,True
2021-05-29,gangavaram,11.8,low,49.4,1,DEMO_DATA,True
2021-05-30,gangavaram,11.0,low,48.8,1,DEMO_DATA,True
2021-05-31,gangavaram,9.6,low,47.7,1,DEMO_DATA,True
2021-06-01,gangavaram,11.4,low,49.1,1,DEMO_DATA,True
2021-06-02,gangavaram,9.3,low,47.4,1,DEMO_DATA,True
2021-06-03,gangavaram,9.5,low,47.6,1,DEMO_DATA,True
2021-06-04,gangavaram,7.9,low,46.3,0,DEMO_DATA,True
2021-06-05,gangavaram,5.7,low,44.6,0,DEMO_DATA,True
2021-06-06,gangavaram,6.0,low,44.8,0,DEMO_DATA,True
2021-06-07,gangavaram,6.9,low,45.6,0,DEMO_DATA,True
2021-06-08,gangavaram,5.5,low,44.4,0,DEMO_DATA,True
2021-06-09,gangavaram,7.9,low,46.3,0,DEMO_DATA,True
2021-06-10,gangavaram,6.0,low,44.8,0,DEMO_DATA,True
2021-06-11,gangavaram,5.4,low,44.3,0,DEMO_DATA,True
2021-06-12,gangavaram,6.0,low,44.8,0,DEMO_DATA,True
2021-06-13,gangavaram,6.8,low,45.4,0,DEMO_DATA,True
2021-06-14,gangavaram,6.6,low,45.3,0,DEMO_DATA,True
2021-06-15,gangavaram,5.9,low,44.7,0,DEMO_DATA,True
2021-06-16,gangavaram,5.7,low,44.6,0,DEMO_DATA,True
2021-06-17,gangavaram,5.5,low,44.4,0,DEMO_DATA,True
2021-06-18,gangavaram,5.4,low,44.3,0,DEMO_DATA,True
2021-06-19,gangavaram,5.7,low,44.6,0,DEMO_DATA,True
2021-06-20,gangavaram,8.2,low,46.6,1,DEMO_DATA,True
2021-06-21,gangavaram,8.6,low,46.9,1,DEMO_DATA,True
2021-06-22,gangavaram,7.1,low,45.7,0,DEMO_DATA,True
2021-06-23,gangavaram,7.3,low,45.9,0,DEMO_DATA,True
2021-06-24,gangavaram,8.4,low,46.7,1,DEMO_DATA,True
2021-06-25,gangavaram,7.9,low,46.3,0,DEMO_DATA,True
2021-06-26,gangavaram,7.6,low,46.1,0,DEMO_DATA,True
2021-06-27,gangavaram,7.2,low,45.7,0,DEMO_DATA,True
2021-06-28,gangavaram,7.7,low,46.2,0,DEMO_DATA,True
2021-06-29,gangavaram,8.3,low,46.6,1,DEMO_DATA,True
2021-06-30,gangavaram,8.4,low,46.7,1,DEMO_DATA,True
2021-07-01,gangavaram,11.8,low,49.5,1,DEMO_DATA,True
2021-07-02,gangavaram,10.0,low,48.0,1,DEMO_DATA,True
2021-07-03,gangavaram,10.8,low,48.6,1,DEMO_DATA,True
2021-07-04,gangavaram,13.0,low,50.4,1,DEMO_DATA,True
2021-07-05,gangavaram,11.1,low,48.9,1,DEMO_DATA,True
2021-07-06,gangavaram,11.6,low,49.3,1,DEMO_DATA,True
2021-07-07,gangavaram,12.1,low,49.7,1,DEMO_DATA,True
2021-07-08,gangavaram,13.9,low,51.1,1,DEMO_DATA,True
2021-07-09,gangavaram,13.9,low,51.1,1,DEMO_DATA,True
2021-07-10,gangavaram,12.8,low,50.3,1,DEMO_DATA,True
2021-07-11,gangavaram,12.1,low,49.7,1,DEMO_DATA,True
2021-07-12,gangavaram,14.0,low,51.2,1,DEMO_DATA,True
2021-07-13,gangavaram,11.4,low,49.1,1,DEMO_DATA,True
2021-07-14,gangavaram,8.9,low,47.2,1,DEMO_DATA,True
2021-07-15,gangavaram,8.0,low,46.4,1,DEMO_DATA,True
2021-07-16,gangavaram,8.5,low,46.8,1,DEMO_DATA,True
2021-07-17,gangavaram,9.8,low,47.8,1,DEMO_DATA,True
2021-07-18,gangavaram,7.8,low,46.2,0,DEMO_DATA,True
2021-07-19,gangavaram,8.5,low,46.8,1,DEMO_DATA,True
2021-07-20,gangavaram,10.4,low,48.4,1,DEMO_DATA,True
2021-07-21,gangavaram,9.6,low,47.7,1,DEMO_DATA,True
2021-07-22,gangavaram,10.5,low,48.4,1,DEMO_DATA,True
2021-07-23,gangavaram,15.5,low,52.4,1,DEMO_DATA,True
2021-07-24,gangavaram,11.6,low,49.3,1,DEMO_DATA,True
2021-07-25,gangavaram,12.3,low,49.8,1,DEMO_DATA,True
2021-07-26,gangavaram,11.4,low,49.1,1,DEMO_DATA,True
2021-07-27,gangavaram,11.6,low,49.3,1,DEMO_DATA,True
2021-07-28,gangavaram,14.4,low,51.6,1,DEMO_DATA,True
2021-07-29,gangavaram,12.3,low,49.8,1,DEMO_DATA,True
2021-07-30,gangavaram,12.5,low,50.0,1,DEMO_DATA,True
2021-07-31,gangavaram,14.8,low,51.8,1,DEMO_DATA,True
2021-08-01,gangavaram,17.5,low,54.0,2,DEMO_DATA,True
2021-08-02,gangavaram,15.4,low,52.3,1,DEMO_DATA,True
2021-08-03,gangavaram,14.1,low,51.3,1,DEMO_DATA,True
2021-08-04,gangavaram,17.3,low,53.8,2,DEMO_DATA,True
2021-08-05,gangavaram,16.1,low,52.9,2,DEMO_DATA,True
2021-08-06,gangavaram,20.9,low,56.7,2,DEMO_DATA,True
2021-08-07,gangavaram,19.7,low,55.7,2,DEMO_DATA,True
2021-08-08,gangavaram,21.9,low,57.5,2,DEMO_DATA,True
2021-08-09,gangavaram,22.6,low,58.1,2,DEMO_DATA,True
2021-08-10,gangavaram,30.1,medium,64.1,3,DEMO_DATA,True
2021-08-11,gangavaram,23.8,low,59.1,2,DEMO_DATA,True
2021-08-12,gangavaram,27.3,medium,61.8,3,DEMO_DATA,True
2021-08-13,gangavaram,25.1,medium,60.1,3,DEMO_DATA,True
2021-08-14,gangavaram,18.1,low,54.5,2,DEMO_DATA,True
2021-08-15,gangavaram,20.6,low,56.5,2,DEMO_DATA,True
2021-08-16,gangavaram,21.6,low,57.3,2,DEMO_DATA,True
2021-08-17,gangavaram,24.9,medium,60.0,3,DEMO_DATA,True
2021-08-18,gangavaram,18.0,low,54.4,2,DEMO_DATA,True
2021-08-19,gangavaram,21.6,low,57.3,2,DEMO_DATA,True
2021-08-20,gangavaram,20.2,low,56.2,2,DEMO_DATA,True
2021-08-21,gangavaram,18.4,low,54.7,2,DEMO_DATA,True
2021-08-22,gangavaram,12.2,low,49.7,1,DEMO_DATA,True
2021-08-23,gangavaram,16.2,low,53.0,2,DEMO_DATA,True
2021-08-24,gangavaram,18.7,low,55.0,2,DEMO_DATA,True
2021-08-25,gangavaram,27.1,medium,61.6,3,DEMO_DATA,True
2021-08-26,gangavaram,28.8,medium,63.0,3,DEMO_DATA,True
2021-08-27,gangavaram,21.7,low,57.4,2,DEMO_DATA,True
2021-08-28,gangavaram,28.5,medium,62.8,3,DEMO_DATA,True
2021-08-29,gangavaram,28.7,medium,62.9,3,DEMO_DATA,True
2021-08-30,gangavaram,30.2,medium,64.2,3,DEMO_DATA,True
2021-08-31,gangavaram,26.9,medium,61.5,3,DEMO_DATA,True
2021-09-01,gangavaram,22.5,low,58.0,2,DEMO_DATA,True
2021-09-02,gangavaram,22.9,low,58.3,2,DEMO_DATA,True
2021-09-03,gangavaram,30.2,medium,64.1,3,DEMO_DATA,True
2021-09-04,gangavaram,27.0,medium,61.6,3,DEMO_DATA,True
2021-09-05,gangavaram,36.0,medium,68.8,4,DEMO_DATA,True
2021-09-06,gangavaram,39.2,medium,71.4,4,DEMO_DATA,True
2021-09-07,gangavaram,35.8,medium,68.6,4,DEMO_DATA,True
2021-09-08,gangavaram,26.9,medium,61.6,3,DEMO_DATA,True
2021-09-09,gangavaram,16.6,low,53.2,2,DEMO_DATA,True
2021-09-10,gangavaram,16.6,low,53.2,2,DEMO_DATA,True
2021-09-11,gangavaram,11.5,low,49.2,1,DEMO_DATA,True
2021-09-12,gangavaram,13.6,low,50.8,1,DEMO_DATA,True
2021-09-13,gangavaram,11.9,low,49.5,1,DEMO_DATA,True
2021-09-14,gangavaram,12.0,low,49.6,1,DEMO_DATA,True
2021-09-15,gangavaram,16.1,low,52.8,2,DEMO_DATA,True
2021-09-16,gangavaram,15.6,low,52.5,1,DEMO_DATA,True
2021-09-17,gangavaram,11.7,low,49.4,1,DEMO_DATA,True
2021-09-18,gangavaram,15.7,low,52.5,1,DEMO_DATA,True
2021-09-19,gangavaram,18.8,low,55.1,2,DEMO_DATA,True
2021-09-20,gangavaram,23.7,low,59.0,2,DEMO_DATA,True
2021-09-21,gangavaram,21.3,low,57.0,2,DEMO_DATA,True
2021-09-22,gangavaram,23.4,low,58.7,2,DEMO_DATA,True
2021-09-23,gangavaram,20.9,low,56.7,2,DEMO_DATA,True
2021-09-24,gangavaram,15.6,low,52.5,1,DEMO_DATA,True
2021-09-25,gangavaram,16.1,low,52.9,2,DEMO_DATA,True
2021-09-26,gangavaram,15.2,low,52.1,1,DEMO_DATA,True
2021-09-27,gangavaram,16.6,low,53.3,2,DEMO_DATA,True
2021-09-28,gangavaram,16.3,low,53.1,2,DEMO_DATA,True
2021-09-29,gangavaram,16.1,low,52.9,2,DEMO_DATA,True
2021-09-30,gangavaram,12.9,low,50.3,1,DEMO_DATA,True
2021-10-01,gangavaram,8.9,low,47.1,1,DEMO_DATA,True
2021-10-02,gangavaram,9.6,low,47.7,1,DEMO_DATA,True
2021-10-03,gangavaram,8.6,low,46.9,1,DEMO_DATA,True
2021-10-04,gangavaram,8.3,low,46.6,1,DEMO_DATA,True
2021-10-05,gangavaram,8.9,low,47.1,1,DEMO_DATA,True
2021-10-06,gangavaram,11.5,low,49.2,1,DEMO_DATA,True
2021-10-07,gangavaram,14.5,low,51.6,1,DEMO_DATA,True
2021-10-08,gangavaram,17.6,low,54.1,2,DEMO_DATA,True
2021-10-09,gangavaram,16.4,low,53.1,2,DEMO_DATA,True
2021-10-10,gangavaram,14.9,low,51.9,1,DEMO_DATA,True
2021-10-11,gangavaram,14.4,low,51.5,1,DEMO_DATA,True
2021-10-12,gangavaram,12.4,low,49.9,1,DEMO_DATA,True
2021-10-13,gangavaram,9.8,low,47.8,1,DEMO_DATA,True
2021-10-14,gangavaram,10.3,low,48.3,1,DEMO_DATA,True
2021-10-15,gangavaram,9.3,low,47.4,1,DEMO_DATA,True
2021-10-16,gangavaram,10.4,low,48.4,1,DEMO_DATA,True
2021-10-17,gangavaram,12.5,low,50.0,1,DEMO_DATA,True
2021-10-18,gangavaram,13.6,low,50.9,1,DEMO_DATA,True
2021-10-19,gangavaram,15.4,low,52.3,1,DEMO_DATA,True
2021-10-20,gangavaram,17.6,low,54.1,2,DEMO_DATA,True
2021-10-21,gangavaram,17.6,low,54.1,2,DEMO_DATA,True
2021-10-22,gangavaram,21.7,low,57.4,2,DEMO_DATA,True
2021-10-23,gangavaram,15.7,low,52.6,1,DEMO_DATA,True
2021-10-24,gangavaram,17.4,low,54.0,2,DEMO_DATA,True
2021-10-25,gangavaram,22.5,low,58.0,2,DEMO_DATA,True
2021-10-26,gangavaram,13.5,low,50.8,1,DEMO_DATA,True
2021-10-27,gangavaram,13.1,low,50.5,1,DEMO_DATA,True
2021-10-28,gangavaram,5.4,low,44.3,0,DEMO_DATA,True
2021-10-29,gangavaram,5.4,low,44.3,0,DEMO_DATA,True
2021-10-30,gangavaram,6.5,low,45.2,0,DEMO_DATA,True
2021-10-31,gangavaram,5.6,low,44.4,0,DEMO_DATA,True
2021-11-01,gangavaram,5.4,low,44.3,0,DEMO_DATA,True
2021-11-02,gangavaram,5.4,low,44.3,0,DEMO_DATA,True
2021-11-03,gangavaram,6.9,low,45.5,0,DEMO_DATA,True
2021-11-04,gangavaram,7.4,low,45.9,0,DEMO_DATA,True
2021-11-05,gangavaram,5.9,low,44.7,0,DEMO_DATA,True
2021-11-06,gangavaram,7.6,low,46.1,0,DEMO_DATA,True
2021-11-07,gangavaram,7.4,low,45.9,0,DEMO_DATA,True
2021-11-08,gangavaram,7.4,low,45.9,0,DEMO_DATA,True
2021-11-09,gangavaram,6.7,low,45.4,0,DEMO_DATA,True
2021-11-10,gangavaram,5.6,low,44.4,0,DEMO_DATA,True
2021-11-11,gangavaram,5.4,low,44.3,0,DEMO_DATA,True
2021-11-12,gangavaram,5.4,low,44.3,0,DEMO_DATA,True
2021-11-13,gangavaram,5.4,low,44.3,0,DEMO_DATA,True
2021-11-14,gangavaram,7.0,low,45.6,0,DEMO_DATA,True
2021-11-15,gangavaram,5.5,low,44.4,0,DEMO_DATA,True
2021-11-16,gangavaram,5.4,low,44.3,0,DEMO_DATA,True
2021-11-17,gangavaram,5.4,low,44.3,0,DEMO_DATA,True
2021-11-18,gangavaram,6.9,low,45.5,0,DEMO_DATA,True
2021-11-19,gangavaram,6.5,low,45.2,0,DEMO_DATA,True
2021-11-20,gangavaram,7.7,low,46.1,0,DEMO_DATA,True
2021-11-21,gangavaram,8.3,low,46.6,1,DEMO_DATA,True
2021-11-22,gangavaram,8.5,low,46.8,1,DEMO_DATA,True
2021-11-23,gangavaram,7.1,low,45.7,0,DEMO_DATA,True
2021-11-24,gangavaram,8.9,low,47.1,1,DEMO_DATA,True
2021-11-25,gangavaram,11.6,low,49.3,1,DEMO_DATA,True
2021-11-26,gangavaram,14.3,low,51.4,1,DEMO_DATA,True
2021-11-27,gangavaram,17.9,low,54.3,2,DEMO_DATA,True
2021-11-28,gangavaram,13.5,low,50.8,1,DEMO_DATA,True
2021-11-29,gangavaram,12.4,low,50.0,1,DEMO_DATA,True
2021-11-30,gangavaram,11.1,low,48.9,1,DEMO_DATA,True
2021-12-01,gangavaram,9.6,low,47.7,1,DEMO_DATA,True
2021-12-02,gangavaram,11.1,low,48.9,1,DEMO_DATA,True
2021-12-03,gangavaram,12.9,low,50.3,1,DEMO_DATA,True
2021-12-04,gangavaram,13.5,low,50.8,1,DEMO_DATA,True
2021-12-05,gangavaram,11.9,low,49.5,1,DEMO_DATA,True
2021-12-06,gangavaram,14.3,low,51.4,1,DEMO_DATA,True
2021-12-07,gangavaram,12.2,low,49.8,1,DEMO_DATA,True
2021-12-08,gangavaram,8.0,low,46.4,0,DEMO_DATA,True
2021-12-09,gangavaram,7.2,low,45.8,0,DEMO_DATA,True
2021-12-10,gangavaram,6.8,low,45.5,0,DEMO_DATA,True
2021-12-11,gangavaram,5.4,low,44.3,0,DEMO_DATA,True
2021-12-12,gangavaram,7.0,low,45.6,0,DEMO_DATA,True
2021-12-13,gangavaram,7.5,low,46.0,0,DEMO_DATA,True
2021-12-14,gangavaram,9.2,low,47.4,1,DEMO_DATA,True
2021-12-15,gangavaram,5.6,low,44.5,0,DEMO_DATA,True
2021-12-16,gangavaram,6.9,low,45.5,0,DEMO_DATA,True
2021-12-17,gangavaram,7.1,low,45.7,0,DEMO_DATA,True
2021-12-18,gangavaram,7.9,low,46.3,0,DEMO_DATA,True
2021-12-19,gangavaram,6.1,low,44.9,0,DEMO_DATA,True
2021-12-20,gangavaram,7.3,low,45.8,0,DEMO_DATA,True
2021-12-21,gangavaram,5.4,low,44.3,0,DEMO_DATA,True
2021-12-22,gangavaram,7.3,low,45.9,0,DEMO_DATA,True
2021-12-23,gangavaram,8.7,low,47.0,1,DEMO_DATA,True
2021-12-24,gangavaram,9.0,low,47.2,1,DEMO_DATA,True
2021-12-25,gangavaram,6.7,low,45.3,0,DEMO_DATA,True
2021-12-26,gangavaram,5.8,low,44.6,0,DEMO_DATA,True
2021-12-27,gangavaram,5.4,low,44.3,0,DEMO_DATA,True
2021-12-28,gangavaram,5.4,low,44.3,0,DEMO_DATA,True
2021-12-29,gangavaram,5.7,low,44.6,0,DEMO_DATA,True
2021-12-30,gangavaram,7.5,low,46.0,0,DEMO_DATA,True
2021-12-31,gangavaram,7.3,low,45.9,0,DEMO_DATA,True
2022-01-01,gangavaram,6.7,low,45.4,0,DEMO_DATA,True
2022-01-02,gangavaram,7.4,low,45.9,0,DEMO_DATA,True
2022-01-03,gangavaram,8.3,low,46.7,1,DEMO_DATA,True
2022-01-04,gangavaram,7.0,low,45.6,0,DEMO_DATA,True
2022-01-05,gangavaram,7.7,low,46.1,0,DEMO_DATA,True
2022-01-06,gangavaram,8.7,low,46.9,1,DEMO_DATA,True
2022-01-07,gangavaram,8.7,low,47.0,1,DEMO_DATA,True
2022-01-08,gangavaram,10.0,low,48.0,1,DEMO_DATA,True
2022-01-09,gangavaram,8.9,low,47.1,1,DEMO_DATA,True
2022-01-10,gangavaram,6.5,low,45.2,0,DEMO_DATA,True
2022-01-11,gangavaram,7.2,low,45.8,0,DEMO_DATA,True
2022-01-12,gangavaram,8.7,low,46.9,1,DEMO_DATA,True
2022-01-13,gangavaram,9.4,low,47.5,1,DEMO_DATA,True
2022-01-14,gangavaram,7.5,low,46.0,0,DEMO_DATA,True
2022-01-15,gangavaram,9.0,low,47.2,1,DEMO_DATA,True
2022-01-16,gangavaram,10.3,low,48.2,1,DEMO_DATA,True
2022-01-17,gangavaram,10.3,low,48.2,1,DEMO_DATA,True
2022-01-18,gangavaram,11.0,low,48.8,1,DEMO_DATA,True
2022-01-19,gangavaram,12.2,low,49.7,1,DEMO_DATA,True
2022-01-20,gangavaram,10.6,low,48.5,1,DEMO_DATA,True
2022-01-21,gangavaram,8.5,low,46.8,1,DEMO_DATA,True
2022-01-22,gangavaram,8.1,low,46.5,1,DEMO_DATA,True
2022-01-23,gangavaram,7.5,low,46.0,0,DEMO_DATA,True
2022-01-24,gangavaram,8.5,low,46.8,1,DEMO_DATA,True
2022-01-25,gangavaram,9.0,low,47.2,1,DEMO_DATA,True
2022-01-26,gangavaram,8.0,low,46.4,1,DEMO_DATA,True
2022-01-27,gangavaram,8.5,low,46.8,1,DEMO_DATA,True
2022-01-28,gangavaram,8.8,low,47.0,1,DEMO_DATA,True
2022-01-29,gangavaram,9.0,low,47.2,1,DEMO_DATA,True
2022-01-30,gangavaram,8.6,low,46.9,1,DEMO_DATA,True
2022-01-31,gangavaram,8.5,low,46.8,1,DEMO_DATA,True
2022-02-01,gangavaram,7.2,low,45.7,0,DEMO_DATA,True
2022-02-02,gangavaram,9.1,low,47.3,1,DEMO_DATA,True
2022-02-03,gangavaram,7.9,low,46.3,0,DEMO_DATA,True
2022-02-04,gangavaram,7.6,low,46.1,0,DEMO_DATA,True
2022-02-05,gangavaram,6.6,low,45.3,0,DEMO_DATA,True
2022-02-06,gangavaram,7.8,low,46.2,0,DEMO_DATA,True
2022-02-07,gangavaram,7.8,low,46.2,0,DEMO_DATA,True
2022-02-08,gangavaram,7.8,low,46.3,0,DEMO_DATA,True
2022-02-09,gangavaram,8.0,low,46.4,0,DEMO_DATA,True
2022-02-10,gangavaram,9.3,low,47.5,1,DEMO_DATA,True
2022-02-11,gangavaram,13.0,low,50.4,1,DEMO_DATA,True
2022-02-12,gangavaram,14.8,low,51.8,1,DEMO_DATA,True
2022-02-13,gangavaram,14.4,low,51.5,1,DEMO_DATA,True
2022-02-14,gangavaram,13.7,low,51.0,1,DEMO_DATA,True
2022-02-15,gangavaram,12.9,low,50.3,1,DEMO_DATA,True
2022-02-16,gangavaram,15.2,low,52.2,1,DEMO_DATA,True
2022-02-17,gangavaram,12.1,low,49.7,1,DEMO_DATA,True
2022-02-18,gangavaram,14.7,low,51.8,1,DEMO_DATA,True
2022-02-19,gangavaram,16.5,low,53.2,2,DEMO_DATA,True
2022-02-20,gangavaram,15.2,low,52.1,1,DEMO_DATA,True
2022-02-21,gangavaram,14.5,low,51.6,1,DEMO_DATA,True
2022-02-22,gangavaram,14.9,low,51.9,1,DEMO_DATA,True
2022-02-23,gangavaram,16.8,low,53.4,2,DEMO_DATA,True
2022-02-24,gangavaram,17.4,low,53.9,2,DEMO_DATA,True
2022-02-25,gangavaram,19.2,low,55.4,2,DEMO_DATA,True
2022-02-26,gangavaram,20.4,low,56.3,2,DEMO_DATA,True
2022-02-27,gangavaram,17.9,low,54.4,2,DEMO_DATA,True
2022-02-28,gangavaram,20.4,low,56.3,2,DEMO_DATA,True
2022-03-01,gangavaram,24.8,medium,59.9,3,DEMO_DATA,True
2022-03-02,gangavaram,20.5,low,56.4,2,DEMO_DATA,True
2022-03-03,gangavaram,21.9,low,57.6,2,DEMO_DATA,True
2022-03-04,gangavaram,17.4,low,53.9,2,DEMO_DATA,True
2022-03-05,gangavaram,15.3,low,52.2,1,DEMO_DATA,True
2022-03-06,gangavaram,13.6,low,50.9,1,DEMO_DATA,True
2022-03-07,gangavaram,10.7,low,48.5,1,DEMO_DATA,True
2022-03-08,gangavaram,8.0,low,46.4,1,DEMO_DATA,True
2022-03-09,gangavaram,8.2,low,46.5,1,DEMO_DATA,True
2022-03-10,gangavaram,10.3,low,48.2,1,DEMO_DATA,True
2022-03-11,gangavaram,9.3,low,47.4,1,DEMO_DATA,True
2022-03-12,gangavaram,10.8,low,48.7,1,DEMO_DATA,True
2022-03-13,gangavaram,11.3,low,49.1,1,DEMO_DATA,True
2022-03-14,gangavaram,9.9,low,47.9,1,DEMO_DATA,True
2022-03-15,gangavaram,11.3,low,49.0,1,DEMO_DATA,True
2022-03-16,gangavaram,9.7,low,47.7,1,DEMO_DATA,True
2022-03-17,gangavaram,8.2,low,46.5,1,DEMO_DATA,True
2022-03-18,gangavaram,9.5,low,47.6,1,DEMO_DATA,True
2022-03-19,gangavaram,11.4,low,49.1,1,DEMO_DATA,True
2022-03-20,gangavaram,9.5,low,47.6,1,DEMO_DATA,True
2022-03-21,gangavaram,9.8,low,47.8,1,DEMO_DATA,True
2022-03-22,gangavaram,8.5,low,46.8,1,DEMO_DATA,True
2022-03-23,gangavaram,8.2,low,46.6,1,DEMO_DATA,True
2022-03-24,gangavaram,8.7,low,47.0,1,DEMO_DATA,True
2022-03-25,gangavaram,10.6,low,48.5,1,DEMO_DATA,True
2022-03-26,gangavaram,12.8,low,50.3,1,DEMO_DATA,True
2022-03-27,gangavaram,14.5,low,51.6,1,DEMO_DATA,True
2022-03-28,gangavaram,14.2,low,51.4,1,DEMO_DATA,True
2022-03-29,gangavaram,10.0,low,48.0,1,DEMO_DATA,True
2022-03-30,gangavaram,9.8,low,47.9,1,DEMO_DATA,True
2022-03-31,gangavaram,11.5,low,49.2,1,DEMO_DATA,True
2022-04-01,gangavaram,9.7,low,47.8,1,DEMO_DATA,True
2022-04-02,gangavaram,9.4,low,47.5,1,DEMO_DATA,True
2022-04-03,gangavaram,10.6,low,48.5,1,DEMO_DATA,True
2022-04-04,gangavaram,12.1,low,49.7,1,DEMO_DATA,True
2022-04-05,gangavaram,16.4,low,53.1,2,DEMO_DATA,True
2022-04-06,gangavaram,17.9,low,54.3,2,DEMO_DATA,True
2022-04-07,gangavaram,12.5,low,50.0,1,DEMO_DATA,True
2022-04-08,gangavaram,12.6,low,50.1,1,DEMO_DATA,True
2022-04-09,gangavaram,11.0,low,48.8,1,DEMO_DATA,True
2022-04-10,gangavaram,8.4,low,46.7,1,DEMO_DATA,True
2022-04-11,gangavaram,11.1,low,48.9,1,DEMO_DATA,True
2022-04-12,gangavaram,10.5,low,48.4,1,DEMO_DATA,True
2022-04-13,gangavaram,12.6,low,50.1,1,DEMO_DATA,True
2022-04-14,gangavaram,13.4,low,50.7,1,DEMO_DATA,True
2022-04-15,gangavaram,12.5,low,50.0,1,DEMO_DATA,True
2022-04-16,gangavaram,11.2,low,49.0,1,DEMO_DATA,True
2022-04-17,gangavaram,13.2,low,50.6,1,DEMO_DATA,True
2022-04-18,gangavaram,13.5,low,50.8,1,DEMO_DATA,True
2022-04-19,gangavaram,17.2,low,53.8,2,DEMO_DATA,True
2022-04-20,gangavaram,18.0,low,54.4,2,DEMO_DATA,True
2022-04-21,gangavaram,15.5,low,52.4,1,DEMO_DATA,True
2022-04-22,gangavaram,15.5,low,52.4,1,DEMO_DATA,True
2022-04-23,gangavaram,20.4,low,56.3,2,DEMO_DATA,True
2022-04-24,gangavaram,28.3,medium,62.7,3,DEMO_DATA,True
2022-04-25,gangavaram,27.3,medium,61.9,3,DEMO_DATA,True
2022-04-26,gangavaram,29.3,medium,63.4,3,DEMO_DATA,True
2022-04-27,gangavaram,33.4,medium,66.7,4,DEMO_DATA,True
2022-04-28,gangavaram,30.2,medium,64.2,3,DEMO_DATA,True
2022-04-29,gangavaram,26.4,medium,61.1,3,DEMO_DATA,True
2022-04-30,gangavaram,18.8,low,55.0,2,DEMO_DATA,True
2022-05-01,gangavaram,16.0,low,52.8,1,DEMO_DATA,True
2022-05-02,gangavaram,11.1,low,48.9,1,DEMO_DATA,True
2022-05-03,gangavaram,10.9,low,48.7,1,DEMO_DATA,True
2022-05-04,gangavaram,8.4,low,46.7,1,DEMO_DATA,True
2022-05-05,gangavaram,10.0,low,48.0,1,DEMO_DATA,True
2022-05-06,gangavaram,10.8,low,48.6,1,DEMO_DATA,True
2022-05-07,gangavaram,9.6,low,47.7,1,DEMO_DATA,True
2022-05-08,gangavaram,10.3,low,48.3,1,DEMO_DATA,True
2022-05-09,gangavaram,11.3,low,49.0,1,DEMO_DATA,True
2022-05-10,gangavaram,13.4,low,50.7,1,DEMO_DATA,True
2022-05-11,gangavaram,14.6,low,51.7,1,DEMO_DATA,True
2022-05-12,gangavaram,16.2,low,53.0,2,DEMO_DATA,True
2022-05-13,gangavaram,11.1,low,48.8,1,DEMO_DATA,True
2022-05-14,gangavaram,10.9,low,48.7,1,DEMO_DATA,True
2022-05-15,gangavaram,10.9,low,48.7,1,DEMO_DATA,True
2022-05-16,gangavaram,11.3,low,49.0,1,DEMO_DATA,True
2022-05-17,gangavaram,11.2,low,48.9,1,DEMO_DATA,True
2022-05-18,gangavaram,11.3,low,49.0,1,DEMO_DATA,True
2022-05-19,gangavaram,14.3,low,51.5,1,DEMO_DATA,True
2022-05-20,gangavaram,13.9,low,51.2,1,DEMO_DATA,True
2022-05-21,gangavaram,13.0,low,50.4,1,DEMO_DATA,True
2022-05-22,gangavaram,9.5,low,47.6,1,DEMO_DATA,True
2022-05-23,gangavaram,12.4,low,49.9,1,DEMO_DATA,True
2022-05-24,gangavaram,9.3,low,47.4,1,DEMO_DATA,True
2022-05-25,gangavaram,10.9,low,48.7,1,DEMO_DATA,True
2022-05-26,gangavaram,13.0,low,50.4,1,DEMO_DATA,True
2022-05-27,gangavaram,10.5,low,48.4,1,DEMO_DATA,True
2022-05-28,gangavaram,10.6,low,48.5,1,DEMO_DATA,True
2022-05-29,gangavaram,13.6,low,50.9,1,DEMO_DATA,True
2022-05-30,gangavaram,15.6,low,52.5,1,DEMO_DATA,True
2022-05-31,gangavaram,11.8,low,49.4,1,DEMO_DATA,True
2022-06-01,gangavaram,11.6,low,49.3,1,DEMO_DATA,True
2022-06-02,gangavaram,12.6,low,50.1,1,DEMO_DATA,True
2022-06-03,gangavaram,13.0,low,50.4,1,DEMO_DATA,True
2022-06-04,gangavaram,13.8,low,51.1,1,DEMO_DATA,True
2022-06-05,gangavaram,13.1,low,50.5,1,DEMO_DATA,True
2022-06-06,gangavaram,12.2,low,49.8,1,DEMO_DATA,True
2022-06-07,gangavaram,11.8,low,49.4,1,DEMO_DATA,True
2022-06-08,gangavaram,11.4,low,49.1,1,DEMO_DATA,True
2022-06-09,gangavaram,13.1,low,50.5,1,DEMO_DATA,True
2022-06-10,gangavaram,15.9,low,52.7,1,DEMO_DATA,True
2022-06-11,gangavaram,16.6,low,53.3,2,DEMO_DATA,True
2022-06-12,gangavaram,21.1,low,56.9,2,DEMO_DATA,True
2022-06-13,gangavaram,19.8,low,55.9,2,DEMO_DATA,True
2022-06-14,gangavaram,17.2,low,53.8,2,DEMO_DATA,True
2022-06-15,gangavaram,17.6,low,54.1,2,DEMO_DATA,True
2022-06-16,gangavaram,20.6,low,56.5,2,DEMO_DATA,True
2022-06-17,gangavaram,18.4,low,54.7,2,DEMO_DATA,True
2022-06-18,gangavaram,21.6,low,57.3,2,DEMO_DATA,True
2022-06-19,gangavaram,22.1,low,57.7,2,DEMO_DATA,True
2022-06-20,gangavaram,15.7,low,52.6,1,DEMO_DATA,True
2022-06-21,gangavaram,17.6,low,54.1,2,DEMO_DATA,True
2022-06-22,gangavaram,21.4,low,57.1,2,DEMO_DATA,True
2022-06-23,gangavaram,19.8,low,55.8,2,DEMO_DATA,True
2022-06-24,gangavaram,18.9,low,55.1,2,DEMO_DATA,True
2022-06-25,gangavaram,20.5,low,56.4,2,DEMO_DATA,True
2022-06-26,gangavaram,11.6,low,49.2,1,DEMO_DATA,True
2022-06-27,gangavaram,14.3,low,51.5,1,DEMO_DATA,True
2022-06-28,gangavaram,15.2,low,52.1,1,DEMO_DATA,True
2022-06-29,gangavaram,14.3,low,51.5,1,DEMO_DATA,True
2022-06-30,gangavaram,19.7,low,55.8,2,DEMO_DATA,True
2022-07-01,gangavaram,24.3,medium,59.4,3,DEMO_DATA,True
2022-07-02,gangavaram,24.8,medium,59.8,3,DEMO_DATA,True
2022-07-03,gangavaram,18.7,low,54.9,2,DEMO_DATA,True
2022-07-04,gangavaram,20.4,low,56.3,2,DEMO_DATA,True
2022-07-05,gangavaram,16.3,low,53.1,2,DEMO_DATA,True
2022-07-06,gangavaram,15.1,low,52.1,1,DEMO_DATA,True
2022-07-07,gangavaram,13.5,low,50.8,1,DEMO_DATA,True
2022-07-08,gangavaram,14.0,low,51.2,1,DEMO_DATA,True
2022-07-09,gangavaram,14.4,low,51.6,1,DEMO_DATA,True
2022-07-10,gangavaram,14.1,low,51.3,1,DEMO_DATA,True
2022-07-11,gangavaram,9.9,low,47.9,1,DEMO_DATA,True
2022-07-12,gangavaram,12.0,low,49.6,1,DEMO_DATA,True
2022-07-13,gangavaram,15.0,low,52.0,1,DEMO_DATA,True
2022-07-14,gangavaram,13.8,low,51.1,1,DEMO_DATA,True
2022-07-15,gangavaram,9.6,low,47.7,1,DEMO_DATA,True
2022-07-16,gangavaram,12.3,low,49.8,1,DEMO_DATA,True
2022-07-17,gangavaram,12.9,low,50.3,1,DEMO_DATA,True
2022-07-18,gangavaram,13.1,low,50.5,1,DEMO_DATA,True
2022-07-19,gangavaram,11.2,low,49.0,1,DEMO_DATA,True
2022-07-20,gangavaram,14.7,low,51.7,1,DEMO_DATA,True
2022-07-21,gangavaram,14.7,low,51.7,1,DEMO_DATA,True
2022-07-22,gangavaram,22.0,low,57.6,2,DEMO_DATA,True
2022-07-23,gangavaram,23.7,low,59.0,2,DEMO_DATA,True
2022-07-24,gangavaram,29.9,medium,63.9,3,DEMO_DATA,True
2022-07-25,gangavaram,39.4,medium,71.5,4,DEMO_DATA,True
2022-07-26,gangavaram,34.2,medium,67.4,4,DEMO_DATA,True
2022-07-27,gangavaram,43.6,medium,74.8,5,DEMO_DATA,True
2022-07-28,gangavaram,49.4,high,79.5,6,DEMO_DATA,True
2022-07-29,gangavaram,53.1,high,82.5,6,DEMO_DATA,True
2022-07-30,gangavaram,51.5,high,81.2,6,DEMO_DATA,True
2022-07-31,gangavaram,58.1,high,86.5,7,DEMO_DATA,True
2022-08-01,gangavaram,73.2,high,95.0,9,DEMO_DATA,True
2022-08-02,gangavaram,65.4,high,92.4,8,DEMO_DATA,True
2022-08-03,gangavaram,59.4,high,87.5,7,DEMO_DATA,True
2022-08-04,gangavaram,51.5,high,81.2,6,DEMO_DATA,True
2022-08-05,gangavaram,48.1,high,78.4,6,DEMO_DATA,True
2022-08-06,gangavaram,44.7,medium,75.7,5,DEMO_DATA,True
2022-08-07,gangavaram,47.8,medium,78.2,5,DEMO_DATA,True
2022-08-08,gangavaram,51.9,high,81.5,6,DEMO_DATA,True
2022-08-09,gangavaram,33.9,medium,67.1,4,DEMO_DATA,True
2022-08-10,gangavaram,23.2,low,58.5,2,DEMO_DATA,True
2022-08-11,gangavaram,21.0,low,56.8,2,DEMO_DATA,True
2022-08-12,gangavaram,24.5,medium,59.6,3,DEMO_DATA,True
2022-08-13,gangavaram,22.7,low,58.1,2,DEMO_DATA,True
2022-08-14,gangavaram,20.8,low,56.6,2,DEMO_DATA,True
2022-08-15,gangavaram,18.8,low,55.0,2,DEMO_DATA,True
2022-08-16,gangavaram,20.9,low,56.7,2,DEMO_DATA,True
2022-08-17,gangavaram,19.4,low,55.5,2,DEMO_DATA,True
2022-08-18,gangavaram,23.8,low,59.1,2,DEMO_DATA,True
2022-08-19,gangavaram,17.2,low,53.7,2,DEMO_DATA,True
2022-08-20,gangavaram,18.9,low,55.1,2,DEMO_DATA,True
2022-08-21,gangavaram,20.0,low,56.0,2,DEMO_DATA,True
2022-08-22,gangavaram,21.5,low,57.2,2,DEMO_DATA,True
2022-08-23,gangavaram,19.2,low,55.3,2,DEMO_DATA,True
2022-08-24,gangavaram,31.5,medium,65.2,3,DEMO_DATA,True
2022-08-25,gangavaram,41.1,medium,72.8,5,DEMO_DATA,True
2022-08-26,gangavaram,38.0,medium,70.4,4,DEMO_DATA,True
2022-08-27,gangavaram,34.9,medium,67.9,4,DEMO_DATA,True
2022-08-28,gangavaram,25.6,medium,60.5,3,DEMO_DATA,True
2022-08-29,gangavaram,28.7,medium,63.0,3,DEMO_DATA,True
2022-08-30,gangavaram,26.9,medium,61.5,3,DEMO_DATA,True
2022-08-31,gangavaram,26.1,medium,60.9,3,DEMO_DATA,True
2022-09-01,gangavaram,22.8,low,58.3,2,DEMO_DATA,True
2022-09-02,gangavaram,20.4,low,56.3,2,DEMO_DATA,True
2022-09-03,gangavaram,24.6,medium,59.7,3,DEMO_DATA,True
2022-09-04,gangavaram,21.3,low,57.0,2,DEMO_DATA,True
2022-09-05,gangavaram,27.3,medium,61.9,3,DEMO_DATA,True
2022-09-06,gangavaram,27.2,medium,61.8,3,DEMO_DATA,True
2022-09-07,gangavaram,29.1,medium,63.3,3,DEMO_DATA,True
2022-09-08,gangavaram,33.5,medium,66.8,4,DEMO_DATA,True
2022-09-09,gangavaram,35.5,medium,68.4,4,DEMO_DATA,True
2022-09-10,gangavaram,28.3,medium,62.6,3,DEMO_DATA,True
2022-09-11,gangavaram,29.2,medium,63.4,3,DEMO_DATA,True
2022-09-12,gangavaram,26.7,medium,61.4,3,DEMO_DATA,True
2022-09-13,gangavaram,26.7,medium,61.3,3,DEMO_DATA,True
2022-09-14,gangavaram,25.5,medium,60.4,3,DEMO_DATA,True
2022-09-15,gangavaram,23.5,low,58.8,2,DEMO_DATA,True
2022-09-16,gangavaram,24.4,medium,59.5,3,DEMO_DATA,True
2022-09-17,gangavaram,19.7,low,55.7,2,DEMO_DATA,True
2022-09-18,gangavaram,23.7,low,58.9,2,DEMO_DATA,True
2022-09-19,gangavaram,11.4,low,49.1,1,DEMO_DATA,True
2022-09-20,gangavaram,11.2,low,49.0,1,DEMO_DATA,True
2022-09-21,gangavaram,11.7,low,49.4,1,DEMO_DATA,True
2022-09-22,gangavaram,13.4,low,50.7,1,DEMO_DATA,True
2022-09-23,gangavaram,10.1,low,48.1,1,DEMO_DATA,True
2022-09-24,gangavaram,9.0,low,47.2,1,DEMO_DATA,True
2022-09-25,gangavaram,9.4,low,47.5,1,DEMO_DATA,True
2022-09-26,gangavaram,11.5,low,49.2,1,DEMO_DATA,True
2022-09-27,gangavaram,13.5,low,50.8,1,DEMO_DATA,True
2022-09-28,gangavaram,14.1,low,51.2,1,DEMO_DATA,True
2022-09-29,gangavaram,14.0,low,51.2,1,DEMO_DATA,True
2022-09-30,gangavaram,17.8,low,54.3,2,DEMO_DATA,True
2022-10-01,gangavaram,17.8,low,54.3,2,DEMO_DATA,True
2022-10-02,gangavaram,19.0,low,55.2,2,DEMO_DATA,True
2022-10-03,gangavaram,18.2,low,54.6,2,DEMO_DATA,True
2022-10-04,gangavaram,20.1,low,56.1,2,DEMO_DATA,True
2022-10-05,gangavaram,18.8,low,55.0,2,DEMO_DATA,True
2022-10-06,gangavaram,19.2,low,55.3,2,DEMO_DATA,True
2022-10-07,gangavaram,22.2,low,57.8,2,DEMO_DATA,True
2022-10-08,gangavaram,25.7,medium,60.6,3,DEMO_DATA,True
2022-10-09,gangavaram,23.0,low,58.4,2,DEMO_DATA,True
2022-10-10,gangavaram,23.6,low,58.9,2,DEMO_DATA,True
2022-10-11,gangavaram,31.9,medium,65.6,3,DEMO_DATA,True
2022-10-12,gangavaram,27.0,medium,61.6,3,DEMO_DATA,True
2022-10-13,gangavaram,28.4,medium,62.7,3,DEMO_DATA,True
2022-10-14,gangavaram,27.5,medium,62.0,3,DEMO_DATA,True
2022-10-15,gangavaram,27.0,medium,61.6,3,DEMO_DATA,True
2022-10-16,gangavaram,26.7,medium,61.4,3,DEMO_DATA,True
2022-10-17,gangavaram,24.9,medium,59.9,3,DEMO_DATA,True
2022-10-18,gangavaram,26.3,medium,61.0,3,DEMO_DATA,True
2022-10-19,gangavaram,21.7,low,57.3,2,DEMO_DATA,True
2022-10-20,gangavaram,21.8,low,57.5,2,DEMO_DATA,True
2022-10-21,gangavaram,21.6,low,57.3,2,DEMO_DATA,True
2022-10-22,gangavaram,9.5,low,47.6,1,DEMO_DATA,True
2022-10-23,gangavaram,7.8,low,46.3,0,DEMO_DATA,True
2022-10-24,gangavaram,7.4,low,45.9,0,DEMO_DATA,True
2022-10-25,gangavaram,7.3,low,45.9,0,DEMO_DATA,True
2022-10-26,gangavaram,9.4,low,47.5,1,DEMO_DATA,True
2022-10-27,gangavaram,8.7,low,46.9,1,DEMO_DATA,True
2022-10-28,gangavaram,9.9,low,47.9,1,DEMO_DATA,True
2022-10-29,gangavaram,10.4,low,48.3,1,DEMO_DATA,True
2022-10-30,gangavaram,13.7,low,50.9,1,DEMO_DATA,True
2022-10-31,gangavaram,15.5,low,52.4,1,DEMO_DATA,True
2022-11-01,gangavaram,17.2,low,53.7,2,DEMO_DATA,True
2022-11-02,gangavaram,20.1,low,56.1,2,DEMO_DATA,True
2022-11-03,gangavaram,22.8,low,58.2,2,DEMO_DATA,True
2022-11-04,gangavaram,23.8,low,59.0,2,DEMO_DATA,True
2022-11-05,gangavaram,27.2,medium,61.7,3,DEMO_DATA,True
2022-11-06,gangavaram,28.4,medium,62.8,3,DEMO_DATA,True
2022-11-07,gangavaram,33.7,medium,67.0,4,DEMO_DATA,True
2022-11-08,gangavaram,40.9,medium,72.7,5,DEMO_DATA,True
2022-11-09,gangavaram,30.4,medium,64.3,3,DEMO_DATA,True
2022-11-10,gangavaram,27.4,medium,62.0,3,DEMO_DATA,True
2022-11-11,gangavaram,25.2,medium,60.1,3,DEMO_DATA,True
2022-11-12,gangavaram,26.7,medium,61.4,3,DEMO_DATA,True
2022-11-13,gangavaram,30.9,medium,64.7,3,DEMO_DATA,True
2022-11-14,gangavaram,36.2,medium,69.0,4,DEMO_DATA,True
2022-11-15,gangavaram,29.4,medium,63.5,3,DEMO_DATA,True
2022-11-16,gangavaram,27.4,medium,61.9,3,DEMO_DATA,True
2022-11-17,gangavaram,22.1,low,57.7,2,DEMO_DATA,True
2022-11-18,gangavaram,25.3,medium,60.2,3,DEMO_DATA,True
2022-11-19,gangavaram,21.4,low,57.1,2,DEMO_DATA,True
2022-11-20,gangavaram,22.0,low,57.6,2,DEMO_DATA,True
2022-11-21,gangavaram,18.4,low,54.8,2,DEMO_DATA,True
2022-11-22,gangavaram,22.9,low,58.3,2,DEMO_DATA,True
2022-11-23,gangavaram,33.5,medium,66.8,4,DEMO_DATA,True
2022-11-24,gangavaram,34.3,medium,67.4,4,DEMO_DATA,True
2022-11-25,gangavaram,35.6,medium,68.5,4,DEMO_DATA,True
2022-11-26,gangavaram,43.8,medium,75.0,5,DEMO_DATA,True
2022-11-27,gangavaram,33.1,medium,66.4,4,DEMO_DATA,True
2022-11-28,gangavaram,35.6,medium,68.5,4,DEMO_DATA,True
2022-11-29,gangavaram,30.3,medium,64.3,3,DEMO_DATA,True
2022-11-30,gangavaram,28.7,medium,63.0,3,DEMO_DATA,True
2022-12-01,gangavaram,25.7,medium,60.5,3,DEMO_DATA,True
2022-12-02,gangavaram,21.2,low,56.9,2,DEMO_DATA,True
2022-12-03,gangavaram,21.3,low,57.0,2,DEMO_DATA,True
2022-12-04,gangavaram,23.1,low,58.4,2,DEMO_DATA,True
2022-12-05,gangavaram,23.3,low,58.7,2,DEMO_DATA,True
2022-12-06,gangavaram,19.3,low,55.4,2,DEMO_DATA,True
2022-12-07,gangavaram,18.5,low,54.8,2,DEMO_DATA,True
2022-12-08,gangavaram,16.2,low,53.0,2,DEMO_DATA,True
2022-12-09,gangavaram,13.2,low,50.5,1,DEMO_DATA,True
2022-12-10,gangavaram,13.4,low,50.7,1,DEMO_DATA,True
2022-12-11,gangavaram,12.7,low,50.2,1,DEMO_DATA,True
2022-12-12,gangavaram,12.1,low,49.7,1,DEMO_DATA,True
2022-12-13,gangavaram,8.5,low,46.8,1,DEMO_DATA,True
2022-12-14,gangavaram,6.1,low,44.8,0,DEMO_DATA,True
2022-12-15,gangavaram,8.4,low,46.7,1,DEMO_DATA,True
2022-12-16,gangavaram,8.1,low,46.5,1,DEMO_DATA,True
2022-12-17,gangavaram,8.2,low,46.6,1,DEMO_DATA,True
2022-12-18,gangavaram,8.4,low,46.8,1,DEMO_DATA,True
2022-12-19,gangavaram,8.2,low,46.6,1,DEMO_DATA,True
2022-12-20,gangavaram,8.3,low,46.6,1,DEMO_DATA,True
2022-12-21,gangavaram,8.0,low,46.4,0,DEMO_DATA,True
2022-12-22,gangavaram,8.2,low,46.6,1,DEMO_DATA,True
2022-12-23,gangavaram,9.1,low,47.3,1,DEMO_DATA,True
2022-12-24,gangavaram,9.3,low,47.4,1,DEMO_DATA,True
2022-12-25,gangavaram,10.1,low,48.1,1,DEMO_DATA,True
2022-12-26,gangavaram,11.3,low,49.1,1,DEMO_DATA,True
2022-12-27,gangavaram,12.3,low,49.9,1,DEMO_DATA,True
2022-12-28,gangavaram,15.1,low,52.1,1,DEMO_DATA,True
2022-12-29,gangavaram,16.9,low,53.5,2,DEMO_DATA,True
2022-12-30,gangavaram,13.1,low,50.5,1,DEMO_DATA,True
2022-12-31,gangavaram,13.4,low,50.7,1,DEMO_DATA,True
2023-01-01,gangavaram,16.0,low,52.8,1,DEMO_DATA,True
2023-01-02,gangavaram,18.9,low,55.1,2,DEMO_DATA,True
2023-01-03,gangavaram,19.1,low,55.3,2,DEMO_DATA,True
2023-01-04,gangavaram,21.0,low,56.8,2,DEMO_DATA,True
2023-01-05,gangavaram,18.5,low,54.8,2,DEMO_DATA,True
2023-01-06,gangavaram,16.9,low,53.5,2,DEMO_DATA,True
2023-01-07,gangavaram,19.6,low,55.7,2,DEMO_DATA,True
2023-01-08,gangavaram,22.8,low,58.2,2,DEMO_DATA,True
2023-01-09,gangavaram,26.4,medium,61.1,3,DEMO_DATA,True
2023-01-10,gangavaram,23.5,low,58.8,2,DEMO_DATA,True
2023-01-11,gangavaram,19.9,low,56.0,2,DEMO_DATA,True
2023-01-12,gangavaram,13.4,low,50.7,1,DEMO_DATA,True
2023-01-13,gangavaram,13.6,low,50.9,1,DEMO_DATA,True
2023-01-14,gangavaram,14.2,low,51.4,1,DEMO_DATA,True
2023-01-15,gangavaram,12.0,low,49.6,1,DEMO_DATA,True
2023-01-16,gangavaram,13.5,low,50.8,1,DEMO_DATA,True
2023-01-17,gangavaram,17.4,low,53.9,2,DEMO_DATA,True
2023-01-18,gangavaram,16.3,low,53.0,2,DEMO_DATA,True
2023-01-19,gangavaram,14.6,low,51.7,1,DEMO_DATA,True
2023-01-20,gangavaram,14.5,low,51.6,1,DEMO_DATA,True
2023-01-21,gangavaram,12.3,low,49.8,1,DEMO_DATA,True
2023-01-22,gangavaram,9.1,low,47.3,1,DEMO_DATA,True
2023-01-23,gangavaram,9.0,low,47.2,1,DEMO_DATA,True
2023-01-24,gangavaram,10.2,low,48.2,1,DEMO_DATA,True
2023-01-25,gangavaram,8.5,low,46.8,1,DEMO_DATA,True
2023-01-26,gangavaram,9.6,low,47.7,1,DEMO_DATA,True
2023-01-27,gangavaram,14.2,low,51.3,1,DEMO_DATA,True
2023-01-28,gangavaram,17.4,low,53.9,2,DEMO_DATA,True
2023-01-29,gangavaram,17.6,low,54.0,2,DEMO_DATA,True
2023-01-30,gangavaram,17.4,low,53.9,2,DEMO_DATA,True
2023-01-31,gangavaram,17.7,low,54.2,2,DEMO_DATA,True
2023-02-01,gangavaram,17.4,low,53.9,2,DEMO_DATA,True
2023-02-02,gangavaram,19.8,low,55.8,2,DEMO_DATA,True
2023-02-03,gangavaram,19.6,low,55.6,2,DEMO_DATA,True
2023-02-04,gangavaram,17.6,low,54.1,2,DEMO_DATA,True
2023-02-05,gangavaram,17.6,low,54.1,2,DEMO_DATA,True
2023-02-06,gangavaram,20.9,low,56.7,2,DEMO_DATA,True
2023-02-07,gangavaram,21.9,low,57.5,2,DEMO_DATA,True
2023-02-08,gangavaram,22.6,low,58.1,2,DEMO_DATA,True
2023-02-09,gangavaram,24.6,medium,59.7,3,DEMO_DATA,True
2023-02-10,gangavaram,24.9,medium,59.9,3,DEMO_DATA,True
2023-02-11,gangavaram,20.1,low,56.1,2,DEMO_DATA,True
2023-02-12,gangavaram,15.1,low,52.1,1,DEMO_DATA,True
2023-02-13,gangavaram,14.9,low,51.9,1,DEMO_DATA,True
2023-02-14,gangavaram,15.8,low,52.6,1,DEMO_DATA,True
2023-02-15,gangavaram,17.0,low,53.6,2,DEMO_DATA,True
2023-02-16,gangavaram,21.0,low,56.8,2,DEMO_DATA,True
2023-02-17,gangavaram,21.9,low,57.5,2,DEMO_DATA,True
2023-02-18,gangavaram,20.0,low,56.0,2,DEMO_DATA,True
2023-02-19,gangavaram,23.6,low,58.9,2,DEMO_DATA,True
2023-02-20,gangavaram,24.6,medium,59.7,3,DEMO_DATA,True
2023-02-21,gangavaram,23.3,low,58.6,2,DEMO_DATA,True
2023-02-22,gangavaram,19.1,low,55.3,2,DEMO_DATA,True
2023-02-23,gangavaram,14.4,low,51.5,1,DEMO_DATA,True
2023-02-24,gangavaram,16.7,low,53.3,2,DEMO_DATA,True
2023-02-25,gangavaram,14.0,low,51.2,1,DEMO_DATA,True
2023-02-26,gangavaram,13.8,low,51.0,1,DEMO_DATA,True
2023-02-27,gangavaram,11.8,low,49.4,1,DEMO_DATA,True
2023-02-28,gangavaram,12.8,low,50.2,1,DEMO_DATA,True
2023-03-01,gangavaram,12.9,low,50.3,1,DEMO_DATA,True
2023-03-02,gangavaram,15.1,low,52.1,1,DEMO_DATA,True
2023-03-03,gangavaram,13.9,low,51.1,1,DEMO_DATA,True
2023-03-04,gangavaram,17.9,low,54.3,2,DEMO_DATA,True
2023-03-05,gangavaram,15.9,low,52.7,1,DEMO_DATA,True
2023-03-06,gangavaram,16.5,low,53.2,2,DEMO_DATA,True
2023-03-07,gangavaram,21.9,low,57.5,2,DEMO_DATA,True
2023-03-08,gangavaram,24.6,medium,59.7,3,DEMO_DATA,True
2023-03-09,gangavaram,27.6,medium,62.1,3,DEMO_DATA,True
2023-03-10,gangavaram,26.9,medium,61.6,3,DEMO_DATA,True
2023-03-11,gangavaram,22.5,low,58.0,2,DEMO_DATA,True
2023-03-12,gangavaram,15.5,low,52.4,1,DEMO_DATA,True
2023-03-13,gangavaram,13.3,low,50.6,1,DEMO_DATA,True
2023-03-14,gangavaram,16.8,low,53.4,2,DEMO_DATA,True
2023-03-15,gangavaram,16.5,low,53.2,2,DEMO_DATA,True
2023-03-16,gangavaram,18.4,low,54.7,2,DEMO_DATA,True
2023-03-17,gangavaram,18.4,low,54.8,2,DEMO_DATA,True
2023-03-18,gangavaram,18.1,low,54.5,2,DEMO_DATA,True
2023-03-19,gangavaram,22.3,low,57.8,2,DEMO_DATA,True
2023-03-20,gangavaram,24.3,medium,59.4,3,DEMO_DATA,True
2023-03-21,gangavaram,21.9,low,57.5,2,DEMO_DATA,True
2023-03-22,gangavaram,28.4,medium,62.7,3,DEMO_DATA,True
2023-03-23,gangavaram,26.9,medium,61.5,3,DEMO_DATA,True
2023-03-24,gangavaram,28.1,medium,62.5,3,DEMO_DATA,True
2023-03-25,gangavaram,27.2,medium,61.7,3,DEMO_DATA,True
2023-03-26,gangavaram,36.6,medium,69.3,4,DEMO_DATA,True
2023-03-27,gangavaram,32.7,medium,66.1,4,DEMO_DATA,True
2023-03-28,gangavaram,26.7,medium,61.4,3,DEMO_DATA,True
2023-03-29,gangavaram,21.8,low,57.5,2,DEMO_DATA,True
2023-03-30,gangavaram,25.1,medium,60.1,3,DEMO_DATA,True
2023-03-31,gangavaram,25.6,medium,60.5,3,DEMO_DATA,True
2023-04-01,gangavaram,26.2,medium,61.0,3,DEMO_DATA,True
2023-04-02,gangavaram,18.9,low,55.1,2,DEMO_DATA,True
2023-04-03,gangavaram,19.9,low,56.0,2,DEMO_DATA,True
2023-04-04,gangavaram,19.2,low,55.3,2,DEMO_DATA,True
2023-04-05,gangavaram,17.1,low,53.6,2,DEMO_DATA,True
2023-04-06,gangavaram,19.0,low,55.2,2,DEMO_DATA,True
2023-04-07,gangavaram,28.4,medium,62.7,3,DEMO_DATA,True
2023-04-08,gangavaram,26.7,medium,61.3,3,DEMO_DATA,True
2023-04-09,gangavaram,26.1,medium,60.8,3,DEMO_DATA,True
2023-04-10,gangavaram,28.7,medium,63.0,3,DEMO_DATA,True
2023-04-11,gangavaram,27.0,medium,61.6,3,DEMO_DATA,True
2023-04-12,gangavaram,25.2,medium,60.2,3,DEMO_DATA,True
2023-04-13,gangavaram,37.3,medium,69.9,4,DEMO_DATA,True
2023-04-14,gangavaram,35.3,medium,68.2,4,DEMO_DATA,True
2023-04-15,gangavaram,30.9,medium,64.7,3,DEMO_DATA,True
2023-04-16,gangavaram,30.2,medium,64.2,3,DEMO_DATA,True
2023-04-17,gangavaram,31.3,medium,65.0,3,DEMO_DATA,True
2023-04-18,gangavaram,28.8,medium,63.0,3,DEMO_DATA,True
2023-04-19,gangavaram,30.8,medium,64.7,3,DEMO_DATA,True
2023-04-20,gangavaram,28.5,medium,62.8,3,DEMO_DATA,True
2023-04-21,gangavaram,23.4,low,58.7,2,DEMO_DATA,True
2023-04-22,gangavaram,18.8,low,55.1,2,DEMO_DATA,True
2023-04-23,gangavaram,10.3,low,48.2,1,DEMO_DATA,True
2023-04-24,gangavaram,11.2,low,49.0,1,DEMO_DATA,True
2023-04-25,gangavaram,12.5,low,50.0,1,DEMO_DATA,True
2023-04-26,gangavaram,14.6,low,51.7,1,DEMO_DATA,True
2023-04-27,gangavaram,15.5,low,52.4,1,DEMO_DATA,True
2023-04-28,gangavaram,13.0,low,50.4,1,DEMO_DATA,True
2023-04-29,gangavaram,9.9,low,47.9,1,DEMO_DATA,True
2023-04-30,gangavaram,9.2,low,47.4,1,DEMO_DATA,True
2023-05-01,gangavaram,9.6,low,47.7,1,DEMO_DATA,True
2023-05-02,gangavaram,9.9,low,48.0,1,DEMO_DATA,True
2023-05-03,gangavaram,11.6,low,49.3,1,DEMO_DATA,True
2023-05-04,gangavaram,10.8,low,48.6,1,DEMO_DATA,True
2023-05-05,gangavaram,12.5,low,50.0,1,DEMO_DATA,True
2023-05-06,gangavaram,14.7,low,51.8,1,DEMO_DATA,True
2023-05-07,gangavaram,10.1,low,48.1,1,DEMO_DATA,True
2023-05-08,gangavaram,11.3,low,49.1,1,DEMO_DATA,True
2023-05-09,gangavaram,13.0,low,50.4,1,DEMO_DATA,True
2023-05-10,gangavaram,14.2,low,51.4,1,DEMO_DATA,True
2023-05-11,gangavaram,17.9,low,54.3,2,DEMO_DATA,True
2023-05-12,gangavaram,16.0,low,52.8,2,DEMO_DATA,True
2023-05-13,gangavaram,16.0,low,52.8,2,DEMO_DATA,True
2023-05-14,gangavaram,15.8,low,52.6,1,DEMO_DATA,True
2023-05-15,gangavaram,16.6,low,53.3,2,DEMO_DATA,True
2023-05-16,gangavaram,16.9,low,53.5,2,DEMO_DATA,True
2023-05-17,gangavaram,18.6,low,54.9,2,DEMO_DATA,True
2023-05-18,gangavaram,20.5,low,56.4,2,DEMO_DATA,True
2023-05-19,gangavaram,18.5,low,54.8,2,DEMO_DATA,True
2023-05-20,gangavaram,14.8,low,51.9,1,DEMO_DATA,True
2023-05-21,gangavaram,12.4,low,49.9,1,DEMO_DATA,True
2023-05-22,gangavaram,11.1,low,48.8,1,DEMO_DATA,True
2023-05-23,gangavaram,8.5,low,46.8,1,DEMO_DATA,True
2023-05-24,gangavaram,6.9,low,45.5,0,DEMO_DATA,True
2023-05-25,gangavaram,7.3,low,45.8,0,DEMO_DATA,True
2023-05-26,gangavaram,7.6,low,46.0,0,DEMO_DATA,True
2023-05-27,gangavaram,8.7,low,46.9,1,DEMO_DATA,True
2023-05-28,gangavaram,9.3,low,47.5,1,DEMO_DATA,True
2023-05-29,gangavaram,10.5,low,48.4,1,DEMO_DATA,True
2023-05-30,gangavaram,9.6,low,47.7,1,DEMO_DATA,True
2023-05-31,gangavaram,10.0,low,48.0,1,DEMO_DATA,True
2023-06-01,gangavaram,14.0,low,51.2,1,DEMO_DATA,True
2023-06-02,gangavaram,11.5,low,49.2,1,DEMO_DATA,True
2023-06-03,gangavaram,14.3,low,51.5,1,DEMO_DATA,True
2023-06-04,gangavaram,12.8,low,50.2,1,DEMO_DATA,True
2023-06-05,gangavaram,16.0,low,52.8,2,DEMO_DATA,True
2023-06-06,gangavaram,23.6,low,58.9,2,DEMO_DATA,True
2023-06-07,gangavaram,23.9,low,59.1,2,DEMO_DATA,True
2023-06-08,gangavaram,23.2,low,58.6,2,DEMO_DATA,True
2023-06-09,gangavaram,28.1,medium,62.5,3,DEMO_DATA,True
2023-06-10,gangavaram,26.1,medium,60.9,3,DEMO_DATA,True
2023-06-11,gangavaram,24.5,medium,59.6,3,DEMO_DATA,True
2023-06-12,gangavaram,31.2,medium,64.9,3,DEMO_DATA,True
2023-06-13,gangavaram,35.9,medium,68.8,4,DEMO_DATA,True
2023-06-14,gangavaram,42.9,medium,74.3,5,DEMO_DATA,True
2023-06-15,gangavaram,44.4,medium,75.5,5,DEMO_DATA,True
2023-06-16,gangavaram,44.5,medium,75.6,5,DEMO_DATA,True
2023-06-17,gangavaram,47.4,medium,77.9,5,DEMO_DATA,True
2023-06-18,gangavaram,50.1,high,80.1,6,DEMO_DATA,True
2023-06-19,gangavaram,44.6,medium,75.7,5,DEMO_DATA,True
2023-06-20,gangavaram,45.2,medium,76.1,5,DEMO_DATA,True
2023-06-21,gangavaram,49.5,high,79.6,6,DEMO_DATA,True
2023-06-22,gangavaram,44.8,medium,75.9,5,DEMO_DATA,True
2023-06-23,gangavaram,44.8,medium,75.9,5,DEMO_DATA,True
2023-06-24,gangavaram,27.2,medium,61.8,3,DEMO_DATA,True
2023-06-25,gangavaram,27.6,medium,62.1,3,DEMO_DATA,True
2023-06-26,gangavaram,26.5,medium,61.2,3,DEMO_DATA,True
2023-06-27,gangavaram,35.1,medium,68.1,4,DEMO_DATA,True
2023-06-28,gangavaram,30.4,medium,64.3,3,DEMO_DATA,True
2023-06-29,gangavaram,25.7,medium,60.6,3,DEMO_DATA,True
2023-06-30,gangavaram,27.9,medium,62.3,3,DEMO_DATA,True
2023-07-01,gangavaram,31.2,medium,65.0,3,DEMO_DATA,True
2023-07-02,gangavaram,34.5,medium,67.6,4,DEMO_DATA,True
2023-07-03,gangavaram,24.8,medium,59.9,3,DEMO_DATA,True
2023-07-04,gangavaram,23.2,low,58.6,2,DEMO_DATA,True
2023-07-05,gangavaram,26.0,medium,60.8,3,DEMO_DATA,True
2023-07-06,gangavaram,31.2,medium,65.0,3,DEMO_DATA,True
2023-07-07,gangavaram,32.2,medium,65.8,4,DEMO_DATA,True
2023-07-08,gangavaram,25.1,medium,60.1,3,DEMO_DATA,True
2023-07-09,gangavaram,26.6,medium,61.3,3,DEMO_DATA,True
2023-07-10,gangavaram,18.7,low,54.9,2,DEMO_DATA,True
2023-07-11,gangavaram,20.0,low,56.0,2,DEMO_DATA,True
2023-07-12,gangavaram,17.0,low,53.6,2,DEMO_DATA,True
2023-07-13,gangavaram,16.5,low,53.2,2,DEMO_DATA,True
2023-07-14,gangavaram,19.7,low,55.8,2,DEMO_DATA,True
2023-07-15,gangavaram,28.8,medium,63.0,3,DEMO_DATA,True
2023-07-16,gangavaram,28.6,medium,62.9,3,DEMO_DATA,True
2023-07-17,gangavaram,22.4,low,57.9,2,DEMO_DATA,True
2023-07-18,gangavaram,29.1,medium,63.3,3,DEMO_DATA,True
2023-07-19,gangavaram,31.7,medium,65.4,3,DEMO_DATA,True
2023-07-20,gangavaram,25.4,medium,60.4,3,DEMO_DATA,True
2023-07-21,gangavaram,30.1,medium,64.1,3,DEMO_DATA,True
2023-07-22,gangavaram,30.7,medium,64.5,3,DEMO_DATA,True
2023-07-23,gangavaram,26.2,medium,61.0,3,DEMO_DATA,True
2023-07-24,gangavaram,23.3,low,58.6,2,DEMO_DATA,True
2023-07-25,gangavaram,29.3,medium,63.5,3,DEMO_DATA,True
2023-07-26,gangavaram,25.9,medium,60.7,3,DEMO_DATA,True
2023-07-27,gangavaram,27.3,medium,61.8,3,DEMO_DATA,True
2023-07-28,gangavaram,19.7,low,55.8,2,DEMO_DATA,True
2023-07-29,gangavaram,18.5,low,54.8,2,DEMO_DATA,True
2023-07-30,gangavaram,12.4,low,49.9,1,DEMO_DATA,True
2023-07-31,gangavaram,14.9,low,52.0,1,DEMO_DATA,True
2023-08-01,gangavaram,15.8,low,52.7,1,DEMO_DATA,True
2023-08-02,gangavaram,17.2,low,53.8,2,DEMO_DATA,True
2023-08-03,gangavaram,15.6,low,52.5,1,DEMO_DATA,True
2023-08-04,gangavaram,19.6,low,55.7,2,DEMO_DATA,True
2023-08-05,gangavaram,21.1,low,56.9,2,DEMO_DATA,True
2023-08-06,gangavaram,20.8,low,56.7,2,DEMO_DATA,True
2023-08-07,gangavaram,22.4,low,57.9,2,DEMO_DATA,True
2023-08-08,gangavaram,19.1,low,55.3,2,DEMO_DATA,True
2023-08-09,gangavaram,16.8,low,53.4,2,DEMO_DATA,True
2023-08-10,gangavaram,19.1,low,55.3,2,DEMO_DATA,True
2023-08-11,gangavaram,16.5,low,53.2,2,DEMO_DATA,True
2023-08-12,gangavaram,11.9,low,49.5,1,DEMO_DATA,True
2023-08-13,gangavaram,12.1,low,49.7,1,DEMO_DATA,True
2023-08-14,gangavaram,13.2,low,50.6,1,DEMO_DATA,True
2023-08-15,gangavaram,17.2,low,53.7,2,DEMO_DATA,True
2023-08-16,gangavaram,15.9,low,52.7,1,DEMO_DATA,True
2023-08-17,gangavaram,15.6,low,52.5,1,DEMO_DATA,True
2023-08-18,gangavaram,20.9,low,56.7,2,DEMO_DATA,True
2023-08-19,gangavaram,26.8,medium,61.4,3,DEMO_DATA,True
2023-08-20,gangavaram,23.7,low,58.9,2,DEMO_DATA,True
2023-08-21,gangavaram,24.2,medium,59.4,3,DEMO_DATA,True
2023-08-22,gangavaram,29.4,medium,63.5,3,DEMO_DATA,True
2023-08-23,gangavaram,20.9,low,56.7,2,DEMO_DATA,True
2023-08-24,gangavaram,15.4,low,52.3,1,DEMO_DATA,True
2023-08-25,gangavaram,14.8,low,51.8,1,DEMO_DATA,True
2023-08-26,gangavaram,15.3,low,52.2,1,DEMO_DATA,True
2023-08-27,gangavaram,16.8,low,53.4,2,DEMO_DATA,True
2023-08-28,gangavaram,12.7,low,50.1,1,DEMO_DATA,True
2023-08-29,gangavaram,8.9,low,47.2,1,DEMO_DATA,True
2023-08-30,gangavaram,7.8,low,46.2,0,DEMO_DATA,True
2023-08-31,gangavaram,8.9,low,47.1,1,DEMO_DATA,True
2023-09-01,gangavaram,9.0,low,47.2,1,DEMO_DATA,True
2023-09-02,gangavaram,9.8,low,47.8,1,DEMO_DATA,True
2023-09-03,gangavaram,10.5,low,48.4,1,DEMO_DATA,True
2023-09-04,gangavaram,10.4,low,48.3,1,DEMO_DATA,True
2023-09-05,gangavaram,8.0,low,46.4,0,DEMO_DATA,True
2023-09-06,gangavaram,7.2,low,45.7,0,DEMO_DATA,True
2023-09-07,gangavaram,6.2,low,45.0,0,DEMO_DATA,True
2023-09-08,gangavaram,7.6,low,46.0,0,DEMO_DATA,True
2023-09-09,gangavaram,7.1,low,45.6,0,DEMO_DATA,True
2023-09-10,gangavaram,8.1,low,46.5,1,DEMO_DATA,True
2023-09-11,gangavaram,7.7,low,46.1,0,DEMO_DATA,True
2023-09-12,gangavaram,9.7,low,47.7,1,DEMO_DATA,True
2023-09-13,gangavaram,10.8,low,48.6,1,DEMO_DATA,True
2023-09-14,gangavaram,15.2,low,52.1,1,DEMO_DATA,True
2023-09-15,gangavaram,13.5,low,50.8,1,DEMO_DATA,True
2023-09-16,gangavaram,14.5,low,51.6,1,DEMO_DATA,True
2023-09-17,gangavaram,10.4,low,48.3,1,DEMO_DATA,True
2023-09-18,gangavaram,10.6,low,48.4,1,DEMO_DATA,True
2023-09-19,gangavaram,11.1,low,48.8,1,DEMO_DATA,True
2023-09-20,gangavaram,13.4,low,50.7,1,DEMO_DATA,True
2023-09-21,gangavaram,13.8,low,51.0,1,DEMO_DATA,True
2023-09-22,gangavaram,7.5,low,46.0,0,DEMO_DATA,True
2023-09-23,gangavaram,8.5,low,46.8,1,DEMO_DATA,True
2023-09-24,gangavaram,7.3,low,45.9,0,DEMO_DATA,True
2023-09-25,gangavaram,8.5,low,46.8,1,DEMO_DATA,True
2023-09-26,gangavaram,10.2,low,48.2,1,DEMO_DATA,True
2023-09-27,gangavaram,9.4,low,47.5,1,DEMO_DATA,True
2023-09-28,gangavaram,9.2,low,47.4,1,DEMO_DATA,True
2023-09-29,gangavaram,11.0,low,48.8,1,DEMO_DATA,True
2023-09-30,gangavaram,13.0,low,50.4,1,DEMO_DATA,True
2023-10-01,gangavaram,6.8,low,45.4,0,DEMO_DATA,True
2023-10-02,gangavaram,7.1,low,45.7,0,DEMO_DATA,True
2023-10-03,gangavaram,7.3,low,45.9,0,DEMO_DATA,True
2023-10-04,gangavaram,5.4,low,44.3,0,DEMO_DATA,True
2023-10-05,gangavaram,6.2,low,45.0,0,DEMO_DATA,True
2023-10-06,gangavaram,6.1,low,44.9,0,DEMO_DATA,True
2023-10-07,gangavaram,6.0,low,44.8,0,DEMO_DATA,True
2023-10-08,gangavaram,6.7,low,45.4,0,DEMO_DATA,True
2023-10-09,gangavaram,6.8,low,45.5,0,DEMO_DATA,True
2023-10-10,gangavaram,7.6,low,46.1,0,DEMO_DATA,True
2023-10-11,gangavaram,10.2,low,48.2,1,DEMO_DATA,True
2023-10-12,gangavaram,9.8,low,47.8,1,DEMO_DATA,True
2023-10-13,gangavaram,10.9,low,48.7,1,DEMO_DATA,True
2023-10-14,gangavaram,11.3,low,49.0,1,DEMO_DATA,True
2023-10-15,gangavaram,9.1,low,47.3,1,DEMO_DATA,True
2023-10-16,gangavaram,8.3,low,46.7,1,DEMO_DATA,True
2023-10-17,gangavaram,10.1,low,48.1,1,DEMO_DATA,True
2023-10-18,gangavaram,11.4,low,49.2,1,DEMO_DATA,True
2023-10-19,gangavaram,15.3,low,52.2,1,DEMO_DATA,True
2023-10-20,gangavaram,14.8,low,51.8,1,DEMO_DATA,True
2023-10-21,gangavaram,13.8,low,51.0,1,DEMO_DATA,True
2023-10-22,gangavaram,13.2,low,50.6,1,DEMO_DATA,True
2023-10-23,gangavaram,9.9,low,47.9,1,DEMO_DATA,True
2023-10-24,gangavaram,10.4,low,48.3,1,DEMO_DATA,True
2023-10-25,gangavaram,11.1,low,48.8,1,DEMO_DATA,True
2023-10-26,gangavaram,11.1,low,48.9,1,DEMO_DATA,True
2023-10-27,gangavaram,12.5,low,50.0,1,DEMO_DATA,True
2023-10-28,gangavaram,15.5,low,52.4,1,DEMO_DATA,True
2023-10-29,gangavaram,17.1,low,53.7,2,DEMO_DATA,True
2023-10-30,gangavaram,17.1,low,53.7,2,DEMO_DATA,True
2023-10-31,gangavaram,16.1,low,52.9,2,DEMO_DATA,True
2023-11-01,gangavaram,13.4,low,50.7,1,DEMO_DATA,True
2023-11-02,gangavaram,12.9,low,50.3,1,DEMO_DATA,True
2023-11-03,gangavaram,11.5,low,49.2,1,DEMO_DATA,True
2023-11-04,gangavaram,13.0,low,50.4,1,DEMO_DATA,True
2023-11-05,gangavaram,12.8,low,50.2,1,DEMO_DATA,True
2023-11-06,gangavaram,14.3,low,51.5,1,DEMO_DATA,True
2023-11-07,gangavaram,14.5,low,51.6,1,DEMO_DATA,True
2023-11-08,gangavaram,14.2,low,51.4,1,DEMO_DATA,True
2023-11-09,gangavaram,13.9,low,51.1,1,DEMO_DATA,True
2023-11-10,gangavaram,16.2,low,52.9,2,DEMO_DATA,True
2023-11-11,gangavaram,12.8,low,50.2,1,DEMO_DATA,True
2023-11-12,gangavaram,12.8,low,50.2,1,DEMO_DATA,True
2023-11-13,gangavaram,13.5,low,50.8,1,DEMO_DATA,True
2023-11-14,gangavaram,16.2,low,52.9,2,DEMO_DATA,True
2023-11-15,gangavaram,12.9,low,50.3,1,DEMO_DATA,True
2023-11-16,gangavaram,15.3,low,52.3,1,DEMO_DATA,True
2023-11-17,gangavaram,14.8,low,51.9,1,DEMO_DATA,True
2023-11-18,gangavaram,9.9,low,47.9,1,DEMO_DATA,True
2023-11-19,gangavaram,8.8,low,47.0,1,DEMO_DATA,True
2023-11-20,gangavaram,8.8,low,47.0,1,DEMO_DATA,True
2023-11-21,gangavaram,9.0,low,47.2,1,DEMO_DATA,True
2023-11-22,gangavaram,9.9,low,48.0,1,DEMO_DATA,True
2023-11-23,gangavaram,8.8,low,47.0,1,DEMO_DATA,True
2023-11-24,gangavaram,11.7,low,49.3,1,DEMO_DATA,True
2023-11-25,gangavaram,12.3,low,49.8,1,DEMO_DATA,True
2023-11-26,gangavaram,13.1,low,50.5,1,DEMO_DATA,True
2023-11-27,gangavaram,12.4,low,49.9,1,DEMO_DATA,True
2023-11-28,gangavaram,13.0,low,50.4,1,DEMO_DATA,True
2023-11-29,gangavaram,15.3,low,52.2,1,DEMO_DATA,True
2023-11-30,gangavaram,15.2,low,52.1,1,DEMO_DATA,True
2023-12-01,gangavaram,16.4,low,53.1,2,DEMO_DATA,True
2023-12-02,gangavaram,20.1,low,56.1,2,DEMO_DATA,True
2023-12-03,gangavaram,19.2,low,55.3,2,DEMO_DATA,True
2023-12-04,gangavaram,12.0,low,49.6,1,DEMO_DATA,True
2023-12-05,gangavaram,13.2,low,50.6,1,DEMO_DATA,True
2023-12-06,gangavaram,14.1,low,51.2,1,DEMO_DATA,True
2023-12-07,gangavaram,10.3,low,48.2,1,DEMO_DATA,True
2023-12-08,gangavaram,7.4,low,45.9,0,DEMO_DATA,True
2023-12-09,gangavaram,9.0,low,47.2,1,DEMO_DATA,True
2023-12-10,gangavaram,9.5,low,47.6,1,DEMO_DATA,True
2023-12-11,gangavaram,6.2,low,44.9,0,DEMO_DATA,True
2023-12-12,gangavaram,5.4,low,44.3,0,DEMO_DATA,True
2023-12-13,gangavaram,6.6,low,45.3,0,DEMO_DATA,True
2023-12-14,gangavaram,8.0,low,46.4,1,DEMO_DATA,True
2023-12-15,gangavaram,8.8,low,47.0,1,DEMO_DATA,True
2023-12-16,gangavaram,8.7,low,47.0,1,DEMO_DATA,True
2023-12-17,gangavaram,9.3,low,47.4,1,DEMO_DATA,True
2023-12-18,gangavaram,10.7,low,48.6,1,DEMO_DATA,True
2023-12-19,gangavaram,8.0,low,46.4,1,DEMO_DATA,True
2023-12-20,gangavaram,8.7,low,47.0,1,DEMO_DATA,True
2023-12-21,gangavaram,12.8,low,50.3,1,DEMO_DATA,True
2023-12-22,gangavaram,17.2,low,53.8,2,DEMO_DATA,True
2023-12-23,gangavaram,14.4,low,51.5,1,DEMO_DATA,True
2023-12-24,gangavaram,17.5,low,54.0,2,DEMO_DATA,True
2023-12-25,gangavaram,19.3,low,55.4,2,DEMO_DATA,True
2023-12-26,gangavaram,17.0,low,53.6,2,DEMO_DATA,True
2023-12-27,gangavaram,18.9,low,55.1,2,DEMO_DATA,True
2023-12-28,gangavaram,22.0,low,57.6,2,DEMO_DATA,True
2023-12-29,gangavaram,22.2,low,57.7,2,DEMO_DATA,True
2023-12-30,gangavaram,7.0,low,45.6,0,DEMO_DATA,True
2023-12-31,gangavaram,6.6,low,45.3,0,DEMO_DATA,True
2024-01-01,gangavaram,8.9,low,47.1,1,DEMO_DATA,True
2024-01-02,gangavaram,11.1,low,48.9,1,DEMO_DATA,True
2024-01-03,gangavaram,9.2,low,47.3,1,DEMO_DATA,True
2024-01-04,gangavaram,12.0,low,49.6,1,DEMO_DATA,True
2024-01-05,gangavaram,9.0,low,47.2,1,DEMO_DATA,True
2024-01-06,gangavaram,9.9,low,47.9,1,DEMO_DATA,True
2024-01-07,gangavaram,8.4,low,46.7,1,DEMO_DATA,True
2024-01-08,gangavaram,10.3,low,48.2,1,DEMO_DATA,True
2024-01-09,gangavaram,10.4,low,48.3,1,DEMO_DATA,True
2024-01-10,gangavaram,8.3,low,46.6,1,DEMO_DATA,True
2024-01-11,gangavaram,9.8,low,47.9,1,DEMO_DATA,True
2024-01-12,gangavaram,10.5,low,48.4,1,DEMO_DATA,True
2024-01-13,gangavaram,8.8,low,47.1,1,DEMO_DATA,True
2024-01-14,gangavaram,9.6,low,47.7,1,DEMO_DATA,True
2024-01-15,gangavaram,9.8,low,47.9,1,DEMO_DATA,True
2024-01-16,gangavaram,9.5,low,47.6,1,DEMO_DATA,True
2024-01-17,gangavaram,10.3,low,48.2,1,DEMO_DATA,True
2024-01-18,gangavaram,8.9,low,47.2,1,DEMO_DATA,True
2024-01-19,gangavaram,7.3,low,45.8,0,DEMO_DATA,True
2024-01-20,gangavaram,7.6,low,46.1,0,DEMO_DATA,True
2024-01-21,gangavaram,8.9,low,47.1,1,DEMO_DATA,True
2024-01-22,gangavaram,9.4,low,47.5,1,DEMO_DATA,True
2024-01-23,gangavaram,8.5,low,46.8,1,DEMO_DATA,True
2024-01-24,gangavaram,11.5,low,49.2,1,DEMO_DATA,True
2024-01-25,gangavaram,12.8,low,50.2,1,DEMO_DATA,True
2024-01-26,gangavaram,14.3,low,51.4,1,DEMO_DATA,True
2024-01-27,gangavaram,17.1,low,53.7,2,DEMO_DATA,True
2024-01-28,gangavaram,18.3,low,54.6,2,DEMO_DATA,True
2024-01-29,gangavaram,12.2,low,49.8,1,DEMO_DATA,True
2024-01-30,gangavaram,8.8,low,47.0,1,DEMO_DATA,True
2024-01-31,gangavaram,8.4,low,46.7,1,DEMO_DATA,True
2024-02-01,gangavaram,9.6,low,47.7,1,DEMO_DATA,True
2024-02-02,gangavaram,10.3,low,48.2,1,DEMO_DATA,True
2024-02-03,gangavaram,12.7,low,50.2,1,DEMO_DATA,True
2024-02-04,gangavaram,13.7,low,51.0,1,DEMO_DATA,True
2024-02-05,gangavaram,15.8,low,52.6,1,DEMO_DATA,True
2024-02-06,gangavaram,17.5,low,54.0,2,DEMO_DATA,True
2024-02-07,gangavaram,16.8,low,53.4,2,DEMO_DATA,True
2024-02-08,gangavaram,18.9,low,55.2,2,DEMO_DATA,True
2024-02-09,gangavaram,21.5,low,57.2,2,DEMO_DATA,True
2024-02-10,gangavaram,26.8,medium,61.4,3,DEMO_DATA,True
2024-02-11,gangavaram,20.5,low,56.4,2,DEMO_DATA,True
2024-02-12,gangavaram,13.5,low,50.8,1,DEMO_DATA,True
2024-02-13,gangavaram,11.2,low,49.0,1,DEMO_DATA,True
2024-02-14,gangavaram,14.2,low,51.3,1,DEMO_DATA,True
2024-02-15,gangavaram,13.1,low,50.5,1,DEMO_DATA,True
2024-02-16,gangavaram,7.7,low,46.1,0,DEMO_DATA,True
2024-02-17,gangavaram,6.7,low,45.4,0,DEMO_DATA,True
2024-02-18,gangavaram,7.0,low,45.6,0,DEMO_DATA,True
2024-02-19,gangavaram,5.9,low,44.7,0,DEMO_DATA,True
2024-02-20,gangavaram,7.5,low,46.0,0,DEMO_DATA,True
2024-02-21,gangavaram,8.8,low,47.1,1,DEMO_DATA,True
2024-02-22,gangavaram,7.6,low,46.1,0,DEMO_DATA,True
2024-02-23,gangavaram,7.1,low,45.6,0,DEMO_DATA,True
2024-02-24,gangavaram,6.3,low,45.1,0,DEMO_DATA,True
2024-02-25,gangavaram,7.3,low,45.8,0,DEMO_DATA,True
2024-02-26,gangavaram,9.5,low,47.6,1,DEMO_DATA,True
2024-02-27,gangavaram,9.4,low,47.5,1,DEMO_DATA,True
2024-02-28,gangavaram,9.9,low,48.0,1,DEMO_DATA,True
2024-02-29,gangavaram,10.3,low,48.2,1,DEMO_DATA,True
2024-03-01,gangavaram,9.0,low,47.2,1,DEMO_DATA,True
2024-03-02,gangavaram,7.1,low,45.7,0,DEMO_DATA,True
2024-03-03,gangavaram,8.6,low,46.8,1,DEMO_DATA,True
2024-03-04,gangavaram,8.0,low,46.4,1,DEMO_DATA,True
2024-03-05,gangavaram,8.9,low,47.2,1,DEMO_DATA,True
2024-03-06,gangavaram,5.4,low,44.3,0,DEMO_DATA,True
2024-03-07,gangavaram,5.8,low,44.6,0,DEMO_DATA,True
2024-03-08,gangavaram,6.1,low,44.9,0,DEMO_DATA,True
2024-03-09,gangavaram,6.8,low,45.4,0,DEMO_DATA,True
2024-03-10,gangavaram,7.3,low,45.9,0,DEMO_DATA,True
2024-03-11,gangavaram,7.8,low,46.3,0,DEMO_DATA,True
2024-03-12,gangavaram,7.4,low,45.9,0,DEMO_DATA,True
2024-03-13,gangavaram,8.1,low,46.4,1,DEMO_DATA,True
2024-03-14,gangavaram,7.4,low,46.0,0,DEMO_DATA,True
2024-03-15,gangavaram,9.7,low,47.8,1,DEMO_DATA,True
2024-03-16,gangavaram,12.3,low,49.8,1,DEMO_DATA,True
2024-03-17,gangavaram,16.1,low,52.9,2,DEMO_DATA,True
2024-03-18,gangavaram,17.1,low,53.6,2,DEMO_DATA,True
2024-03-19,gangavaram,13.8,low,51.0,1,DEMO_DATA,True
2024-03-20,gangavaram,14.6,low,51.7,1,DEMO_DATA,True
2024-03-21,gangavaram,13.9,low,51.1,1,DEMO_DATA,True
2024-03-22,gangavaram,14.4,low,51.5,1,DEMO_DATA,True
2024-03-23,gangavaram,13.3,low,50.7,1,DEMO_DATA,True
2024-03-24,gangavaram,11.1,low,48.9,1,DEMO_DATA,True
2024-03-25,gangavaram,11.7,low,49.4,1,DEMO_DATA,True
2024-03-26,gangavaram,11.4,low,49.1,1,DEMO_DATA,True
2024-03-27,gangavaram,12.7,low,50.1,1,DEMO_DATA,True
2024-03-28,gangavaram,11.1,low,48.9,1,DEMO_DATA,True
2024-03-29,gangavaram,11.6,low,49.2,1,DEMO_DATA,True
2024-03-30,gangavaram,15.6,low,52.5,1,DEMO_DATA,True
2024-03-31,gangavaram,13.0,low,50.4,1,DEMO_DATA,True
2024-04-01,gangavaram,10.8,low,48.7,1,DEMO_DATA,True
2024-04-02,gangavaram,12.9,low,50.3,1,DEMO_DATA,True
2024-04-03,gangavaram,10.2,low,48.2,1,DEMO_DATA,True
2024-04-04,gangavaram,9.4,low,47.5,1,DEMO_DATA,True
2024-04-05,gangavaram,11.6,low,49.3,1,DEMO_DATA,True
2024-04-06,gangavaram,13.8,low,51.0,1,DEMO_DATA,True
2024-04-07,gangavaram,13.5,low,50.8,1,DEMO_DATA,True
2024-04-08,gangavaram,17.0,low,53.6,2,DEMO_DATA,True
2024-04-09,gangavaram,20.2,low,56.2,2,DEMO_DATA,True
2024-04-10,gangavaram,25.0,medium,60.0,3,DEMO_DATA,True
2024-04-11,gangavaram,25.5,medium,60.4,3,DEMO_DATA,True
2024-04-12,gangavaram,20.2,low,56.2,2,DEMO_DATA,True
2024-04-13,gangavaram,20.6,low,56.5,2,DEMO_DATA,True
2024-04-14,gangavaram,18.2,low,54.5,2,DEMO_DATA,True
2024-04-15,gangavaram,17.0,low,53.6,2,DEMO_DATA,True
2024-04-16,gangavaram,16.7,low,53.3,2,DEMO_DATA,True
2024-04-17,gangavaram,16.8,low,53.5,2,DEMO_DATA,True
2024-04-18,gangavaram,18.7,low,55.0,2,DEMO_DATA,True
2024-04-19,gangavaram,18.2,low,54.5,2,DEMO_DATA,True
2024-04-20,gangavaram,16.9,low,53.5,2,DEMO_DATA,True
2024-04-21,gangavaram,13.5,low,50.8,1,DEMO_DATA,True
2024-04-22,gangavaram,11.4,low,49.1,1,DEMO_DATA,True
2024-04-23,gangavaram,9.4,low,47.5,1,DEMO_DATA,True
2024-04-24,gangavaram,10.6,low,48.5,1,DEMO_DATA,True
2024-04-25,gangavaram,13.0,low,50.4,1,DEMO_DATA,True
2024-04-26,gangavaram,13.9,low,51.1,1,DEMO_DATA,True
2024-04-27,gangavaram,11.8,low,49.5,1,DEMO_DATA,True
2024-04-28,gangavaram,11.5,low,49.2,1,DEMO_DATA,True
2024-04-29,gangavaram,12.3,low,49.8,1,DEMO_DATA,True
2024-04-30,gangavaram,14.2,low,51.3,1,DEMO_DATA,True
2024-05-01,gangavaram,10.7,low,48.6,1,DEMO_DATA,True
2024-05-02,gangavaram,8.4,low,46.7,1,DEMO_DATA,True
2024-05-03,gangavaram,10.0,low,48.0,1,DEMO_DATA,True
2024-05-04,gangavaram,10.2,low,48.2,1,DEMO_DATA,True
2024-05-05,gangavaram,10.4,low,48.3,1,DEMO_DATA,True
2024-05-06,gangavaram,9.2,low,47.4,1,DEMO_DATA,True
2024-05-07,gangavaram,10.1,low,48.1,1,DEMO_DATA,True
2024-05-08,gangavaram,9.5,low,47.6,1,DEMO_DATA,True
2024-05-09,gangavaram,8.8,low,47.1,1,DEMO_DATA,True
2024-05-10,gangavaram,10.4,low,48.3,1,DEMO_DATA,True
2024-05-11,gangavaram,12.1,low,49.7,1,DEMO_DATA,True
2024-05-12,gangavaram,12.7,low,50.1,1,DEMO_DATA,True
2024-05-13,gangavaram,12.8,low,50.2,1,DEMO_DATA,True
2024-05-14,gangavaram,12.8,low,50.2,1,DEMO_DATA,True
2024-05-15,gangavaram,10.5,low,48.4,1,DEMO_DATA,True
2024-05-16,gangavaram,12.0,low,49.6,1,DEMO_DATA,True
2024-05-17,gangavaram,11.4,low,49.1,1,DEMO_DATA,True
2024-05-18,gangavaram,10.5,low,48.4,1,DEMO_DATA,True
2024-05-19,gangavaram,11.5,low,49.2,1,DEMO_DATA,True
2024-05-20,gangavaram,9.8,low,47.8,1,DEMO_DATA,True
2024-05-21,gangavaram,9.7,low,47.8,1,DEMO_DATA,True
2024-05-22,gangavaram,10.2,low,48.2,1,DEMO_DATA,True
2024-05-23,gangavaram,12.0,low,49.6,1,DEMO_DATA,True
2024-05-24,gangavaram,13.4,low,50.7,1,DEMO_DATA,True
2024-05-25,gangavaram,12.5,low,50.0,1,DEMO_DATA,True
2024-05-26,gangavaram,10.5,low,48.4,1,DEMO_DATA,True
2024-05-27,gangavaram,10.5,low,48.4,1,DEMO_DATA,True
2024-05-28,gangavaram,9.6,low,47.7,1,DEMO_DATA,True
2024-05-29,gangavaram,11.4,low,49.1,1,DEMO_DATA,True
2024-05-30,gangavaram,12.3,low,49.9,1,DEMO_DATA,True
2024-05-31,gangavaram,14.9,low,51.9,1,DEMO_DATA,True
2024-06-01,gangavaram,18.1,low,54.4,2,DEMO_DATA,True
2024-06-02,gangavaram,21.4,low,57.1,2,DEMO_DATA,True
2024-06-03,gangavaram,23.6,low,58.9,2,DEMO_DATA,True
2024-06-04,gangavaram,21.4,low,57.2,2,DEMO_DATA,True
2024-06-05,gangavaram,26.2,medium,61.0,3,DEMO_DATA,True
2024-06-06,gangavaram,28.1,medium,62.5,3,DEMO_DATA,True
2024-06-07,gangavaram,24.5,medium,59.6,3,DEMO_DATA,True
2024-06-08,gangavaram,18.0,low,54.4,2,DEMO_DATA,True
2024-06-09,gangavaram,17.3,low,53.8,2,DEMO_DATA,True
2024-06-10,gangavaram,18.4,low,54.8,2,DEMO_DATA,True
2024-06-11,gangavaram,18.4,low,54.7,2,DEMO_DATA,True
2024-06-12,gangavaram,18.5,low,54.8,2,DEMO_DATA,True
2024-06-13,gangavaram,22.2,low,57.7,2,DEMO_DATA,True
2024-06-14,gangavaram,18.0,low,54.4,2,DEMO_DATA,True
2024-06-15,gangavaram,19.1,low,55.3,2,DEMO_DATA,True
2024-06-16,gangavaram,22.8,low,58.2,2,DEMO_DATA,True
2024-06-17,gangavaram,20.8,low,56.6,2,DEMO_DATA,True
2024-06-18,gangavaram,19.8,low,55.9,2,DEMO_DATA,True
2024-06-19,gangavaram,20.3,low,56.2,2,DEMO_DATA,True
2024-06-20,gangavaram,22.2,low,57.7,2,DEMO_DATA,True
2024-06-21,gangavaram,24.5,medium,59.6,3,DEMO_DATA,True
2024-06-22,gangavaram,24.2,medium,59.4,3,DEMO_DATA,True
2024-06-23,gangavaram,13.8,low,51.0,1,DEMO_DATA,True
2024-06-24,gangavaram,17.7,low,54.2,2,DEMO_DATA,True
2024-06-25,gangavaram,19.0,low,55.2,2,DEMO_DATA,True
2024-06-26,gangavaram,23.0,low,58.4,2,DEMO_DATA,True
2024-06-27,gangavaram,21.4,low,57.1,2,DEMO_DATA,True
2024-06-28,gangavaram,20.4,low,56.3,2,DEMO_DATA,True
2024-06-29,gangavaram,25.4,medium,60.3,3,DEMO_DATA,True
2024-06-30,gangavaram,30.9,medium,64.7,3,DEMO_DATA,True
2024-07-01,gangavaram,38.9,medium,71.1,4,DEMO_DATA,True
2024-07-02,gangavaram,38.8,medium,71.0,4,DEMO_DATA,True
2024-07-03,gangavaram,29.6,medium,63.7,3,DEMO_DATA,True
2024-07-04,gangavaram,41.8,medium,73.5,5,DEMO_DATA,True
2024-07-05,gangavaram,33.2,medium,66.6,4,DEMO_DATA,True
2024-07-06,gangavaram,21.6,low,57.3,2,DEMO_DATA,True
2024-07-07,gangavaram,23.6,low,58.8,2,DEMO_DATA,True
2024-07-08,gangavaram,24.9,medium,59.9,3,DEMO_DATA,True
2024-07-09,gangavaram,27.7,medium,62.2,3,DEMO_DATA,True
2024-07-10,gangavaram,25.3,medium,60.3,3,DEMO_DATA,True
2024-07-11,gangavaram,27.3,medium,61.9,3,DEMO_DATA,True
2024-07-12,gangavaram,32.5,medium,66.0,4,DEMO_DATA,True
2024-07-13,gangavaram,36.7,medium,69.3,4,DEMO_DATA,True
2024-07-14,gangavaram,25.0,medium,60.0,3,DEMO_DATA,True
2024-07-15,gangavaram,32.5,medium,66.0,4,DEMO_DATA,True
2024-07-16,gangavaram,35.0,medium,68.0,4,DEMO_DATA,True
2024-07-17,gangavaram,39.6,medium,71.7,4,DEMO_DATA,True
2024-07-18,gangavaram,35.9,medium,68.7,4,DEMO_DATA,True
2024-07-19,gangavaram,31.4,medium,65.1,3,DEMO_DATA,True
2024-07-20,gangavaram,35.4,medium,68.3,4,DEMO_DATA,True
2024-07-21,gangavaram,23.4,low,58.7,2,DEMO_DATA,True
2024-07-22,gangavaram,34.6,medium,67.7,4,DEMO_DATA,True
2024-07-23,gangavaram,29.1,medium,63.3,3,DEMO_DATA,True
2024-07-24,gangavaram,32.6,medium,66.1,4,DEMO_DATA,True
2024-07-25,gangavaram,29.4,medium,63.5,3,DEMO_DATA,True
2024-07-26,gangavaram,29.5,medium,63.6,3,DEMO_DATA,True
2024-07-27,gangavaram,29.2,medium,63.4,3,DEMO_DATA,True
2024-07-28,gangavaram,33.7,medium,67.0,4,DEMO_DATA,True
2024-07-29,gangavaram,33.9,medium,67.1,4,DEMO_DATA,True
2024-07-30,gangavaram,31.5,medium,65.2,3,DEMO_DATA,True
2024-07-31,gangavaram,29.4,medium,63.5,3,DEMO_DATA,True
2024-08-01,gangavaram,30.4,medium,64.4,3,DEMO_DATA,True
2024-08-02,gangavaram,29.4,medium,63.5,3,DEMO_DATA,True
2024-08-03,gangavaram,31.1,medium,64.9,3,DEMO_DATA,True
2024-08-04,gangavaram,31.6,medium,65.3,3,DEMO_DATA,True
2024-08-05,gangavaram,34.0,medium,67.2,4,DEMO_DATA,True
2024-08-06,gangavaram,37.7,medium,70.1,4,DEMO_DATA,True
2024-08-07,gangavaram,41.2,medium,72.9,5,DEMO_DATA,True
2024-08-08,gangavaram,38.1,medium,70.4,4,DEMO_DATA,True
2024-08-09,gangavaram,39.4,medium,71.5,4,DEMO_DATA,True
2024-08-10,gangavaram,35.1,medium,68.1,4,DEMO_DATA,True
2024-08-11,gangavaram,39.2,medium,71.3,4,DEMO_DATA,True
2024-08-12,gangavaram,33.5,medium,66.8,4,DEMO_DATA,True
2024-08-13,gangavaram,40.9,medium,72.8,5,DEMO_DATA,True
2024-08-14,gangavaram,37.1,medium,69.7,4,DEMO_DATA,True
2024-08-15,gangavaram,37.4,medium,69.9,4,DEMO_DATA,True
2024-08-16,gangavaram,36.3,medium,69.0,4,DEMO_DATA,True
2024-08-17,gangavaram,40.1,medium,72.0,5,DEMO_DATA,True
2024-08-18,gangavaram,39.5,medium,71.6,4,DEMO_DATA,True
2024-08-19,gangavaram,43.1,medium,74.5,5,DEMO_DATA,True
2024-08-20,gangavaram,46.4,medium,77.1,5,DEMO_DATA,True
2024-08-21,gangavaram,37.0,medium,69.6,4,DEMO_DATA,True
2024-08-22,gangavaram,35.4,medium,68.3,4,DEMO_DATA,True
2024-08-23,gangavaram,48.3,high,78.6,6,DEMO_DATA,True
2024-08-24,gangavaram,49.6,high,79.6,6,DEMO_DATA,True
2024-08-25,gangavaram,57.7,high,86.2,7,DEMO_DATA,True
2024-08-26,gangavaram,42.9,medium,74.3,5,DEMO_DATA,True
2024-08-27,gangavaram,35.1,medium,68.1,4,DEMO_DATA,True
2024-08-28,gangavaram,39.0,medium,71.2,4,DEMO_DATA,True
2024-08-29,gangavaram,39.7,medium,71.8,4,DEMO_DATA,True
2024-08-30,gangavaram,40.1,medium,72.1,5,DEMO_DATA,True
2024-08-31,gangavaram,55.5,high,84.4,6,DEMO_DATA,True
2024-09-01,gangavaram,53.3,high,82.6,6,DEMO_DATA,True
2024-09-02,gangavaram,54.3,high,83.5,6,DEMO_DATA,True
2024-09-03,gangavaram,48.1,high,78.5,6,DEMO_DATA,True
2024-09-04,gangavaram,48.1,high,78.5,6,DEMO_DATA,True
2024-09-05,gangavaram,39.1,medium,71.3,4,DEMO_DATA,True
2024-09-06,gangavaram,30.6,medium,64.5,3,DEMO_DATA,True
2024-09-07,gangavaram,34.4,medium,67.5,4,DEMO_DATA,True
2024-09-08,gangavaram,32.2,medium,65.7,4,DEMO_DATA,True
2024-09-09,gangavaram,27.6,medium,62.1,3,DEMO_DATA,True
2024-09-10,gangavaram,32.1,medium,65.7,4,DEMO_DATA,True
2024-09-11,gangavaram,25.1,medium,60.1,3,DEMO_DATA,True
2024-09-12,gangavaram,29.2,medium,63.4,3,DEMO_DATA,True
2024-09-13,gangavaram,35.7,medium,68.6,4,DEMO_DATA,True
2024-09-14,gangavaram,31.2,medium,65.0,3,DEMO_DATA,True
2024-09-15,gangavaram,33.3,medium,66.6,4,DEMO_DATA,True
2024-09-16,gangavaram,25.3,medium,60.3,3,DEMO_DATA,True
2024-09-17,gangavaram,24.6,medium,59.7,3,DEMO_DATA,True
2024-09-18,gangavaram,30.9,medium,64.7,3,DEMO_DATA,True
2024-09-19,gangavaram,21.2,low,56.9,2,DEMO_DATA,True
2024-09-20,gangavaram,16.9,low,53.5,2,DEMO_DATA,True
2024-09-21,gangavaram,17.8,low,54.3,2,DEMO_DATA,True
2024-09-22,gangavaram,15.9,low,52.7,1,DEMO_DATA,True
2024-09-23,gangavaram,20.3,low,56.3,2,DEMO_DATA,True
2024-09-24,gangavaram,21.4,low,57.2,2,DEMO_DATA,True
2024-09-25,gangavaram,20.8,low,56.6,2,DEMO_DATA,True
2024-09-26,gangavaram,18.8,low,55.0,2,DEMO_DATA,True
2024-09-27,gangavaram,24.8,medium,59.8,3,DEMO_DATA,True
2024-09-28,gangavaram,21.6,low,57.3,2,DEMO_DATA,True
2024-09-29,gangavaram,22.2,low,57.7,2,DEMO_DATA,True
2024-09-30,gangavaram,27.9,medium,62.3,3,DEMO_DATA,True
2024-10-01,gangavaram,21.8,low,57.4,2,DEMO_DATA,True
2024-10-02,gangavaram,26.2,medium,61.0,3,DEMO_DATA,True
2024-10-03,gangavaram,24.2,medium,59.3,3,DEMO_DATA,True
2024-10-04,gangavaram,25.9,medium,60.7,3,DEMO_DATA,True
2024-10-05,gangavaram,31.8,medium,65.5,3,DEMO_DATA,True
2024-10-06,gangavaram,23.7,low,59.0,2,DEMO_DATA,True
2024-10-07,gangavaram,26.6,medium,61.3,3,DEMO_DATA,True
2024-10-08,gangavaram,32.6,medium,66.1,4,DEMO_DATA,True
2024-10-09,gangavaram,30.5,medium,64.4,3,DEMO_DATA,True
2024-10-10,gangavaram,24.8,medium,59.8,3,DEMO_DATA,True
2024-10-11,gangavaram,21.4,low,57.1,2,DEMO_DATA,True
2024-10-12,gangavaram,18.0,low,54.4,2,DEMO_DATA,True
2024-10-13,gangavaram,18.3,low,54.6,2,DEMO_DATA,True
2024-10-14,gangavaram,19.4,low,55.5,2,DEMO_DATA,True
2024-10-15,gangavaram,19.7,low,55.8,2,DEMO_DATA,True
2024-10-16,gangavaram,6.8,low,45.5,0,DEMO_DATA,True
2024-10-17,gangavaram,10.8,low,48.6,1,DEMO_DATA,True
2024-10-18,gangavaram,13.6,low,50.9,1,DEMO_DATA,True
2024-10-19,gangavaram,15.7,low,52.6,1,DEMO_DATA,True
2024-10-20,gangavaram,16.7,low,53.4,2,DEMO_DATA,True
2024-10-21,gangavaram,16.1,low,52.9,2,DEMO_DATA,True
2024-10-22,gangavaram,15.6,low,52.5,1,DEMO_DATA,True
2024-10-23,gangavaram,14.0,low,51.2,1,DEMO_DATA,True
2024-10-24,gangavaram,15.7,low,52.6,1,DEMO_DATA,True
2024-10-25,gangavaram,18.4,low,54.7,2,DEMO_DATA,True
2024-10-26,gangavaram,17.7,low,54.2,2,DEMO_DATA,True
2024-10-27,gangavaram,20.1,low,56.1,2,DEMO_DATA,True
2024-10-28,gangavaram,18.4,low,54.7,2,DEMO_DATA,True
2024-10-29,gangavaram,18.1,low,54.5,2,DEMO_DATA,True
2024-10-30,gangavaram,17.1,low,53.6,2,DEMO_DATA,True
2024-10-31,gangavaram,12.3,low,49.8,1,DEMO_DATA,True
2024-11-01,gangavaram,11.5,low,49.2,1,DEMO_DATA,True
2024-11-02,gangavaram,10.5,low,48.4,1,DEMO_DATA,True
2024-11-03,gangavaram,12.5,low,50.0,1,DEMO_DATA,True
2024-11-04,gangavaram,15.0,low,52.0,1,DEMO_DATA,True
2024-11-05,gangavaram,17.2,low,53.8,2,DEMO_DATA,True
2024-11-06,gangavaram,16.4,low,53.1,2,DEMO_DATA,True
2024-11-07,gangavaram,20.9,low,56.7,2,DEMO_DATA,True
2024-11-08,gangavaram,22.8,low,58.2,2,DEMO_DATA,True
2024-11-09,gangavaram,22.2,low,57.8,2,DEMO_DATA,True
2024-11-10,gangavaram,16.4,low,53.1,2,DEMO_DATA,True
2024-11-11,gangavaram,17.1,low,53.7,2,DEMO_DATA,True
2024-11-12,gangavaram,15.5,low,52.4,1,DEMO_DATA,True
2024-11-13,gangavaram,9.4,low,47.5,1,DEMO_DATA,True
2024-11-14,gangavaram,8.4,low,46.7,1,DEMO_DATA,True
2024-11-15,gangavaram,8.1,low,46.4,1,DEMO_DATA,True
2024-11-16,gangavaram,6.3,low,45.0,0,DEMO_DATA,True
2024-11-17,gangavaram,7.1,low,45.7,0,DEMO_DATA,True
2024-11-18,gangavaram,5.9,low,44.7,0,DEMO_DATA,True
2024-11-19,gangavaram,5.8,low,44.6,0,DEMO_DATA,True
2024-11-20,gangavaram,6.3,low,45.1,0,DEMO_DATA,True
2024-11-21,gangavaram,6.9,low,45.5,0,DEMO_DATA,True
2024-11-22,gangavaram,5.4,low,44.3,0,DEMO_DATA,True
2024-11-23,gangavaram,5.4,low,44.3,0,DEMO_DATA,True
2024-11-24,gangavaram,5.6,low,44.5,0,DEMO_DATA,True
2024-11-25,gangavaram,5.4,low,44.3,0,DEMO_DATA,True
2024-11-26,gangavaram,5.4,low,44.3,0,DEMO_DATA,True
2024-11-27,gangavaram,5.4,low,44.3,0,DEMO_DATA,True
2024-11-28,gangavaram,6.2,low,45.0,0,DEMO_DATA,True
2024-11-29,gangavaram,7.8,low,46.3,0,DEMO_DATA,True
2024-11-30,gangavaram,7.8,low,46.2,0,DEMO_DATA,True
2024-12-01,gangavaram,7.3,low,45.8,0,DEMO_DATA,True
2024-12-02,gangavaram,8.4,low,46.7,1,DEMO_DATA,True
2024-12-03,gangavaram,8.1,low,46.5,1,DEMO_DATA,True
2024-12-04,gangavaram,8.2,low,46.5,1,DEMO_DATA,True
2024-12-05,gangavaram,8.7,low,46.9,1,DEMO_DATA,True
2024-12-06,gangavaram,10.2,low,48.2,1,DEMO_DATA,True
2024-12-07,gangavaram,10.0,low,48.0,1,DEMO_DATA,True
2024-12-08,gangavaram,11.8,low,49.4,1,DEMO_DATA,True
2024-12-09,gangavaram,15.4,low,52.3,1,DEMO_DATA,True
2024-12-10,gangavaram,15.0,low,52.0,1,DEMO_DATA,True
2024-12-11,gangavaram,18.2,low,54.6,2,DEMO_DATA,True
2024-12-12,gangavaram,13.2,low,50.5,1,DEMO_DATA,True
2024-12-13,gangavaram,10.9,low,48.8,1,DEMO_DATA,True
2024-12-14,gangavaram,9.0,low,47.2,1,DEMO_DATA,True
2024-12-15,gangavaram,9.2,low,47.4,1,DEMO_DATA,True
2024-12-16,gangavaram,8.5,low,46.8,1,DEMO_DATA,True
2024-12-17,gangavaram,10.0,low,48.0,1,DEMO_DATA,True
2024-12-18,gangavaram,9.8,low,47.9,1,DEMO_DATA,True
2024-12-19,gangavaram,8.8,low,47.1,1,DEMO_DATA,True
2024-12-20,gangavaram,7.3,low,45.8,0,DEMO_DATA,True
2024-12-21,gangavaram,7.6,low,46.1,0,DEMO_DATA,True
2024-12-22,gangavaram,7.0,low,45.6,0,DEMO_DATA,True
2024-12-23,gangavaram,7.9,low,46.3,0,DEMO_DATA,True
2024-12-24,gangavaram,6.6,low,45.2,0,DEMO_DATA,True
2024-12-25,gangavaram,5.5,low,44.4,0,DEMO_DATA,True
2024-12-26,gangavaram,6.9,low,45.5,0,DEMO_DATA,True
2024-12-27,gangavaram,10.5,low,48.4,1,DEMO_DATA,True
2024-12-28,gangavaram,13.5,low,50.8,1,DEMO_DATA,True
2024-12-29,gangavaram,15.6,low,52.5,1,DEMO_DATA,True
2024-12-30,gangavaram,17.0,low,53.6,2,DEMO_DATA,True
2024-12-31,gangavaram,17.0,low,53.6,2,DEMO_DATA,True
2025-01-01,gangavaram,14.0,low,51.2,1,DEMO_DATA,True
2025-01-02,gangavaram,15.3,low,52.3,1,DEMO_DATA,True
2025-01-03,gangavaram,15.9,low,52.7,1,DEMO_DATA,True
2025-01-04,gangavaram,19.3,low,55.5,2,DEMO_DATA,True
2025-01-05,gangavaram,22.1,low,57.7,2,DEMO_DATA,True
2025-01-06,gangavaram,17.7,low,54.2,2,DEMO_DATA,True
2025-01-07,gangavaram,19.4,low,55.5,2,DEMO_DATA,True
2025-01-08,gangavaram,16.9,low,53.5,2,DEMO_DATA,True
2025-01-09,gangavaram,15.8,low,52.7,1,DEMO_DATA,True
2025-01-10,gangavaram,14.3,low,51.5,1,DEMO_DATA,True
2025-01-11,gangavaram,12.7,low,50.2,1,DEMO_DATA,True
2025-01-12,gangavaram,10.1,low,48.1,1,DEMO_DATA,True
2025-01-13,gangavaram,9.0,low,47.2,1,DEMO_DATA,True
2025-01-14,gangavaram,10.1,low,48.0,1,DEMO_DATA,True
2025-01-15,gangavaram,11.1,low,48.8,1,DEMO_DATA,True
2025-01-16,gangavaram,11.4,low,49.1,1,DEMO_DATA,True
2025-01-17,gangavaram,14.8,low,51.9,1,DEMO_DATA,True
2025-01-18,gangavaram,17.2,low,53.7,2,DEMO_DATA,True
2025-01-19,gangavaram,14.6,low,51.6,1,DEMO_DATA,True
2025-01-20,gangavaram,16.9,low,53.5,2,DEMO_DATA,True
2025-01-21,gangavaram,17.0,low,53.6,2,DEMO_DATA,True
2025-01-22,gangavaram,21.6,low,57.3,2,DEMO_DATA,True
2025-01-23,gangavaram,23.4,low,58.7,2,DEMO_DATA,True
2025-01-24,gangavaram,25.7,medium,60.5,3,DEMO_DATA,True
2025-01-25,gangavaram,25.1,medium,60.1,3,DEMO_DATA,True
2025-01-26,gangavaram,25.9,medium,60.7,3,DEMO_DATA,True
2025-01-27,gangavaram,26.9,medium,61.5,3,DEMO_DATA,True
2025-01-28,gangavaram,28.3,medium,62.7,3,DEMO_DATA,True
2025-01-29,gangavaram,28.2,medium,62.6,3,DEMO_DATA,True
2025-01-30,gangavaram,22.1,low,57.6,2,DEMO_DATA,True
2025-01-31,gangavaram,24.0,low,59.2,2,DEMO_DATA,True
2025-02-01,gangavaram,20.5,low,56.4,2,DEMO_DATA,True
2025-02-02,gangavaram,14.9,low,51.9,1,DEMO_DATA,True
2025-02-03,gangavaram,14.7,low,51.8,1,DEMO_DATA,True
2025-02-04,gangavaram,15.9,low,52.7,1,DEMO_DATA,True
2025-02-05,gangavaram,19.6,low,55.6,2,DEMO_DATA,True
2025-02-06,gangavaram,22.0,low,57.6,2,DEMO_DATA,True
2025-02-07,gangavaram,20.2,low,56.2,2,DEMO_DATA,True
2025-02-08,gangavaram,17.5,low,54.0,2,DEMO_DATA,True
2025-02-09,gangavaram,18.0,low,54.4,2,DEMO_DATA,True
2025-02-10,gangavaram,19.4,low,55.5,2,DEMO_DATA,True
2025-02-11,gangavaram,17.6,low,54.1,2,DEMO_DATA,True
2025-02-12,gangavaram,20.9,low,56.7,2,DEMO_DATA,True
2025-02-13,gangavaram,21.9,low,57.5,2,DEMO_DATA,True
2025-02-14,gangavaram,22.4,low,57.9,2,DEMO_DATA,True
2025-02-15,gangavaram,26.1,medium,60.9,3,DEMO_DATA,True
2025-02-16,gangavaram,24.4,medium,59.5,3,DEMO_DATA,True
2025-02-17,gangavaram,20.4,low,56.3,2,DEMO_DATA,True
2025-02-18,gangavaram,16.6,low,53.2,2,DEMO_DATA,True
2025-02-19,gangavaram,17.0,low,53.6,2,DEMO_DATA,True
2025-02-20,gangavaram,15.5,low,52.4,1,DEMO_DATA,True
2025-02-21,gangavaram,17.6,low,54.1,2,DEMO_DATA,True
2025-02-22,gangavaram,16.4,low,53.2,2,DEMO_DATA,True
2025-02-23,gangavaram,19.8,low,55.8,2,DEMO_DATA,True
2025-02-24,gangavaram,19.2,low,55.4,2,DEMO_DATA,True
2025-02-25,gangavaram,17.5,low,54.0,2,DEMO_DATA,True
2025-02-26,gangavaram,18.9,low,55.1,2,DEMO_DATA,True
2025-02-27,gangavaram,19.2,low,55.3,2,DEMO_DATA,True
2025-02-28,gangavaram,19.0,low,55.2,2,DEMO_DATA,True
2025-03-01,gangavaram,19.1,low,55.3,2,DEMO_DATA,True
2025-03-02,gangavaram,21.4,low,57.1,2,DEMO_DATA,True
2025-03-03,gangavaram,25.6,medium,60.5,3,DEMO_DATA,True
2025-03-04,gangavaram,28.1,medium,62.5,3,DEMO_DATA,True
2025-03-05,gangavaram,24.9,medium,59.9,3,DEMO_DATA,True
2025-03-06,gangavaram,18.8,low,55.0,2,DEMO_DATA,True
2025-03-07,gangavaram,20.2,low,56.2,2,DEMO_DATA,True
2025-03-08,gangavaram,21.5,low,57.2,2,DEMO_DATA,True
2025-03-09,gangavaram,21.1,low,56.9,2,DEMO_DATA,True
2025-03-10,gangavaram,23.5,low,58.8,2,DEMO_DATA,True
2025-03-11,gangavaram,19.3,low,55.4,2,DEMO_DATA,True
2025-03-12,gangavaram,21.7,low,57.4,2,DEMO_DATA,True
2025-03-13,gangavaram,14.2,low,51.4,1,DEMO_DATA,True
2025-03-14,gangavaram,16.5,low,53.2,2,DEMO_DATA,True
2025-03-15,gangavaram,15.7,low,52.5,1,DEMO_DATA,True
2025-03-16,gangavaram,16.9,low,53.5,2,DEMO_DATA,True
2025-03-17,gangavaram,17.2,low,53.8,2,DEMO_DATA,True
2025-03-18,gangavaram,16.8,low,53.4,2,DEMO_DATA,True
2025-03-19,gangavaram,19.0,low,55.2,2,DEMO_DATA,True
2025-03-20,gangavaram,22.1,low,57.7,2,DEMO_DATA,True
2025-03-21,gangavaram,28.5,medium,62.8,3,DEMO_DATA,True
2025-03-22,gangavaram,29.5,medium,63.6,3,DEMO_DATA,True
2025-03-23,gangavaram,34.2,medium,67.3,4,DEMO_DATA,True
2025-03-24,gangavaram,29.7,medium,63.8,3,DEMO_DATA,True
2025-03-25,gangavaram,21.9,low,57.6,2,DEMO_DATA,True
2025-03-26,gangavaram,22.2,low,57.8,2,DEMO_DATA,True
2025-03-27,gangavaram,18.6,low,54.8,2,DEMO_DATA,True
2025-03-28,gangavaram,20.0,low,56.0,2,DEMO_DATA,True
2025-03-29,gangavaram,22.5,low,58.0,2,DEMO_DATA,True
2025-03-30,gangavaram,16.9,low,53.6,2,DEMO_DATA,True
2025-03-31,gangavaram,15.9,low,52.7,1,DEMO_DATA,True
2025-04-01,gangavaram,20.0,low,56.0,2,DEMO_DATA,True
2025-04-02,gangavaram,18.9,low,55.1,2,DEMO_DATA,True
2025-04-03,gangavaram,18.9,low,55.1,2,DEMO_DATA,True
2025-04-04,gangavaram,14.9,low,51.9,1,DEMO_DATA,True
2025-04-05,gangavaram,14.3,low,51.4,1,DEMO_DATA,True
2025-04-06,gangavaram,13.6,low,50.9,1,DEMO_DATA,True
2025-04-07,gangavaram,13.6,low,50.9,1,DEMO_DATA,True
2025-04-08,gangavaram,15.0,low,52.0,1,DEMO_DATA,True
2025-04-09,gangavaram,15.9,low,52.7,1,DEMO_DATA,True
2025-04-10,gangavaram,17.0,low,53.6,2,DEMO_DATA,True
2025-04-11,gangavaram,13.8,low,51.0,1,DEMO_DATA,True
2025-04-12,gangavaram,14.0,low,51.2,1,DEMO_DATA,True
2025-04-13,gangavaram,12.3,low,49.9,1,DEMO_DATA,True
2025-04-14,gangavaram,13.8,low,51.1,1,DEMO_DATA,True
2025-04-15,gangavaram,12.2,low,49.7,1,DEMO_DATA,True
2025-04-16,gangavaram,13.4,low,50.8,1,DEMO_DATA,True
2025-04-17,gangavaram,8.7,low,46.9,1,DEMO_DATA,True
2025-04-18,gangavaram,9.0,low,47.2,1,DEMO_DATA,True
2025-04-19,gangavaram,10.0,low,48.0,1,DEMO_DATA,True
2025-04-20,gangavaram,10.3,low,48.2,1,DEMO_DATA,True
2025-04-21,gangavaram,11.6,low,49.3,1,DEMO_DATA,True
2025-04-22,gangavaram,11.3,low,49.1,1,DEMO_DATA,True
2025-04-23,gangavaram,13.2,low,50.5,1,DEMO_DATA,True
2025-04-24,gangavaram,12.2,low,49.8,1,DEMO_DATA,True
2025-04-25,gangavaram,15.9,low,52.8,1,DEMO_DATA,True
2025-04-26,gangavaram,15.3,low,52.2,1,DEMO_DATA,True
2025-04-27,gangavaram,10.4,low,48.3,1,DEMO_DATA,True
2025-04-28,gangavaram,9.1,low,47.3,1,DEMO_DATA,True
2025-04-29,gangavaram,10.1,low,48.1,1,DEMO_DATA,True
2025-04-30,gangavaram,14.8,low,51.8,1,DEMO_DATA,True
2025-05-01,gangavaram,11.0,low,48.8,1,DEMO_DATA,True
2025-05-02,gangavaram,13.4,low,50.7,1,DEMO_DATA,True
2025-05-03,gangavaram,9.5,low,47.6,1,DEMO_DATA,True
2025-05-04,gangavaram,10.9,low,48.7,1,DEMO_DATA,True
2025-05-05,gangavaram,11.7,low,49.4,1,DEMO_DATA,True
2025-05-06,gangavaram,10.6,low,48.5,1,DEMO_DATA,True
2025-05-07,gangavaram,11.7,low,49.3,1,DEMO_DATA,True
2025-05-08,gangavaram,10.5,low,48.4,1,DEMO_DATA,True
2025-05-09,gangavaram,7.1,low,45.7,0,DEMO_DATA,True
2025-05-10,gangavaram,9.3,low,47.4,1,DEMO_DATA,True
2025-05-11,gangavaram,8.4,low,46.7,1,DEMO_DATA,True
2025-05-12,gangavaram,9.2,low,47.3,1,DEMO_DATA,True
2025-05-13,gangavaram,9.3,low,47.4,1,DEMO_DATA,True
2025-05-14,gangavaram,9.2,low,47.3,1,DEMO_DATA,True
2025-05-15,gangavaram,13.4,low,50.7,1,DEMO_DATA,True
2025-05-16,gangavaram,10.6,low,48.5,1,DEMO_DATA,True
2025-05-17,gangavaram,9.5,low,47.6,1,DEMO_DATA,True
2025-05-18,gangavaram,9.6,low,47.7,1,DEMO_DATA,True
2025-05-19,gangavaram,9.7,low,47.7,1,DEMO_DATA,True
2025-05-20,gangavaram,10.7,low,48.5,1,DEMO_DATA,True
2025-05-21,gangavaram,11.6,low,49.3,1,DEMO_DATA,True
2025-05-22,gangavaram,12.4,low,49.9,1,DEMO_DATA,True
2025-05-23,gangavaram,13.7,low,51.0,1,DEMO_DATA,True
2025-05-24,gangavaram,12.2,low,49.8,1,DEMO_DATA,True
2025-05-25,gangavaram,13.1,low,50.5,1,DEMO_DATA,True
2025-05-26,gangavaram,12.4,low,49.9,1,DEMO_DATA,True
2025-05-27,gangavaram,12.6,low,50.1,1,DEMO_DATA,True
2025-05-28,gangavaram,10.8,low,48.6,1,DEMO_DATA,True
2025-05-29,gangavaram,9.0,low,47.2,1,DEMO_DATA,True
2025-05-30,gangavaram,9.3,low,47.4,1,DEMO_DATA,True
2025-05-31,gangavaram,8.3,low,46.6,1,DEMO_DATA,True
2025-06-01,gangavaram,9.8,low,47.9,1,DEMO_DATA,True
2025-06-02,gangavaram,11.9,low,49.6,1,DEMO_DATA,True
2025-06-03,gangavaram,11.7,low,49.4,1,DEMO_DATA,True
2025-06-04,gangavaram,10.1,low,48.1,1,DEMO_DATA,True
2025-06-05,gangavaram,9.7,low,47.8,1,DEMO_DATA,True
2025-06-06,gangavaram,8.5,low,46.8,1,DEMO_DATA,True
2025-06-07,gangavaram,7.4,low,46.0,0,DEMO_DATA,True
2025-06-08,gangavaram,6.0,low,44.8,0,DEMO_DATA,True
2025-06-09,gangavaram,6.5,low,45.2,0,DEMO_DATA,True
2025-06-10,gangavaram,7.0,low,45.6,0,DEMO_DATA,True
2025-06-11,gangavaram,5.9,low,44.7,0,DEMO_DATA,True
2025-06-12,gangavaram,6.6,low,45.3,0,DEMO_DATA,True
2025-06-13,gangavaram,8.4,low,46.7,1,DEMO_DATA,True
2025-06-14,gangavaram,8.6,low,46.9,1,DEMO_DATA,True
2025-06-15,gangavaram,10.2,low,48.1,1,DEMO_DATA,True
2025-06-16,gangavaram,11.9,low,49.5,1,DEMO_DATA,True
2025-06-17,gangavaram,12.5,low,50.0,1,DEMO_DATA,True
2025-06-18,gangavaram,10.6,low,48.5,1,DEMO_DATA,True
2025-06-19,gangavaram,10.7,low,48.6,1,DEMO_DATA,True
2025-06-20,gangavaram,12.4,low,49.9,1,DEMO_DATA,True
2025-06-21,gangavaram,12.4,low,49.9,1,DEMO_DATA,True
2025-06-22,gangavaram,15.0,low,52.0,1,DEMO_DATA,True
2025-06-23,gangavaram,11.7,low,49.3,1,DEMO_DATA,True
2025-06-24,gangavaram,14.7,low,51.8,1,DEMO_DATA,True
2025-06-25,gangavaram,14.8,low,51.9,1,DEMO_DATA,True
2025-06-26,gangavaram,14.7,low,51.8,1,DEMO_DATA,True
2025-06-27,gangavaram,15.5,low,52.4,1,DEMO_DATA,True
2025-06-28,gangavaram,18.9,low,55.1,2,DEMO_DATA,True
2025-06-29,gangavaram,17.1,low,53.7,2,DEMO_DATA,True
2025-06-30,gangavaram,16.5,low,53.2,2,DEMO_DATA,True
2025-07-01,gangavaram,20.0,low,56.0,2,DEMO_DATA,True
2025-07-02,gangavaram,18.2,low,54.6,2,DEMO_DATA,True
2025-07-03,gangavaram,22.2,low,57.8,2,DEMO_DATA,True
2025-07-04,gangavaram,10.3,low,48.3,1,DEMO_DATA,True
2025-07-05,gangavaram,10.5,low,48.4,1,DEMO_DATA,True
2025-07-06,gangavaram,10.7,low,48.6,1,DEMO_DATA,True
2025-07-07,gangavaram,10.4,low,48.3,1,DEMO_DATA,True
2025-07-08,gangavaram,9.9,low,47.9,1,DEMO_DATA,True
2025-07-09,gangavaram,11.7,low,49.3,1,DEMO_DATA,True
2025-07-10,gangavaram,10.1,low,48.1,1,DEMO_DATA,True
2025-07-11,gangavaram,12.8,low,50.2,1,DEMO_DATA,True
2025-07-12,gangavaram,16.1,low,52.9,2,DEMO_DATA,True
2025-07-13,gangavaram,11.4,low,49.1,1,DEMO_DATA,True
2025-07-14,gangavaram,11.8,low,49.4,1,DEMO_DATA,True
2025-07-15,gangavaram,10.6,low,48.5,1,DEMO_DATA,True
2025-07-16,gangavaram,14.2,low,51.3,1,DEMO_DATA,True
2025-07-17,gangavaram,11.5,low,49.2,1,DEMO_DATA,True
2025-07-18,gangavaram,10.1,low,48.1,1,DEMO_DATA,True
2025-07-19,gangavaram,8.7,low,47.0,1,DEMO_DATA,True
2025-07-20,gangavaram,9.6,low,47.7,1,DEMO_DATA,True
2025-07-21,gangavaram,10.1,low,48.1,1,DEMO_DATA,True
2025-07-22,gangavaram,11.5,low,49.2,1,DEMO_DATA,True
2025-07-23,gangavaram,11.3,low,49.0,1,DEMO_DATA,True
2025-07-24,gangavaram,12.5,low,50.0,1,DEMO_DATA,True
2025-07-25,gangavaram,16.5,low,53.2,2,DEMO_DATA,True
2025-07-26,gangavaram,14.3,low,51.4,1,DEMO_DATA,True
2025-07-27,gangavaram,14.8,low,51.8,1,DEMO_DATA,True
2025-07-28,gangavaram,12.5,low,50.0,1,DEMO_DATA,True
2025-07-29,gangavaram,13.5,low,50.8,1,DEMO_DATA,True
2025-07-30,gangavaram,17.5,low,54.0,2,DEMO_DATA,True
2025-07-31,gangavaram,14.8,low,51.8,1,DEMO_DATA,True
2025-08-01,gangavaram,17.0,low,53.6,2,DEMO_DATA,True
2025-08-02,gangavaram,17.9,low,54.3,2,DEMO_DATA,True
2025-08-03,gangavaram,15.5,low,52.4,1,DEMO_DATA,True
2025-08-04,gangavaram,12.3,low,49.8,1,DEMO_DATA,True
2025-08-05,gangavaram,8.3,low,46.7,1,DEMO_DATA,True
2025-08-06,gangavaram,7.1,low,45.7,0,DEMO_DATA,True
2025-08-07,gangavaram,8.0,low,46.4,1,DEMO_DATA,True
2025-08-08,gangavaram,10.1,low,48.1,1,DEMO_DATA,True
2025-08-09,gangavaram,10.9,low,48.7,1,DEMO_DATA,True
2025-08-10,gangavaram,11.8,low,49.5,1,DEMO_DATA,True
2025-08-11,gangavaram,11.2,low,48.9,1,DEMO_DATA,True
2025-08-12,gangavaram,11.4,low,49.1,1,DEMO_DATA,True
2025-08-13,gangavaram,11.5,low,49.2,1,DEMO_DATA,True
2025-08-14,gangavaram,8.1,low,46.5,1,DEMO_DATA,True
2025-08-15,gangavaram,9.2,low,47.4,1,DEMO_DATA,True
2025-08-16,gangavaram,8.5,low,46.8,1,DEMO_DATA,True
2025-08-17,gangavaram,9.0,low,47.2,1,DEMO_DATA,True
2025-08-18,gangavaram,8.8,low,47.0,1,DEMO_DATA,True
2025-08-19,gangavaram,9.0,low,47.2,1,DEMO_DATA,True
2025-08-20,gangavaram,9.7,low,47.7,1,DEMO_DATA,True
2025-08-21,gangavaram,8.2,low,46.6,1,DEMO_DATA,True
2025-08-22,gangavaram,7.2,low,45.8,0,DEMO_DATA,True
2025-08-23,gangavaram,8.0,low,46.4,1,DEMO_DATA,True
2025-08-24,gangavaram,7.0,low,45.6,0,DEMO_DATA,True
2025-08-25,gangavaram,7.2,low,45.8,0,DEMO_DATA,True
2025-08-26,gangavaram,9.6,low,47.7,1,DEMO_DATA,True
2025-08-27,gangavaram,10.8,low,48.6,1,DEMO_DATA,True
2025-08-28,gangavaram,11.2,low,48.9,1,DEMO_DATA,True
2025-08-29,gangavaram,9.8,low,47.9,1,DEMO_DATA,True
2025-08-30,gangavaram,10.9,low,48.7,1,DEMO_DATA,True
2025-08-31,gangavaram,9.1,low,47.3,1,DEMO_DATA,True
2025-09-01,gangavaram,10.3,low,48.2,1,DEMO_DATA,True
2025-09-02,gangavaram,12.6,low,50.0,1,DEMO_DATA,True
2025-09-03,gangavaram,14.7,low,51.7,1,DEMO_DATA,True
2025-09-04,gangavaram,14.9,low,51.9,1,DEMO_DATA,True
2025-09-05,gangavaram,15.7,low,52.5,1,DEMO_DATA,True
2025-09-06,gangavaram,16.6,low,53.2,2,DEMO_DATA,True
2025-09-07,gangavaram,13.7,low,51.0,1,DEMO_DATA,True
2025-09-08,gangavaram,15.2,low,52.2,1,DEMO_DATA,True
2025-09-09,gangavaram,15.4,low,52.3,1,DEMO_DATA,True
2025-09-10,gangavaram,16.5,low,53.2,2,DEMO_DATA,True
2025-09-11,gangavaram,16.1,low,52.9,2,DEMO_DATA,True
2025-09-12,gangavaram,20.4,low,56.3,2,DEMO_DATA,True
2025-09-13,gangavaram,16.2,low,52.9,2,DEMO_DATA,True
2025-09-14,gangavaram,17.2,low,53.8,2,DEMO_DATA,True
2025-09-15,gangavaram,13.1,low,50.5,1,DEMO_DATA,True
2025-09-16,gangavaram,14.8,low,51.8,1,DEMO_DATA,True
2025-09-17,gangavaram,14.3,low,51.5,1,DEMO_DATA,True
2025-09-18,gangavaram,16.2,low,52.9,2,DEMO_DATA,True
2025-09-19,gangavaram,20.0,low,56.0,2,DEMO_DATA,True
2025-09-20,gangavaram,23.4,low,58.7,2,DEMO_DATA,True
2025-09-21,gangavaram,22.5,low,58.0,2,DEMO_DATA,True
2025-09-22,gangavaram,26.1,medium,60.9,3,DEMO_DATA,True
2025-09-23,gangavaram,31.5,medium,65.2,3,DEMO_DATA,True
2025-09-24,gangavaram,27.0,medium,61.6,3,DEMO_DATA,True
2025-09-25,gangavaram,22.6,low,58.1,2,DEMO_DATA,True
2025-09-26,gangavaram,20.8,low,56.7,2,DEMO_DATA,True
2025-09-27,gangavaram,24.6,medium,59.7,3,DEMO_DATA,True
2025-09-28,gangavaram,24.8,medium,59.9,3,DEMO_DATA,True
2025-09-29,gangavaram,20.7,low,56.6,2,DEMO_DATA,True
2025-09-30,gangavaram,14.0,low,51.2,1,DEMO_DATA,True
2025-10-01,gangavaram,10.2,low,48.2,1,DEMO_DATA,True
2025-10-02,gangavaram,12.0,low,49.6,1,DEMO_DATA,True
2025-10-03,gangavaram,12.4,low,49.9,1,DEMO_DATA,True
2025-10-04,gangavaram,13.2,low,50.6,1,DEMO_DATA,True
2025-10-05,gangavaram,10.2,low,48.1,1,DEMO_DATA,True
2025-10-06,gangavaram,13.2,low,50.6,1,DEMO_DATA,True
2025-10-07,gangavaram,12.6,low,50.1,1,DEMO_DATA,True
2025-10-08,gangavaram,13.0,low,50.4,1,DEMO_DATA,True
2025-10-09,gangavaram,16.2,low,53.0,2,DEMO_DATA,True
2025-10-10,gangavaram,12.2,low,49.7,1,DEMO_DATA,True
2025-10-11,gangavaram,15.5,low,52.4,1,DEMO_DATA,True
2025-10-12,gangavaram,17.3,low,53.9,2,DEMO_DATA,True
2025-10-13,gangavaram,17.3,low,53.8,2,DEMO_DATA,True
2025-10-14,gangavaram,20.6,low,56.5,2,DEMO_DATA,True
2025-10-15,gangavaram,22.4,low,57.9,2,DEMO_DATA,True
2025-10-16,gangavaram,17.8,low,54.2,2,DEMO_DATA,True
2025-10-17,gangavaram,13.3,low,50.7,1,DEMO_DATA,True
2025-10-18,gangavaram,11.5,low,49.2,1,DEMO_DATA,True
2025-10-19,gangavaram,12.7,low,50.2,1,DEMO_DATA,True
2025-10-20,gangavaram,12.4,low,49.9,1,DEMO_DATA,True
2025-10-21,gangavaram,10.2,low,48.2,1,DEMO_DATA,True
2025-10-22,gangavaram,9.6,low,47.7,1,DEMO_DATA,True
2025-10-23,gangavaram,10.0,low,48.0,1,DEMO_DATA,True
2025-10-24,gangavaram,9.1,low,47.3,1,DEMO_DATA,True
2025-10-25,gangavaram,9.9,low,47.9,1,DEMO_DATA,True
2025-10-26,gangavaram,12.4,low,49.9,1,DEMO_DATA,True
2025-10-27,gangavaram,11.0,low,48.8,1,DEMO_DATA,True
2025-10-28,gangavaram,12.5,low,50.0,1,DEMO_DATA,True
2025-10-29,gangavaram,14.0,low,51.2,1,DEMO_DATA,True
2025-10-30,gangavaram,14.1,low,51.3,1,DEMO_DATA,True
2025-10-31,gangavaram,15.5,low,52.4,1,DEMO_DATA,True
2025-11-01,gangavaram,16.7,low,53.3,2,DEMO_DATA,True
2025-11-02,gangavaram,14.4,low,51.5,1,DEMO_DATA,True
2025-11-03,gangavaram,11.0,low,48.8,1,DEMO_DATA,True
2025-11-04,gangavaram,12.0,low,49.6,1,DEMO_DATA,True
2025-11-05,gangavaram,11.0,low,48.8,1,DEMO_DATA,True
2025-11-06,gangavaram,8.0,low,46.4,1,DEMO_DATA,True
2025-11-07,gangavaram,8.5,low,46.8,1,DEMO_DATA,True
2025-11-08,gangavaram,10.3,low,48.2,1,DEMO_DATA,True
2025-11-09,gangavaram,8.5,low,46.8,1,DEMO_DATA,True
2025-11-10,gangavaram,7.3,low,45.8,0,DEMO_DATA,True
2025-11-11,gangavaram,8.3,low,46.7,1,DEMO_DATA,True
2025-11-12,gangavaram,8.6,low,46.9,1,DEMO_DATA,True
2025-11-13,gangavaram,9.7,low,47.7,1,DEMO_DATA,True
2025-11-14,gangavaram,11.1,low,48.8,1,DEMO_DATA,True
2025-11-15,gangavaram,12.2,low,49.8,1,DEMO_DATA,True
2025-11-16,gangavaram,15.2,low,52.1,1,DEMO_DATA,True
2025-11-17,gangavaram,12.6,low,50.1,1,DEMO_DATA,True
2025-11-18,gangavaram,17.3,low,53.8,2,DEMO_DATA,True
2025-11-19,gangavaram,18.9,low,55.1,2,DEMO_DATA,True
2025-11-20,gangavaram,21.9,low,57.5,2,DEMO_DATA,True
2025-11-21,gangavaram,20.0,low,56.0,2,DEMO_DATA,True
2025-11-22,gangavaram,14.9,low,51.9,1,DEMO_DATA,True
2025-11-23,gangavaram,11.0,low,48.8,1,DEMO_DATA,True
2025-11-24,gangavaram,11.5,low,49.2,1,DEMO_DATA,True
2025-11-25,gangavaram,12.0,low,49.6,1,DEMO_DATA,True
2025-11-26,gangavaram,13.5,low,50.8,1,DEMO_DATA,True
2025-11-27,gangavaram,19.0,low,55.2,2,DEMO_DATA,True
2025-11-28,gangavaram,23.8,low,59.0,2,DEMO_DATA,True
2025-11-29,gangavaram,25.1,medium,60.1,3,DEMO_DATA,True
2025-11-30,gangavaram,25.4,medium,60.3,3,DEMO_DATA,True
2025-12-01,gangavaram,26.0,medium,60.8,3,DEMO_DATA,True
2025-12-02,gangavaram,24.3,medium,59.4,3,DEMO_DATA,True
2025-12-03,gangavaram,22.4,low,57.9,2,DEMO_DATA,True
2025-12-04,gangavaram,23.6,low,58.9,2,DEMO_DATA,True
2025-12-05,gangavaram,22.3,low,57.9,2,DEMO_DATA,True
2025-12-06,gangavaram,15.3,low,52.3,1,DEMO_DATA,True
2025-12-07,gangavaram,16.7,low,53.4,2,DEMO_DATA,True
2025-12-08,gangavaram,19.4,low,55.5,2,DEMO_DATA,True
2025-12-09,gangavaram,23.7,low,59.0,2,DEMO_DATA,True
2025-12-10,gangavaram,23.3,low,58.6,2,DEMO_DATA,True
2025-12-11,gangavaram,23.5,low,58.8,2,DEMO_DATA,True
2025-12-12,gangavaram,21.8,low,57.5,2,DEMO_DATA,True
2025-12-13,gangavaram,18.7,low,55.0,2,DEMO_DATA,True
2025-12-14,gangavaram,17.6,low,54.1,2,DEMO_DATA,True
2025-12-15,gangavaram,19.1,low,55.2,2,DEMO_DATA,True
2025-12-16,gangavaram,17.5,low,54.0,2,DEMO_DATA,True
2025-12-17,gangavaram,16.0,low,52.8,2,DEMO_DATA,True
2025-12-18,gangavaram,18.6,low,54.9,2,DEMO_DATA,True
2025-12-19,gangavaram,17.2,low,53.8,2,DEMO_DATA,True
2025-12-20,gangavaram,17.3,low,53.9,2,DEMO_DATA,True
2025-12-21,gangavaram,17.7,low,54.2,2,DEMO_DATA,True
2025-12-22,gangavaram,18.4,low,54.7,2,DEMO_DATA,True
2025-12-23,gangavaram,15.8,low,52.6,1,DEMO_DATA,True
2025-12-24,gangavaram,15.2,low,52.1,1,DEMO_DATA,True
2025-12-25,gangavaram,17.5,low,54.0,2,DEMO_DATA,True
2025-12-26,gangavaram,16.0,low,52.8,1,DEMO_DATA,True
2025-12-27,gangavaram,15.6,low,52.5,1,DEMO_DATA,True
2025-12-28,gangavaram,13.9,low,51.1,1,DEMO_DATA,True
2025-12-29,gangavaram,12.2,low,49.7,1,DEMO_DATA,True
2025-12-30,gangavaram,7.9,low,46.3,0,DEMO_DATA,True
2025-12-31,gangavaram,8.0,low,46.4,0,DEMO_DATA,True
2026-01-01,gangavaram,8.6,low,46.9,1,DEMO_DATA,True
2026-01-02,gangavaram,7.5,low,46.0,0,DEMO_DATA,True
2026-01-03,gangavaram,9.3,low,47.4,1,DEMO_DATA,True
2026-01-04,gangavaram,12.4,low,49.9,1,DEMO_DATA,True
2026-01-05,gangavaram,13.6,low,50.9,1,DEMO_DATA,True
2026-01-06,gangavaram,17.0,low,53.6,2,DEMO_DATA,True
2026-01-07,gangavaram,19.2,low,55.3,2,DEMO_DATA,True
2026-01-08,gangavaram,19.6,low,55.7,2,DEMO_DATA,True
2026-01-09,gangavaram,18.1,low,54.5,2,DEMO_DATA,True
2026-01-10,gangavaram,17.1,low,53.7,2,DEMO_DATA,True
2026-01-11,gangavaram,17.7,low,54.2,2,DEMO_DATA,True
2026-01-12,gangavaram,17.0,low,53.6,2,DEMO_DATA,True
2026-01-13,gangavaram,12.1,low,49.7,1,DEMO_DATA,True
2026-01-14,gangavaram,10.1,low,48.1,1,DEMO_DATA,True
2026-01-15,gangavaram,5.4,low,44.3,0,DEMO_DATA,True
2026-01-16,gangavaram,6.7,low,45.4,0,DEMO_DATA,True
2026-01-17,gangavaram,7.6,low,46.1,0,DEMO_DATA,True
2026-01-18,gangavaram,7.7,low,46.2,0,DEMO_DATA,True
2026-01-19,gangavaram,9.6,low,47.7,1,DEMO_DATA,True
2026-01-20,gangavaram,13.0,low,50.4,1,DEMO_DATA,True
2026-01-21,gangavaram,12.3,low,49.8,1,DEMO_DATA,True
2026-01-22,gangavaram,13.9,low,51.2,1,DEMO_DATA,True
2026-01-23,gangavaram,11.3,low,49.0,1,DEMO_DATA,True
2026-01-24,gangavaram,15.0,low,52.0,1,DEMO_DATA,True
2026-01-25,gangavaram,15.4,low,52.3,1,DEMO_DATA,True
2026-01-26,gangavaram,13.9,low,51.1,1,DEMO_DATA,True
2026-01-27,gangavaram,11.5,low,49.2,1,DEMO_DATA,True
2026-01-28,gangavaram,10.6,low,48.4,1,DEMO_DATA,True
2026-01-29,gangavaram,10.7,low,48.6,1,DEMO_DATA,True
2026-01-30,gangavaram,12.5,low,50.0,1,DEMO_DATA,True
2026-01-31,gangavaram,12.8,low,50.3,1,DEMO_DATA,True
2026-02-01,gangavaram,12.2,low,49.7,1,DEMO_DATA,True
2026-02-02,gangavaram,9.2,low,47.3,1,DEMO_DATA,True
2026-02-03,gangavaram,8.1,low,46.5,1,DEMO_DATA,True
2026-02-04,gangavaram,9.3,low,47.4,1,DEMO_DATA,True
2026-02-05,gangavaram,8.1,low,46.5,1,DEMO_DATA,True
2026-02-06,gangavaram,8.9,low,47.1,1,DEMO_DATA,True
2026-02-07,gangavaram,10.5,low,48.4,1,DEMO_DATA,True
2026-02-08,gangavaram,7.6,low,46.1,0,DEMO_DATA,True
2026-02-09,gangavaram,6.6,low,45.3,0,DEMO_DATA,True
2026-02-10,gangavaram,6.0,low,44.8,0,DEMO_DATA,True
2026-02-11,gangavaram,5.8,low,44.7,0,DEMO_DATA,True
2026-02-12,gangavaram,6.3,low,45.0,0,DEMO_DATA,True
2026-02-13,gangavaram,7.4,low,45.9,0,DEMO_DATA,True
2026-02-14,gangavaram,8.0,low,46.4,1,DEMO_DATA,True
2026-02-15,gangavaram,9.3,low,47.4,1,DEMO_DATA,True
2026-02-16,gangavaram,11.6,low,49.3,1,DEMO_DATA,True
2026-02-17,gangavaram,16.0,low,52.8,2,DEMO_DATA,True
2026-02-18,gangavaram,16.0,low,52.8,2,DEMO_DATA,True
2026-02-19,gangavaram,18.8,low,55.0,2,DEMO_DATA,True
2026-02-20,gangavaram,15.7,low,52.6,1,DEMO_DATA,True
2026-02-21,gangavaram,15.1,low,52.1,1,DEMO_DATA,True
2026-02-22,gangavaram,15.5,low,52.4,1,DEMO_DATA,True
2026-02-23,gangavaram,16.1,low,52.9,2,DEMO_DATA,True
2026-02-24,gangavaram,15.5,low,52.4,1,DEMO_DATA,True
2026-02-25,gangavaram,16.5,low,53.2,2,DEMO_DATA,True
2026-02-26,gangavaram,15.4,low,52.3,1,DEMO_DATA,True
2026-02-27,gangavaram,21.9,low,57.5,2,DEMO_DATA,True
2026-02-28,gangavaram,20.4,low,56.3,2,DEMO_DATA,True
2026-03-01,gangavaram,20.9,low,56.7,2,DEMO_DATA,True
2026-03-02,gangavaram,20.6,low,56.5,2,DEMO_DATA,True
2026-03-03,gangavaram,27.2,medium,61.8,3,DEMO_DATA,True
2026-03-04,gangavaram,28.7,medium,62.9,3,DEMO_DATA,True
2026-03-05,gangavaram,25.9,medium,60.7,3,DEMO_DATA,True
2026-03-06,gangavaram,23.5,low,58.8,2,DEMO_DATA,True
2026-03-07,gangavaram,27.0,medium,61.6,3,DEMO_DATA,True
2026-03-08,gangavaram,19.6,low,55.7,2,DEMO_DATA,True
2026-03-09,gangavaram,20.5,low,56.4,2,DEMO_DATA,True
2026-03-10,gangavaram,29.0,medium,63.2,3,DEMO_DATA,True
2026-03-11,gangavaram,24.3,medium,59.4,3,DEMO_DATA,True
2026-03-12,gangavaram,22.6,low,58.1,2,DEMO_DATA,True
2026-03-13,gangavaram,23.9,low,59.1,2,DEMO_DATA,True
2026-03-14,gangavaram,23.3,low,58.6,2,DEMO_DATA,True
2026-03-15,gangavaram,21.4,low,57.1,2,DEMO_DATA,True
2026-03-16,gangavaram,20.8,low,56.6,2,DEMO_DATA,True
2026-03-17,gangavaram,20.5,low,56.4,2,DEMO_DATA,True
2026-03-18,gangavaram,18.7,low,55.0,2,DEMO_DATA,True
2026-03-19,gangavaram,20.8,low,56.7,2,DEMO_DATA,True
2026-03-20,gangavaram,15.2,low,52.2,1,DEMO_DATA,True
2026-03-21,gangavaram,19.3,low,55.5,2,DEMO_DATA,True
2026-03-22,gangavaram,19.6,low,55.7,2,DEMO_DATA,True
2026-03-23,gangavaram,19.8,low,55.8,2,DEMO_DATA,True
2026-03-24,gangavaram,19.9,low,55.9,2,DEMO_DATA,True
2026-03-25,gangavaram,20.4,low,56.3,2,DEMO_DATA,True
2026-03-26,gangavaram,16.8,low,53.4,2,DEMO_DATA,True
2026-03-27,gangavaram,15.6,low,52.5,1,DEMO_DATA,True
2026-03-28,gangavaram,14.6,low,51.7,1,DEMO_DATA,True
2026-03-29,gangavaram,10.7,low,48.6,1,DEMO_DATA,True
2026-03-30,gangavaram,14.7,low,51.8,1,DEMO_DATA,True
2026-03-31,gangavaram,15.7,low,52.6,1,DEMO_DATA,True
2026-04-01,gangavaram,15.6,low,52.5,1,DEMO_DATA,True
2026-04-02,gangavaram,15.0,low,52.0,1,DEMO_DATA,True
2026-04-03,gangavaram,16.8,low,53.5,2,DEMO_DATA,True
2026-04-04,gangavaram,17.3,low,53.9,2,DEMO_DATA,True
2026-04-05,gangavaram,19.0,low,55.2,2,DEMO_DATA,True
2026-04-06,gangavaram,19.0,low,55.2,2,DEMO_DATA,True
2026-04-07,gangavaram,20.2,low,56.1,2,DEMO_DATA,True
2026-04-08,gangavaram,21.7,low,57.4,2,DEMO_DATA,True
2026-04-09,gangavaram,17.7,low,54.1,2,DEMO_DATA,True
2026-04-10,gangavaram,17.7,low,54.2,2,DEMO_DATA,True
2026-04-11,gangavaram,13.8,low,51.1,1,DEMO_DATA,True
2026-04-12,gangavaram,14.2,low,51.4,1,DEMO_DATA,True
2026-04-13,gangavaram,12.7,low,50.2,1,DEMO_DATA,True
2026-04-14,gangavaram,13.3,low,50.6,1,DEMO_DATA,True
2026-04-15,gangavaram,12.9,low,50.3,1,DEMO_DATA,True
2026-04-16,gangavaram,13.0,low,50.4,1,DEMO_DATA,True
2026-04-17,gangavaram,13.0,low,50.4,1,DEMO_DATA,True
2026-04-18,gangavaram,16.7,low,53.4,2,DEMO_DATA,True
2026-04-19,gangavaram,16.0,low,52.8,1,DEMO_DATA,True
2026-04-20,gangavaram,17.6,low,54.1,2,DEMO_DATA,True
2026-04-21,gangavaram,21.8,low,57.4,2,DEMO_DATA,True
2026-04-22,gangavaram,20.5,low,56.4,2,DEMO_DATA,True
2026-04-23,gangavaram,23.9,low,59.1,2,DEMO_DATA,True
2026-04-24,gangavaram,21.6,low,57.2,2,DEMO_DATA,True
2026-04-25,gangavaram,14.1,low,51.3,1,DEMO_DATA,True
2026-04-26,gangavaram,15.4,low,52.3,1,DEMO_DATA,True
2026-04-27,gangavaram,16.3,low,53.0,2,DEMO_DATA,True
2026-04-28,gangavaram,13.3,low,50.6,1,DEMO_DATA,True
2026-04-29,gangavaram,14.8,low,51.8,1,DEMO_DATA,True
2026-04-30,gangavaram,14.8,low,51.9,1,DEMO_DATA,True
2026-05-01,gangavaram,17.5,low,54.0,2,DEMO_DATA,True
2026-05-02,gangavaram,19.5,low,55.6,2,DEMO_DATA,True
2026-05-03,gangavaram,17.4,low,53.9,2,DEMO_DATA,True
2026-05-04,gangavaram,13.5,low,50.8,1,DEMO_DATA,True
2026-05-05,gangavaram,20.7,low,56.6,2,DEMO_DATA,True
2026-05-06,gangavaram,23.6,low,58.9,2,DEMO_DATA,True
2026-05-07,gangavaram,23.0,low,58.4,2,DEMO_DATA,True
2026-05-08,gangavaram,22.9,low,58.3,2,DEMO_DATA,True
2026-05-09,gangavaram,27.3,medium,61.8,3,DEMO_DATA,True
2026-05-10,gangavaram,21.3,low,57.1,2,DEMO_DATA,True
2026-05-11,gangavaram,24.8,medium,59.8,3,DEMO_DATA,True
2026-05-12,gangavaram,12.4,low,49.9,1,DEMO_DATA,True
2026-05-13,gangavaram,13.1,low,50.5,1,DEMO_DATA,True
2026-05-14,gangavaram,13.5,low,50.8,1,DEMO_DATA,True
2026-05-15,gangavaram,15.8,low,52.7,1,DEMO_DATA,True
2026-05-16,gangavaram,15.3,low,52.2,1,DEMO_DATA,True
2026-05-17,gangavaram,14.7,low,51.8,1,DEMO_DATA,True
2026-05-18,gangavaram,15.2,low,52.2,1,DEMO_DATA,True
2026-05-19,gangavaram,12.9,low,50.3,1,DEMO_DATA,True
2026-05-20,gangavaram,17.4,low,53.9,2,DEMO_DATA,True
2026-05-21,gangavaram,18.0,low,54.4,2,DEMO_DATA,True
2026-05-22,gangavaram,20.5,low,56.4,2,DEMO_DATA,True
2026-05-23,gangavaram,22.2,low,57.8,2,DEMO_DATA,True
2026-05-24,gangavaram,18.5,low,54.8,2,DEMO_DATA,True
2026-05-25,gangavaram,23.4,low,58.7,2,DEMO_DATA,True
2026-05-26,gangavaram,21.0,low,56.8,2,DEMO_DATA,True
2026-05-27,gangavaram,24.5,medium,59.6,3,DEMO_DATA,True
2026-05-28,gangavaram,27.0,medium,61.6,3,DEMO_DATA,True
2026-05-29,gangavaram,23.7,low,58.9,2,DEMO_DATA,True
2026-05-30,gangavaram,23.1,low,58.5,2,DEMO_DATA,True
2026-05-31,gangavaram,20.8,low,56.7,2,DEMO_DATA,True
2026-06-01,gangavaram,16.7,low,53.3,2,DEMO_DATA,True
2026-06-02,gangavaram,17.8,low,54.2,2,DEMO_DATA,True
2026-06-03,gangavaram,20.5,low,56.4,2,DEMO_DATA,True
2026-06-04,gangavaram,22.2,low,57.7,2,DEMO_DATA,True
2026-06-05,gangavaram,15.7,low,52.6,1,DEMO_DATA,True
2026-06-06,gangavaram,18.0,low,54.4,2,DEMO_DATA,True
2026-06-07,gangavaram,20.1,low,56.1,2,DEMO_DATA,True
2026-06-08,gangavaram,19.1,low,55.3,2,DEMO_DATA,True
2026-06-09,gangavaram,16.7,low,53.4,2,DEMO_DATA,True
2026-06-10,gangavaram,9.1,low,47.3,1,DEMO_DATA,True
2026-06-11,gangavaram,9.2,low,47.4,1,DEMO_DATA,True
2026-06-12,gangavaram,10.3,low,48.2,1,DEMO_DATA,True
2026-06-13,gangavaram,9.0,low,47.2,1,DEMO_DATA,True
2026-06-14,gangavaram,11.7,low,49.4,1,DEMO_DATA,True
2026-06-15,gangavaram,13.6,low,50.9,1,DEMO_DATA,True
2026-06-16,gangavaram,12.8,low,50.2,1,DEMO_DATA,True
2026-06-17,gangavaram,15.2,low,52.1,1,DEMO_DATA,True
2026-06-18,gangavaram,18.4,low,54.7,2,DEMO_DATA,True
2026-06-19,gangavaram,18.5,low,54.8,2,DEMO_DATA,True
2026-06-20,gangavaram,17.9,low,54.3,2,DEMO_DATA,True
2026-06-21,gangavaram,13.9,low,51.2,1,DEMO_DATA,True
2026-06-22,gangavaram,10.5,low,48.4,1,DEMO_DATA,True
2026-06-23,gangavaram,12.4,low,49.9,1,DEMO_DATA,True
2026-06-24,gangavaram,8.8,low,47.0,1,DEMO_DATA,True
2026-06-25,gangavaram,8.6,low,46.8,1,DEMO_DATA,True
2026-06-26,gangavaram,8.0,low,46.4,1,DEMO_DATA,True
2026-06-27,gangavaram,7.7,low,46.2,0,DEMO_DATA,True
2026-06-28,gangavaram,7.8,low,46.2,0,DEMO_DATA,True
2026-06-29,gangavaram,8.0,low,46.4,0,DEMO_DATA,True
2026-06-30,gangavaram,8.0,low,46.4,1,DEMO_DATA,True
2026-07-01,gangavaram,10.2,low,48.1,1,DEMO_DATA,True
2026-07-02,gangavaram,8.9,low,47.1,1,DEMO_DATA,True
2026-07-03,gangavaram,13.2,low,50.5,1,DEMO_DATA,True
2026-07-04,gangavaram,13.1,low,50.4,1,DEMO_DATA,True
2026-07-05,gangavaram,11.9,low,49.6,1,DEMO_DATA,True
2026-07-06,gangavaram,12.2,low,49.8,1,DEMO_DATA,True
2026-07-07,gangavaram,12.6,low,50.1,1,DEMO_DATA,True
2026-07-08,gangavaram,15.6,low,52.5,1,DEMO_DATA,True
2026-07-09,gangavaram,14.4,low,51.5,1,DEMO_DATA,True
2026-07-10,gangavaram,16.8,low,53.4,2,DEMO_DATA,True
2026-07-11,gangavaram,17.9,low,54.3,2,DEMO_DATA,True
2026-07-12,gangavaram,18.8,low,55.0,2,DEMO_DATA,True
2026-07-13,gangavaram,17.5,low,54.0,2,DEMO_DATA,True
2026-07-14,gangavaram,16.2,low,52.9,2,DEMO_DATA,True
2026-07-15,gangavaram,14.7,low,51.7,1,DEMO_DATA,True
2026-07-16,gangavaram,17.2,low,53.8,2,DEMO_DATA,True
2026-07-17,gangavaram,14.4,low,51.5,1,DEMO_DATA,True
2026-07-18,gangavaram,15.9,low,52.7,1,DEMO_DATA,True
2026-07-19,gangavaram,13.0,low,50.4,1,DEMO_DATA,True
2026-07-20,gangavaram,22.2,low,57.7,2,DEMO_DATA,True
2026-07-21,gangavaram,18.5,low,54.8,2,DEMO_DATA,True
2026-07-22,gangavaram,18.8,low,55.0,2,DEMO_DATA,True
2026-07-23,gangavaram,23.2,low,58.6,2,DEMO_DATA,True
2026-07-24,gangavaram,18.5,low,54.8,2,DEMO_DATA,True
2026-07-25,gangavaram,18.4,low,54.7,2,DEMO_DATA,True
2026-07-26,gangavaram,15.7,low,52.6,1,DEMO_DATA,True
2026-07-27,gangavaram,15.5,low,52.4,1,DEMO_DATA,True
2026-07-28,gangavaram,18.3,low,54.6,2,DEMO_DATA,True
2026-07-29,gangavaram,17.4,low,53.9,2,DEMO_DATA,True
2026-07-30,gangavaram,15.6,low,52.5,1,DEMO_DATA,True
2026-07-31,gangavaram,14.0,low,51.2,1,DEMO_DATA,True
2026-08-01,gangavaram,17.1,low,53.6,2,DEMO_DATA,True
2026-08-02,gangavaram,17.1,low,53.7,2,DEMO_DATA,True
2026-08-03,gangavaram,18.0,low,54.4,2,DEMO_DATA,True
2026-08-04,gangavaram,18.2,low,54.5,2,DEMO_DATA,True
2026-08-05,gangavaram,16.6,low,53.3,2,DEMO_DATA,True
2026-08-06,gangavaram,16.3,low,53.0,2,DEMO_DATA,True
2026-08-07,gangavaram,14.8,low,51.8,1,DEMO_DATA,True
2026-08-08,gangavaram,15.0,low,52.0,1,DEMO_DATA,True
2026-08-09,gangavaram,18.6,low,54.9,2,DEMO_DATA,True
2026-08-10,gangavaram,18.1,low,54.5,2,DEMO_DATA,True
2026-08-11,gangavaram,15.4,low,52.3,1,DEMO_DATA,True
2026-08-12,gangavaram,16.7,low,53.4,2,DEMO_DATA,True
2026-08-13,gangavaram,21.5,low,57.2,2,DEMO_DATA,True
2026-08-14,gangavaram,18.7,low,54.9,2,DEMO_DATA,True
2026-08-15,gangavaram,19.0,low,55.2,2,DEMO_DATA,True
2026-08-16,gangavaram,23.6,low,58.9,2,DEMO_DATA,True
2026-08-17,gangavaram,17.5,low,54.0,2,DEMO_DATA,True
2026-08-18,gangavaram,15.3,low,52.2,1,DEMO_DATA,True
2026-08-19,gangavaram,11.2,low,49.0,1,DEMO_DATA,True
2026-08-20,gangavaram,12.7,low,50.1,1,DEMO_DATA,True
2026-08-21,gangavaram,13.2,low,50.5,1,DEMO_DATA,True
2026-08-22,gangavaram,12.1,low,49.7,1,DEMO_DATA,True
2026-08-23,gangavaram,14.4,low,51.5,1,DEMO_DATA,True
2026-08-24,gangavaram,9.0,low,47.2,1,DEMO_DATA,True
2026-08-25,gangavaram,9.6,low,47.7,1,DEMO_DATA,True
2026-08-26,gangavaram,12.9,low,50.3,1,DEMO_DATA,True
2026-08-27,gangavaram,15.7,low,52.6,1,DEMO_DATA,True
2026-08-28,gangavaram,15.0,low,52.0,1,DEMO_DATA,True
2026-08-29,gangavaram,16.2,low,52.9,2,DEMO_DATA,True
2026-08-30,gangavaram,20.3,low,56.2,2,DEMO_DATA,True
2026-08-31,gangavaram,18.8,low,55.1,2,DEMO_DATA,True
2026-09-01,gangavaram,21.2,low,57.0,2,DEMO_DATA,True
2026-09-02,gangavaram,21.9,low,57.5,2,DEMO_DATA,True
2026-09-03,gangavaram,20.3,low,56.3,2,DEMO_DATA,True
2026-09-04,gangavaram,25.2,medium,60.1,3,DEMO_DATA,True
2026-09-05,gangavaram,21.2,low,57.0,2,DEMO_DATA,True
2026-09-06,gangavaram,17.2,low,53.8,2,DEMO_DATA,True
2026-09-07,gangavaram,17.3,low,53.9,2,DEMO_DATA,True
2026-09-08,gangavaram,19.2,low,55.4,2,DEMO_DATA,True
2026-09-09,gangavaram,21.6,low,57.3,2,DEMO_DATA,True
2026-09-10,gangavaram,24.1,medium,59.3,3,DEMO_DATA,True
2026-09-11,gangavaram,28.6,medium,62.9,3,DEMO_DATA,True
2026-09-12,gangavaram,30.3,medium,64.3,3,DEMO_DATA,True
2026-09-13,gangavaram,25.5,medium,60.4,3,DEMO_DATA,True
2026-09-14,gangavaram,28.8,medium,63.0,3,DEMO_DATA,True
2020-01-01,gopalpur,15.6,low,52.5,1,DEMO_DATA,True
2020-01-02,gopalpur,15.9,low,52.7,1,DEMO_DATA,True
2020-01-03,gopalpur,14.5,low,51.6,1,DEMO_DATA,True
2020-01-04,gopalpur,13.6,low,50.9,1,DEMO_DATA,True
2020-01-05,gopalpur,14.0,low,51.2,1,DEMO_DATA,True
2020-01-06,gopalpur,14.4,low,51.6,1,DEMO_DATA,True
2020-01-07,gopalpur,12.8,low,50.3,1,DEMO_DATA,True
2020-01-08,gopalpur,8.5,low,46.8,1,DEMO_DATA,True
2020-01-09,gopalpur,7.9,low,46.3,0,DEMO_DATA,True
2020-01-10,gopalpur,8.5,low,46.8,1,DEMO_DATA,True
2020-01-11,gopalpur,9.8,low,47.8,1,DEMO_DATA,True
2020-01-12,gopalpur,10.6,low,48.5,1,DEMO_DATA,True
2020-01-13,gopalpur,8.5,low,46.8,1,DEMO_DATA,True
2020-01-14,gopalpur,10.3,low,48.2,1,DEMO_DATA,True
2020-01-15,gopalpur,13.2,low,50.5,1,DEMO_DATA,True
2020-01-16,gopalpur,14.9,low,51.9,1,DEMO_DATA,True
2020-01-17,gopalpur,13.4,low,50.7,1,DEMO_DATA,True
2020-01-18,gopalpur,10.9,low,48.7,1,DEMO_DATA,True
2020-01-19,gopalpur,8.4,low,46.7,1,DEMO_DATA,True
2020-01-20,gopalpur,8.1,low,46.5,1,DEMO_DATA,True
2020-01-21,gopalpur,6.6,low,45.3,0,DEMO_DATA,True
2020-01-22,gopalpur,7.4,low,45.9,0,DEMO_DATA,True
2020-01-23,gopalpur,9.4,low,47.5,1,DEMO_DATA,True
2020-01-24,gopalpur,10.3,low,48.2,1,DEMO_DATA,True
2020-01-25,gopalpur,10.4,low,48.3,1,DEMO_DATA,True
2020-01-26,gopalpur,12.1,low,49.7,1,DEMO_DATA,True
2020-01-27,gopalpur,13.9,low,51.1,1,DEMO_DATA,True
2020-01-28,gopalpur,16.4,low,53.2,2,DEMO_DATA,True
2020-01-29,gopalpur,16.9,low,53.5,2,DEMO_DATA,True
2020-01-30,gopalpur,16.4,low,53.1,2,DEMO_DATA,True
2020-01-31,gopalpur,12.6,low,50.1,1,DEMO_DATA,True
2020-02-01,gopalpur,11.7,low,49.4,1,DEMO_DATA,True
2020-02-02,gopalpur,13.1,low,50.5,1,DEMO_DATA,True
2020-02-03,gopalpur,13.2,low,50.6,1,DEMO_DATA,True
2020-02-04,gopalpur,11.0,low,48.8,1,DEMO_DATA,True
2020-02-05,gopalpur,10.8,low,48.6,1,DEMO_DATA,True
2020-02-06,gopalpur,9.5,low,47.6,1,DEMO_DATA,True
2020-02-07,gopalpur,10.5,low,48.4,1,DEMO_DATA,True
2020-02-08,gopalpur,13.7,low,51.0,1,DEMO_DATA,True
2020-02-09,gopalpur,13.3,low,50.6,1,DEMO_DATA,True
2020-02-10,gopalpur,15.0,low,52.0,1,DEMO_DATA,True
2020-02-11,gopalpur,15.4,low,52.3,1,DEMO_DATA,True
2020-02-12,gopalpur,15.5,low,52.4,1,DEMO_DATA,True
2020-02-13,gopalpur,15.5,low,52.4,1,DEMO_DATA,True
2020-02-14,gopalpur,15.4,low,52.3,1,DEMO_DATA,True
2020-02-15,gopalpur,15.4,low,52.4,1,DEMO_DATA,True
2020-02-16,gopalpur,18.1,low,54.5,2,DEMO_DATA,True
2020-02-17,gopalpur,16.3,low,53.0,2,DEMO_DATA,True
2020-02-18,gopalpur,16.0,low,52.8,1,DEMO_DATA,True
2020-02-19,gopalpur,18.6,low,54.9,2,DEMO_DATA,True
2020-02-20,gopalpur,19.7,low,55.8,2,DEMO_DATA,True
2020-02-21,gopalpur,18.9,low,55.1,2,DEMO_DATA,True
2020-02-22,gopalpur,21.4,low,57.1,2,DEMO_DATA,True
2020-02-23,gopalpur,22.9,low,58.3,2,DEMO_DATA,True
2020-02-24,gopalpur,19.8,low,55.8,2,DEMO_DATA,True
2020-02-25,gopalpur,17.2,low,53.8,2,DEMO_DATA,True
2020-02-26,gopalpur,17.7,low,54.1,2,DEMO_DATA,True
2020-02-27,gopalpur,15.4,low,52.3,1,DEMO_DATA,True
2020-02-28,gopalpur,19.6,low,55.7,2,DEMO_DATA,True
2020-02-29,gopalpur,17.7,low,54.2,2,DEMO_DATA,True
2020-03-01,gopalpur,18.1,low,54.5,2,DEMO_DATA,True
2020-03-02,gopalpur,19.8,low,55.8,2,DEMO_DATA,True
2020-03-03,gopalpur,20.5,low,56.4,2,DEMO_DATA,True
2020-03-04,gopalpur,18.6,low,54.9,2,DEMO_DATA,True
2020-03-05,gopalpur,21.7,low,57.3,2,DEMO_DATA,True
2020-03-06,gopalpur,23.8,low,59.0,2,DEMO_DATA,True
2020-03-07,gopalpur,27.2,medium,61.7,3,DEMO_DATA,True
2020-03-08,gopalpur,25.5,medium,60.4,3,DEMO_DATA,True
2020-03-09,gopalpur,22.8,low,58.2,2,DEMO_DATA,True
2020-03-10,gopalpur,19.6,low,55.7,2,DEMO_DATA,True
2020-03-11,gopalpur,16.8,low,53.5,2,DEMO_DATA,True
2020-03-12,gopalpur,16.4,low,53.1,2,DEMO_DATA,True
2020-03-13,gopalpur,18.1,low,54.5,2,DEMO_DATA,True
2020-03-14,gopalpur,17.1,low,53.7,2,DEMO_DATA,True
2020-03-15,gopalpur,20.4,low,56.3,2,DEMO_DATA,True
2020-03-16,gopalpur,16.6,low,53.3,2,DEMO_DATA,True
2020-03-17,gopalpur,12.6,low,50.1,1,DEMO_DATA,True
2020-03-18,gopalpur,13.1,low,50.5,1,DEMO_DATA,True
2020-03-19,gopalpur,13.1,low,50.5,1,DEMO_DATA,True
2020-03-20,gopalpur,15.7,low,52.5,1,DEMO_DATA,True
2020-03-21,gopalpur,7.5,low,46.0,0,DEMO_DATA,True
2020-03-22,gopalpur,8.3,low,46.7,1,DEMO_DATA,True
2020-03-23,gopalpur,7.3,low,45.8,0,DEMO_DATA,True
2020-03-24,gopalpur,7.1,low,45.7,0,DEMO_DATA,True
2020-03-25,gopalpur,8.3,low,46.7,1,DEMO_DATA,True
2020-03-26,gopalpur,8.7,low,46.9,1,DEMO_DATA,True
2020-03-27,gopalpur,8.4,low,46.7,1,DEMO_DATA,True
2020-03-28,gopalpur,9.1,low,47.3,1,DEMO_DATA,True
2020-03-29,gopalpur,10.1,low,48.1,1,DEMO_DATA,True
2020-03-30,gopalpur,10.7,low,48.5,1,DEMO_DATA,True
2020-03-31,gopalpur,12.4,low,50.0,1,DEMO_DATA,True
2020-04-01,gopalpur,12.6,low,50.1,1,DEMO_DATA,True
2020-04-02,gopalpur,13.7,low,50.9,1,DEMO_DATA,True
2020-04-03,gopalpur,14.1,low,51.2,1,DEMO_DATA,True
2020-04-04,gopalpur,14.5,low,51.6,1,DEMO_DATA,True
2020-04-05,gopalpur,14.9,low,51.9,1,DEMO_DATA,True
2020-04-06,gopalpur,13.3,low,50.6,1,DEMO_DATA,True
2020-04-07,gopalpur,7.4,low,45.9,0,DEMO_DATA,True
2020-04-08,gopalpur,8.1,low,46.5,1,DEMO_DATA,True
2020-04-09,gopalpur,9.2,low,47.4,1,DEMO_DATA,True
2020-04-10,gopalpur,8.4,low,46.7,1,DEMO_DATA,True
2020-04-11,gopalpur,7.4,low,45.9,0,DEMO_DATA,True
2020-04-12,gopalpur,8.0,low,46.4,0,DEMO_DATA,True
2020-04-13,gopalpur,8.6,low,46.9,1,DEMO_DATA,True
2020-04-14,gopalpur,9.5,low,47.6,1,DEMO_DATA,True
2020-04-15,gopalpur,11.6,low,49.3,1,DEMO_DATA,True
2020-04-16,gopalpur,12.3,low,49.9,1,DEMO_DATA,True
2020-04-17,gopalpur,12.7,low,50.2,1,DEMO_DATA,True
2020-04-18,gopalpur,13.5,low,50.8,1,DEMO_DATA,True
2020-04-19,gopalpur,12.3,low,49.8,1,DEMO_DATA,True
2020-04-20,gopalpur,13.3,low,50.6,1,DEMO_DATA,True
2020-04-21,gopalpur,9.3,low,47.5,1,DEMO_DATA,True
2020-04-22,gopalpur,10.1,low,48.1,1,DEMO_DATA,True
2020-04-23,gopalpur,10.0,low,48.0,1,DEMO_DATA,True
2020-04-24,gopalpur,6.6,low,45.3,0,DEMO_DATA,True
2020-04-25,gopalpur,5.5,low,44.4,0,DEMO_DATA,True
2020-04-26,gopalpur,6.6,low,45.3,0,DEMO_DATA,True
2020-04-27,gopalpur,5.5,low,44.4,0,DEMO_DATA,True
2020-04-28,gopalpur,5.7,low,44.6,0,DEMO_DATA,True
2020-04-29,gopalpur,6.4,low,45.1,0,DEMO_DATA,True
2020-04-30,gopalpur,7.2,low,45.7,0,DEMO_DATA,True
2020-05-01,gopalpur,7.9,low,46.3,0,DEMO_DATA,True
2020-05-02,gopalpur,8.1,low,46.5,1,DEMO_DATA,True
2020-05-03,gopalpur,8.0,low,46.4,1,DEMO_DATA,True
2020-05-04,gopalpur,7.8,low,46.3,0,DEMO_DATA,True
2020-05-05,gopalpur,8.0,low,46.4,1,DEMO_DATA,True
2020-05-06,gopalpur,9.6,low,47.7,1,DEMO_DATA,True
2020-05-07,gopalpur,9.4,low,47.5,1,DEMO_DATA,True
2020-05-08,gopalpur,8.9,low,47.2,1,DEMO_DATA,True
2020-05-09,gopalpur,9.4,low,47.5,1,DEMO_DATA,True
2020-05-10,gopalpur,10.3,low,48.3,1,DEMO_DATA,True
2020-05-11,gopalpur,10.8,low,48.7,1,DEMO_DATA,True
2020-05-12,gopalpur,9.9,low,47.9,1,DEMO_DATA,True
2020-05-13,gopalpur,9.2,low,47.3,1,DEMO_DATA,True
2020-05-14,gopalpur,8.4,low,46.8,1,DEMO_DATA,True
2020-05-15,gopalpur,8.1,low,46.5,1,DEMO_DATA,True
2020-05-16,gopalpur,9.4,low,47.5,1,DEMO_DATA,True
2020-05-17,gopalpur,10.9,low,48.7,1,DEMO_DATA,True
2020-05-18,gopalpur,11.4,low,49.1,1,DEMO_DATA,True
2020-05-19,gopalpur,14.6,low,51.7,1,DEMO_DATA,True
2020-05-20,gopalpur,16.9,low,53.5,2,DEMO_DATA,True
2020-05-21,gopalpur,17.6,low,54.1,2,DEMO_DATA,True
2020-05-22,gopalpur,21.7,low,57.4,2,DEMO_DATA,True
2020-05-23,gopalpur,23.7,low,59.0,2,DEMO_DATA,True
2020-05-24,gopalpur,24.6,medium,59.7,3,DEMO_DATA,True
2020-05-25,gopalpur,24.8,medium,59.8,3,DEMO_DATA,True
2020-05-26,gopalpur,25.7,medium,60.6,3,DEMO_DATA,True
2020-05-27,gopalpur,26.5,medium,61.2,3,DEMO_DATA,True
2020-05-28,gopalpur,31.3,medium,65.0,3,DEMO_DATA,True
2020-05-29,gopalpur,26.8,medium,61.4,3,DEMO_DATA,True
2020-05-30,gopalpur,24.6,medium,59.7,3,DEMO_DATA,True
2020-05-31,gopalpur,23.2,low,58.6,2,DEMO_DATA,True
2020-06-01,gopalpur,24.0,low,59.2,2,DEMO_DATA,True
2020-06-02,gopalpur,23.2,low,58.6,2,DEMO_DATA,True
2020-06-03,gopalpur,15.7,low,52.6,1,DEMO_DATA,True
2020-06-04,gopalpur,20.5,low,56.4,2,DEMO_DATA,True
2020-06-05,gopalpur,19.4,low,55.5,2,DEMO_DATA,True
2020-06-06,gopalpur,20.1,low,56.1,2,DEMO_DATA,True
2020-06-07,gopalpur,19.9,low,55.9,2,DEMO_DATA,True
2020-06-08,gopalpur,21.0,low,56.8,2,DEMO_DATA,True
2020-06-09,gopalpur,25.2,medium,60.2,3,DEMO_DATA,True
2020-06-10,gopalpur,26.9,medium,61.5,3,DEMO_DATA,True
2020-06-11,gopalpur,22.2,low,57.7,2,DEMO_DATA,True
2020-06-12,gopalpur,30.7,medium,64.5,3,DEMO_DATA,True
2020-06-13,gopalpur,30.5,medium,64.4,3,DEMO_DATA,True
2020-06-14,gopalpur,23.9,low,59.2,2,DEMO_DATA,True
2020-06-15,gopalpur,21.0,low,56.8,2,DEMO_DATA,True
2020-06-16,gopalpur,25.2,medium,60.2,3,DEMO_DATA,True
2020-06-17,gopalpur,21.7,low,57.4,2,DEMO_DATA,True
2020-06-18,gopalpur,14.9,low,51.9,1,DEMO_DATA,True
2020-06-19,gopalpur,15.8,low,52.7,1,DEMO_DATA,True
2020-06-20,gopalpur,15.4,low,52.3,1,DEMO_DATA,True
2020-06-21,gopalpur,18.4,low,54.7,2,DEMO_DATA,True
2020-06-22,gopalpur,12.7,low,50.1,1,DEMO_DATA,True
2020-06-23,gopalpur,12.2,low,49.8,1,DEMO_DATA,True
2020-06-24,gopalpur,10.4,low,48.3,1,DEMO_DATA,True
2020-06-25,gopalpur,10.7,low,48.5,1,DEMO_DATA,True
2020-06-26,gopalpur,10.9,low,48.7,1,DEMO_DATA,True
2020-06-27,gopalpur,10.4,low,48.4,1,DEMO_DATA,True
2020-06-28,gopalpur,13.4,low,50.7,1,DEMO_DATA,True
2020-06-29,gopalpur,13.2,low,50.6,1,DEMO_DATA,True
2020-06-30,gopalpur,12.9,low,50.4,1,DEMO_DATA,True
2020-07-01,gopalpur,13.8,low,51.0,1,DEMO_DATA,True
2020-07-02,gopalpur,14.9,low,51.9,1,DEMO_DATA,True
2020-07-03,gopalpur,13.1,low,50.5,1,DEMO_DATA,True
2020-07-04,gopalpur,12.8,low,50.3,1,DEMO_DATA,True
2020-07-05,gopalpur,15.7,low,52.5,1,DEMO_DATA,True
2020-07-06,gopalpur,19.5,low,55.6,2,DEMO_DATA,True
2020-07-07,gopalpur,16.9,low,53.5,2,DEMO_DATA,True
2020-07-08,gopalpur,17.6,low,54.1,2,DEMO_DATA,True
2020-07-09,gopalpur,18.9,low,55.1,2,DEMO_DATA,True
2020-07-10,gopalpur,15.6,low,52.5,1,DEMO_DATA,True
2020-07-11,gopalpur,18.1,low,54.5,2,DEMO_DATA,True
2020-07-12,gopalpur,18.5,low,54.8,2,DEMO_DATA,True
2020-07-13,gopalpur,16.6,low,53.3,2,DEMO_DATA,True
2020-07-14,gopalpur,16.2,low,52.9,2,DEMO_DATA,True
2020-07-15,gopalpur,19.2,low,55.4,2,DEMO_DATA,True
2020-07-16,gopalpur,22.8,low,58.3,2,DEMO_DATA,True
2020-07-17,gopalpur,24.7,medium,59.7,3,DEMO_DATA,True
2020-07-18,gopalpur,26.7,medium,61.3,3,DEMO_DATA,True
2020-07-19,gopalpur,30.7,medium,64.6,3,DEMO_DATA,True
2020-07-20,gopalpur,27.7,medium,62.1,3,DEMO_DATA,True
2020-07-21,gopalpur,32.7,medium,66.2,4,DEMO_DATA,True
2020-07-22,gopalpur,26.6,medium,61.3,3,DEMO_DATA,True
2020-07-23,gopalpur,29.1,medium,63.2,3,DEMO_DATA,True
2020-07-24,gopalpur,25.5,medium,60.4,3,DEMO_DATA,True
2020-07-25,gopalpur,24.0,low,59.2,2,DEMO_DATA,True
2020-07-26,gopalpur,20.8,low,56.7,2,DEMO_DATA,True
2020-07-27,gopalpur,21.1,low,56.9,2,DEMO_DATA,True
2020-07-28,gopalpur,23.8,low,59.1,2,DEMO_DATA,True
2020-07-29,gopalpur,22.2,low,57.8,2,DEMO_DATA,True
2020-07-30,gopalpur,15.9,low,52.7,1,DEMO_DATA,True
2020-07-31,gopalpur,14.6,low,51.7,1,DEMO_DATA,True
2020-08-01,gopalpur,17.0,low,53.6,2,DEMO_DATA,True
2020-08-02,gopalpur,17.2,low,53.7,2,DEMO_DATA,True
2020-08-03,gopalpur,16.5,low,53.2,2,DEMO_DATA,True
2020-08-04,gopalpur,15.2,low,52.1,1,DEMO_DATA,True
2020-08-05,gopalpur,15.1,low,52.1,1,DEMO_DATA,True
2020-08-06,gopalpur,15.2,low,52.2,1,DEMO_DATA,True
2020-08-07,gopalpur,15.8,low,52.6,1,DEMO_DATA,True
2020-08-08,gopalpur,23.1,low,58.5,2,DEMO_DATA,True
2020-08-09,gopalpur,22.9,low,58.3,2,DEMO_DATA,True
2020-08-10,gopalpur,21.0,low,56.8,2,DEMO_DATA,True
2020-08-11,gopalpur,16.6,low,53.2,2,DEMO_DATA,True
2020-08-12,gopalpur,18.9,low,55.1,2,DEMO_DATA,True
2020-08-13,gopalpur,19.0,low,55.2,2,DEMO_DATA,True
2020-08-14,gopalpur,17.5,low,54.0,2,DEMO_DATA,True
2020-08-15,gopalpur,16.9,low,53.5,2,DEMO_DATA,True
2020-08-16,gopalpur,21.3,low,57.1,2,DEMO_DATA,True
2020-08-17,gopalpur,24.6,medium,59.7,3,DEMO_DATA,True
2020-08-18,gopalpur,24.3,medium,59.4,3,DEMO_DATA,True
2020-08-19,gopalpur,25.3,medium,60.3,3,DEMO_DATA,True
2020-08-20,gopalpur,27.4,medium,62.0,3,DEMO_DATA,True
2020-08-21,gopalpur,25.4,medium,60.3,3,DEMO_DATA,True
2020-08-22,gopalpur,25.4,medium,60.3,3,DEMO_DATA,True
2020-08-23,gopalpur,31.1,medium,64.9,3,DEMO_DATA,True
2020-08-24,gopalpur,31.8,medium,65.5,3,DEMO_DATA,True
2020-08-25,gopalpur,30.0,medium,64.0,3,DEMO_DATA,True
2020-08-26,gopalpur,27.8,medium,62.2,3,DEMO_DATA,True
2020-08-27,gopalpur,29.6,medium,63.7,3,DEMO_DATA,True
2020-08-28,gopalpur,31.3,medium,65.0,3,DEMO_DATA,True
2020-08-29,gopalpur,31.2,medium,64.9,3,DEMO_DATA,True
2020-08-30,gopalpur,35.4,medium,68.3,4,DEMO_DATA,True
2020-08-31,gopalpur,31.7,medium,65.4,3,DEMO_DATA,True
2020-09-01,gopalpur,30.3,medium,64.2,3,DEMO_DATA,True
2020-09-02,gopalpur,21.8,low,57.5,2,DEMO_DATA,True
2020-09-03,gopalpur,32.1,medium,65.7,4,DEMO_DATA,True
2020-09-04,gopalpur,25.2,medium,60.1,3,DEMO_DATA,True
2020-09-05,gopalpur,18.6,low,54.9,2,DEMO_DATA,True
2020-09-06,gopalpur,19.4,low,55.5,2,DEMO_DATA,True
2020-09-07,gopalpur,24.5,medium,59.6,3,DEMO_DATA,True
2020-09-08,gopalpur,27.6,medium,62.1,3,DEMO_DATA,True
2020-09-09,gopalpur,28.0,medium,62.4,3,DEMO_DATA,True
2020-09-10,gopalpur,24.5,medium,59.6,3,DEMO_DATA,True
2020-09-11,gopalpur,18.4,low,54.7,2,DEMO_DATA,True
2020-09-12,gopalpur,18.4,low,54.7,2,DEMO_DATA,True
2020-09-13,gopalpur,18.9,low,55.2,2,DEMO_DATA,True
2020-09-14,gopalpur,21.1,low,56.9,2,DEMO_DATA,True
2020-09-15,gopalpur,20.5,low,56.4,2,DEMO_DATA,True
2020-09-16,gopalpur,28.3,medium,62.7,3,DEMO_DATA,True
2020-09-17,gopalpur,34.6,medium,67.7,4,DEMO_DATA,True
2020-09-18,gopalpur,35.8,medium,68.6,4,DEMO_DATA,True
2020-09-19,gopalpur,30.7,medium,64.6,3,DEMO_DATA,True
2020-09-20,gopalpur,28.7,medium,62.9,3,DEMO_DATA,True
2020-09-21,gopalpur,25.0,medium,60.0,3,DEMO_DATA,True
2020-09-22,gopalpur,23.2,low,58.5,2,DEMO_DATA,True
2020-09-23,gopalpur,14.7,low,51.7,1,DEMO_DATA,True
2020-09-24,gopalpur,13.2,low,50.5,1,DEMO_DATA,True
2020-09-25,gopalpur,14.8,low,51.8,1,DEMO_DATA,True
2020-09-26,gopalpur,15.7,low,52.5,1,DEMO_DATA,True
2020-09-27,gopalpur,15.6,low,52.5,1,DEMO_DATA,True
2020-09-28,gopalpur,14.0,low,51.2,1,DEMO_DATA,True
2020-09-29,gopalpur,17.6,low,54.1,2,DEMO_DATA,True
2020-09-30,gopalpur,20.8,low,56.6,2,DEMO_DATA,True
2020-10-01,gopalpur,17.7,low,54.1,2,DEMO_DATA,True
2020-10-02,gopalpur,16.9,low,53.6,2,DEMO_DATA,True
2020-10-03,gopalpur,19.4,low,55.5,2,DEMO_DATA,True
2020-10-04,gopalpur,18.1,low,54.5,2,DEMO_DATA,True
2020-10-05,gopalpur,16.3,low,53.0,2,DEMO_DATA,True
2020-10-06,gopalpur,15.4,low,52.3,1,DEMO_DATA,True
2020-10-07,gopalpur,12.2,low,49.8,1,DEMO_DATA,True
2020-10-08,gopalpur,12.7,low,50.2,1,DEMO_DATA,True
2020-10-09,gopalpur,13.6,low,50.8,1,DEMO_DATA,True
2020-10-10,gopalpur,15.2,low,52.1,1,DEMO_DATA,True
2020-10-11,gopalpur,13.1,low,50.5,1,DEMO_DATA,True
2020-10-12,gopalpur,13.0,low,50.4,1,DEMO_DATA,True
2020-10-13,gopalpur,13.4,low,50.7,1,DEMO_DATA,True
2020-10-14,gopalpur,14.8,low,51.8,1,DEMO_DATA,True
2020-10-15,gopalpur,17.4,low,53.9,2,DEMO_DATA,True
2020-10-16,gopalpur,15.1,low,52.1,1,DEMO_DATA,True
2020-10-17,gopalpur,18.0,low,54.4,2,DEMO_DATA,True
2020-10-18,gopalpur,16.8,low,53.4,2,DEMO_DATA,True
2020-10-19,gopalpur,17.6,low,54.1,2,DEMO_DATA,True
2020-10-20,gopalpur,16.3,low,53.1,2,DEMO_DATA,True
2020-10-21,gopalpur,15.8,low,52.6,1,DEMO_DATA,True
2020-10-22,gopalpur,17.4,low,53.9,2,DEMO_DATA,True
2020-10-23,gopalpur,17.7,low,54.1,2,DEMO_DATA,True
2020-10-24,gopalpur,18.9,low,55.1,2,DEMO_DATA,True
2020-10-25,gopalpur,23.7,low,58.9,2,DEMO_DATA,True
2020-10-26,gopalpur,27.4,medium,61.9,3,DEMO_DATA,True
2020-10-27,gopalpur,24.2,medium,59.4,3,DEMO_DATA,True
2020-10-28,gopalpur,24.8,medium,59.8,3,DEMO_DATA,True
2020-10-29,gopalpur,20.3,low,56.2,2,DEMO_DATA,True
2020-10-30,gopalpur,23.5,low,58.8,2,DEMO_DATA,True
2020-10-31,gopalpur,21.7,low,57.3,2,DEMO_DATA,True
2020-11-01,gopalpur,22.6,low,58.1,2,DEMO_DATA,True
2020-11-02,gopalpur,22.5,low,58.0,2,DEMO_DATA,True
2020-11-03,gopalpur,17.5,low,54.0,2,DEMO_DATA,True
2020-11-04,gopalpur,21.8,low,57.5,2,DEMO_DATA,True
2020-11-05,gopalpur,23.8,low,59.0,2,DEMO_DATA,True
2020-11-06,gopalpur,16.1,low,52.9,2,DEMO_DATA,True
2020-11-07,gopalpur,17.3,low,53.8,2,DEMO_DATA,True
2020-11-08,gopalpur,17.5,low,54.0,2,DEMO_DATA,True
2020-11-09,gopalpur,14.2,low,51.4,1,DEMO_DATA,True
2020-11-10,gopalpur,13.1,low,50.5,1,DEMO_DATA,True
2020-11-11,gopalpur,11.2,low,49.0,1,DEMO_DATA,True
2020-11-12,gopalpur,9.3,low,47.4,1,DEMO_DATA,True
2020-11-13,gopalpur,10.4,low,48.3,1,DEMO_DATA,True
2020-11-14,gopalpur,11.7,low,49.4,1,DEMO_DATA,True
2020-11-15,gopalpur,13.3,low,50.6,1,DEMO_DATA,True
2020-11-16,gopalpur,13.5,low,50.8,1,DEMO_DATA,True
2020-11-17,gopalpur,15.6,low,52.5,1,DEMO_DATA,True
2020-11-18,gopalpur,15.7,low,52.6,1,DEMO_DATA,True
2020-11-19,gopalpur,11.1,low,48.9,1,DEMO_DATA,True
2020-11-20,gopalpur,12.7,low,50.1,1,DEMO_DATA,True
2020-11-21,gopalpur,12.8,low,50.3,1,DEMO_DATA,True
2020-11-22,gopalpur,13.1,low,50.5,1,DEMO_DATA,True
2020-11-23,gopalpur,15.7,low,52.6,1,DEMO_DATA,True
2020-11-24,gopalpur,16.7,low,53.4,2,DEMO_DATA,True
2020-11-25,gopalpur,17.5,low,54.0,2,DEMO_DATA,True
2020-11-26,gopalpur,21.5,low,57.2,2,DEMO_DATA,True
2020-11-27,gopalpur,18.4,low,54.7,2,DEMO_DATA,True
2020-11-28,gopalpur,19.5,low,55.6,2,DEMO_DATA,True
2020-11-29,gopalpur,21.2,low,57.0,2,DEMO_DATA,True
2020-11-30,gopalpur,21.5,low,57.2,2,DEMO_DATA,True
2020-12-01,gopalpur,21.4,low,57.1,2,DEMO_DATA,True
2020-12-02,gopalpur,15.7,low,52.5,1,DEMO_DATA,True
2020-12-03,gopalpur,12.7,low,50.2,1,DEMO_DATA,True
2020-12-04,gopalpur,9.0,low,47.2,1,DEMO_DATA,True
2020-12-05,gopalpur,7.8,low,46.3,0,DEMO_DATA,True
2020-12-06,gopalpur,9.0,low,47.2,1,DEMO_DATA,True
2020-12-07,gopalpur,12.7,low,50.2,1,DEMO_DATA,True
2020-12-08,gopalpur,12.6,low,50.1,1,DEMO_DATA,True
2020-12-09,gopalpur,11.5,low,49.2,1,DEMO_DATA,True
2020-12-10,gopalpur,8.8,low,47.1,1,DEMO_DATA,True
2020-12-11,gopalpur,9.1,low,47.3,1,DEMO_DATA,True
2020-12-12,gopalpur,12.4,low,49.9,1,DEMO_DATA,True
2020-12-13,gopalpur,13.3,low,50.7,1,DEMO_DATA,True
2020-12-14,gopalpur,12.1,low,49.7,1,DEMO_DATA,True
2020-12-15,gopalpur,13.2,low,50.5,1,DEMO_DATA,True
2020-12-16,gopalpur,14.1,low,51.3,1,DEMO_DATA,True
2020-12-17,gopalpur,12.8,low,50.3,1,DEMO_DATA,True
2020-12-18,gopalpur,12.3,low,49.8,1,DEMO_DATA,True
2020-12-19,gopalpur,13.0,low,50.4,1,DEMO_DATA,True
2020-12-20,gopalpur,13.3,low,50.7,1,DEMO_DATA,True
2020-12-21,gopalpur,11.0,low,48.8,1,DEMO_DATA,True
2020-12-22,gopalpur,11.8,low,49.5,1,DEMO_DATA,True
2020-12-23,gopalpur,11.1,low,48.9,1,DEMO_DATA,True
2020-12-24,gopalpur,11.4,low,49.1,1,DEMO_DATA,True
2020-12-25,gopalpur,12.8,low,50.3,1,DEMO_DATA,True
2020-12-26,gopalpur,11.1,low,48.9,1,DEMO_DATA,True
2020-12-27,gopalpur,11.5,low,49.2,1,DEMO_DATA,True
2020-12-28,gopalpur,9.5,low,47.6,1,DEMO_DATA,True
2020-12-29,gopalpur,8.7,low,47.0,1,DEMO_DATA,True
2020-12-30,gopalpur,10.5,low,48.4,1,DEMO_DATA,True
2020-12-31,gopalpur,11.4,low,49.2,1,DEMO_DATA,True
2021-01-01,gopalpur,9.8,low,47.8,1,DEMO_DATA,True
2021-01-02,gopalpur,8.5,low,46.8,1,DEMO_DATA,True
2021-01-03,gopalpur,4.6,low,43.7,0,DEMO_DATA,True
2021-01-04,gopalpur,5.6,low,44.4,0,DEMO_DATA,True
2021-01-05,gopalpur,5.7,low,44.6,0,DEMO_DATA,True
2021-01-06,gopalpur,6.5,low,45.2,0,DEMO_DATA,True
2021-01-07,gopalpur,6.4,low,45.1,0,DEMO_DATA,True
2021-01-08,gopalpur,7.3,low,45.8,0,DEMO_DATA,True
2021-01-09,gopalpur,9.2,low,47.4,1,DEMO_DATA,True
2021-01-10,gopalpur,7.3,low,45.9,0,DEMO_DATA,True
2021-01-11,gopalpur,6.7,low,45.4,0,DEMO_DATA,True
2021-01-12,gopalpur,6.2,low,44.9,0,DEMO_DATA,True
2021-01-13,gopalpur,6.8,low,45.5,0,DEMO_DATA,True
2021-01-14,gopalpur,7.5,low,46.0,0,DEMO_DATA,True
2021-01-15,gopalpur,8.7,low,47.0,1,DEMO_DATA,True
2021-01-16,gopalpur,11.8,low,49.4,1,DEMO_DATA,True
2021-01-17,gopalpur,11.2,low,49.0,1,DEMO_DATA,True
2021-01-18,gopalpur,12.9,low,50.3,1,DEMO_DATA,True
2021-01-19,gopalpur,10.6,low,48.5,1,DEMO_DATA,True
2021-01-20,gopalpur,11.4,low,49.1,1,DEMO_DATA,True
2021-01-21,gopalpur,14.7,low,51.8,1,DEMO_DATA,True
2021-01-22,gopalpur,17.5,low,54.0,2,DEMO_DATA,True
2021-01-23,gopalpur,21.7,low,57.3,2,DEMO_DATA,True
2021-01-24,gopalpur,29.7,medium,63.8,3,DEMO_DATA,True
2021-01-25,gopalpur,24.2,medium,59.4,3,DEMO_DATA,True
2021-01-26,gopalpur,25.4,medium,60.3,3,DEMO_DATA,True
2021-01-27,gopalpur,20.0,low,56.0,2,DEMO_DATA,True
2021-01-28,gopalpur,18.1,low,54.5,2,DEMO_DATA,True
2021-01-29,gopalpur,17.8,low,54.2,2,DEMO_DATA,True
2021-01-30,gopalpur,16.1,low,52.9,2,DEMO_DATA,True
2021-01-31,gopalpur,20.9,low,56.7,2,DEMO_DATA,True
2021-02-01,gopalpur,18.9,low,55.1,2,DEMO_DATA,True
2021-02-02,gopalpur,21.9,low,57.5,2,DEMO_DATA,True
2021-02-03,gopalpur,26.4,medium,61.1,3,DEMO_DATA,True
2021-02-04,gopalpur,19.7,low,55.8,2,DEMO_DATA,True
2021-02-05,gopalpur,17.5,low,54.0,2,DEMO_DATA,True
2021-02-06,gopalpur,15.0,low,52.0,1,DEMO_DATA,True
2021-02-07,gopalpur,13.0,low,50.4,1,DEMO_DATA,True
2021-02-08,gopalpur,14.5,low,51.6,1,DEMO_DATA,True
2021-02-09,gopalpur,13.5,low,50.8,1,DEMO_DATA,True
2021-02-10,gopalpur,13.4,low,50.7,1,DEMO_DATA,True
2021-02-11,gopalpur,12.1,low,49.7,1,DEMO_DATA,True
2021-02-12,gopalpur,13.8,low,51.1,1,DEMO_DATA,True
2021-02-13,gopalpur,14.6,low,51.7,1,DEMO_DATA,True
2021-02-14,gopalpur,14.6,low,51.7,1,DEMO_DATA,True
2021-02-15,gopalpur,14.7,low,51.8,1,DEMO_DATA,True
2021-02-16,gopalpur,13.9,low,51.1,1,DEMO_DATA,True
2021-02-17,gopalpur,12.2,low,49.8,1,DEMO_DATA,True
2021-02-18,gopalpur,11.6,low,49.3,1,DEMO_DATA,True
2021-02-19,gopalpur,12.7,low,50.2,1,DEMO_DATA,True
2021-02-20,gopalpur,11.5,low,49.2,1,DEMO_DATA,True
2021-02-21,gopalpur,12.3,low,49.9,1,DEMO_DATA,True
2021-02-22,gopalpur,11.9,low,49.5,1,DEMO_DATA,True
2021-02-23,gopalpur,11.5,low,49.2,1,DEMO_DATA,True
2021-02-24,gopalpur,11.9,low,49.5,1,DEMO_DATA,True
2021-02-25,gopalpur,14.8,low,51.8,1,DEMO_DATA,True
2021-02-26,gopalpur,14.0,low,51.2,1,DEMO_DATA,True
2021-02-27,gopalpur,11.7,low,49.3,1,DEMO_DATA,True
2021-02-28,gopalpur,13.4,low,50.8,1,DEMO_DATA,True
2021-03-01,gopalpur,14.1,low,51.2,1,DEMO_DATA,True
2021-03-02,gopalpur,13.2,low,50.6,1,DEMO_DATA,True
2021-03-03,gopalpur,11.3,low,49.1,1,DEMO_DATA,True
2021-03-04,gopalpur,14.2,low,51.3,1,DEMO_DATA,True
2021-03-05,gopalpur,12.8,low,50.2,1,DEMO_DATA,True
2021-03-06,gopalpur,12.9,low,50.4,1,DEMO_DATA,True
2021-03-07,gopalpur,15.9,low,52.7,1,DEMO_DATA,True
2021-03-08,gopalpur,12.3,low,49.9,1,DEMO_DATA,True
2021-03-09,gopalpur,12.5,low,50.0,1,DEMO_DATA,True
2021-03-10,gopalpur,7.6,low,46.1,0,DEMO_DATA,True
2021-03-11,gopalpur,9.2,low,47.3,1,DEMO_DATA,True
2021-03-12,gopalpur,9.7,low,47.8,1,DEMO_DATA,True
2021-03-13,gopalpur,12.6,low,50.1,1,DEMO_DATA,True
2021-03-14,gopalpur,14.5,low,51.6,1,DEMO_DATA,True
2021-03-15,gopalpur,12.0,low,49.6,1,DEMO_DATA,True
2021-03-16,gopalpur,11.8,low,49.4,1,DEMO_DATA,True
2021-03-17,gopalpur,12.3,low,49.8,1,DEMO_DATA,True
2021-03-18,gopalpur,11.3,low,49.1,1,DEMO_DATA,True
2021-03-19,gopalpur,9.4,low,47.5,1,DEMO_DATA,True
2021-03-20,gopalpur,4.5,low,43.6,0,DEMO_DATA,True
2021-03-21,gopalpur,4.7,low,43.7,0,DEMO_DATA,True
2021-03-22,gopalpur,5.3,low,44.3,0,DEMO_DATA,True
2021-03-23,gopalpur,5.6,low,44.5,0,DEMO_DATA,True
2021-03-24,gopalpur,6.4,low,45.1,0,DEMO_DATA,True
2021-03-25,gopalpur,7.7,low,46.2,0,DEMO_DATA,True
2021-03-26,gopalpur,10.2,low,48.2,1,DEMO_DATA,True
2021-03-27,gopalpur,11.1,low,48.9,1,DEMO_DATA,True
2021-03-28,gopalpur,9.1,low,47.3,1,DEMO_DATA,True
2021-03-29,gopalpur,10.1,low,48.1,1,DEMO_DATA,True
2021-03-30,gopalpur,9.7,low,47.8,1,DEMO_DATA,True
2021-03-31,gopalpur,10.5,low,48.4,1,DEMO_DATA,True
2021-04-01,gopalpur,9.6,low,47.7,1,DEMO_DATA,True
2021-04-02,gopalpur,11.2,low,49.0,1,DEMO_DATA,True
2021-04-03,gopalpur,12.4,low,50.0,1,DEMO_DATA,True
2021-04-04,gopalpur,11.6,low,49.2,1,DEMO_DATA,True
2021-04-05,gopalpur,14.4,low,51.5,1,DEMO_DATA,True
2021-04-06,gopalpur,17.4,low,53.9,2,DEMO_DATA,True
2021-04-07,gopalpur,17.0,low,53.6,2,DEMO_DATA,True
2021-04-08,gopalpur,18.6,low,54.9,2,DEMO_DATA,True
2021-04-09,gopalpur,14.9,low,51.9,1,DEMO_DATA,True
2021-04-10,gopalpur,16.3,low,53.0,2,DEMO_DATA,True
2021-04-11,gopalpur,15.6,low,52.5,1,DEMO_DATA,True
2021-04-12,gopalpur,14.8,low,51.8,1,DEMO_DATA,True
2021-04-13,gopalpur,14.1,low,51.3,1,DEMO_DATA,True
2021-04-14,gopalpur,13.8,low,51.0,1,DEMO_DATA,True
2021-04-15,gopalpur,15.4,low,52.3,1,DEMO_DATA,True
2021-04-16,gopalpur,18.7,low,54.9,2,DEMO_DATA,True
2021-04-17,gopalpur,11.1,low,48.9,1,DEMO_DATA,True
2021-04-18,gopalpur,11.0,low,48.8,1,DEMO_DATA,True
2021-04-19,gopalpur,11.8,low,49.4,1,DEMO_DATA,True
2021-04-20,gopalpur,12.2,low,49.8,1,DEMO_DATA,True
2021-04-21,gopalpur,11.7,low,49.4,1,DEMO_DATA,True
2021-04-22,gopalpur,11.2,low,49.0,1,DEMO_DATA,True
2021-04-23,gopalpur,12.1,low,49.7,1,DEMO_DATA,True
2021-04-24,gopalpur,13.7,low,51.0,1,DEMO_DATA,True
2021-04-25,gopalpur,13.0,low,50.4,1,DEMO_DATA,True
2021-04-26,gopalpur,13.5,low,50.8,1,DEMO_DATA,True
2021-04-27,gopalpur,12.2,low,49.8,1,DEMO_DATA,True
2021-04-28,gopalpur,11.6,low,49.3,1,DEMO_DATA,True
2021-04-29,gopalpur,8.9,low,47.1,1,DEMO_DATA,True
2021-04-30,gopalpur,10.4,low,48.3,1,DEMO_DATA,True
2021-05-01,gopalpur,10.7,low,48.6,1,DEMO_DATA,True
2021-05-02,gopalpur,11.7,low,49.3,1,DEMO_DATA,True
2021-05-03,gopalpur,10.1,low,48.1,1,DEMO_DATA,True
2021-05-04,gopalpur,9.6,low,47.6,1,DEMO_DATA,True
2021-05-05,gopalpur,10.6,low,48.4,1,DEMO_DATA,True
2021-05-06,gopalpur,11.4,low,49.1,1,DEMO_DATA,True
2021-05-07,gopalpur,14.5,low,51.6,1,DEMO_DATA,True
2021-05-08,gopalpur,16.5,low,53.2,2,DEMO_DATA,True
2021-05-09,gopalpur,13.8,low,51.0,1,DEMO_DATA,True
2021-05-10,gopalpur,14.5,low,51.6,1,DEMO_DATA,True
2021-05-11,gopalpur,14.4,low,51.5,1,DEMO_DATA,True
2021-05-12,gopalpur,16.5,low,53.2,2,DEMO_DATA,True
2021-05-13,gopalpur,18.3,low,54.6,2,DEMO_DATA,True
2021-05-14,gopalpur,20.9,low,56.7,2,DEMO_DATA,True
2021-05-15,gopalpur,22.9,low,58.3,2,DEMO_DATA,True
2021-05-16,gopalpur,23.4,low,58.8,2,DEMO_DATA,True
2021-05-17,gopalpur,22.4,low,57.9,2,DEMO_DATA,True
2021-05-18,gopalpur,21.9,low,57.5,2,DEMO_DATA,True
2021-05-19,gopalpur,23.2,low,58.5,2,DEMO_DATA,True
2021-05-20,gopalpur,28.1,medium,62.5,3,DEMO_DATA,True
2021-05-21,gopalpur,22.2,low,57.8,2,DEMO_DATA,True
2021-05-22,gopalpur,18.5,low,54.8,2,DEMO_DATA,True
2021-05-23,gopalpur,20.3,low,56.2,2,DEMO_DATA,True
2021-05-24,gopalpur,19.1,low,55.3,2,DEMO_DATA,True
2021-05-25,gopalpur,18.8,low,55.0,2,DEMO_DATA,True
2021-05-26,gopalpur,22.3,low,57.8,2,DEMO_DATA,True
2021-05-27,gopalpur,22.1,low,57.7,2,DEMO_DATA,True
2021-05-28,gopalpur,23.8,low,59.0,2,DEMO_DATA,True
2021-05-29,gopalpur,18.9,low,55.1,2,DEMO_DATA,True
2021-05-30,gopalpur,18.6,low,54.9,2,DEMO_DATA,True
2021-05-31,gopalpur,17.3,low,53.9,2,DEMO_DATA,True
2021-06-01,gopalpur,16.8,low,53.5,2,DEMO_DATA,True
2021-06-02,gopalpur,16.7,low,53.4,2,DEMO_DATA,True
2021-06-03,gopalpur,14.7,low,51.8,1,DEMO_DATA,True
2021-06-04,gopalpur,13.6,low,50.8,1,DEMO_DATA,True
2021-06-05,gopalpur,11.9,low,49.5,1,DEMO_DATA,True
2021-06-06,gopalpur,19.7,low,55.8,2,DEMO_DATA,True
2021-06-07,gopalpur,21.0,low,56.8,2,DEMO_DATA,True
2021-06-08,gopalpur,18.8,low,55.1,2,DEMO_DATA,True
2021-06-09,gopalpur,16.1,low,52.9,2,DEMO_DATA,True
2021-06-10,gopalpur,16.8,low,53.4,2,DEMO_DATA,True
2021-06-11,gopalpur,15.3,low,52.2,1,DEMO_DATA,True
2021-06-12,gopalpur,19.0,low,55.2,2,DEMO_DATA,True
2021-06-13,gopalpur,17.0,low,53.6,2,DEMO_DATA,True
2021-06-14,gopalpur,14.5,low,51.6,1,DEMO_DATA,True
2021-06-15,gopalpur,14.8,low,51.9,1,DEMO_DATA,True
2021-06-16,gopalpur,15.2,low,52.1,1,DEMO_DATA,True
2021-06-17,gopalpur,15.6,low,52.5,1,DEMO_DATA,True
2021-06-18,gopalpur,18.2,low,54.6,2,DEMO_DATA,True
2021-06-19,gopalpur,13.9,low,51.1,1,DEMO_DATA,True
2021-06-20,gopalpur,13.9,low,51.1,1,DEMO_DATA,True
2021-06-21,gopalpur,16.1,low,52.9,2,DEMO_DATA,True
2021-06-22,gopalpur,14.8,low,51.8,1,DEMO_DATA,True
2021-06-23,gopalpur,15.3,low,52.2,1,DEMO_DATA,True
2021-06-24,gopalpur,14.7,low,51.7,1,DEMO_DATA,True
2021-06-25,gopalpur,14.0,low,51.2,1,DEMO_DATA,True
2021-06-26,gopalpur,14.5,low,51.6,1,DEMO_DATA,True
2021-06-27,gopalpur,15.6,low,52.5,1,DEMO_DATA,True
2021-06-28,gopalpur,16.0,low,52.8,1,DEMO_DATA,True
2021-06-29,gopalpur,13.4,low,50.8,1,DEMO_DATA,True
2021-06-30,gopalpur,12.8,low,50.2,1,DEMO_DATA,True
2021-07-01,gopalpur,18.8,low,55.0,2,DEMO_DATA,True
2021-07-02,gopalpur,22.6,low,58.1,2,DEMO_DATA,True
2021-07-03,gopalpur,25.6,medium,60.4,3,DEMO_DATA,True
2021-07-04,gopalpur,24.8,medium,59.8,3,DEMO_DATA,True
2021-07-05,gopalpur,18.7,low,55.0,2,DEMO_DATA,True
2021-07-06,gopalpur,25.3,medium,60.2,3,DEMO_DATA,True
2021-07-07,gopalpur,26.4,medium,61.2,3,DEMO_DATA,True
2021-07-08,gopalpur,22.1,low,57.7,2,DEMO_DATA,True
2021-07-09,gopalpur,21.0,low,56.8,2,DEMO_DATA,True
2021-07-10,gopalpur,22.6,low,58.0,2,DEMO_DATA,True
2021-07-11,gopalpur,27.5,medium,62.0,3,DEMO_DATA,True
2021-07-12,gopalpur,25.1,medium,60.1,3,DEMO_DATA,True
2021-07-13,gopalpur,24.5,medium,59.6,3,DEMO_DATA,True
2021-07-14,gopalpur,24.7,medium,59.7,3,DEMO_DATA,True
2021-07-15,gopalpur,20.7,low,56.5,2,DEMO_DATA,True
2021-07-16,gopalpur,15.3,low,52.2,1,DEMO_DATA,True
2021-07-17,gopalpur,18.3,low,54.7,2,DEMO_DATA,True
2021-07-18,gopalpur,15.7,low,52.6,1,DEMO_DATA,True
2021-07-19,gopalpur,18.7,low,55.0,2,DEMO_DATA,True
2021-07-20,gopalpur,19.3,low,55.4,2,DEMO_DATA,True
2021-07-21,gopalpur,19.8,low,55.9,2,DEMO_DATA,True
2021-07-22,gopalpur,19.0,low,55.2,2,DEMO_DATA,True
2021-07-23,gopalpur,14.0,low,51.2,1,DEMO_DATA,True
2021-07-24,gopalpur,17.8,low,54.2,2,DEMO_DATA,True
2021-07-25,gopalpur,20.7,low,56.5,2,DEMO_DATA,True
2021-07-26,gopalpur,19.5,low,55.6,2,DEMO_DATA,True
2021-07-27,gopalpur,22.9,low,58.3,2,DEMO_DATA,True
2021-07-28,gopalpur,23.0,low,58.4,2,DEMO_DATA,True
2021-07-29,gopalpur,23.4,low,58.7,2,DEMO_DATA,True
2021-07-30,gopalpur,19.2,low,55.4,2,DEMO_DATA,True
2021-07-31,gopalpur,23.4,low,58.8,2,DEMO_DATA,True
2021-08-01,gopalpur,31.9,medium,65.5,3,DEMO_DATA,True
2021-08-02,gopalpur,28.4,medium,62.8,3,DEMO_DATA,True
2021-08-03,gopalpur,38.6,medium,70.9,4,DEMO_DATA,True
2021-08-04,gopalpur,30.3,medium,64.3,3,DEMO_DATA,True
2021-08-05,gopalpur,38.0,medium,70.4,4,DEMO_DATA,True
2021-08-06,gopalpur,48.8,high,79.1,6,DEMO_DATA,True
2021-08-07,gopalpur,34.3,medium,67.4,4,DEMO_DATA,True
2021-08-08,gopalpur,32.3,medium,65.8,4,DEMO_DATA,True
2021-08-09,gopalpur,28.2,medium,62.5,3,DEMO_DATA,True
2021-08-10,gopalpur,28.3,medium,62.6,3,DEMO_DATA,True
2021-08-11,gopalpur,34.4,medium,67.5,4,DEMO_DATA,True
2021-08-12,gopalpur,28.0,medium,62.4,3,DEMO_DATA,True
2021-08-13,gopalpur,30.8,medium,64.6,3,DEMO_DATA,True
2021-08-14,gopalpur,37.8,medium,70.2,4,DEMO_DATA,True
2021-08-15,gopalpur,37.7,medium,70.1,4,DEMO_DATA,True
2021-08-16,gopalpur,35.0,medium,68.0,4,DEMO_DATA,True
2021-08-17,gopalpur,30.1,medium,64.1,3,DEMO_DATA,True
2021-08-18,gopalpur,28.9,medium,63.2,3,DEMO_DATA,True
2021-08-19,gopalpur,30.2,medium,64.2,3,DEMO_DATA,True
2021-08-20,gopalpur,32.0,medium,65.6,3,DEMO_DATA,True
2021-08-21,gopalpur,36.8,medium,69.5,4,DEMO_DATA,True
2021-08-22,gopalpur,18.8,low,55.1,2,DEMO_DATA,True
2021-08-23,gopalpur,18.3,low,54.6,2,DEMO_DATA,True
2021-08-24,gopalpur,17.1,low,53.7,2,DEMO_DATA,True
2021-08-25,gopalpur,19.9,low,55.9,2,DEMO_DATA,True
2021-08-26,gopalpur,18.2,low,54.5,2,DEMO_DATA,True
2021-08-27,gopalpur,18.5,low,54.8,2,DEMO_DATA,True
2021-08-28,gopalpur,16.8,low,53.4,2,DEMO_DATA,True
2021-08-29,gopalpur,14.1,low,51.3,1,DEMO_DATA,True
2021-08-30,gopalpur,13.3,low,50.7,1,DEMO_DATA,True
2021-08-31,gopalpur,13.9,low,51.1,1,DEMO_DATA,True
2021-09-01,gopalpur,13.7,low,50.9,1,DEMO_DATA,True
2021-09-02,gopalpur,15.2,low,52.2,1,DEMO_DATA,True
2021-09-03,gopalpur,14.8,low,51.8,1,DEMO_DATA,True
2021-09-04,gopalpur,18.4,low,54.7,2,DEMO_DATA,True
2021-09-05,gopalpur,22.6,low,58.1,2,DEMO_DATA,True
2021-09-06,gopalpur,18.9,low,55.1,2,DEMO_DATA,True
2021-09-07,gopalpur,18.2,low,54.5,2,DEMO_DATA,True
2021-09-08,gopalpur,12.5,low,50.0,1,DEMO_DATA,True
2021-09-09,gopalpur,12.7,low,50.2,1,DEMO_DATA,True
2021-09-10,gopalpur,13.4,low,50.7,1,DEMO_DATA,True
2021-09-11,gopalpur,12.5,low,50.0,1,DEMO_DATA,True
2021-09-12,gopalpur,10.6,low,48.5,1,DEMO_DATA,True
2021-09-13,gopalpur,13.1,low,50.5,1,DEMO_DATA,True
2021-09-14,gopalpur,18.2,low,54.5,2,DEMO_DATA,True
2021-09-15,gopalpur,20.1,low,56.1,2,DEMO_DATA,True
2021-09-16,gopalpur,27.4,medium,61.9,3,DEMO_DATA,True
2021-09-17,gopalpur,26.2,medium,61.0,3,DEMO_DATA,True
2021-09-18,gopalpur,26.4,medium,61.1,3,DEMO_DATA,True
2021-09-19,gopalpur,23.2,low,58.5,2,DEMO_DATA,True
2021-09-20,gopalpur,19.4,low,55.5,2,DEMO_DATA,True
2021-09-21,gopalpur,18.6,low,54.9,2,DEMO_DATA,True
2021-09-22,gopalpur,17.3,low,53.8,2,DEMO_DATA,True
2021-09-23,gopalpur,12.2,low,49.8,1,DEMO_DATA,True
2021-09-24,gopalpur,13.2,low,50.6,1,DEMO_DATA,True
2021-09-25,gopalpur,18.0,low,54.4,2,DEMO_DATA,True
2021-09-26,gopalpur,13.8,low,51.0,1,DEMO_DATA,True
2021-09-27,gopalpur,13.8,low,51.0,1,DEMO_DATA,True
2021-09-28,gopalpur,17.3,low,53.8,2,DEMO_DATA,True
2021-09-29,gopalpur,14.7,low,51.8,1,DEMO_DATA,True
2021-09-30,gopalpur,17.2,low,53.7,2,DEMO_DATA,True
2021-10-01,gopalpur,11.7,low,49.3,1,DEMO_DATA,True
2021-10-02,gopalpur,12.6,low,50.1,1,DEMO_DATA,True
2021-10-03,gopalpur,14.2,low,51.4,1,DEMO_DATA,True
2021-10-04,gopalpur,12.1,low,49.6,1,DEMO_DATA,True
2021-10-05,gopalpur,13.8,low,51.0,1,DEMO_DATA,True
2021-10-06,gopalpur,11.7,low,49.4,1,DEMO_DATA,True
2021-10-07,gopalpur,9.0,low,47.2,1,DEMO_DATA,True
2021-10-08,gopalpur,10.5,low,48.4,1,DEMO_DATA,True
2021-10-09,gopalpur,10.8,low,48.7,1,DEMO_DATA,True
2021-10-10,gopalpur,9.6,low,47.7,1,DEMO_DATA,True
2021-10-11,gopalpur,9.4,low,47.6,1,DEMO_DATA,True
2021-10-12,gopalpur,10.7,low,48.5,1,DEMO_DATA,True
2021-10-13,gopalpur,11.9,low,49.5,1,DEMO_DATA,True
2021-10-14,gopalpur,11.8,low,49.5,1,DEMO_DATA,True
2021-10-15,gopalpur,14.7,low,51.8,1,DEMO_DATA,True
2021-10-16,gopalpur,15.6,low,52.5,1,DEMO_DATA,True
2021-10-17,gopalpur,17.4,low,53.9,2,DEMO_DATA,True
2021-10-18,gopalpur,17.5,low,54.0,2,DEMO_DATA,True
2021-10-19,gopalpur,16.5,low,53.2,2,DEMO_DATA,True
2021-10-20,gopalpur,9.0,low,47.2,1,DEMO_DATA,True
2021-10-21,gopalpur,7.4,low,45.9,0,DEMO_DATA,True
2021-10-22,gopalpur,7.0,low,45.6,0,DEMO_DATA,True
2021-10-23,gopalpur,8.7,low,47.0,1,DEMO_DATA,True
2021-10-24,gopalpur,8.2,low,46.6,1,DEMO_DATA,True
2021-10-25,gopalpur,8.7,low,47.0,1,DEMO_DATA,True
2021-10-26,gopalpur,9.3,low,47.4,1,DEMO_DATA,True
2021-10-27,gopalpur,8.1,low,46.4,1,DEMO_DATA,True
2021-10-28,gopalpur,8.4,low,46.7,1,DEMO_DATA,True
2021-10-29,gopalpur,10.0,low,48.0,1,DEMO_DATA,True
2021-10-30,gopalpur,9.8,low,47.8,1,DEMO_DATA,True
2021-10-31,gopalpur,10.1,low,48.1,1,DEMO_DATA,True
2021-11-01,gopalpur,10.0,low,48.0,1,DEMO_DATA,True
2021-11-02,gopalpur,7.6,low,46.1,0,DEMO_DATA,True
2021-11-03,gopalpur,9.1,low,47.3,1,DEMO_DATA,True
2021-11-04,gopalpur,9.7,low,47.8,1,DEMO_DATA,True
2021-11-05,gopalpur,10.4,low,48.3,1,DEMO_DATA,True
2021-11-06,gopalpur,11.0,low,48.8,1,DEMO_DATA,True
2021-11-07,gopalpur,11.9,low,49.5,1,DEMO_DATA,True
2021-11-08,gopalpur,10.8,low,48.6,1,DEMO_DATA,True
2021-11-09,gopalpur,9.7,low,47.8,1,DEMO_DATA,True
2021-11-10,gopalpur,9.0,low,47.2,1,DEMO_DATA,True
2021-11-11,gopalpur,11.0,low,48.8,1,DEMO_DATA,True
2021-11-12,gopalpur,11.5,low,49.2,1,DEMO_DATA,True
2021-11-13,gopalpur,11.4,low,49.1,1,DEMO_DATA,True
2021-11-14,gopalpur,12.2,low,49.8,1,DEMO_DATA,True
2021-11-15,gopalpur,10.3,low,48.3,1,DEMO_DATA,True
2021-11-16,gopalpur,7.5,low,46.0,0,DEMO_DATA,True
2021-11-17,gopalpur,7.7,low,46.2,0,DEMO_DATA,True
2021-11-18,gopalpur,8.9,low,47.1,1,DEMO_DATA,True
2021-11-19,gopalpur,8.6,low,46.9,1,DEMO_DATA,True
2021-11-20,gopalpur,8.1,low,46.5,1,DEMO_DATA,True
2021-11-21,gopalpur,8.4,low,46.7,1,DEMO_DATA,True
2021-11-22,gopalpur,7.5,low,46.0,0,DEMO_DATA,True
2021-11-23,gopalpur,8.2,low,46.6,1,DEMO_DATA,True
2021-11-24,gopalpur,7.8,low,46.3,0,DEMO_DATA,True
2021-11-25,gopalpur,9.2,low,47.3,1,DEMO_DATA,True
2021-11-26,gopalpur,10.3,low,48.2,1,DEMO_DATA,True
2021-11-27,gopalpur,11.7,low,49.3,1,DEMO_DATA,True
2021-11-28,gopalpur,12.3,low,49.8,1,DEMO_DATA,True
2021-11-29,gopalpur,11.2,low,49.0,1,DEMO_DATA,True
2021-11-30,gopalpur,11.0,low,48.8,1,DEMO_DATA,True
2021-12-01,gopalpur,11.2,low,48.9,1,DEMO_DATA,True
2021-12-02,gopalpur,11.0,low,48.8,1,DEMO_DATA,True
2021-12-03,gopalpur,12.4,low,49.9,1,DEMO_DATA,True
2021-12-04,gopalpur,11.9,low,49.6,1,DEMO_DATA,True
2021-12-05,gopalpur,11.2,low,49.0,1,DEMO_DATA,True
2021-12-06,gopalpur,11.1,low,48.9,1,DEMO_DATA,True
2021-12-07,gopalpur,13.3,low,50.6,1,DEMO_DATA,True
2021-12-08,gopalpur,14.4,low,51.5,1,DEMO_DATA,True
2021-12-09,gopalpur,13.4,low,50.7,1,DEMO_DATA,True
2021-12-10,gopalpur,14.8,low,51.8,1,DEMO_DATA,True
2021-12-11,gopalpur,12.7,low,50.2,1,DEMO_DATA,True
2021-12-12,gopalpur,12.5,low,50.0,1,DEMO_DATA,True
2021-12-13,gopalpur,13.0,low,50.4,1,DEMO_DATA,True
2021-12-14,gopalpur,13.2,low,50.6,1,DEMO_DATA,True
2021-12-15,gopalpur,16.2,low,52.9,2,DEMO_DATA,True
2021-12-16,gopalpur,14.4,low,51.6,1,DEMO_DATA,True
2021-12-17,gopalpur,13.9,low,51.1,1,DEMO_DATA,True
2021-12-18,gopalpur,15.7,low,52.6,1,DEMO_DATA,True
2021-12-19,gopalpur,14.7,low,51.7,1,DEMO_DATA,True
2021-12-20,gopalpur,19.9,low,55.9,2,DEMO_DATA,True
2021-12-21,gopalpur,16.4,low,53.1,2,DEMO_DATA,True
2021-12-22,gopalpur,16.6,low,53.3,2,DEMO_DATA,True
2021-12-23,gopalpur,12.0,low,49.6,1,DEMO_DATA,True
2021-12-24,gopalpur,13.8,low,51.0,1,DEMO_DATA,True
2021-12-25,gopalpur,13.3,low,50.6,1,DEMO_DATA,True
2021-12-26,gopalpur,12.1,low,49.7,1,DEMO_DATA,True
2021-12-27,gopalpur,15.1,low,52.1,1,DEMO_DATA,True
2021-12-28,gopalpur,17.6,low,54.1,2,DEMO_DATA,True
2021-12-29,gopalpur,21.2,low,57.0,2,DEMO_DATA,True
2021-12-30,gopalpur,16.8,low,53.4,2,DEMO_DATA,True
2021-12-31,gopalpur,16.4,low,53.1,2,DEMO_DATA,True
2022-01-01,gopalpur,15.6,low,52.5,1,DEMO_DATA,True
2022-01-02,gopalpur,12.4,low,49.9,1,DEMO_DATA,True
2022-01-03,gopalpur,14.2,low,51.3,1,DEMO_DATA,True
2022-01-04,gopalpur,10.0,low,48.0,1,DEMO_DATA,True
2022-01-05,gopalpur,10.5,low,48.4,1,DEMO_DATA,True
2022-01-06,gopalpur,11.9,low,49.5,1,DEMO_DATA,True
2022-01-07,gopalpur,10.7,low,48.6,1,DEMO_DATA,True
2022-01-08,gopalpur,10.8,low,48.6,1,DEMO_DATA,True
2022-01-09,gopalpur,9.5,low,47.6,1,DEMO_DATA,True
2022-01-10,gopalpur,9.4,low,47.5,1,DEMO_DATA,True
2022-01-11,gopalpur,10.6,low,48.5,1,DEMO_DATA,True
2022-01-12,gopalpur,11.4,low,49.1,1,DEMO_DATA,True
2022-01-13,gopalpur,10.7,low,48.5,1,DEMO_DATA,True
2022-01-14,gopalpur,11.0,low,48.8,1,DEMO_DATA,True
2022-01-15,gopalpur,8.3,low,46.6,1,DEMO_DATA,True
2022-01-16,gopalpur,9.0,low,47.2,1,DEMO_DATA,True
2022-01-17,gopalpur,12.2,low,49.8,1,DEMO_DATA,True
2022-01-18,gopalpur,11.1,low,48.9,1,DEMO_DATA,True
2022-01-19,gopalpur,11.7,low,49.4,1,DEMO_DATA,True
2022-01-20,gopalpur,11.9,low,49.5,1,DEMO_DATA,True
2022-01-21,gopalpur,17.6,low,54.1,2,DEMO_DATA,True
2022-01-22,gopalpur,15.3,low,52.2,1,DEMO_DATA,True
2022-01-23,gopalpur,18.1,low,54.5,2,DEMO_DATA,True
2022-01-24,gopalpur,21.2,low,57.0,2,DEMO_DATA,True
2022-01-25,gopalpur,22.5,low,58.0,2,DEMO_DATA,True
2022-01-26,gopalpur,21.8,low,57.5,2,DEMO_DATA,True
2022-01-27,gopalpur,22.7,low,58.2,2,DEMO_DATA,True
2022-01-28,gopalpur,24.1,medium,59.3,3,DEMO_DATA,True
2022-01-29,gopalpur,23.3,low,58.7,2,DEMO_DATA,True
2022-01-30,gopalpur,24.1,medium,59.2,3,DEMO_DATA,True
2022-01-31,gopalpur,22.9,low,58.3,2,DEMO_DATA,True
2022-02-01,gopalpur,22.0,low,57.6,2,DEMO_DATA,True
2022-02-02,gopalpur,23.1,low,58.5,2,DEMO_DATA,True
2022-02-03,gopalpur,30.0,medium,64.0,3,DEMO_DATA,True
2022-02-04,gopalpur,30.1,medium,64.1,3,DEMO_DATA,True
2022-02-05,gopalpur,29.2,medium,63.3,3,DEMO_DATA,True
2022-02-06,gopalpur,26.8,medium,61.4,3,DEMO_DATA,True
2022-02-07,gopalpur,32.1,medium,65.7,4,DEMO_DATA,True
2022-02-08,gopalpur,34.5,medium,67.6,4,DEMO_DATA,True
2022-02-09,gopalpur,27.3,medium,61.9,3,DEMO_DATA,True
2022-02-10,gopalpur,32.0,medium,65.6,3,DEMO_DATA,True
2022-02-11,gopalpur,33.4,medium,66.7,4,DEMO_DATA,True
2022-02-12,gopalpur,34.8,medium,67.8,4,DEMO_DATA,True
2022-02-13,gopalpur,32.4,medium,65.9,4,DEMO_DATA,True
2022-02-14,gopalpur,32.5,medium,66.0,4,DEMO_DATA,True
2022-02-15,gopalpur,32.4,medium,65.9,4,DEMO_DATA,True
2022-02-16,gopalpur,24.3,medium,59.4,3,DEMO_DATA,True
2022-02-17,gopalpur,27.6,medium,62.1,3,DEMO_DATA,True
2022-02-18,gopalpur,29.5,medium,63.6,3,DEMO_DATA,True
2022-02-19,gopalpur,23.2,low,58.5,2,DEMO_DATA,True
2022-02-20,gopalpur,18.8,low,55.0,2,DEMO_DATA,True
2022-02-21,gopalpur,16.8,low,53.4,2,DEMO_DATA,True
2022-02-22,gopalpur,18.8,low,55.0,2,DEMO_DATA,True
2022-02-23,gopalpur,14.0,low,51.2,1,DEMO_DATA,True
2022-02-24,gopalpur,12.8,low,50.3,1,DEMO_DATA,True
2022-02-25,gopalpur,14.3,low,51.4,1,DEMO_DATA,True
2022-02-26,gopalpur,14.1,low,51.3,1,DEMO_DATA,True
2022-02-27,gopalpur,13.7,low,51.0,1,DEMO_DATA,True
2022-02-28,gopalpur,13.5,low,50.8,1,DEMO_DATA,True
2022-03-01,gopalpur,13.0,low,50.4,1,DEMO_DATA,True
2022-03-02,gopalpur,14.0,low,51.2,1,DEMO_DATA,True
2022-03-03,gopalpur,15.5,low,52.4,1,DEMO_DATA,True
2022-03-04,gopalpur,14.4,low,51.5,1,DEMO_DATA,True
2022-03-05,gopalpur,14.6,low,51.7,1,DEMO_DATA,True
2022-03-06,gopalpur,14.3,low,51.4,1,DEMO_DATA,True
2022-03-07,gopalpur,16.9,low,53.5,2,DEMO_DATA,True
2022-03-08,gopalpur,20.5,low,56.4,2,DEMO_DATA,True
2022-03-09,gopalpur,19.5,low,55.6,2,DEMO_DATA,True
2022-03-10,gopalpur,18.0,low,54.4,2,DEMO_DATA,True
2022-03-11,gopalpur,18.3,low,54.7,2,DEMO_DATA,True
2022-03-12,gopalpur,15.3,low,52.2,1,DEMO_DATA,True
2022-03-13,gopalpur,15.0,low,52.0,1,DEMO_DATA,True
2022-03-14,gopalpur,16.9,low,53.5,2,DEMO_DATA,True
2022-03-15,gopalpur,15.9,low,52.8,1,DEMO_DATA,True
2022-03-16,gopalpur,16.5,low,53.2,2,DEMO_DATA,True
2022-03-17,gopalpur,16.9,low,53.5,2,DEMO_DATA,True
2022-03-18,gopalpur,15.4,low,52.3,1,DEMO_DATA,True
2022-03-19,gopalpur,15.5,low,52.4,1,DEMO_DATA,True
2022-03-20,gopalpur,13.5,low,50.8,1,DEMO_DATA,True
2022-03-21,gopalpur,12.1,low,49.7,1,DEMO_DATA,True
2022-03-22,gopalpur,7.5,low,46.0,0,DEMO_DATA,True
2022-03-23,gopalpur,6.4,low,45.1,0,DEMO_DATA,True
2022-03-24,gopalpur,5.5,low,44.4,0,DEMO_DATA,True
2022-03-25,gopalpur,6.3,low,45.0,0,DEMO_DATA,True
2022-03-26,gopalpur,5.9,low,44.7,0,DEMO_DATA,True
2022-03-27,gopalpur,6.4,low,45.1,0,DEMO_DATA,True
2022-03-28,gopalpur,8.6,low,46.9,1,DEMO_DATA,True
2022-03-29,gopalpur,7.2,low,45.8,0,DEMO_DATA,True
2022-03-30,gopalpur,7.8,low,46.2,0,DEMO_DATA,True
2022-03-31,gopalpur,8.7,low,47.0,1,DEMO_DATA,True
2022-04-01,gopalpur,8.3,low,46.7,1,DEMO_DATA,True
2022-04-02,gopalpur,8.6,low,46.9,1,DEMO_DATA,True
2022-04-03,gopalpur,7.0,low,45.6,0,DEMO_DATA,True
2022-04-04,gopalpur,8.1,low,46.5,1,DEMO_DATA,True
2022-04-05,gopalpur,9.2,low,47.4,1,DEMO_DATA,True
2022-04-06,gopalpur,10.2,low,48.2,1,DEMO_DATA,True
2022-04-07,gopalpur,9.1,low,47.3,1,DEMO_DATA,True
2022-04-08,gopalpur,8.4,low,46.7,1,DEMO_DATA,True
2022-04-09,gopalpur,9.0,low,47.2,1,DEMO_DATA,True
2022-04-10,gopalpur,8.8,low,47.0,1,DEMO_DATA,True
2022-04-11,gopalpur,9.9,low,47.9,1,DEMO_DATA,True
2022-04-12,gopalpur,8.8,low,47.0,1,DEMO_DATA,True
2022-04-13,gopalpur,8.6,low,46.9,1,DEMO_DATA,True
2022-04-14,gopalpur,8.6,low,46.8,1,DEMO_DATA,True
2022-04-15,gopalpur,8.8,low,47.0,1,DEMO_DATA,True
2022-04-16,gopalpur,8.9,low,47.1,1,DEMO_DATA,True
2022-04-17,gopalpur,8.7,low,47.0,1,DEMO_DATA,True
2022-04-18,gopalpur,7.7,low,46.2,0,DEMO_DATA,True
2022-04-19,gopalpur,7.6,low,46.1,0,DEMO_DATA,True
2022-04-20,gopalpur,7.9,low,46.3,0,DEMO_DATA,True
2022-04-21,gopalpur,7.7,low,46.2,0,DEMO_DATA,True
2022-04-22,gopalpur,9.0,low,47.2,1,DEMO_DATA,True
2022-04-23,gopalpur,7.7,low,46.1,0,DEMO_DATA,True
2022-04-24,gopalpur,8.4,low,46.7,1,DEMO_DATA,True
2022-04-25,gopalpur,10.3,low,48.3,1,DEMO_DATA,True
2022-04-26,gopalpur,11.4,low,49.1,1,DEMO_DATA,True
2022-04-27,gopalpur,12.5,low,50.0,1,DEMO_DATA,True
2022-04-28,gopalpur,10.5,low,48.4,1,DEMO_DATA,True
2022-04-29,gopalpur,9.6,low,47.7,1,DEMO_DATA,True
2022-04-30,gopalpur,11.1,low,48.9,1,DEMO_DATA,True
2022-05-01,gopalpur,13.0,low,50.4,1,DEMO_DATA,True
2022-05-02,gopalpur,15.4,low,52.3,1,DEMO_DATA,True
2022-05-03,gopalpur,19.2,low,55.3,2,DEMO_DATA,True
2022-05-04,gopalpur,19.7,low,55.8,2,DEMO_DATA,True
2022-05-05,gopalpur,20.0,low,56.0,2,DEMO_DATA,True
2022-05-06,gopalpur,16.8,low,53.4,2,DEMO_DATA,True
2022-05-07,gopalpur,17.9,low,54.3,2,DEMO_DATA,True
2022-05-08,gopalpur,14.4,low,51.5,1,DEMO_DATA,True
2022-05-09,gopalpur,15.4,low,52.3,1,DEMO_DATA,True
2022-05-10,gopalpur,14.8,low,51.9,1,DEMO_DATA,True
2022-05-11,gopalpur,16.1,low,52.9,2,DEMO_DATA,True
2022-05-12,gopalpur,15.3,low,52.3,1,DEMO_DATA,True
2022-05-13,gopalpur,15.4,low,52.3,1,DEMO_DATA,True
2022-05-14,gopalpur,14.1,low,51.3,1,DEMO_DATA,True
2022-05-15,gopalpur,13.6,low,50.8,1,DEMO_DATA,True
2022-05-16,gopalpur,14.7,low,51.8,1,DEMO_DATA,True
2022-05-17,gopalpur,17.3,low,53.8,2,DEMO_DATA,True
2022-05-18,gopalpur,14.9,low,51.9,1,DEMO_DATA,True
2022-05-19,gopalpur,15.9,low,52.7,1,DEMO_DATA,True
2022-05-20,gopalpur,17.4,low,53.9,2,DEMO_DATA,True
2022-05-21,gopalpur,16.5,low,53.2,2,DEMO_DATA,True
2022-05-22,gopalpur,19.2,low,55.4,2,DEMO_DATA,True
2022-05-23,gopalpur,22.9,low,58.3,2,DEMO_DATA,True
2022-05-24,gopalpur,24.8,medium,59.9,3,DEMO_DATA,True
2022-05-25,gopalpur,20.9,low,56.7,2,DEMO_DATA,True
2022-05-26,gopalpur,20.0,low,56.0,2,DEMO_DATA,True
2022-05-27,gopalpur,21.1,low,56.9,2,DEMO_DATA,True
2022-05-28,gopalpur,28.8,medium,63.0,3,DEMO_DATA,True
2022-05-29,gopalpur,29.9,medium,64.0,3,DEMO_DATA,True
2022-05-30,gopalpur,32.9,medium,66.3,4,DEMO_DATA,True
2022-05-31,gopalpur,29.8,medium,63.8,3,DEMO_DATA,True
2022-06-01,gopalpur,31.5,medium,65.2,3,DEMO_DATA,True
2022-06-02,gopalpur,26.6,medium,61.3,3,DEMO_DATA,True
2022-06-03,gopalpur,18.6,low,54.9,2,DEMO_DATA,True
2022-06-04,gopalpur,18.8,low,55.1,2,DEMO_DATA,True
2022-06-05,gopalpur,19.8,low,55.9,2,DEMO_DATA,True
2022-06-06,gopalpur,22.9,low,58.3,2,DEMO_DATA,True
2022-06-07,gopalpur,21.9,low,57.5,2,DEMO_DATA,True
2022-06-08,gopalpur,24.9,medium,59.9,3,DEMO_DATA,True
2022-06-09,gopalpur,22.5,low,58.0,2,DEMO_DATA,True
2022-06-10,gopalpur,18.8,low,55.0,2,DEMO_DATA,True
2022-06-11,gopalpur,18.6,low,54.9,2,DEMO_DATA,True
2022-06-12,gopalpur,16.0,low,52.8,2,DEMO_DATA,True
2022-06-13,gopalpur,16.6,low,53.3,2,DEMO_DATA,True
2022-06-14,gopalpur,16.1,low,52.9,2,DEMO_DATA,True
2022-06-15,gopalpur,18.1,low,54.4,2,DEMO_DATA,True
2022-06-16,gopalpur,18.8,low,55.1,2,DEMO_DATA,True
2022-06-17,gopalpur,18.2,low,54.6,2,DEMO_DATA,True
2022-06-18,gopalpur,15.7,low,52.6,1,DEMO_DATA,True
2022-06-19,gopalpur,14.5,low,51.6,1,DEMO_DATA,True
2022-06-20,gopalpur,15.0,low,52.0,1,DEMO_DATA,True
2022-06-21,gopalpur,16.6,low,53.3,2,DEMO_DATA,True
2022-06-22,gopalpur,15.9,low,52.7,1,DEMO_DATA,True
2022-06-23,gopalpur,16.3,low,53.1,2,DEMO_DATA,True
2022-06-24,gopalpur,15.7,low,52.5,1,DEMO_DATA,True
2022-06-25,gopalpur,16.1,low,52.9,2,DEMO_DATA,True
2022-06-26,gopalpur,17.8,low,54.2,2,DEMO_DATA,True
2022-06-27,gopalpur,21.6,low,57.3,2,DEMO_DATA,True
2022-06-28,gopalpur,21.8,low,57.4,2,DEMO_DATA,True
2022-06-29,gopalpur,19.8,low,55.8,2,DEMO_DATA,True
2022-06-30,gopalpur,16.3,low,53.1,2,DEMO_DATA,True
2022-07-01,gopalpur,18.7,low,54.9,2,DEMO_DATA,True
2022-07-02,gopalpur,16.3,low,53.1,2,DEMO_DATA,True
2022-07-03,gopalpur,19.8,low,55.9,2,DEMO_DATA,True
2022-07-04,gopalpur,27.0,medium,61.6,3,DEMO_DATA,True
2022-07-05,gopalpur,24.9,medium,59.9,3,DEMO_DATA,True
2022-07-06,gopalpur,29.6,medium,63.7,3,DEMO_DATA,True
2022-07-07,gopalpur,34.3,medium,67.5,4,DEMO_DATA,True
2022-07-08,gopalpur,36.6,medium,69.3,4,DEMO_DATA,True
2022-07-09,gopalpur,29.6,medium,63.7,3,DEMO_DATA,True
2022-07-10,gopalpur,36.3,medium,69.1,4,DEMO_DATA,True
2022-07-11,gopalpur,37.8,medium,70.2,4,DEMO_DATA,True
2022-07-12,gopalpur,41.8,medium,73.5,5,DEMO_DATA,True
2022-07-13,gopalpur,39.7,medium,71.7,4,DEMO_DATA,True
2022-07-14,gopalpur,31.1,medium,64.9,3,DEMO_DATA,True
2022-07-15,gopalpur,38.1,medium,70.5,4,DEMO_DATA,True
2022-07-16,gopalpur,43.0,medium,74.4,5,DEMO_DATA,True
2022-07-17,gopalpur,40.9,medium,72.7,5,DEMO_DATA,True
2022-07-18,gopalpur,44.2,medium,75.3,5,DEMO_DATA,True
2022-07-19,gopalpur,42.8,medium,74.2,5,DEMO_DATA,True
2022-07-20,gopalpur,46.4,medium,77.1,5,DEMO_DATA,True
2022-07-21,gopalpur,35.7,medium,68.6,4,DEMO_DATA,True
2022-07-22,gopalpur,36.5,medium,69.2,4,DEMO_DATA,True
2022-07-23,gopalpur,35.8,medium,68.6,4,DEMO_DATA,True
2022-07-24,gopalpur,36.5,medium,69.2,4,DEMO_DATA,True
2022-07-25,gopalpur,24.4,medium,59.5,3,DEMO_DATA,True
2022-07-26,gopalpur,21.2,low,57.0,2,DEMO_DATA,True
2022-07-27,gopalpur,22.4,low,57.9,2,DEMO_DATA,True
2022-07-28,gopalpur,27.1,medium,61.7,3,DEMO_DATA,True
2022-07-29,gopalpur,25.9,medium,60.7,3,DEMO_DATA,True
2022-07-30,gopalpur,20.3,low,56.3,2,DEMO_DATA,True
2022-07-31,gopalpur,18.0,low,54.4,2,DEMO_DATA,True
2022-08-01,gopalpur,16.5,low,53.2,2,DEMO_DATA,True
2022-08-02,gopalpur,22.2,low,57.7,2,DEMO_DATA,True
2022-08-03,gopalpur,21.7,low,57.4,2,DEMO_DATA,True
2022-08-04,gopalpur,23.0,low,58.4,2,DEMO_DATA,True
2022-08-05,gopalpur,28.2,medium,62.6,3,DEMO_DATA,True
2022-08-06,gopalpur,29.1,medium,63.3,3,DEMO_DATA,True
2022-08-07,gopalpur,22.8,low,58.3,2,DEMO_DATA,True
2022-08-08,gopalpur,26.4,medium,61.1,3,DEMO_DATA,True
2022-08-09,gopalpur,27.6,medium,62.1,3,DEMO_DATA,True
2022-08-10,gopalpur,24.2,medium,59.3,3,DEMO_DATA,True
2022-08-11,gopalpur,24.3,medium,59.4,3,DEMO_DATA,True
2022-08-12,gopalpur,20.6,low,56.5,2,DEMO_DATA,True
2022-08-13,gopalpur,20.6,low,56.5,2,DEMO_DATA,True
2022-08-14,gopalpur,19.9,low,55.9,2,DEMO_DATA,True
2022-08-15,gopalpur,19.6,low,55.7,2,DEMO_DATA,True
2022-08-16,gopalpur,18.0,low,54.4,2,DEMO_DATA,True
2022-08-17,gopalpur,18.9,low,55.1,2,DEMO_DATA,True
2022-08-18,gopalpur,20.7,low,56.6,2,DEMO_DATA,True
2022-08-19,gopalpur,17.5,low,54.0,2,DEMO_DATA,True
2022-08-20,gopalpur,16.8,low,53.5,2,DEMO_DATA,True
2022-08-21,gopalpur,18.1,low,54.5,2,DEMO_DATA,True
2022-08-22,gopalpur,16.7,low,53.4,2,DEMO_DATA,True
2022-08-23,gopalpur,18.3,low,54.6,2,DEMO_DATA,True
2022-08-24,gopalpur,22.1,low,57.7,2,DEMO_DATA,True
2022-08-25,gopalpur,21.4,low,57.1,2,DEMO_DATA,True
2022-08-26,gopalpur,25.3,medium,60.3,3,DEMO_DATA,True
2022-08-27,gopalpur,17.2,low,53.8,2,DEMO_DATA,True
2022-08-28,gopalpur,18.2,low,54.6,2,DEMO_DATA,True
2022-08-29,gopalpur,15.9,low,52.7,1,DEMO_DATA,True
2022-08-30,gopalpur,19.8,low,55.8,2,DEMO_DATA,True
2022-08-31,gopalpur,19.9,low,55.9,2,DEMO_DATA,True
2022-09-01,gopalpur,18.1,low,54.5,2,DEMO_DATA,True
2022-09-02,gopalpur,18.7,low,54.9,2,DEMO_DATA,True
2022-09-03,gopalpur,21.2,low,57.0,2,DEMO_DATA,True
2022-09-04,gopalpur,22.9,low,58.3,2,DEMO_DATA,True
2022-09-05,gopalpur,18.7,low,55.0,2,DEMO_DATA,True
2022-09-06,gopalpur,19.7,low,55.7,2,DEMO_DATA,True
2022-09-07,gopalpur,17.2,low,53.7,2,DEMO_DATA,True
2022-09-08,gopalpur,16.6,low,53.3,2,DEMO_DATA,True
2022-09-09,gopalpur,14.6,low,51.7,1,DEMO_DATA,True
2022-09-10,gopalpur,18.9,low,55.1,2,DEMO_DATA,True
2022-09-11,gopalpur,17.4,low,53.9,2,DEMO_DATA,True
2022-09-12,gopalpur,17.1,low,53.7,2,DEMO_DATA,True
2022-09-13,gopalpur,13.3,low,50.6,1,DEMO_DATA,True
2022-09-14,gopalpur,12.5,low,50.0,1,DEMO_DATA,True
2022-09-15,gopalpur,11.6,low,49.3,1,DEMO_DATA,True
2022-09-16,gopalpur,12.6,low,50.1,1,DEMO_DATA,True
2022-09-17,gopalpur,10.8,low,48.6,1,DEMO_DATA,True
2022-09-18,gopalpur,11.1,low,48.9,1,DEMO_DATA,True
2022-09-19,gopalpur,11.8,low,49.4,1,DEMO_DATA,True
2022-09-20,gopalpur,11.2,low,48.9,1,DEMO_DATA,True
2022-09-21,gopalpur,10.3,low,48.2,1,DEMO_DATA,True
2022-09-22,gopalpur,10.9,low,48.7,1,DEMO_DATA,True
2022-09-23,gopalpur,13.2,low,50.5,1,DEMO_DATA,True
2022-09-24,gopalpur,12.7,low,50.1,1,DEMO_DATA,True
2022-09-25,gopalpur,10.0,low,48.0,1,DEMO_DATA,True
2022-09-26,gopalpur,8.8,low,47.1,1,DEMO_DATA,True
2022-09-27,gopalpur,7.8,low,46.2,0,DEMO_DATA,True
2022-09-28,gopalpur,10.3,low,48.3,1,DEMO_DATA,True
2022-09-29,gopalpur,11.2,low,48.9,1,DEMO_DATA,True
2022-09-30,gopalpur,13.3,low,50.6,1,DEMO_DATA,True
2022-10-01,gopalpur,8.7,low,46.9,1,DEMO_DATA,True
2022-10-02,gopalpur,10.4,low,48.3,1,DEMO_DATA,True
2022-10-03,gopalpur,10.1,low,48.0,1,DEMO_DATA,True
2022-10-04,gopalpur,13.9,low,51.1,1,DEMO_DATA,True
2022-10-05,gopalpur,15.1,low,52.0,1,DEMO_DATA,True
2022-10-06,gopalpur,15.7,low,52.5,1,DEMO_DATA,True
2022-10-07,gopalpur,14.9,low,51.9,1,DEMO_DATA,True
2022-10-08,gopalpur,13.6,low,50.9,1,DEMO_DATA,True
2022-10-09,gopalpur,13.2,low,50.6,1,DEMO_DATA,True
2022-10-10,gopalpur,9.6,low,47.6,1,DEMO_DATA,True
2022-10-11,gopalpur,10.1,low,48.1,1,DEMO_DATA,True
2022-10-12,gopalpur,9.0,low,47.2,1,DEMO_DATA,True
2022-10-13,gopalpur,9.1,low,47.3,1,DEMO_DATA,True
2022-10-14,gopalpur,9.2,low,47.4,1,DEMO_DATA,True
2022-10-15,gopalpur,10.0,low,48.0,1,DEMO_DATA,True
2022-10-16,gopalpur,11.0,low,48.8,1,DEMO_DATA,True
2022-10-17,gopalpur,11.1,low,48.9,1,DEMO_DATA,True
2022-10-18,gopalpur,10.1,low,48.1,1,DEMO_DATA,True
2022-10-19,gopalpur,9.5,low,47.6,1,DEMO_DATA,True
2022-10-20,gopalpur,7.8,low,46.2,0,DEMO_DATA,True
2022-10-21,gopalpur,7.8,low,46.2,0,DEMO_DATA,True
2022-10-22,gopalpur,8.9,low,47.1,1,DEMO_DATA,True
2022-10-23,gopalpur,8.1,low,46.5,1,DEMO_DATA,True
2022-10-24,gopalpur,8.8,low,47.0,1,DEMO_DATA,True
2022-10-25,gopalpur,8.6,low,46.9,1,DEMO_DATA,True
2022-10-26,gopalpur,8.3,low,46.7,1,DEMO_DATA,True
2022-10-27,gopalpur,8.8,low,47.0,1,DEMO_DATA,True
2022-10-28,gopalpur,10.1,low,48.1,1,DEMO_DATA,True
2022-10-29,gopalpur,10.6,low,48.5,1,DEMO_DATA,True
2022-10-30,gopalpur,13.4,low,50.7,1,DEMO_DATA,True
2022-10-31,gopalpur,14.8,low,51.9,1,DEMO_DATA,True
2022-11-01,gopalpur,16.3,low,53.0,2,DEMO_DATA,True
2022-11-02,gopalpur,17.5,low,54.0,2,DEMO_DATA,True
2022-11-03,gopalpur,18.5,low,54.8,2,DEMO_DATA,True
2022-11-04,gopalpur,12.4,low,49.9,1,DEMO_DATA,True
2022-11-05,gopalpur,13.7,low,50.9,1,DEMO_DATA,True
2022-11-06,gopalpur,14.9,low,51.9,1,DEMO_DATA,True
2022-11-07,gopalpur,15.7,low,52.6,1,DEMO_DATA,True
2022-11-08,gopalpur,13.1,low,50.5,1,DEMO_DATA,True
2022-11-09,gopalpur,14.4,low,51.5,1,DEMO_DATA,True
2022-11-10,gopalpur,17.2,low,53.8,2,DEMO_DATA,True
2022-11-11,gopalpur,16.9,low,53.5,2,DEMO_DATA,True
2022-11-12,gopalpur,19.0,low,55.2,2,DEMO_DATA,True
2022-11-13,gopalpur,15.4,low,52.3,1,DEMO_DATA,True
2022-11-14,gopalpur,22.8,low,58.2,2,DEMO_DATA,True
2022-11-15,gopalpur,20.7,low,56.6,2,DEMO_DATA,True
2022-11-16,gopalpur,17.1,low,53.6,2,DEMO_DATA,True
2022-11-17,gopalpur,16.3,low,53.1,2,DEMO_DATA,True
2022-11-18,gopalpur,14.8,low,51.9,1,DEMO_DATA,True
2022-11-19,gopalpur,17.9,low,54.3,2,DEMO_DATA,True
2022-11-20,gopalpur,21.5,low,57.2,2,DEMO_DATA,True
2022-11-21,gopalpur,20.6,low,56.5,2,DEMO_DATA,True
2022-11-22,gopalpur,23.7,low,58.9,2,DEMO_DATA,True
2022-11-23,gopalpur,20.9,low,56.7,2,DEMO_DATA,True
2022-11-24,gopalpur,27.1,medium,61.7,3,DEMO_DATA,True
2022-11-25,gopalpur,26.2,medium,60.9,3,DEMO_DATA,True
2022-11-26,gopalpur,20.7,low,56.5,2,DEMO_DATA,True
2022-11-27,gopalpur,22.7,low,58.2,2,DEMO_DATA,True
2022-11-28,gopalpur,23.2,low,58.5,2,DEMO_DATA,True
2022-11-29,gopalpur,22.9,low,58.3,2,DEMO_DATA,True
2022-11-30,gopalpur,24.1,medium,59.3,3,DEMO_DATA,True
2022-12-01,gopalpur,23.9,low,59.1,2,DEMO_DATA,True
2022-12-02,gopalpur,23.0,low,58.4,2,DEMO_DATA,True
2022-12-03,gopalpur,21.8,low,57.4,2,DEMO_DATA,True
2022-12-04,gopalpur,22.2,low,57.7,2,DEMO_DATA,True
2022-12-05,gopalpur,18.4,low,54.7,2,DEMO_DATA,True
2022-12-06,gopalpur,17.1,low,53.6,2,DEMO_DATA,True
2022-12-07,gopalpur,14.0,low,51.2,1,DEMO_DATA,True
2022-12-08,gopalpur,13.5,low,50.8,1,DEMO_DATA,True
2022-12-09,gopalpur,11.8,low,49.4,1,DEMO_DATA,True
2022-12-10,gopalpur,13.6,low,50.9,1,DEMO_DATA,True
2022-12-11,gopalpur,17.0,low,53.6,2,DEMO_DATA,True
2022-12-12,gopalpur,17.7,low,54.1,2,DEMO_DATA,True
2022-12-13,gopalpur,19.4,low,55.6,2,DEMO_DATA,True
2022-12-14,gopalpur,21.0,low,56.8,2,DEMO_DATA,True
2022-12-15,gopalpur,19.1,low,55.3,2,DEMO_DATA,True
2022-12-16,gopalpur,19.8,low,55.9,2,DEMO_DATA,True
2022-12-17,gopalpur,13.3,low,50.7,1,DEMO_DATA,True
2022-12-18,gopalpur,16.1,low,52.8,2,DEMO_DATA,True
2022-12-19,gopalpur,16.9,low,53.5,2,DEMO_DATA,True
2022-12-20,gopalpur,18.0,low,54.4,2,DEMO_DATA,True
2022-12-21,gopalpur,16.4,low,53.1,2,DEMO_DATA,True
2022-12-22,gopalpur,21.4,low,57.1,2,DEMO_DATA,True
2022-12-23,gopalpur,20.2,low,56.2,2,DEMO_DATA,True
2022-12-24,gopalpur,19.5,low,55.6,2,DEMO_DATA,True
2022-12-25,gopalpur,16.1,low,52.9,2,DEMO_DATA,True
2022-12-26,gopalpur,18.2,low,54.6,2,DEMO_DATA,True
2022-12-27,gopalpur,15.1,low,52.1,1,DEMO_DATA,True
2022-12-28,gopalpur,15.8,low,52.6,1,DEMO_DATA,True
2022-12-29,gopalpur,13.9,low,51.1,1,DEMO_DATA,True
2022-12-30,gopalpur,16.5,low,53.2,2,DEMO_DATA,True
2022-12-31,gopalpur,20.0,low,56.0,2,DEMO_DATA,True
2023-01-01,gopalpur,12.1,low,49.7,1,DEMO_DATA,True
2023-01-02,gopalpur,12.0,low,49.6,1,DEMO_DATA,True
2023-01-03,gopalpur,12.8,low,50.2,1,DEMO_DATA,True
2023-01-04,gopalpur,13.5,low,50.8,1,DEMO_DATA,True
2023-01-05,gopalpur,13.4,low,50.7,1,DEMO_DATA,True
2023-01-06,gopalpur,12.4,low,49.9,1,DEMO_DATA,True
2023-01-07,gopalpur,12.5,low,50.0,1,DEMO_DATA,True
2023-01-08,gopalpur,13.7,low,51.0,1,DEMO_DATA,True
2023-01-09,gopalpur,14.2,low,51.4,1,DEMO_DATA,True
2023-01-10,gopalpur,13.3,low,50.6,1,DEMO_DATA,True
2023-01-11,gopalpur,14.5,low,51.6,1,DEMO_DATA,True
2023-01-12,gopalpur,16.1,low,52.9,2,DEMO_DATA,True
2023-01-13,gopalpur,15.4,low,52.3,1,DEMO_DATA,True
2023-01-14,gopalpur,16.3,low,53.0,2,DEMO_DATA,True
2023-01-15,gopalpur,12.9,low,50.3,1,DEMO_DATA,True
2023-01-16,gopalpur,14.0,low,51.2,1,DEMO_DATA,True
2023-01-17,gopalpur,17.4,low,53.9,2,DEMO_DATA,True
2023-01-18,gopalpur,17.9,low,54.3,2,DEMO_DATA,True
2023-01-19,gopalpur,17.9,low,54.3,2,DEMO_DATA,True
2023-01-20,gopalpur,18.1,low,54.5,2,DEMO_DATA,True
2023-01-21,gopalpur,22.4,low,57.9,2,DEMO_DATA,True
2023-01-22,gopalpur,25.4,medium,60.4,3,DEMO_DATA,True
2023-01-23,gopalpur,22.9,low,58.4,2,DEMO_DATA,True
2023-01-24,gopalpur,25.7,medium,60.5,3,DEMO_DATA,True
2023-01-25,gopalpur,24.7,medium,59.8,3,DEMO_DATA,True
2023-01-26,gopalpur,27.8,medium,62.3,3,DEMO_DATA,True
2023-01-27,gopalpur,26.6,medium,61.3,3,DEMO_DATA,True
2023-01-28,gopalpur,29.0,medium,63.2,3,DEMO_DATA,True
2023-01-29,gopalpur,25.3,medium,60.2,3,DEMO_DATA,True
2023-01-30,gopalpur,25.1,medium,60.1,3,DEMO_DATA,True
2023-01-31,gopalpur,24.7,medium,59.7,3,DEMO_DATA,True
2023-02-01,gopalpur,19.4,low,55.5,2,DEMO_DATA,True
2023-02-02,gopalpur,17.0,low,53.6,2,DEMO_DATA,True
2023-02-03,gopalpur,14.6,low,51.7,1,DEMO_DATA,True
2023-02-04,gopalpur,13.0,low,50.4,1,DEMO_DATA,True
2023-02-05,gopalpur,11.8,low,49.4,1,DEMO_DATA,True
2023-02-06,gopalpur,9.8,low,47.8,1,DEMO_DATA,True
2023-02-07,gopalpur,8.3,low,46.7,1,DEMO_DATA,True
2023-02-08,gopalpur,8.8,low,47.0,1,DEMO_DATA,True
2023-02-09,gopalpur,9.0,low,47.2,1,DEMO_DATA,True
2023-02-10,gopalpur,9.7,low,47.8,1,DEMO_DATA,True
2023-02-11,gopalpur,8.4,low,46.7,1,DEMO_DATA,True
2023-02-12,gopalpur,11.3,low,49.0,1,DEMO_DATA,True
2023-02-13,gopalpur,10.4,low,48.3,1,DEMO_DATA,True
2023-02-14,gopalpur,9.6,low,47.7,1,DEMO_DATA,True
2023-02-15,gopalpur,10.7,low,48.6,1,DEMO_DATA,True
2023-02-16,gopalpur,10.9,low,48.7,1,DEMO_DATA,True
2023-02-17,gopalpur,8.7,low,47.0,1,DEMO_DATA,True
2023-02-18,gopalpur,8.5,low,46.8,1,DEMO_DATA,True
2023-02-19,gopalpur,10.0,low,48.0,1,DEMO_DATA,True
2023-02-20,gopalpur,9.3,low,47.4,1,DEMO_DATA,True
2023-02-21,gopalpur,9.7,low,47.8,1,DEMO_DATA,True
2023-02-22,gopalpur,9.3,low,47.4,1,DEMO_DATA,True
2023-02-23,gopalpur,9.6,low,47.7,1,DEMO_DATA,True
2023-02-24,gopalpur,8.9,low,47.1,1,DEMO_DATA,True
2023-02-25,gopalpur,9.8,low,47.8,1,DEMO_DATA,True
2023-02-26,gopalpur,12.6,low,50.1,1,DEMO_DATA,True
2023-02-27,gopalpur,12.6,low,50.0,1,DEMO_DATA,True
2023-02-28,gopalpur,12.6,low,50.1,1,DEMO_DATA,True
2023-03-01,gopalpur,12.7,low,50.1,1,DEMO_DATA,True
2023-03-02,gopalpur,13.8,low,51.1,1,DEMO_DATA,True
2023-03-03,gopalpur,13.2,low,50.6,1,DEMO_DATA,True
2023-03-04,gopalpur,17.8,low,54.2,2,DEMO_DATA,True
2023-03-05,gopalpur,5.4,low,44.4,0,DEMO_DATA,True
2023-03-06,gopalpur,7.1,low,45.7,0,DEMO_DATA,True
2023-03-07,gopalpur,8.3,low,46.6,1,DEMO_DATA,True
2023-03-08,gopalpur,9.8,low,47.8,1,DEMO_DATA,True
2023-03-09,gopalpur,9.2,low,47.4,1,DEMO_DATA,True
2023-03-10,gopalpur,9.0,low,47.2,1,DEMO_DATA,True
2023-03-11,gopalpur,8.9,low,47.1,1,DEMO_DATA,True
2023-03-12,gopalpur,9.1,low,47.3,1,DEMO_DATA,True
2023-03-13,gopalpur,8.1,low,46.5,1,DEMO_DATA,True
2023-03-14,gopalpur,7.6,low,46.1,0,DEMO_DATA,True
2023-03-15,gopalpur,8.9,low,47.1,1,DEMO_DATA,True
2023-03-16,gopalpur,8.8,low,47.1,1,DEMO_DATA,True
2023-03-17,gopalpur,8.5,low,46.8,1,DEMO_DATA,True
2023-03-18,gopalpur,9.0,low,47.2,1,DEMO_DATA,True
2023-03-19,gopalpur,9.4,low,47.5,1,DEMO_DATA,True
2023-03-20,gopalpur,9.7,low,47.8,1,DEMO_DATA,True
2023-03-21,gopalpur,10.3,low,48.2,1,DEMO_DATA,True
2023-03-22,gopalpur,11.0,low,48.8,1,DEMO_DATA,True
2023-03-23,gopalpur,11.7,low,49.4,1,DEMO_DATA,True
2023-03-24,gopalpur,11.5,low,49.2,1,DEMO_DATA,True
2023-03-25,gopalpur,11.4,low,49.1,1,DEMO_DATA,True
2023-03-26,gopalpur,10.4,low,48.3,1,DEMO_DATA,True
2023-03-27,gopalpur,12.7,low,50.2,1,DEMO_DATA,True
2023-03-28,gopalpur,12.6,low,50.1,1,DEMO_DATA,True
2023-03-29,gopalpur,12.8,low,50.2,1,DEMO_DATA,True
2023-03-30,gopalpur,13.1,low,50.5,1,DEMO_DATA,True
2023-03-31,gopalpur,13.5,low,50.8,1,DEMO_DATA,True
2023-04-01,gopalpur,14.0,low,51.2,1,DEMO_DATA,True
2023-04-02,gopalpur,12.3,low,49.9,1,DEMO_DATA,True
2023-04-03,gopalpur,11.9,low,49.5,1,DEMO_DATA,True
2023-04-04,gopalpur,10.7,low,48.6,1,DEMO_DATA,True
2023-04-05,gopalpur,12.4,low,49.9,1,DEMO_DATA,True
2023-04-06,gopalpur,11.0,low,48.8,1,DEMO_DATA,True
2023-04-07,gopalpur,11.9,low,49.5,1,DEMO_DATA,True
2023-04-08,gopalpur,12.8,low,50.2,1,DEMO_DATA,True
2023-04-09,gopalpur,15.1,low,52.1,1,DEMO_DATA,True
2023-04-10,gopalpur,13.6,low,50.8,1,DEMO_DATA,True
2023-04-11,gopalpur,11.8,low,49.4,1,DEMO_DATA,True
2023-04-12,gopalpur,12.6,low,50.1,1,DEMO_DATA,True
2023-04-13,gopalpur,11.9,low,49.5,1,DEMO_DATA,True
2023-04-14,gopalpur,14.8,low,51.8,1,DEMO_DATA,True
2023-04-15,gopalpur,10.5,low,48.4,1,DEMO_DATA,True
2023-04-16,gopalpur,12.9,low,50.3,1,DEMO_DATA,True
2023-04-17,gopalpur,10.1,low,48.0,1,DEMO_DATA,True
2023-04-18,gopalpur,10.5,low,48.4,1,DEMO_DATA,True
2023-04-19,gopalpur,11.3,low,49.0,1,DEMO_DATA,True
2023-04-20,gopalpur,14.0,low,51.2,1,DEMO_DATA,True
2023-04-21,gopalpur,15.7,low,52.6,1,DEMO_DATA,True
2023-04-22,gopalpur,15.8,low,52.6,1,DEMO_DATA,True
2023-04-23,gopalpur,16.1,low,52.9,2,DEMO_DATA,True
2023-04-24,gopalpur,15.7,low,52.6,1,DEMO_DATA,True
2023-04-25,gopalpur,14.3,low,51.4,1,DEMO_DATA,True
2023-04-26,gopalpur,14.4,low,51.5,1,DEMO_DATA,True
2023-04-27,gopalpur,10.2,low,48.2,1,DEMO_DATA,True
2023-04-28,gopalpur,11.8,low,49.4,1,DEMO_DATA,True
2023-04-29,gopalpur,10.2,low,48.1,1,DEMO_DATA,True
2023-04-30,gopalpur,10.8,low,48.7,1,DEMO_DATA,True
2023-05-01,gopalpur,10.3,low,48.3,1,DEMO_DATA,True
2023-05-02,gopalpur,5.5,low,44.4,0,DEMO_DATA,True
2023-05-03,gopalpur,4.6,low,43.7,0,DEMO_DATA,True
2023-05-04,gopalpur,5.0,low,44.0,0,DEMO_DATA,True
2023-05-05,gopalpur,5.4,low,44.3,0,DEMO_DATA,True
2023-05-06,gopalpur,5.9,low,44.7,0,DEMO_DATA,True
2023-05-07,gopalpur,5.9,low,44.7,0,DEMO_DATA,True
2023-05-08,gopalpur,7.1,low,45.7,0,DEMO_DATA,True
2023-05-09,gopalpur,7.0,low,45.6,0,DEMO_DATA,True
2023-05-10,gopalpur,8.6,low,46.8,1,DEMO_DATA,True
2023-05-11,gopalpur,7.5,low,46.0,0,DEMO_DATA,True
2023-05-12,gopalpur,8.9,low,47.1,1,DEMO_DATA,True
2023-05-13,gopalpur,8.2,low,46.5,1,DEMO_DATA,True
2023-05-14,gopalpur,6.5,low,45.2,0,DEMO_DATA,True
2023-05-15,gopalpur,5.8,low,44.6,0,DEMO_DATA,True
2023-05-16,gopalpur,5.6,low,44.5,0,DEMO_DATA,True
2023-05-17,gopalpur,4.6,low,43.7,0,DEMO_DATA,True
2023-05-18,gopalpur,4.5,low,43.6,0,DEMO_DATA,True
2023-05-19,gopalpur,4.5,low,43.6,0,DEMO_DATA,True
2023-05-20,gopalpur,4.8,low,43.9,0,DEMO_DATA,True
2023-05-21,gopalpur,6.5,low,45.2,0,DEMO_DATA,True
2023-05-22,gopalpur,7.5,low,46.0,0,DEMO_DATA,True
2023-05-23,gopalpur,7.1,low,45.7,0,DEMO_DATA,True
2023-05-24,gopalpur,7.3,low,45.8,0,DEMO_DATA,True
2023-05-25,gopalpur,4.6,low,43.7,0,DEMO_DATA,True
2023-05-26,gopalpur,5.1,low,44.1,0,DEMO_DATA,True
2023-05-27,gopalpur,5.5,low,44.4,0,DEMO_DATA,True
2023-05-28,gopalpur,4.9,low,43.9,0,DEMO_DATA,True
2023-05-29,gopalpur,5.0,low,44.0,0,DEMO_DATA,True
2023-05-30,gopalpur,5.6,low,44.5,0,DEMO_DATA,True
2023-05-31,gopalpur,5.0,low,44.0,0,DEMO_DATA,True
2023-06-01,gopalpur,5.6,low,44.5,0,DEMO_DATA,True
2023-06-02,gopalpur,5.1,low,44.1,0,DEMO_DATA,True
2023-06-03,gopalpur,6.6,low,45.2,0,DEMO_DATA,True
2023-06-04,gopalpur,6.1,low,44.9,0,DEMO_DATA,True
2023-06-05,gopalpur,7.1,low,45.7,0,DEMO_DATA,True
2023-06-06,gopalpur,7.0,low,45.6,0,DEMO_DATA,True
2023-06-07,gopalpur,8.0,low,46.4,1,DEMO_DATA,True
2023-06-08,gopalpur,9.6,low,47.7,1,DEMO_DATA,True
2023-06-09,gopalpur,8.4,low,46.7,1,DEMO_DATA,True
2023-06-10,gopalpur,10.0,low,48.0,1,DEMO_DATA,True
2023-06-11,gopalpur,10.3,low,48.3,1,DEMO_DATA,True
2023-06-12,gopalpur,11.2,low,48.9,1,DEMO_DATA,True
2023-06-13,gopalpur,13.4,low,50.7,1,DEMO_DATA,True
2023-06-14,gopalpur,13.4,low,50.8,1,DEMO_DATA,True
2023-06-15,gopalpur,15.7,low,52.6,1,DEMO_DATA,True
2023-06-16,gopalpur,11.9,low,49.5,1,DEMO_DATA,True
2023-06-17,gopalpur,13.4,low,50.7,1,DEMO_DATA,True
2023-06-18,gopalpur,12.1,low,49.7,1,DEMO_DATA,True
2023-06-19,gopalpur,9.8,low,47.8,1,DEMO_DATA,True
2023-06-20,gopalpur,10.6,low,48.5,1,DEMO_DATA,True
2023-06-21,gopalpur,11.2,low,48.9,1,DEMO_DATA,True
2023-06-22,gopalpur,11.2,low,49.0,1,DEMO_DATA,True
2023-06-23,gopalpur,11.4,low,49.1,1,DEMO_DATA,True
2023-06-24,gopalpur,10.1,low,48.1,1,DEMO_DATA,True
2023-06-25,gopalpur,12.2,low,49.7,1,DEMO_DATA,True
2023-06-26,gopalpur,11.2,low,49.0,1,DEMO_DATA,True
2023-06-27,gopalpur,10.6,low,48.5,1,DEMO_DATA,True
2023-06-28,gopalpur,10.4,low,48.3,1,DEMO_DATA,True
2023-06-29,gopalpur,11.7,low,49.3,1,DEMO_DATA,True
2023-06-30,gopalpur,13.4,low,50.7,1,DEMO_DATA,True
2023-07-01,gopalpur,18.6,low,54.9,2,DEMO_DATA,True
2023-07-02,gopalpur,19.4,low,55.6,2,DEMO_DATA,True
2023-07-03,gopalpur,17.2,low,53.8,2,DEMO_DATA,True
2023-07-04,gopalpur,18.9,low,55.1,2,DEMO_DATA,True
2023-07-05,gopalpur,19.0,low,55.2,2,DEMO_DATA,True
2023-07-06,gopalpur,18.8,low,55.0,2,DEMO_DATA,True
2023-07-07,gopalpur,17.2,low,53.8,2,DEMO_DATA,True
2023-07-08,gopalpur,15.1,low,52.1,1,DEMO_DATA,True
2023-07-09,gopalpur,20.2,low,56.1,2,DEMO_DATA,True
2023-07-10,gopalpur,18.5,low,54.8,2,DEMO_DATA,True
2023-07-11,gopalpur,19.9,low,55.9,2,DEMO_DATA,True
2023-07-12,gopalpur,20.0,low,56.0,2,DEMO_DATA,True
2023-07-13,gopalpur,20.5,low,56.4,2,DEMO_DATA,True
2023-07-14,gopalpur,27.5,medium,62.0,3,DEMO_DATA,True
2023-07-15,gopalpur,25.8,medium,60.7,3,DEMO_DATA,True
2023-07-16,gopalpur,28.5,medium,62.8,3,DEMO_DATA,True
2023-07-17,gopalpur,22.7,low,58.2,2,DEMO_DATA,True
2023-07-18,gopalpur,24.5,medium,59.6,3,DEMO_DATA,True
2023-07-19,gopalpur,22.9,low,58.3,2,DEMO_DATA,True
2023-07-20,gopalpur,15.4,low,52.3,1,DEMO_DATA,True
2023-07-21,gopalpur,16.8,low,53.4,2,DEMO_DATA,True
2023-07-22,gopalpur,16.7,low,53.4,2,DEMO_DATA,True
2023-07-23,gopalpur,17.6,low,54.1,2,DEMO_DATA,True
2023-07-24,gopalpur,21.5,low,57.2,2,DEMO_DATA,True
2023-07-25,gopalpur,24.8,medium,59.8,3,DEMO_DATA,True
2023-07-26,gopalpur,28.2,medium,62.6,3,DEMO_DATA,True
2023-07-27,gopalpur,32.6,medium,66.0,4,DEMO_DATA,True
2023-07-28,gopalpur,28.2,medium,62.5,3,DEMO_DATA,True
2023-07-29,gopalpur,29.0,medium,63.2,3,DEMO_DATA,True
2023-07-30,gopalpur,28.7,medium,63.0,3,DEMO_DATA,True
2023-07-31,gopalpur,20.8,low,56.7,2,DEMO_DATA,True
2023-08-01,gopalpur,27.1,medium,61.7,3,DEMO_DATA,True
2023-08-02,gopalpur,33.0,medium,66.4,4,DEMO_DATA,True
2023-08-03,gopalpur,18.7,low,55.0,2,DEMO_DATA,True
2023-08-04,gopalpur,18.6,low,54.8,2,DEMO_DATA,True
2023-08-05,gopalpur,22.5,low,58.0,2,DEMO_DATA,True
2023-08-06,gopalpur,22.4,low,57.9,2,DEMO_DATA,True
2023-08-07,gopalpur,19.2,low,55.4,2,DEMO_DATA,True
2023-08-08,gopalpur,17.5,low,54.0,2,DEMO_DATA,True
2023-08-09,gopalpur,17.3,low,53.8,2,DEMO_DATA,True
2023-08-10,gopalpur,19.0,low,55.2,2,DEMO_DATA,True
2023-08-11,gopalpur,16.3,low,53.1,2,DEMO_DATA,True
2023-08-12,gopalpur,14.3,low,51.5,1,DEMO_DATA,True
2023-08-13,gopalpur,13.8,low,51.0,1,DEMO_DATA,True
2023-08-14,gopalpur,14.3,low,51.4,1,DEMO_DATA,True
2023-08-15,gopalpur,14.8,low,51.9,1,DEMO_DATA,True
2023-08-16,gopalpur,13.8,low,51.0,1,DEMO_DATA,True
2023-08-17,gopalpur,14.1,low,51.3,1,DEMO_DATA,True
2023-08-18,gopalpur,15.6,low,52.5,1,DEMO_DATA,True
2023-08-19,gopalpur,22.4,low,57.9,2,DEMO_DATA,True
2023-08-20,gopalpur,20.2,low,56.2,2,DEMO_DATA,True
2023-08-21,gopalpur,13.6,low,50.9,1,DEMO_DATA,True
2023-08-22,gopalpur,10.2,low,48.2,1,DEMO_DATA,True
2023-08-23,gopalpur,11.7,low,49.3,1,DEMO_DATA,True
2023-08-24,gopalpur,12.0,low,49.6,1,DEMO_DATA,True
2023-08-25,gopalpur,12.6,low,50.1,1,DEMO_DATA,True
2023-08-26,gopalpur,15.2,low,52.2,1,DEMO_DATA,True
2023-08-27,gopalpur,14.5,low,51.6,1,DEMO_DATA,True
2023-08-28,gopalpur,20.7,low,56.6,2,DEMO_DATA,True
2023-08-29,gopalpur,19.8,low,55.8,2,DEMO_DATA,True
2023-08-30,gopalpur,20.9,low,56.7,2,DEMO_DATA,True
2023-08-31,gopalpur,14.2,low,51.3,1,DEMO_DATA,True
2023-09-01,gopalpur,14.0,low,51.2,1,DEMO_DATA,True
2023-09-02,gopalpur,14.2,low,51.3,1,DEMO_DATA,True
2023-09-03,gopalpur,11.8,low,49.4,1,DEMO_DATA,True
2023-09-04,gopalpur,13.9,low,51.1,1,DEMO_DATA,True
2023-09-05,gopalpur,14.5,low,51.6,1,DEMO_DATA,True
2023-09-06,gopalpur,17.9,low,54.3,2,DEMO_DATA,True
2023-09-07,gopalpur,18.3,low,54.6,2,DEMO_DATA,True
2023-09-08,gopalpur,21.0,low,56.8,2,DEMO_DATA,True
2023-09-09,gopalpur,23.8,low,59.1,2,DEMO_DATA,True
2023-09-10,gopalpur,24.4,medium,59.5,3,DEMO_DATA,True
2023-09-11,gopalpur,28.3,medium,62.6,3,DEMO_DATA,True
2023-09-12,gopalpur,32.5,medium,66.0,4,DEMO_DATA,True
2023-09-13,gopalpur,34.9,medium,67.9,4,DEMO_DATA,True
2023-09-14,gopalpur,35.0,medium,68.0,4,DEMO_DATA,True
2023-09-15,gopalpur,35.0,medium,68.0,4,DEMO_DATA,True
2023-09-16,gopalpur,33.3,medium,66.7,4,DEMO_DATA,True
2023-09-17,gopalpur,36.5,medium,69.2,4,DEMO_DATA,True
2023-09-18,gopalpur,38.9,medium,71.1,4,DEMO_DATA,True
2023-09-19,gopalpur,31.0,medium,64.8,3,DEMO_DATA,True
2023-09-20,gopalpur,26.3,medium,61.1,3,DEMO_DATA,True
2023-09-21,gopalpur,31.6,medium,65.3,3,DEMO_DATA,True
2023-09-22,gopalpur,31.3,medium,65.1,3,DEMO_DATA,True
2023-09-23,gopalpur,26.6,medium,61.3,3,DEMO_DATA,True
2023-09-24,gopalpur,23.2,low,58.6,2,DEMO_DATA,True
2023-09-25,gopalpur,18.5,low,54.8,2,DEMO_DATA,True
2023-09-26,gopalpur,23.1,low,58.5,2,DEMO_DATA,True
2023-09-27,gopalpur,20.0,low,56.0,2,DEMO_DATA,True
2023-09-28,gopalpur,24.3,medium,59.4,3,DEMO_DATA,True
2023-09-29,gopalpur,23.1,low,58.4,2,DEMO_DATA,True
2023-09-30,gopalpur,31.7,medium,65.4,3,DEMO_DATA,True
2023-10-01,gopalpur,24.4,medium,59.5,3,DEMO_DATA,True
2023-10-02,gopalpur,23.2,low,58.6,2,DEMO_DATA,True
2023-10-03,gopalpur,24.1,medium,59.3,3,DEMO_DATA,True
2023-10-04,gopalpur,23.9,low,59.1,2,DEMO_DATA,True
2023-10-05,gopalpur,26.1,medium,60.9,3,DEMO_DATA,True
2023-10-06,gopalpur,24.4,medium,59.5,3,DEMO_DATA,True
2023-10-07,gopalpur,21.1,low,56.9,2,DEMO_DATA,True
2023-10-08,gopalpur,18.5,low,54.8,2,DEMO_DATA,True
2023-10-09,gopalpur,22.1,low,57.7,2,DEMO_DATA,True
2023-10-10,gopalpur,22.9,low,58.4,2,DEMO_DATA,True
2023-10-11,gopalpur,25.1,medium,60.1,3,DEMO_DATA,True
2023-10-12,gopalpur,26.7,medium,61.3,3,DEMO_DATA,True
2023-10-13,gopalpur,28.1,medium,62.5,3,DEMO_DATA,True
2023-10-14,gopalpur,26.8,medium,61.4,3,DEMO_DATA,True
2023-10-15,gopalpur,24.4,medium,59.5,3,DEMO_DATA,True
2023-10-16,gopalpur,19.9,low,55.9,2,DEMO_DATA,True
2023-10-17,gopalpur,20.0,low,56.0,2,DEMO_DATA,True
2023-10-18,gopalpur,18.7,low,55.0,2,DEMO_DATA,True
2023-10-19,gopalpur,19.0,low,55.2,2,DEMO_DATA,True
2023-10-20,gopalpur,19.3,low,55.5,2,DEMO_DATA,True
2023-10-21,gopalpur,18.5,low,54.8,2,DEMO_DATA,True
2023-10-22,gopalpur,21.0,low,56.8,2,DEMO_DATA,True
2023-10-23,gopalpur,23.4,low,58.7,2,DEMO_DATA,True
2023-10-24,gopalpur,20.8,low,56.6,2,DEMO_DATA,True
2023-10-25,gopalpur,20.6,low,56.5,2,DEMO_DATA,True
2023-10-26,gopalpur,24.0,medium,59.2,3,DEMO_DATA,True
2023-10-27,gopalpur,19.3,low,55.5,2,DEMO_DATA,True
2023-10-28,gopalpur,16.2,low,53.0,2,DEMO_DATA,True
2023-10-29,gopalpur,15.2,low,52.1,1,DEMO_DATA,True
2023-10-30,gopalpur,15.8,low,52.7,1,DEMO_DATA,True
2023-10-31,gopalpur,11.8,low,49.5,1,DEMO_DATA,True
2023-11-01,gopalpur,13.1,low,50.5,1,DEMO_DATA,True
2023-11-02,gopalpur,13.1,low,50.5,1,DEMO_DATA,True
2023-11-03,gopalpur,12.9,low,50.3,1,DEMO_DATA,True
2023-11-04,gopalpur,13.9,low,51.2,1,DEMO_DATA,True
2023-11-05,gopalpur,13.6,low,50.8,1,DEMO_DATA,True
2023-11-06,gopalpur,14.9,low,51.9,1,DEMO_DATA,True
2023-11-07,gopalpur,15.1,low,52.1,1,DEMO_DATA,True
2023-11-08,gopalpur,16.8,low,53.4,2,DEMO_DATA,True
2023-11-09,gopalpur,15.8,low,52.6,1,DEMO_DATA,True
2023-11-10,gopalpur,15.6,low,52.4,1,DEMO_DATA,True
2023-11-11,gopalpur,16.8,low,53.5,2,DEMO_DATA,True
2023-11-12,gopalpur,16.7,low,53.4,2,DEMO_DATA,True
2023-11-13,gopalpur,15.5,low,52.4,1,DEMO_DATA,True
2023-11-14,gopalpur,17.1,low,53.7,2,DEMO_DATA,True
2023-11-15,gopalpur,16.5,low,53.2,2,DEMO_DATA,True
2023-11-16,gopalpur,19.0,low,55.2,2,DEMO_DATA,True
2023-11-17,gopalpur,27.2,medium,61.8,3,DEMO_DATA,True
2023-11-18,gopalpur,28.0,medium,62.4,3,DEMO_DATA,True
2023-11-19,gopalpur,29.1,medium,63.3,3,DEMO_DATA,True
2023-11-20,gopalpur,20.9,low,56.7,2,DEMO_DATA,True
2023-11-21,gopalpur,15.6,low,52.5,1,DEMO_DATA,True
2023-11-22,gopalpur,14.9,low,51.9,1,DEMO_DATA,True
2023-11-23,gopalpur,11.8,low,49.4,1,DEMO_DATA,True
2023-11-24,gopalpur,9.7,low,47.8,1,DEMO_DATA,True
2023-11-25,gopalpur,8.6,low,46.9,1,DEMO_DATA,True
2023-11-26,gopalpur,8.6,low,46.9,1,DEMO_DATA,True
2023-11-27,gopalpur,9.0,low,47.2,1,DEMO_DATA,True
2023-11-28,gopalpur,8.8,low,47.1,1,DEMO_DATA,True
2023-11-29,gopalpur,10.4,low,48.3,1,DEMO_DATA,True
2023-11-30,gopalpur,9.8,low,47.8,1,DEMO_DATA,True
2023-12-01,gopalpur,7.6,low,46.1,0,DEMO_DATA,True
2023-12-02,gopalpur,8.0,low,46.4,0,DEMO_DATA,True
2023-12-03,gopalpur,8.9,low,47.1,1,DEMO_DATA,True
2023-12-04,gopalpur,9.3,low,47.5,1,DEMO_DATA,True
2023-12-05,gopalpur,9.5,low,47.6,1,DEMO_DATA,True
2023-12-06,gopalpur,9.7,low,47.8,1,DEMO_DATA,True
2023-12-07,gopalpur,11.0,low,48.8,1,DEMO_DATA,True
2023-12-08,gopalpur,11.4,low,49.1,1,DEMO_DATA,True
2023-12-09,gopalpur,12.7,low,50.2,1,DEMO_DATA,True
2023-12-10,gopalpur,11.8,low,49.4,1,DEMO_DATA,True
2023-12-11,gopalpur,12.3,low,49.8,1,DEMO_DATA,True
2023-12-12,gopalpur,10.9,low,48.7,1,DEMO_DATA,True
2023-12-13,gopalpur,11.9,low,49.5,1,DEMO_DATA,True
2023-12-14,gopalpur,10.4,low,48.3,1,DEMO_DATA,True
2023-12-15,gopalpur,9.0,low,47.2,1,DEMO_DATA,True
2023-12-16,gopalpur,9.3,low,47.4,1,DEMO_DATA,True
2023-12-17,gopalpur,10.1,low,48.1,1,DEMO_DATA,True
2023-12-18,gopalpur,10.3,low,48.3,1,DEMO_DATA,True
2023-12-19,gopalpur,10.3,low,48.2,1,DEMO_DATA,True
2023-12-20,gopalpur,11.2,low,48.9,1,DEMO_DATA,True
2023-12-21,gopalpur,16.0,low,52.8,2,DEMO_DATA,True
2023-12-22,gopalpur,17.6,low,54.1,2,DEMO_DATA,True
2023-12-23,gopalpur,17.4,low,53.9,2,DEMO_DATA,True
2023-12-24,gopalpur,16.0,low,52.8,1,DEMO_DATA,True
2023-12-25,gopalpur,19.0,low,55.2,2,DEMO_DATA,True
2023-12-26,gopalpur,21.2,low,56.9,2,DEMO_DATA,True
2023-12-27,gopalpur,24.3,medium,59.4,3,DEMO_DATA,True
2023-12-28,gopalpur,19.7,low,55.8,2,DEMO_DATA,True
2023-12-29,gopalpur,19.9,low,55.9,2,DEMO_DATA,True
2023-12-30,gopalpur,20.0,low,56.0,2,DEMO_DATA,True
2023-12-31,gopalpur,20.6,low,56.5,2,DEMO_DATA,True
2024-01-01,gopalpur,21.0,low,56.8,2,DEMO_DATA,True
2024-01-02,gopalpur,23.8,low,59.0,2,DEMO_DATA,True
2024-01-03,gopalpur,20.9,low,56.7,2,DEMO_DATA,True
2024-01-04,gopalpur,21.7,low,57.3,2,DEMO_DATA,True
2024-01-05,gopalpur,21.7,low,57.3,2,DEMO_DATA,True
2024-01-06,gopalpur,21.0,low,56.8,2,DEMO_DATA,True
2024-01-07,gopalpur,19.3,low,55.5,2,DEMO_DATA,True
2024-01-08,gopalpur,19.1,low,55.3,2,DEMO_DATA,True
2024-01-09,gopalpur,18.9,low,55.1,2,DEMO_DATA,True
2024-01-10,gopalpur,20.9,low,56.7,2,DEMO_DATA,True
2024-01-11,gopalpur,17.4,low,53.9,2,DEMO_DATA,True
2024-01-12,gopalpur,16.4,low,53.1,2,DEMO_DATA,True
2024-01-13,gopalpur,16.0,low,52.8,2,DEMO_DATA,True
2024-01-14,gopalpur,18.6,low,54.9,2,DEMO_DATA,True
2024-01-15,gopalpur,20.8,low,56.6,2,DEMO_DATA,True
2024-01-16,gopalpur,20.3,low,56.2,2,DEMO_DATA,True
2024-01-17,gopalpur,18.4,low,54.7,2,DEMO_DATA,True
2024-01-18,gopalpur,13.3,low,50.6,1,DEMO_DATA,True
2024-01-19,gopalpur,12.3,low,49.8,1,DEMO_DATA,True
2024-01-20,gopalpur,13.7,low,51.0,1,DEMO_DATA,True
2024-01-21,gopalpur,14.4,low,51.5,1,DEMO_DATA,True
2024-01-22,gopalpur,16.4,low,53.2,2,DEMO_DATA,True
2024-01-23,gopalpur,13.3,low,50.7,1,DEMO_DATA,True
2024-01-24,gopalpur,18.8,low,55.0,2,DEMO_DATA,True
2024-01-25,gopalpur,22.2,low,57.8,2,DEMO_DATA,True
2024-01-26,gopalpur,22.3,low,57.9,2,DEMO_DATA,True
2024-01-27,gopalpur,25.8,medium,60.6,3,DEMO_DATA,True
2024-01-28,gopalpur,23.2,low,58.6,2,DEMO_DATA,True
2024-01-29,gopalpur,21.2,low,56.9,2,DEMO_DATA,True
2024-01-30,gopalpur,20.3,low,56.2,2,DEMO_DATA,True
2024-01-31,gopalpur,22.4,low,57.9,2,DEMO_DATA,True
2024-02-01,gopalpur,20.0,low,56.0,2,DEMO_DATA,True
2024-02-02,gopalpur,17.8,low,54.2,2,DEMO_DATA,True
2024-02-03,gopalpur,12.6,low,50.1,1,DEMO_DATA,True
2024-02-04,gopalpur,12.8,low,50.2,1,DEMO_DATA,True
2024-02-05,gopalpur,12.9,low,50.3,1,DEMO_DATA,True
2024-02-06,gopalpur,13.7,low,51.0,1,DEMO_DATA,True
2024-02-07,gopalpur,12.0,low,49.6,1,DEMO_DATA,True
2024-02-08,gopalpur,12.4,low,49.9,1,DEMO_DATA,True
2024-02-09,gopalpur,13.9,low,51.1,1,DEMO_DATA,True
2024-02-10,gopalpur,13.4,low,50.7,1,DEMO_DATA,True
2024-02-11,gopalpur,11.6,low,49.3,1,DEMO_DATA,True
2024-02-12,gopalpur,11.9,low,49.5,1,DEMO_DATA,True
2024-02-13,gopalpur,11.2,low,48.9,1,DEMO_DATA,True
2024-02-14,gopalpur,10.5,low,48.4,1,DEMO_DATA,True
2024-02-15,gopalpur,9.7,low,47.7,1,DEMO_DATA,True
2024-02-16,gopalpur,8.5,low,46.8,1,DEMO_DATA,True
2024-02-17,gopalpur,8.8,low,47.1,1,DEMO_DATA,True
2024-02-18,gopalpur,9.2,low,47.3,1,DEMO_DATA,True
2024-02-19,gopalpur,10.6,low,48.5,1,DEMO_DATA,True
2024-02-20,gopalpur,9.3,low,47.4,1,DEMO_DATA,True
2024-02-21,gopalpur,11.7,low,49.4,1,DEMO_DATA,True
2024-02-22,gopalpur,10.6,low,48.5,1,DEMO_DATA,True
2024-02-23,gopalpur,11.8,low,49.5,1,DEMO_DATA,True
2024-02-24,gopalpur,12.7,low,50.2,1,DEMO_DATA,True
2024-02-25,gopalpur,13.1,low,50.4,1,DEMO_DATA,True
2024-02-26,gopalpur,14.4,low,51.5,1,DEMO_DATA,True
2024-02-27,gopalpur,17.7,low,54.2,2,DEMO_DATA,True
2024-02-28,gopalpur,15.7,low,52.6,1,DEMO_DATA,True
2024-02-29,gopalpur,18.2,low,54.6,2,DEMO_DATA,True
2024-03-01,gopalpur,27.1,medium,61.6,3,DEMO_DATA,True
2024-03-02,gopalpur,23.6,low,58.8,2,DEMO_DATA,True
2024-03-03,gopalpur,20.2,low,56.1,2,DEMO_DATA,True
2024-03-04,gopalpur,17.9,low,54.3,2,DEMO_DATA,True
2024-03-05,gopalpur,18.6,low,54.9,2,DEMO_DATA,True
2024-03-06,gopalpur,20.3,low,56.3,2,DEMO_DATA,True
2024-03-07,gopalpur,18.8,low,55.0,2,DEMO_DATA,True
2024-03-08,gopalpur,16.2,low,53.0,2,DEMO_DATA,True
2024-03-09,gopalpur,16.9,low,53.6,2,DEMO_DATA,True
2024-03-10,gopalpur,17.3,low,53.8,2,DEMO_DATA,True
2024-03-11,gopalpur,17.8,low,54.2,2,DEMO_DATA,True
2024-03-12,gopalpur,18.4,low,54.7,2,DEMO_DATA,True
2024-03-13,gopalpur,21.0,low,56.8,2,DEMO_DATA,True
2024-03-14,gopalpur,20.0,low,56.0,2,DEMO_DATA,True
2024-03-15,gopalpur,20.2,low,56.1,2,DEMO_DATA,True
2024-03-16,gopalpur,16.1,low,52.9,2,DEMO_DATA,True
2024-03-17,gopalpur,14.4,low,51.5,1,DEMO_DATA,True
2024-03-18,gopalpur,13.9,low,51.1,1,DEMO_DATA,True
2024-03-19,gopalpur,10.5,low,48.4,1,DEMO_DATA,True
2024-03-20,gopalpur,9.4,low,47.5,1,DEMO_DATA,True
2024-03-21,gopalpur,9.9,low,47.9,1,DEMO_DATA,True
2024-03-22,gopalpur,8.5,low,46.8,1,DEMO_DATA,True
2024-03-23,gopalpur,11.3,low,49.0,1,DEMO_DATA,True
2024-03-24,gopalpur,10.2,low,48.1,1,DEMO_DATA,True
2024-03-25,gopalpur,11.1,low,48.8,1,DEMO_DATA,True
2024-03-26,gopalpur,10.8,low,48.7,1,DEMO_DATA,True
2024-03-27,gopalpur,10.9,low,48.8,1,DEMO_DATA,True
2024-03-28,gopalpur,10.7,low,48.6,1,DEMO_DATA,True
2024-03-29,gopalpur,10.9,low,48.7,1,DEMO_DATA,True
2024-03-30,gopalpur,13.4,low,50.7,1,DEMO_DATA,True
2024-03-31,gopalpur,15.7,low,52.6,1,DEMO_DATA,True
2024-04-01,gopalpur,16.4,low,53.1,2,DEMO_DATA,True
2024-04-02,gopalpur,13.8,low,51.1,1,DEMO_DATA,True
2024-04-03,gopalpur,14.3,low,51.4,1,DEMO_DATA,True
2024-04-04,gopalpur,16.7,low,53.4,2,DEMO_DATA,True
2024-04-05,gopalpur,17.0,low,53.6,2,DEMO_DATA,True
2024-04-06,gopalpur,17.2,low,53.8,2,DEMO_DATA,True
2024-04-07,gopalpur,18.0,low,54.4,2,DEMO_DATA,True
2024-04-08,gopalpur,18.9,low,55.1,2,DEMO_DATA,True
2024-04-09,gopalpur,20.3,low,56.3,2,DEMO_DATA,True
2024-04-10,gopalpur,19.8,low,55.8,2,DEMO_DATA,True
2024-04-11,gopalpur,18.7,low,55.0,2,DEMO_DATA,True
2024-04-12,gopalpur,17.9,low,54.3,2,DEMO_DATA,True
2024-04-13,gopalpur,17.1,low,53.6,2,DEMO_DATA,True
2024-04-14,gopalpur,19.0,low,55.2,2,DEMO_DATA,True
2024-04-15,gopalpur,16.3,low,53.1,2,DEMO_DATA,True
2024-04-16,gopalpur,15.6,low,52.5,1,DEMO_DATA,True
2024-04-17,gopalpur,19.0,low,55.2,2,DEMO_DATA,True
2024-04-18,gopalpur,19.9,low,55.9,2,DEMO_DATA,True
2024-04-19,gopalpur,16.8,low,53.5,2,DEMO_DATA,True
2024-04-20,gopalpur,13.2,low,50.5,1,DEMO_DATA,True
2024-04-21,gopalpur,13.7,low,50.9,1,DEMO_DATA,True
2024-04-22,gopalpur,13.3,low,50.6,1,DEMO_DATA,True
2024-04-23,gopalpur,11.2,low,49.0,1,DEMO_DATA,True
2024-04-24,gopalpur,11.3,low,49.1,1,DEMO_DATA,True
2024-04-25,gopalpur,12.5,low,50.0,1,DEMO_DATA,True
2024-04-26,gopalpur,12.3,low,49.8,1,DEMO_DATA,True
2024-04-27,gopalpur,10.7,low,48.6,1,DEMO_DATA,True
2024-04-28,gopalpur,11.8,low,49.4,1,DEMO_DATA,True
2024-04-29,gopalpur,11.1,low,48.9,1,DEMO_DATA,True
2024-04-30,gopalpur,10.2,low,48.1,1,DEMO_DATA,True
2024-05-01,gopalpur,13.5,low,50.8,1,DEMO_DATA,True
2024-05-02,gopalpur,13.2,low,50.6,1,DEMO_DATA,True
2024-05-03,gopalpur,14.8,low,51.8,1,DEMO_DATA,True
2024-05-04,gopalpur,18.4,low,54.7,2,DEMO_DATA,True
2024-05-05,gopalpur,19.8,low,55.9,2,DEMO_DATA,True
2024-05-06,gopalpur,19.4,low,55.5,2,DEMO_DATA,True
2024-05-07,gopalpur,20.0,low,56.0,2,DEMO_DATA,True
2024-05-08,gopalpur,17.5,low,54.0,2,DEMO_DATA,True
2024-05-09,gopalpur,16.2,low,52.9,2,DEMO_DATA,True
2024-05-10,gopalpur,15.8,low,52.7,1,DEMO_DATA,True
2024-05-11,gopalpur,18.4,low,54.7,2,DEMO_DATA,True
2024-05-12,gopalpur,22.0,low,57.6,2,DEMO_DATA,True
2024-05-13,gopalpur,21.0,low,56.8,2,DEMO_DATA,True
2024-05-14,gopalpur,22.0,low,57.6,2,DEMO_DATA,True
2024-05-15,gopalpur,26.7,medium,61.3,3,DEMO_DATA,True
2024-05-16,gopalpur,19.0,low,55.2,2,DEMO_DATA,True
2024-05-17,gopalpur,15.8,low,52.7,1,DEMO_DATA,True
2024-05-18,gopalpur,19.6,low,55.7,2,DEMO_DATA,True
2024-05-19,gopalpur,23.2,low,58.6,2,DEMO_DATA,True
2024-05-20,gopalpur,15.8,low,52.6,1,DEMO_DATA,True
2024-05-21,gopalpur,13.7,low,51.0,1,DEMO_DATA,True
2024-05-22,gopalpur,9.9,low,47.9,1,DEMO_DATA,True
2024-05-23,gopalpur,9.9,low,47.9,1,DEMO_DATA,True
2024-05-24,gopalpur,10.2,low,48.2,1,DEMO_DATA,True
2024-05-25,gopalpur,9.0,low,47.2,1,DEMO_DATA,True
2024-05-26,gopalpur,10.3,low,48.3,1,DEMO_DATA,True
2024-05-27,gopalpur,10.2,low,48.2,1,DEMO_DATA,True
2024-05-28,gopalpur,8.3,low,46.6,1,DEMO_DATA,True
2024-05-29,gopalpur,8.7,low,46.9,1,DEMO_DATA,True
2024-05-30,gopalpur,9.0,low,47.2,1,DEMO_DATA,True
2024-05-31,gopalpur,9.0,low,47.2,1,DEMO_DATA,True
2024-06-01,gopalpur,8.6,low,46.9,1,DEMO_DATA,True
2024-06-02,gopalpur,8.2,low,46.5,1,DEMO_DATA,True
2024-06-03,gopalpur,8.5,low,46.8,1,DEMO_DATA,True
2024-06-04,gopalpur,9.4,low,47.5,1,DEMO_DATA,True
2024-06-05,gopalpur,8.3,low,46.6,1,DEMO_DATA,True
2024-06-06,gopalpur,7.3,low,45.9,0,DEMO_DATA,True
2024-06-07,gopalpur,6.2,low,45.0,0,DEMO_DATA,True
2024-06-08,gopalpur,5.6,low,44.5,0,DEMO_DATA,True
2024-06-09,gopalpur,6.8,low,45.4,0,DEMO_DATA,True
2024-06-10,gopalpur,4.5,low,43.6,0,DEMO_DATA,True
2024-06-11,gopalpur,4.5,low,43.6,0,DEMO_DATA,True
2024-06-12,gopalpur,4.7,low,43.8,0,DEMO_DATA,True
2024-06-13,gopalpur,4.9,low,44.0,0,DEMO_DATA,True
2024-06-14,gopalpur,5.4,low,44.3,0,DEMO_DATA,True
2024-06-15,gopalpur,4.8,low,43.9,0,DEMO_DATA,True
2024-06-16,gopalpur,4.5,low,43.6,0,DEMO_DATA,True
2024-06-17,gopalpur,4.7,low,43.7,0,DEMO_DATA,True
2024-06-18,gopalpur,5.4,low,44.4,0,DEMO_DATA,True
2024-06-19,gopalpur,6.3,low,45.1,0,DEMO_DATA,True
2024-06-20,gopalpur,4.5,low,43.6,0,DEMO_DATA,True
2024-06-21,gopalpur,5.3,low,44.3,0,DEMO_DATA,True
2024-06-22,gopalpur,5.8,low,44.7,0,DEMO_DATA,True
2024-06-23,gopalpur,6.4,low,45.1,0,DEMO_DATA,True
2024-06-24,gopalpur,6.7,low,45.4,0,DEMO_DATA,True
2024-06-25,gopalpur,4.5,low,43.6,0,DEMO_DATA,True
2024-06-26,gopalpur,5.5,low,44.4,0,DEMO_DATA,True
2024-06-27,gopalpur,5.7,low,44.5,0,DEMO_DATA,True
2024-06-28,gopalpur,7.5,low,46.0,0,DEMO_DATA,True
2024-06-29,gopalpur,7.5,low,46.0,0,DEMO_DATA,True
2024-06-30,gopalpur,7.1,low,45.7,0,DEMO_DATA,True
2024-07-01,gopalpur,10.0,low,48.0,1,DEMO_DATA,True
2024-07-02,gopalpur,10.4,low,48.3,1,DEMO_DATA,True
2024-07-03,gopalpur,13.5,low,50.8,1,DEMO_DATA,True
2024-07-04,gopalpur,16.1,low,52.9,2,DEMO_DATA,True
2024-07-05,gopalpur,14.5,low,51.6,1,DEMO_DATA,True
2024-07-06,gopalpur,13.3,low,50.6,1,DEMO_DATA,True
2024-07-07,gopalpur,14.8,low,51.9,1,DEMO_DATA,True
2024-07-08,gopalpur,15.7,low,52.5,1,DEMO_DATA,True
2024-07-09,gopalpur,17.2,low,53.7,2,DEMO_DATA,True
2024-07-10,gopalpur,18.3,low,54.6,2,DEMO_DATA,True
2024-07-11,gopalpur,18.1,low,54.5,2,DEMO_DATA,True
2024-07-12,gopalpur,15.0,low,52.0,1,DEMO_DATA,True
2024-07-13,gopalpur,14.4,low,51.5,1,DEMO_DATA,True
2024-07-14,gopalpur,16.6,low,53.2,2,DEMO_DATA,True
2024-07-15,gopalpur,18.3,low,54.6,2,DEMO_DATA,True
2024-07-16,gopalpur,19.9,low,55.9,2,DEMO_DATA,True
2024-07-17,gopalpur,15.6,low,52.5,1,DEMO_DATA,True
2024-07-18,gopalpur,18.6,low,54.9,2,DEMO_DATA,True
2024-07-19,gopalpur,16.4,low,53.2,2,DEMO_DATA,True
2024-07-20,gopalpur,18.5,low,54.8,2,DEMO_DATA,True
2024-07-21,gopalpur,16.3,low,53.1,2,DEMO_DATA,True
2024-07-22,gopalpur,15.6,low,52.4,1,DEMO_DATA,True
2024-07-23,gopalpur,16.6,low,53.3,2,DEMO_DATA,True
2024-07-24,gopalpur,19.7,low,55.7,2,DEMO_DATA,True
2024-07-25,gopalpur,20.5,low,56.4,2,DEMO_DATA,True
2024-07-26,gopalpur,16.6,low,53.3,2,DEMO_DATA,True
2024-07-27,gopalpur,17.1,low,53.7,2,DEMO_DATA,True
2024-07-28,gopalpur,13.9,low,51.1,1,DEMO_DATA,True
2024-07-29,gopalpur,13.5,low,50.8,1,DEMO_DATA,True
2024-07-30,gopalpur,14.0,low,51.2,1,DEMO_DATA,True
2024-07-31,gopalpur,13.6,low,50.9,1,DEMO_DATA,True
2024-08-01,gopalpur,10.9,low,48.7,1,DEMO_DATA,True
2024-08-02,gopalpur,10.7,low,48.5,1,DEMO_DATA,True
2024-08-03,gopalpur,15.7,low,52.6,1,DEMO_DATA,True
2024-08-04,gopalpur,18.9,low,55.1,2,DEMO_DATA,True
2024-08-05,gopalpur,13.2,low,50.6,1,DEMO_DATA,True
2024-08-06,gopalpur,13.8,low,51.1,1,DEMO_DATA,True
2024-08-07,gopalpur,13.0,low,50.4,1,DEMO_DATA,True
2024-08-08,gopalpur,15.0,low,52.0,1,DEMO_DATA,True
2024-08-09,gopalpur,15.3,low,52.3,1,DEMO_DATA,True
2024-08-10,gopalpur,13.7,low,50.9,1,DEMO_DATA,True
2024-08-11,gopalpur,17.3,low,53.9,2,DEMO_DATA,True
2024-08-12,gopalpur,15.1,low,52.1,1,DEMO_DATA,True
2024-08-13,gopalpur,14.3,low,51.4,1,DEMO_DATA,True
2024-08-14,gopalpur,13.4,low,50.7,1,DEMO_DATA,True
2024-08-15,gopalpur,13.2,low,50.5,1,DEMO_DATA,True
2024-08-16,gopalpur,12.7,low,50.1,1,DEMO_DATA,True
2024-08-17,gopalpur,15.6,low,52.5,1,DEMO_DATA,True
2024-08-18,gopalpur,17.1,low,53.7,2,DEMO_DATA,True
2024-08-19,gopalpur,15.0,low,52.0,1,DEMO_DATA,True
2024-08-20,gopalpur,15.7,low,52.6,1,DEMO_DATA,True
2024-08-21,gopalpur,16.4,low,53.1,2,DEMO_DATA,True
2024-08-22,gopalpur,18.3,low,54.6,2,DEMO_DATA,True
2024-08-23,gopalpur,14.2,low,51.3,1,DEMO_DATA,True
2024-08-24,gopalpur,12.2,low,49.8,1,DEMO_DATA,True
2024-08-25,gopalpur,19.5,low,55.6,2,DEMO_DATA,True
2024-08-26,gopalpur,17.3,low,53.9,2,DEMO_DATA,True
2024-08-27,gopalpur,18.1,low,54.5,2,DEMO_DATA,True
2024-08-28,gopalpur,18.4,low,54.8,2,DEMO_DATA,True
2024-08-29,gopalpur,17.2,low,53.7,2,DEMO_DATA,True
2024-08-30,gopalpur,17.1,low,53.7,2,DEMO_DATA,True
2024-08-31,gopalpur,18.8,low,55.0,2,DEMO_DATA,True
2024-09-01,gopalpur,20.8,low,56.7,2,DEMO_DATA,True
2024-09-02,gopalpur,17.6,low,54.1,2,DEMO_DATA,True
2024-09-03,gopalpur,14.9,low,51.9,1,DEMO_DATA,True
2024-09-04,gopalpur,14.7,low,51.8,1,DEMO_DATA,True
2024-09-05,gopalpur,18.1,low,54.5,2,DEMO_DATA,True
2024-09-06,gopalpur,18.7,low,55.0,2,DEMO_DATA,True
2024-09-07,gopalpur,18.0,low,54.4,2,DEMO_DATA,True
2024-09-08,gopalpur,17.2,low,53.8,2,DEMO_DATA,True
2024-09-09,gopalpur,16.7,low,53.4,2,DEMO_DATA,True
2024-09-10,gopalpur,13.6,low,50.8,1,DEMO_DATA,True
2024-09-11,gopalpur,14.3,low,51.4,1,DEMO_DATA,True
2024-09-12,gopalpur,16.7,low,53.4,2,DEMO_DATA,True
2024-09-13,gopalpur,14.6,low,51.7,1,DEMO_DATA,True
2024-09-14,gopalpur,13.3,low,50.6,1,DEMO_DATA,True
2024-09-15,gopalpur,17.9,low,54.3,2,DEMO_DATA,True
2024-09-16,gopalpur,15.4,low,52.3,1,DEMO_DATA,True
2024-09-17,gopalpur,19.5,low,55.6,2,DEMO_DATA,True
2024-09-18,gopalpur,18.5,low,54.8,2,DEMO_DATA,True
2024-09-19,gopalpur,22.3,low,57.9,2,DEMO_DATA,True
2024-09-20,gopalpur,18.8,low,55.1,2,DEMO_DATA,True
2024-09-21,gopalpur,13.4,low,50.7,1,DEMO_DATA,True
2024-09-22,gopalpur,15.9,low,52.7,1,DEMO_DATA,True
2024-09-23,gopalpur,17.2,low,53.7,2,DEMO_DATA,True
2024-09-24,gopalpur,14.2,low,51.3,1,DEMO_DATA,True
2024-09-25,gopalpur,12.5,low,50.0,1,DEMO_DATA,True
2024-09-26,gopalpur,11.6,low,49.2,1,DEMO_DATA,True
2024-09-27,gopalpur,10.3,low,48.3,1,DEMO_DATA,True
2024-09-28,gopalpur,7.3,low,45.9,0,DEMO_DATA,True
2024-09-29,gopalpur,9.2,low,47.4,1,DEMO_DATA,True
2024-09-30,gopalpur,10.4,low,48.3,1,DEMO_DATA,True
2024-10-01,gopalpur,8.8,low,47.0,1,DEMO_DATA,True
2024-10-02,gopalpur,6.7,low,45.4,0,DEMO_DATA,True
2024-10-03,gopalpur,7.8,low,46.2,0,DEMO_DATA,True
2024-10-04,gopalpur,7.9,low,46.3,0,DEMO_DATA,True
2024-10-05,gopalpur,9.3,low,47.4,1,DEMO_DATA,True
2024-10-06,gopalpur,11.2,low,49.0,1,DEMO_DATA,True
2024-10-07,gopalpur,12.3,low,49.9,1,DEMO_DATA,True
2024-10-08,gopalpur,13.1,low,50.4,1,DEMO_DATA,True
2024-10-09,gopalpur,15.7,low,52.5,1,DEMO_DATA,True
2024-10-10,gopalpur,18.1,low,54.5,2,DEMO_DATA,True
2024-10-11,gopalpur,15.4,low,52.3,1,DEMO_DATA,True
2024-10-12,gopalpur,13.3,low,50.6,1,DEMO_DATA,True
2024-10-13,gopalpur,11.8,low,49.5,1,DEMO_DATA,True
2024-10-14,gopalpur,13.8,low,51.0,1,DEMO_DATA,True
2024-10-15,gopalpur,12.5,low,50.0,1,DEMO_DATA,True
2024-10-16,gopalpur,5.6,low,44.4,0,DEMO_DATA,True
2024-10-17,gopalpur,5.5,low,44.4,0,DEMO_DATA,True
2024-10-18,gopalpur,5.0,low,44.0,0,DEMO_DATA,True
2024-10-19,gopalpur,4.9,low,43.9,0,DEMO_DATA,True
2024-10-20,gopalpur,4.7,low,43.8,0,DEMO_DATA,True
2024-10-21,gopalpur,4.6,low,43.7,0,DEMO_DATA,True
2024-10-22,gopalpur,5.2,low,44.2,0,DEMO_DATA,True
2024-10-23,gopalpur,5.6,low,44.5,0,DEMO_DATA,True
2024-10-24,gopalpur,5.5,low,44.4,0,DEMO_DATA,True
2024-10-25,gopalpur,6.2,low,44.9,0,DEMO_DATA,True
2024-10-26,gopalpur,5.9,low,44.7,0,DEMO_DATA,True
2024-10-27,gopalpur,6.2,low,44.9,0,DEMO_DATA,True
2024-10-28,gopalpur,6.3,low,45.0,0,DEMO_DATA,True
2024-10-29,gopalpur,7.3,low,45.8,0,DEMO_DATA,True
2024-10-30,gopalpur,8.4,low,46.7,1,DEMO_DATA,True
2024-10-31,gopalpur,8.5,low,46.8,1,DEMO_DATA,True
2024-11-01,gopalpur,10.3,low,48.2,1,DEMO_DATA,True
2024-11-02,gopalpur,9.8,low,47.8,1,DEMO_DATA,True
2024-11-03,gopalpur,9.8,low,47.8,1,DEMO_DATA,True
2024-11-04,gopalpur,14.2,low,51.4,1,DEMO_DATA,True
2024-11-05,gopalpur,11.5,low,49.2,1,DEMO_DATA,True
2024-11-06,gopalpur,13.5,low,50.8,1,DEMO_DATA,True
2024-11-07,gopalpur,14.2,low,51.3,1,DEMO_DATA,True
2024-11-08,gopalpur,16.0,low,52.8,1,DEMO_DATA,True
2024-11-09,gopalpur,15.2,low,52.2,1,DEMO_DATA,True
2024-11-10,gopalpur,16.3,low,53.0,2,DEMO_DATA,True
2024-11-11,gopalpur,15.8,low,52.7,1,DEMO_DATA,True
2024-11-12,gopalpur,14.5,low,51.6,1,DEMO_DATA,True
2024-11-13,gopalpur,15.2,low,52.2,1,DEMO_DATA,True
2024-11-14,gopalpur,14.9,low,51.9,1,DEMO_DATA,True
2024-11-15,gopalpur,18.3,low,54.7,2,DEMO_DATA,True
2024-11-16,gopalpur,13.4,low,50.7,1,DEMO_DATA,True
2024-11-17,gopalpur,11.0,low,48.8,1,DEMO_DATA,True
2024-11-18,gopalpur,11.7,low,49.4,1,DEMO_DATA,True
2024-11-19,gopalpur,13.3,low,50.7,1,DEMO_DATA,True
2024-11-20,gopalpur,13.5,low,50.8,1,DEMO_DATA,True
2024-11-21,gopalpur,14.6,low,51.7,1,DEMO_DATA,True
2024-11-22,gopalpur,15.3,low,52.3,1,DEMO_DATA,True
2024-11-23,gopalpur,14.3,low,51.4,1,DEMO_DATA,True
2024-11-24,gopalpur,15.8,low,52.6,1,DEMO_DATA,True
2024-11-25,gopalpur,14.9,low,51.9,1,DEMO_DATA,True
2024-11-26,gopalpur,16.3,low,53.1,2,DEMO_DATA,True
2024-11-27,gopalpur,20.1,low,56.1,2,DEMO_DATA,True
2024-11-28,gopalpur,18.5,low,54.8,2,DEMO_DATA,True
2024-11-29,gopalpur,19.6,low,55.7,2,DEMO_DATA,True
2024-11-30,gopalpur,16.6,low,53.3,2,DEMO_DATA,True
2024-12-01,gopalpur,15.7,low,52.5,1,DEMO_DATA,True
2024-12-02,gopalpur,16.3,low,53.1,2,DEMO_DATA,True
2024-12-03,gopalpur,18.1,low,54.5,2,DEMO_DATA,True
2024-12-04,gopalpur,17.8,low,54.2,2,DEMO_DATA,True
2024-12-05,gopalpur,12.7,low,50.2,1,DEMO_DATA,True
2024-12-06,gopalpur,12.5,low,50.0,1,DEMO_DATA,True
2024-12-07,gopalpur,13.7,low,51.0,1,DEMO_DATA,True
2024-12-08,gopalpur,14.3,low,51.4,1,DEMO_DATA,True
2024-12-09,gopalpur,14.9,low,51.9,1,DEMO_DATA,True
2024-12-10,gopalpur,11.8,low,49.5,1,DEMO_DATA,True
2024-12-11,gopalpur,11.9,low,49.5,1,DEMO_DATA,True
2024-12-12,gopalpur,13.0,low,50.4,1,DEMO_DATA,True
2024-12-13,gopalpur,15.1,low,52.0,1,DEMO_DATA,True
2024-12-14,gopalpur,16.0,low,52.8,1,DEMO_DATA,True
2024-12-15,gopalpur,17.4,low,53.9,2,DEMO_DATA,True
2024-12-16,gopalpur,17.2,low,53.7,2,DEMO_DATA,True
2024-12-17,gopalpur,17.5,low,54.0,2,DEMO_DATA,True
2024-12-18,gopalpur,19.3,low,55.4,2,DEMO_DATA,True
2024-12-19,gopalpur,20.8,low,56.7,2,DEMO_DATA,True
2024-12-20,gopalpur,20.6,low,56.5,2,DEMO_DATA,True
2024-12-21,gopalpur,18.6,low,54.8,2,DEMO_DATA,True
2024-12-22,gopalpur,16.3,low,53.1,2,DEMO_DATA,True
2024-12-23,gopalpur,17.8,low,54.2,2,DEMO_DATA,True
2024-12-24,gopalpur,17.8,low,54.2,2,DEMO_DATA,True
2024-12-25,gopalpur,19.9,low,55.9,2,DEMO_DATA,True
2024-12-26,gopalpur,18.4,low,54.7,2,DEMO_DATA,True
2024-12-27,gopalpur,16.6,low,53.3,2,DEMO_DATA,True
2024-12-28,gopalpur,16.6,low,53.3,2,DEMO_DATA,True
2024-12-29,gopalpur,20.0,low,56.0,2,DEMO_DATA,True
2024-12-30,gopalpur,16.6,low,53.3,2,DEMO_DATA,True
2024-12-31,gopalpur,16.2,low,53.0,2,DEMO_DATA,True
2025-01-01,gopalpur,16.7,low,53.4,2,DEMO_DATA,True
2025-01-02,gopalpur,19.7,low,55.7,2,DEMO_DATA,True
2025-01-03,gopalpur,19.2,low,55.4,2,DEMO_DATA,True
2025-01-04,gopalpur,19.1,low,55.3,2,DEMO_DATA,True
2025-01-05,gopalpur,21.3,low,57.1,2,DEMO_DATA,True
2025-01-06,gopalpur,21.4,low,57.1,2,DEMO_DATA,True
2025-01-07,gopalpur,20.9,low,56.7,2,DEMO_DATA,True
2025-01-08,gopalpur,24.2,medium,59.3,3,DEMO_DATA,True
2025-01-09,gopalpur,26.0,medium,60.8,3,DEMO_DATA,True
2025-01-10,gopalpur,22.5,low,58.0,2,DEMO_DATA,True
2025-01-11,gopalpur,24.1,medium,59.3,3,DEMO_DATA,True
2025-01-12,gopalpur,25.5,medium,60.4,3,DEMO_DATA,True
2025-01-13,gopalpur,29.9,medium,63.9,3,DEMO_DATA,True
2025-01-14,gopalpur,16.1,low,52.9,2,DEMO_DATA,True
2025-01-15,gopalpur,15.9,low,52.7,1,DEMO_DATA,True
2025-01-16,gopalpur,12.6,low,50.1,1,DEMO_DATA,True
2025-01-17,gopalpur,12.5,low,50.0,1,DEMO_DATA,True
2025-01-18,gopalpur,12.3,low,49.9,1,DEMO_DATA,True
2025-01-19,gopalpur,9.9,low,47.9,1,DEMO_DATA,True
2025-01-20,gopalpur,9.6,low,47.7,1,DEMO_DATA,True
2025-01-21,gopalpur,10.0,low,48.0,1,DEMO_DATA,True
2025-01-22,gopalpur,11.0,low,48.8,1,DEMO_DATA,True
2025-01-23,gopalpur,11.1,low,48.9,1,DEMO_DATA,True
2025-01-24,gopalpur,11.4,low,49.1,1,DEMO_DATA,True
2025-01-25,gopalpur,10.9,low,48.7,1,DEMO_DATA,True
2025-01-26,gopalpur,12.8,low,50.2,1,DEMO_DATA,True
2025-01-27,gopalpur,11.9,low,49.5,1,DEMO_DATA,True
2025-01-28,gopalpur,9.4,low,47.5,1,DEMO_DATA,True
2025-01-29,gopalpur,11.5,low,49.2,1,DEMO_DATA,True
2025-01-30,gopalpur,11.2,low,48.9,1,DEMO_DATA,True
2025-01-31,gopalpur,12.3,low,49.8,1,DEMO_DATA,True
2025-02-01,gopalpur,10.8,low,48.6,1,DEMO_DATA,True
2025-02-02,gopalpur,13.3,low,50.7,1,DEMO_DATA,True
2025-02-03,gopalpur,15.2,low,52.2,1,DEMO_DATA,True
2025-02-04,gopalpur,16.4,low,53.1,2,DEMO_DATA,True
2025-02-05,gopalpur,15.9,low,52.7,1,DEMO_DATA,True
2025-02-06,gopalpur,16.5,low,53.2,2,DEMO_DATA,True
2025-02-07,gopalpur,14.2,low,51.3,1,DEMO_DATA,True
2025-02-08,gopalpur,14.5,low,51.6,1,DEMO_DATA,True
2025-02-09,gopalpur,14.3,low,51.4,1,DEMO_DATA,True
2025-02-10,gopalpur,14.2,low,51.4,1,DEMO_DATA,True
2025-02-11,gopalpur,16.2,low,53.0,2,DEMO_DATA,True
2025-02-12,gopalpur,18.0,low,54.4,2,DEMO_DATA,True
2025-02-13,gopalpur,21.4,low,57.1,2,DEMO_DATA,True
2025-02-14,gopalpur,23.7,low,59.0,2,DEMO_DATA,True
2025-02-15,gopalpur,19.6,low,55.7,2,DEMO_DATA,True
2025-02-16,gopalpur,18.5,low,54.8,2,DEMO_DATA,True
2025-02-17,gopalpur,21.8,low,57.4,2,DEMO_DATA,True
2025-02-18,gopalpur,17.3,low,53.8,2,DEMO_DATA,True
2025-02-19,gopalpur,17.6,low,54.1,2,DEMO_DATA,True
2025-02-20,gopalpur,18.3,low,54.6,2,DEMO_DATA,True
2025-02-21,gopalpur,14.0,low,51.2,1,DEMO_DATA,True
2025-02-22,gopalpur,13.3,low,50.6,1,DEMO_DATA,True
2025-02-23,gopalpur,15.5,low,52.4,1,DEMO_DATA,True
2025-02-24,gopalpur,15.1,low,52.1,1,DEMO_DATA,True
2025-02-25,gopalpur,14.5,low,51.6,1,DEMO_DATA,True
2025-02-26,gopalpur,14.1,low,51.2,1,DEMO_DATA,True
2025-02-27,gopalpur,17.3,low,53.8,2,DEMO_DATA,True
2025-02-28,gopalpur,18.2,low,54.6,2,DEMO_DATA,True
2025-03-01,gopalpur,16.1,low,52.9,2,DEMO_DATA,True
2025-03-02,gopalpur,14.9,low,51.9,1,DEMO_DATA,True
2025-03-03,gopalpur,17.5,low,54.0,2,DEMO_DATA,True
2025-03-04,gopalpur,17.0,low,53.6,2,DEMO_DATA,True
2025-03-05,gopalpur,14.6,low,51.7,1,DEMO_DATA,True
2025-03-06,gopalpur,15.1,low,52.1,1,DEMO_DATA,True
2025-03-07,gopalpur,14.5,low,51.6,1,DEMO_DATA,True
2025-03-08,gopalpur,13.4,low,50.8,1,DEMO_DATA,True
2025-03-09,gopalpur,15.6,low,52.4,1,DEMO_DATA,True
2025-03-10,gopalpur,12.8,low,50.2,1,DEMO_DATA,True
2025-03-11,gopalpur,12.7,low,50.2,1,DEMO_DATA,True
2025-03-12,gopalpur,12.9,low,50.4,1,DEMO_DATA,True
2025-03-13,gopalpur,13.5,low,50.8,1,DEMO_DATA,True
2025-03-14,gopalpur,13.3,low,50.7,1,DEMO_DATA,True
2025-03-15,gopalpur,13.7,low,50.9,1,DEMO_DATA,True
2025-03-16,gopalpur,12.2,low,49.7,1,DEMO_DATA,True
2025-03-17,gopalpur,13.9,low,51.2,1,DEMO_DATA,True
2025-03-18,gopalpur,13.3,low,50.6,1,DEMO_DATA,True
2025-03-19,gopalpur,12.9,low,50.3,1,DEMO_DATA,True
2025-03-20,gopalpur,12.1,low,49.7,1,DEMO_DATA,True
2025-03-21,gopalpur,15.3,low,52.3,1,DEMO_DATA,True
2025-03-22,gopalpur,23.4,low,58.7,2,DEMO_DATA,True
2025-03-23,gopalpur,13.8,low,51.1,1,DEMO_DATA,True
2025-03-24,gopalpur,14.3,low,51.4,1,DEMO_DATA,True
2025-03-25,gopalpur,13.7,low,51.0,1,DEMO_DATA,True
2025-03-26,gopalpur,14.1,low,51.3,1,DEMO_DATA,True
2025-03-27,gopalpur,15.4,low,52.3,1,DEMO_DATA,True
2025-03-28,gopalpur,13.9,low,51.1,1,DEMO_DATA,True
2025-03-29,gopalpur,13.8,low,51.1,1,DEMO_DATA,True
2025-03-30,gopalpur,13.2,low,50.6,1,DEMO_DATA,True
2025-03-31,gopalpur,15.8,low,52.6,1,DEMO_DATA,True
2025-04-01,gopalpur,14.3,low,51.4,1,DEMO_DATA,True
2025-04-02,gopalpur,13.4,low,50.7,1,DEMO_DATA,True
2025-04-03,gopalpur,14.1,low,51.3,1,DEMO_DATA,True
2025-04-04,gopalpur,10.0,low,48.0,1,DEMO_DATA,True
2025-04-05,gopalpur,8.3,low,46.7,1,DEMO_DATA,True
2025-04-06,gopalpur,8.5,low,46.8,1,DEMO_DATA,True
2025-04-07,gopalpur,7.6,low,46.1,0,DEMO_DATA,True
2025-04-08,gopalpur,7.6,low,46.0,0,DEMO_DATA,True
2025-04-09,gopalpur,8.1,low,46.5,1,DEMO_DATA,True
2025-04-10,gopalpur,8.0,low,46.4,1,DEMO_DATA,True
2025-04-11,gopalpur,7.9,low,46.3,0,DEMO_DATA,True
2025-04-12,gopalpur,8.6,low,46.9,1,DEMO_DATA,True
2025-04-13,gopalpur,9.3,low,47.5,1,DEMO_DATA,True
2025-04-14,gopalpur,9.4,low,47.5,1,DEMO_DATA,True
2025-04-15,gopalpur,9.4,low,47.5,1,DEMO_DATA,True
2025-04-16,gopalpur,10.8,low,48.6,1,DEMO_DATA,True
2025-04-17,gopalpur,12.8,low,50.3,1,DEMO_DATA,True
2025-04-18,gopalpur,11.4,low,49.2,1,DEMO_DATA,True
2025-04-19,gopalpur,11.8,low,49.4,1,DEMO_DATA,True
2025-04-20,gopalpur,11.3,low,49.1,1,DEMO_DATA,True
2025-04-21,gopalpur,8.0,low,46.4,0,DEMO_DATA,True
2025-04-22,gopalpur,11.2,low,49.0,1,DEMO_DATA,True
2025-04-23,gopalpur,10.2,low,48.2,1,DEMO_DATA,True
2025-04-24,gopalpur,10.5,low,48.4,1,DEMO_DATA,True
2025-04-25,gopalpur,9.4,low,47.6,1,DEMO_DATA,True
2025-04-26,gopalpur,10.1,low,48.1,1,DEMO_DATA,True
2025-04-27,gopalpur,9.9,low,47.9,1,DEMO_DATA,True
2025-04-28,gopalpur,11.4,low,49.1,1,DEMO_DATA,True
2025-04-29,gopalpur,13.2,low,50.6,1,DEMO_DATA,True
2025-04-30,gopalpur,14.6,low,51.7,1,DEMO_DATA,True
2025-05-01,gopalpur,15.7,low,52.5,1,DEMO_DATA,True
2025-05-02,gopalpur,16.2,low,53.0,2,DEMO_DATA,True
2025-05-03,gopalpur,18.0,low,54.4,2,DEMO_DATA,True
2025-05-04,gopalpur,20.1,low,56.1,2,DEMO_DATA,True
2025-05-05,gopalpur,22.3,low,57.9,2,DEMO_DATA,True
2025-05-06,gopalpur,20.2,low,56.2,2,DEMO_DATA,True
2025-05-07,gopalpur,18.0,low,54.4,2,DEMO_DATA,True
2025-05-08,gopalpur,18.4,low,54.7,2,DEMO_DATA,True
2025-05-09,gopalpur,21.2,low,57.0,2,DEMO_DATA,True
2025-05-10,gopalpur,18.0,low,54.4,2,DEMO_DATA,True
2025-05-11,gopalpur,15.7,low,52.6,1,DEMO_DATA,True
2025-05-12,gopalpur,15.8,low,52.7,1,DEMO_DATA,True
2025-05-13,gopalpur,14.2,low,51.4,1,DEMO_DATA,True
2025-05-14,gopalpur,15.8,low,52.6,1,DEMO_DATA,True
2025-05-15,gopalpur,7.8,low,46.2,0,DEMO_DATA,True
2025-05-16,gopalpur,8.4,low,46.7,1,DEMO_DATA,True
2025-05-17,gopalpur,10.1,low,48.1,1,DEMO_DATA,True
2025-05-18,gopalpur,9.3,low,47.4,1,DEMO_DATA,True
2025-05-19,gopalpur,9.1,low,47.3,1,DEMO_DATA,True
2025-05-20,gopalpur,8.7,low,46.9,1,DEMO_DATA,True
2025-05-21,gopalpur,8.9,low,47.1,1,DEMO_DATA,True
2025-05-22,gopalpur,9.2,low,47.3,1,DEMO_DATA,True
2025-05-23,gopalpur,9.9,low,47.9,1,DEMO_DATA,True
2025-05-24,gopalpur,12.2,low,49.8,1,DEMO_DATA,True
2025-05-25,gopalpur,14.3,low,51.4,1,DEMO_DATA,True
2025-05-26,gopalpur,14.6,low,51.7,1,DEMO_DATA,True
2025-05-27,gopalpur,13.3,low,50.6,1,DEMO_DATA,True
2025-05-28,gopalpur,13.3,low,50.6,1,DEMO_DATA,True
2025-05-29,gopalpur,14.2,low,51.4,1,DEMO_DATA,True
2025-05-30,gopalpur,16.3,low,53.0,2,DEMO_DATA,True
2025-05-31,gopalpur,15.7,low,52.5,1,DEMO_DATA,True
2025-06-01,gopalpur,14.4,low,51.5,1,DEMO_DATA,True
2025-06-02,gopalpur,14.1,low,51.2,1,DEMO_DATA,True
2025-06-03,gopalpur,13.0,low,50.4,1,DEMO_DATA,True
2025-06-04,gopalpur,13.5,low,50.8,1,DEMO_DATA,True
2025-06-05,gopalpur,17.0,low,53.6,2,DEMO_DATA,True
2025-06-06,gopalpur,15.0,low,52.0,1,DEMO_DATA,True
2025-06-07,gopalpur,15.8,low,52.6,1,DEMO_DATA,True
2025-06-08,gopalpur,14.4,low,51.5,1,DEMO_DATA,True
2025-06-09,gopalpur,15.9,low,52.8,1,DEMO_DATA,True
2025-06-10,gopalpur,19.5,low,55.6,2,DEMO_DATA,True
2025-06-11,gopalpur,15.9,low,52.7,1,DEMO_DATA,True
2025-06-12,gopalpur,16.3,low,53.0,2,DEMO_DATA,True
2025-06-13,gopalpur,18.5,low,54.8,2,DEMO_DATA,True
2025-06-14,gopalpur,17.2,low,53.7,2,DEMO_DATA,True
2025-06-15,gopalpur,17.3,low,53.8,2,DEMO_DATA,True
2025-06-16,gopalpur,20.1,low,56.1,2,DEMO_DATA,True
2025-06-17,gopalpur,19.4,low,55.5,2,DEMO_DATA,True
2025-06-18,gopalpur,17.8,low,54.3,2,DEMO_DATA,True
2025-06-19,gopalpur,14.7,low,51.8,1,DEMO_DATA,True
2025-06-20,gopalpur,11.4,low,49.1,1,DEMO_DATA,True
2025-06-21,gopalpur,15.1,low,52.1,1,DEMO_DATA,True
2025-06-22,gopalpur,14.9,low,51.9,1,DEMO_DATA,True
2025-06-23,gopalpur,17.5,low,54.0,2,DEMO_DATA,True
2025-06-24,gopalpur,15.2,low,52.2,1,DEMO_DATA,True
2025-06-25,gopalpur,15.6,low,52.4,1,DEMO_DATA,True
2025-06-26,gopalpur,13.7,low,51.0,1,DEMO_DATA,True
2025-06-27,gopalpur,14.9,low,51.9,1,DEMO_DATA,True
2025-06-28,gopalpur,13.9,low,51.1,1,DEMO_DATA,True
2025-06-29,gopalpur,12.9,low,50.3,1,DEMO_DATA,True
2025-06-30,gopalpur,13.7,low,50.9,1,DEMO_DATA,True
2025-07-01,gopalpur,18.0,low,54.4,2,DEMO_DATA,True
2025-07-02,gopalpur,19.7,low,55.8,2,DEMO_DATA,True
2025-07-03,gopalpur,17.0,low,53.6,2,DEMO_DATA,True
2025-07-04,gopalpur,13.3,low,50.6,1,DEMO_DATA,True
2025-07-05,gopalpur,16.1,low,52.9,2,DEMO_DATA,True
2025-07-06,gopalpur,14.5,low,51.6,1,DEMO_DATA,True
2025-07-07,gopalpur,19.4,low,55.5,2,DEMO_DATA,True
2025-07-08,gopalpur,24.8,medium,59.9,3,DEMO_DATA,True
2025-07-09,gopalpur,24.4,medium,59.5,3,DEMO_DATA,True
2025-07-10,gopalpur,23.8,low,59.0,2,DEMO_DATA,True
2025-07-11,gopalpur,26.0,medium,60.8,3,DEMO_DATA,True
2025-07-12,gopalpur,23.4,low,58.7,2,DEMO_DATA,True
2025-07-13,gopalpur,27.9,medium,62.4,3,DEMO_DATA,True
2025-07-14,gopalpur,23.8,low,59.1,2,DEMO_DATA,True
2025-07-15,gopalpur,23.3,low,58.7,2,DEMO_DATA,True
2025-07-16,gopalpur,22.8,low,58.2,2,DEMO_DATA,True
2025-07-17,gopalpur,24.6,medium,59.7,3,DEMO_DATA,True
2025-07-18,gopalpur,25.7,medium,60.6,3,DEMO_DATA,True
2025-07-19,gopalpur,22.2,low,57.8,2,DEMO_DATA,True
2025-07-20,gopalpur,29.1,medium,63.3,3,DEMO_DATA,True
2025-07-21,gopalpur,26.0,medium,60.8,3,DEMO_DATA,True
2025-07-22,gopalpur,16.8,low,53.5,2,DEMO_DATA,True
2025-07-23,gopalpur,19.5,low,55.6,2,DEMO_DATA,True
2025-07-24,gopalpur,19.7,low,55.7,2,DEMO_DATA,True
2025-07-25,gopalpur,19.2,low,55.3,2,DEMO_DATA,True
2025-07-26,gopalpur,20.0,low,56.0,2,DEMO_DATA,True
2025-07-27,gopalpur,16.1,low,52.9,2,DEMO_DATA,True
2025-07-28,gopalpur,16.4,low,53.1,2,DEMO_DATA,True
2025-07-29,gopalpur,14.1,low,51.3,1,DEMO_DATA,True
2025-07-30,gopalpur,12.3,low,49.8,1,DEMO_DATA,True
2025-07-31,gopalpur,17.0,low,53.6,2,DEMO_DATA,True
2025-08-01,gopalpur,16.0,low,52.8,2,DEMO_DATA,True
2025-08-02,gopalpur,14.6,low,51.7,1,DEMO_DATA,True
2025-08-03,gopalpur,18.5,low,54.8,2,DEMO_DATA,True
2025-08-04,gopalpur,19.0,low,55.2,2,DEMO_DATA,True
2025-08-05,gopalpur,21.9,low,57.5,2,DEMO_DATA,True
2025-08-06,gopalpur,21.2,low,57.0,2,DEMO_DATA,True
2025-08-07,gopalpur,24.5,medium,59.6,3,DEMO_DATA,True
2025-08-08,gopalpur,18.1,low,54.5,2,DEMO_DATA,True
2025-08-09,gopalpur,15.0,low,52.0,1,DEMO_DATA,True
2025-08-10,gopalpur,15.4,low,52.3,1,DEMO_DATA,True
2025-08-11,gopalpur,17.5,low,54.0,2,DEMO_DATA,True
2025-08-12,gopalpur,18.2,low,54.5,2,DEMO_DATA,True
2025-08-13,gopalpur,18.9,low,55.2,2,DEMO_DATA,True
2025-08-14,gopalpur,17.7,low,54.1,2,DEMO_DATA,True
2025-08-15,gopalpur,16.7,low,53.3,2,DEMO_DATA,True
2025-08-16,gopalpur,15.5,low,52.4,1,DEMO_DATA,True
2025-08-17,gopalpur,16.1,low,52.9,2,DEMO_DATA,True
2025-08-18,gopalpur,15.0,low,52.0,1,DEMO_DATA,True
2025-08-19,gopalpur,16.2,low,53.0,2,DEMO_DATA,True
2025-08-20,gopalpur,15.7,low,52.5,1,DEMO_DATA,True
2025-08-21,gopalpur,13.8,low,51.0,1,DEMO_DATA,True
2025-08-22,gopalpur,12.3,low,49.8,1,DEMO_DATA,True
2025-08-23,gopalpur,12.6,low,50.1,1,DEMO_DATA,True
2025-08-24,gopalpur,15.5,low,52.4,1,DEMO_DATA,True
2025-08-25,gopalpur,19.0,low,55.2,2,DEMO_DATA,True
2025-08-26,gopalpur,19.9,low,56.0,2,DEMO_DATA,True
2025-08-27,gopalpur,20.0,low,56.0,2,DEMO_DATA,True
2025-08-28,gopalpur,22.8,low,58.3,2,DEMO_DATA,True
2025-08-29,gopalpur,23.2,low,58.6,2,DEMO_DATA,True
2025-08-30,gopalpur,22.6,low,58.1,2,DEMO_DATA,True
2025-08-31,gopalpur,23.2,low,58.6,2,DEMO_DATA,True
2025-09-01,gopalpur,22.5,low,58.0,2,DEMO_DATA,True
2025-09-02,gopalpur,19.9,low,55.9,2,DEMO_DATA,True
2025-09-03,gopalpur,26.2,medium,61.0,3,DEMO_DATA,True
2025-09-04,gopalpur,23.7,low,58.9,2,DEMO_DATA,True
2025-09-05,gopalpur,21.3,low,57.0,2,DEMO_DATA,True
2025-09-06,gopalpur,20.0,low,56.0,2,DEMO_DATA,True
2025-09-07,gopalpur,22.1,low,57.7,2,DEMO_DATA,True
2025-09-08,gopalpur,15.4,low,52.3,1,DEMO_DATA,True
2025-09-09,gopalpur,16.8,low,53.4,2,DEMO_DATA,True
2025-09-10,gopalpur,16.5,low,53.2,2,DEMO_DATA,True
2025-09-11,gopalpur,16.2,low,52.9,2,DEMO_DATA,True
2025-09-12,gopalpur,17.1,low,53.7,2,DEMO_DATA,True
2025-09-13,gopalpur,16.8,low,53.4,2,DEMO_DATA,True
2025-09-14,gopalpur,15.7,low,52.6,1,DEMO_DATA,True
2025-09-15,gopalpur,12.9,low,50.3,1,DEMO_DATA,True
2025-09-16,gopalpur,12.2,low,49.8,1,DEMO_DATA,True
2025-09-17,gopalpur,14.5,low,51.6,1,DEMO_DATA,True
2025-09-18,gopalpur,14.4,low,51.5,1,DEMO_DATA,True
2025-09-19,gopalpur,11.9,low,49.5,1,DEMO_DATA,True
2025-09-20,gopalpur,13.7,low,50.9,1,DEMO_DATA,True
2025-09-21,gopalpur,12.5,low,50.0,1,DEMO_DATA,True
2025-09-22,gopalpur,12.8,low,50.3,1,DEMO_DATA,True
2025-09-23,gopalpur,10.7,low,48.6,1,DEMO_DATA,True
2025-09-24,gopalpur,11.7,low,49.4,1,DEMO_DATA,True
2025-09-25,gopalpur,12.2,low,49.8,1,DEMO_DATA,True
2025-09-26,gopalpur,13.7,low,50.9,1,DEMO_DATA,True
2025-09-27,gopalpur,16.7,low,53.4,2,DEMO_DATA,True
2025-09-28,gopalpur,14.6,low,51.7,1,DEMO_DATA,True
2025-09-29,gopalpur,14.5,low,51.6,1,DEMO_DATA,True
2025-09-30,gopalpur,13.6,low,50.9,1,DEMO_DATA,True
2025-10-01,gopalpur,11.6,low,49.3,1,DEMO_DATA,True
2025-10-02,gopalpur,11.5,low,49.2,1,DEMO_DATA,True
2025-10-03,gopalpur,12.4,low,49.9,1,DEMO_DATA,True
2025-10-04,gopalpur,11.6,low,49.3,1,DEMO_DATA,True
2025-10-05,gopalpur,10.9,low,48.7,1,DEMO_DATA,True
2025-10-06,gopalpur,10.2,low,48.1,1,DEMO_DATA,True
2025-10-07,gopalpur,9.2,low,47.3,1,DEMO_DATA,True
2025-10-08,gopalpur,9.8,low,47.8,1,DEMO_DATA,True
2025-10-09,gopalpur,10.1,low,48.1,1,DEMO_DATA,True
2025-10-10,gopalpur,10.1,low,48.0,1,DEMO_DATA,True
2025-10-11,gopalpur,9.9,low,47.9,1,DEMO_DATA,True
2025-10-12,gopalpur,11.2,low,49.0,1,DEMO_DATA,True
2025-10-13,gopalpur,11.2,low,49.0,1,DEMO_DATA,True
2025-10-14,gopalpur,12.1,low,49.6,1,DEMO_DATA,True
2025-10-15,gopalpur,14.4,low,51.5,1,DEMO_DATA,True
2025-10-16,gopalpur,14.4,low,51.5,1,DEMO_DATA,True
2025-10-17,gopalpur,16.0,low,52.8,1,DEMO_DATA,True
2025-10-18,gopalpur,16.5,low,53.2,2,DEMO_DATA,True
2025-10-19,gopalpur,16.7,low,53.4,2,DEMO_DATA,True
2025-10-20,gopalpur,15.0,low,52.0,1,DEMO_DATA,True
2025-10-21,gopalpur,16.3,low,53.1,2,DEMO_DATA,True
2025-10-22,gopalpur,14.0,low,51.2,1,DEMO_DATA,True
2025-10-23,gopalpur,14.5,low,51.6,1,DEMO_DATA,True
2025-10-24,gopalpur,15.6,low,52.5,1,DEMO_DATA,True
2025-10-25,gopalpur,15.3,low,52.2,1,DEMO_DATA,True
2025-10-26,gopalpur,18.7,low,55.0,2,DEMO_DATA,True
2025-10-27,gopalpur,16.8,low,53.4,2,DEMO_DATA,True
2025-10-28,gopalpur,16.0,low,52.8,2,DEMO_DATA,True
2025-10-29,gopalpur,12.1,low,49.7,1,DEMO_DATA,True
2025-10-30,gopalpur,13.2,low,50.6,1,DEMO_DATA,True
2025-10-31,gopalpur,14.7,low,51.8,1,DEMO_DATA,True
2025-11-01,gopalpur,14.5,low,51.6,1,DEMO_DATA,True
2025-11-02,gopalpur,16.9,low,53.5,2,DEMO_DATA,True
2025-11-03,gopalpur,15.0,low,52.0,1,DEMO_DATA,True
2025-11-04,gopalpur,14.2,low,51.3,1,DEMO_DATA,True
2025-11-05,gopalpur,15.6,low,52.5,1,DEMO_DATA,True
2025-11-06,gopalpur,15.3,low,52.3,1,DEMO_DATA,True
2025-11-07,gopalpur,14.6,low,51.7,1,DEMO_DATA,True
2025-11-08,gopalpur,14.2,low,51.4,1,DEMO_DATA,True
2025-11-09,gopalpur,16.2,low,53.0,2,DEMO_DATA,True
2025-11-10,gopalpur,12.5,low,50.0,1,DEMO_DATA,True
2025-11-11,gopalpur,11.4,low,49.1,1,DEMO_DATA,True
2025-11-12,gopalpur,10.5,low,48.4,1,DEMO_DATA,True
2025-11-13,gopalpur,11.3,low,49.0,1,DEMO_DATA,True
2025-11-14,gopalpur,11.1,low,48.9,1,DEMO_DATA,True
2025-11-15,gopalpur,12.0,low,49.6,1,DEMO_DATA,True
2025-11-16,gopalpur,13.4,low,50.7,1,DEMO_DATA,True
2025-11-17,gopalpur,12.3,low,49.9,1,DEMO_DATA,True
2025-11-18,gopalpur,11.6,low,49.2,1,DEMO_DATA,True
2025-11-19,gopalpur,12.6,low,50.1,1,DEMO_DATA,True
2025-11-20,gopalpur,12.6,low,50.1,1,DEMO_DATA,True
2025-11-21,gopalpur,9.5,low,47.6,1,DEMO_DATA,True
2025-11-22,gopalpur,8.9,low,47.1,1,DEMO_DATA,True
2025-11-23,gopalpur,8.0,low,46.4,1,DEMO_DATA,True
2025-11-24,gopalpur,9.1,low,47.3,1,DEMO_DATA,True
2025-11-25,gopalpur,11.7,low,49.4,1,DEMO_DATA,True
2025-11-26,gopalpur,11.9,low,49.5,1,DEMO_DATA,True
2025-11-27,gopalpur,11.3,low,49.1,1,DEMO_DATA,True
2025-11-28,gopalpur,11.5,low,49.2,1,DEMO_DATA,True
2025-11-29,gopalpur,14.6,low,51.7,1,DEMO_DATA,True
2025-11-30,gopalpur,17.3,low,53.8,2,DEMO_DATA,True
2025-12-01,gopalpur,14.5,low,51.6,1,DEMO_DATA,True
2025-12-02,gopalpur,15.0,low,52.0,1,DEMO_DATA,True
2025-12-03,gopalpur,12.2,low,49.7,1,DEMO_DATA,True
2025-12-04,gopalpur,12.0,low,49.6,1,DEMO_DATA,True
2025-12-05,gopalpur,11.7,low,49.4,1,DEMO_DATA,True
2025-12-06,gopalpur,11.0,low,48.8,1,DEMO_DATA,True
2025-12-07,gopalpur,10.7,low,48.5,1,DEMO_DATA,True
2025-12-08,gopalpur,9.3,low,47.4,1,DEMO_DATA,True
2025-12-09,gopalpur,8.4,low,46.7,1,DEMO_DATA,True
2025-12-10,gopalpur,9.7,low,47.8,1,DEMO_DATA,True
2025-12-11,gopalpur,9.3,low,47.5,1,DEMO_DATA,True
2025-12-12,gopalpur,8.3,low,46.6,1,DEMO_DATA,True
2025-12-13,gopalpur,7.7,low,46.2,0,DEMO_DATA,True
2025-12-14,gopalpur,8.2,low,46.6,1,DEMO_DATA,True
2025-12-15,gopalpur,8.4,low,46.7,1,DEMO_DATA,True
2025-12-16,gopalpur,9.2,low,47.4,1,DEMO_DATA,True
2025-12-17,gopalpur,8.8,low,47.1,1,DEMO_DATA,True
2025-12-18,gopalpur,9.5,low,47.6,1,DEMO_DATA,True
2025-12-19,gopalpur,9.3,low,47.4,1,DEMO_DATA,True
2025-12-20,gopalpur,8.9,low,47.1,1,DEMO_DATA,True
2025-12-21,gopalpur,8.4,low,46.7,1,DEMO_DATA,True
2025-12-22,gopalpur,8.6,low,46.9,1,DEMO_DATA,True
2025-12-23,gopalpur,9.2,low,47.4,1,DEMO_DATA,True
2025-12-24,gopalpur,9.5,low,47.6,1,DEMO_DATA,True
2025-12-25,gopalpur,8.7,low,46.9,1,DEMO_DATA,True
2025-12-26,gopalpur,7.9,low,46.3,0,DEMO_DATA,True
2025-12-27,gopalpur,9.5,low,47.6,1,DEMO_DATA,True
2025-12-28,gopalpur,9.4,low,47.5,1,DEMO_DATA,True
2025-12-29,gopalpur,9.9,low,47.9,1,DEMO_DATA,True
2025-12-30,gopalpur,11.1,low,48.9,1,DEMO_DATA,True
2025-12-31,gopalpur,12.5,low,50.0,1,DEMO_DATA,True
2026-01-01,gopalpur,12.6,low,50.1,1,DEMO_DATA,True
2026-01-02,gopalpur,14.1,low,51.3,1,DEMO_DATA,True
2026-01-03,gopalpur,13.4,low,50.7,1,DEMO_DATA,True
2026-01-04,gopalpur,12.2,low,49.8,1,DEMO_DATA,True
2026-01-05,gopalpur,12.9,low,50.3,1,DEMO_DATA,True
2026-01-06,gopalpur,13.9,low,51.1,1,DEMO_DATA,True
2026-01-07,gopalpur,12.9,low,50.3,1,DEMO_DATA,True
2026-01-08,gopalpur,14.6,low,51.7,1,DEMO_DATA,True
2026-01-09,gopalpur,11.5,low,49.2,1,DEMO_DATA,True
2026-01-10,gopalpur,12.4,low,49.9,1,DEMO_DATA,True
2026-01-11,gopalpur,10.0,low,48.0,1,DEMO_DATA,True
2026-01-12,gopalpur,11.2,low,49.0,1,DEMO_DATA,True
2026-01-13,gopalpur,11.5,low,49.2,1,DEMO_DATA,True
2026-01-14,gopalpur,13.4,low,50.7,1,DEMO_DATA,True
2026-01-15,gopalpur,14.2,low,51.4,1,DEMO_DATA,True
2026-01-16,gopalpur,14.7,low,51.8,1,DEMO_DATA,True
2026-01-17,gopalpur,13.5,low,50.8,1,DEMO_DATA,True
2026-01-18,gopalpur,11.4,low,49.1,1,DEMO_DATA,True
2026-01-19,gopalpur,13.1,low,50.5,1,DEMO_DATA,True
2026-01-20,gopalpur,14.1,low,51.3,1,DEMO_DATA,True
2026-01-21,gopalpur,14.1,low,51.3,1,DEMO_DATA,True
2026-01-22,gopalpur,17.5,low,54.0,2,DEMO_DATA,True
2026-01-23,gopalpur,14.5,low,51.6,1,DEMO_DATA,True
2026-01-24,gopalpur,14.5,low,51.6,1,DEMO_DATA,True
2026-01-25,gopalpur,14.2,low,51.4,1,DEMO_DATA,True
2026-01-26,gopalpur,14.6,low,51.7,1,DEMO_DATA,True
2026-01-27,gopalpur,15.6,low,52.4,1,DEMO_DATA,True
2026-01-28,gopalpur,12.3,low,49.8,1,DEMO_DATA,True
2026-01-29,gopalpur,10.6,low,48.5,1,DEMO_DATA,True
2026-01-30,gopalpur,11.6,low,49.3,1,DEMO_DATA,True
2026-01-31,gopalpur,10.7,low,48.5,1,DEMO_DATA,True
2026-02-01,gopalpur,11.9,low,49.5,1,DEMO_DATA,True
2026-02-02,gopalpur,12.4,low,49.9,1,DEMO_DATA,True
2026-02-03,gopalpur,13.2,low,50.5,1,DEMO_DATA,True
2026-02-04,gopalpur,11.9,low,49.5,1,DEMO_DATA,True
2026-02-05,gopalpur,12.1,low,49.7,1,DEMO_DATA,True
2026-02-06,gopalpur,12.1,low,49.7,1,DEMO_DATA,True
2026-02-07,gopalpur,9.9,low,47.9,1,DEMO_DATA,True
2026-02-08,gopalpur,9.8,low,47.8,1,DEMO_DATA,True
2026-02-09,gopalpur,10.9,low,48.7,1,DEMO_DATA,True
2026-02-10,gopalpur,12.0,low,49.6,1,DEMO_DATA,True
2026-02-11,gopalpur,9.5,low,47.6,1,DEMO_DATA,True
2026-02-12,gopalpur,9.0,low,47.2,1,DEMO_DATA,True
2026-02-13,gopalpur,9.9,low,47.9,1,DEMO_DATA,True
2026-02-14,gopalpur,10.9,low,48.7,1,DEMO_DATA,True
2026-02-15,gopalpur,9.9,low,47.9,1,DEMO_DATA,True
2026-02-16,gopalpur,10.1,low,48.1,1,DEMO_DATA,True
2026-02-17,gopalpur,8.4,low,46.7,1,DEMO_DATA,True
2026-02-18,gopalpur,7.9,low,46.3,0,DEMO_DATA,True
2026-02-19,gopalpur,10.6,low,48.5,1,DEMO_DATA,True
2026-02-20,gopalpur,11.1,low,48.9,1,DEMO_DATA,True
2026-02-21,gopalpur,11.2,low,49.0,1,DEMO_DATA,True
2026-02-22,gopalpur,11.3,low,49.1,1,DEMO_DATA,True
2026-02-23,gopalpur,12.2,low,49.8,1,DEMO_DATA,True
2026-02-24,gopalpur,13.6,low,50.8,1,DEMO_DATA,True
2026-02-25,gopalpur,13.5,low,50.8,1,DEMO_DATA,True
2026-02-26,gopalpur,8.9,low,47.1,1,DEMO_DATA,True
2026-02-27,gopalpur,7.8,low,46.2,0,DEMO_DATA,True
2026-02-28,gopalpur,7.5,low,46.0,0,DEMO_DATA,True
2026-03-01,gopalpur,7.0,low,45.6,0,DEMO_DATA,True
2026-03-02,gopalpur,7.0,low,45.6,0,DEMO_DATA,True
2026-03-03,gopalpur,9.1,low,47.3,1,DEMO_DATA,True
2026-03-04,gopalpur,9.5,low,47.6,1,DEMO_DATA,True
2026-03-05,gopalpur,9.1,low,47.3,1,DEMO_DATA,True
2026-03-06,gopalpur,9.0,low,47.2,1,DEMO_DATA,True
2026-03-07,gopalpur,7.4,low,45.9,0,DEMO_DATA,True
2026-03-08,gopalpur,6.9,low,45.5,0,DEMO_DATA,True
2026-03-09,gopalpur,7.2,low,45.7,0,DEMO_DATA,True
2026-03-10,gopalpur,8.5,low,46.8,1,DEMO_DATA,True
2026-03-11,gopalpur,10.0,low,48.0,1,DEMO_DATA,True
2026-03-12,gopalpur,12.0,low,49.6,1,DEMO_DATA,True
2026-03-13,gopalpur,10.5,low,48.4,1,DEMO_DATA,True
2026-03-14,gopalpur,9.0,low,47.2,1,DEMO_DATA,True
2026-03-15,gopalpur,9.0,low,47.2,1,DEMO_DATA,True
2026-03-16,gopalpur,9.0,low,47.2,1,DEMO_DATA,True
2026-03-17,gopalpur,10.0,low,48.0,1,DEMO_DATA,True
2026-03-18,gopalpur,9.0,low,47.2,1,DEMO_DATA,True
2026-03-19,gopalpur,10.1,low,48.1,1,DEMO_DATA,True
2026-03-20,gopalpur,10.2,low,48.2,1,DEMO_DATA,True
2026-03-21,gopalpur,10.4,low,48.3,1,DEMO_DATA,True
2026-03-22,gopalpur,10.8,low,48.6,1,DEMO_DATA,True
2026-03-23,gopalpur,9.1,low,47.3,1,DEMO_DATA,True
2026-03-24,gopalpur,7.7,low,46.1,0,DEMO_DATA,True
2026-03-25,gopalpur,8.2,low,46.6,1,DEMO_DATA,True
2026-03-26,gopalpur,8.8,low,47.0,1,DEMO_DATA,True
2026-03-27,gopalpur,8.6,low,46.9,1,DEMO_DATA,True
2026-03-28,gopalpur,11.1,low,48.9,1,DEMO_DATA,True
2026-03-29,gopalpur,9.1,low,47.3,1,DEMO_DATA,True
2026-03-30,gopalpur,9.0,low,47.2,1,DEMO_DATA,True
2026-03-31,gopalpur,10.6,low,48.4,1,DEMO_DATA,True
2026-04-01,gopalpur,9.7,low,47.7,1,DEMO_DATA,True
2026-04-02,gopalpur,8.8,low,47.0,1,DEMO_DATA,True
2026-04-03,gopalpur,6.6,low,45.3,0,DEMO_DATA,True
2026-04-04,gopalpur,5.8,low,44.6,0,DEMO_DATA,True
2026-04-05,gopalpur,5.5,low,44.4,0,DEMO_DATA,True
2026-04-06,gopalpur,6.5,low,45.2,0,DEMO_DATA,True
2026-04-07,gopalpur,6.9,low,45.5,0,DEMO_DATA,True
2026-04-08,gopalpur,6.9,low,45.5,0,DEMO_DATA,True
2026-04-09,gopalpur,6.6,low,45.3,0,DEMO_DATA,True
2026-04-10,gopalpur,7.8,low,46.2,0,DEMO_DATA,True
2026-04-11,gopalpur,8.7,low,46.9,1,DEMO_DATA,True
2026-04-12,gopalpur,8.7,low,47.0,1,DEMO_DATA,True
2026-04-13,gopalpur,9.8,low,47.8,1,DEMO_DATA,True
2026-04-14,gopalpur,9.9,low,47.9,1,DEMO_DATA,True
2026-04-15,gopalpur,9.8,low,47.9,1,DEMO_DATA,True
2026-04-16,gopalpur,10.0,low,48.0,1,DEMO_DATA,True
2026-04-17,gopalpur,10.1,low,48.0,1,DEMO_DATA,True
2026-04-18,gopalpur,9.5,low,47.6,1,DEMO_DATA,True
2026-04-19,gopalpur,8.9,low,47.1,1,DEMO_DATA,True
2026-04-20,gopalpur,8.6,low,46.9,1,DEMO_DATA,True
2026-04-21,gopalpur,9.9,low,47.9,1,DEMO_DATA,True
2026-04-22,gopalpur,8.8,low,47.1,1,DEMO_DATA,True
2026-04-23,gopalpur,9.5,low,47.6,1,DEMO_DATA,True
2026-04-24,gopalpur,9.2,low,47.4,1,DEMO_DATA,True
2026-04-25,gopalpur,6.7,low,45.4,0,DEMO_DATA,True
2026-04-26,gopalpur,7.7,low,46.1,0,DEMO_DATA,True
2026-04-27,gopalpur,7.3,low,45.8,0,DEMO_DATA,True
2026-04-28,gopalpur,7.4,low,45.9,0,DEMO_DATA,True
2026-04-29,gopalpur,7.5,low,46.0,0,DEMO_DATA,True
2026-04-30,gopalpur,7.0,low,45.6,0,DEMO_DATA,True
2026-05-01,gopalpur,7.0,low,45.6,0,DEMO_DATA,True
2026-05-02,gopalpur,8.6,low,46.9,1,DEMO_DATA,True
2026-05-03,gopalpur,10.0,low,48.0,1,DEMO_DATA,True
2026-05-04,gopalpur,11.3,low,49.1,1,DEMO_DATA,True
2026-05-05,gopalpur,9.3,low,47.4,1,DEMO_DATA,True
2026-05-06,gopalpur,9.6,low,47.7,1,DEMO_DATA,True
2026-05-07,gopalpur,10.0,low,48.0,1,DEMO_DATA,True
2026-05-08,gopalpur,12.3,low,49.8,1,DEMO_DATA,True
2026-05-09,gopalpur,10.2,low,48.1,1,DEMO_DATA,True
2026-05-10,gopalpur,11.2,low,48.9,1,DEMO_DATA,True
2026-05-11,gopalpur,11.4,low,49.1,1,DEMO_DATA,True
2026-05-12,gopalpur,16.0,low,52.8,2,DEMO_DATA,True
2026-05-13,gopalpur,15.3,low,52.2,1,DEMO_DATA,True
2026-05-14,gopalpur,15.4,low,52.3,1,DEMO_DATA,True
2026-05-15,gopalpur,14.8,low,51.8,1,DEMO_DATA,True
2026-05-16,gopalpur,16.8,low,53.4,2,DEMO_DATA,True
2026-05-17,gopalpur,17.0,low,53.6,2,DEMO_DATA,True
2026-05-18,gopalpur,22.6,low,58.1,2,DEMO_DATA,True
2026-05-19,gopalpur,20.8,low,56.6,2,DEMO_DATA,True
2026-05-20,gopalpur,16.6,low,53.3,2,DEMO_DATA,True
2026-05-21,gopalpur,14.7,low,51.7,1,DEMO_DATA,True
2026-05-22,gopalpur,16.8,low,53.5,2,DEMO_DATA,True
2026-05-23,gopalpur,17.3,low,53.8,2,DEMO_DATA,True
2026-05-24,gopalpur,20.3,low,56.2,2,DEMO_DATA,True
2026-05-25,gopalpur,24.8,medium,59.8,3,DEMO_DATA,True
2026-05-26,gopalpur,18.4,low,54.7,2,DEMO_DATA,True
2026-05-27,gopalpur,18.4,low,54.7,2,DEMO_DATA,True
2026-05-28,gopalpur,22.2,low,57.7,2,DEMO_DATA,True
2026-05-29,gopalpur,20.7,low,56.6,2,DEMO_DATA,True
2026-05-30,gopalpur,21.6,low,57.3,2,DEMO_DATA,True
2026-05-31,gopalpur,20.8,low,56.6,2,DEMO_DATA,True
2026-06-01,gopalpur,24.5,medium,59.6,3,DEMO_DATA,True
2026-06-02,gopalpur,22.5,low,58.0,2,DEMO_DATA,True
2026-06-03,gopalpur,22.4,low,57.9,2,DEMO_DATA,True
2026-06-04,gopalpur,34.2,medium,67.4,4,DEMO_DATA,True
2026-06-05,gopalpur,30.6,medium,64.5,3,DEMO_DATA,True
2026-06-06,gopalpur,29.9,medium,63.9,3,DEMO_DATA,True
2026-06-07,gopalpur,32.5,medium,66.0,4,DEMO_DATA,True
2026-06-08,gopalpur,40.6,medium,72.5,5,DEMO_DATA,True
2026-06-09,gopalpur,38.4,medium,70.7,4,DEMO_DATA,True
2026-06-10,gopalpur,32.6,medium,66.1,4,DEMO_DATA,True
2026-06-11,gopalpur,32.4,medium,65.9,4,DEMO_DATA,True
2026-06-12,gopalpur,31.2,medium,64.9,3,DEMO_DATA,True
2026-06-13,gopalpur,31.8,medium,65.4,3,DEMO_DATA,True
2026-06-14,gopalpur,30.0,medium,64.0,3,DEMO_DATA,True
2026-06-15,gopalpur,35.4,medium,68.3,4,DEMO_DATA,True
2026-06-16,gopalpur,32.8,medium,66.2,4,DEMO_DATA,True
2026-06-17,gopalpur,33.9,medium,67.1,4,DEMO_DATA,True
2026-06-18,gopalpur,32.4,medium,66.0,4,DEMO_DATA,True
2026-06-19,gopalpur,25.6,medium,60.5,3,DEMO_DATA,True
2026-06-20,gopalpur,25.9,medium,60.7,3,DEMO_DATA,True
2026-06-21,gopalpur,25.0,medium,60.0,3,DEMO_DATA,True
2026-06-22,gopalpur,19.4,low,55.5,2,DEMO_DATA,True
2026-06-23,gopalpur,18.2,low,54.6,2,DEMO_DATA,True
2026-06-24,gopalpur,12.8,low,50.2,1,DEMO_DATA,True
2026-06-25,gopalpur,13.1,low,50.4,1,DEMO_DATA,True
2026-06-26,gopalpur,11.4,low,49.1,1,DEMO_DATA,True
2026-06-27,gopalpur,11.9,low,49.5,1,DEMO_DATA,True
2026-06-28,gopalpur,12.1,low,49.7,1,DEMO_DATA,True
2026-06-29,gopalpur,14.1,low,51.2,1,DEMO_DATA,True
2026-06-30,gopalpur,16.8,low,53.4,2,DEMO_DATA,True
2026-07-01,gopalpur,17.4,low,53.9,2,DEMO_DATA,True
2026-07-02,gopalpur,17.1,low,53.7,2,DEMO_DATA,True
2026-07-03,gopalpur,14.5,low,51.6,1,DEMO_DATA,True
2026-07-04,gopalpur,14.6,low,51.7,1,DEMO_DATA,True
2026-07-05,gopalpur,15.8,low,52.7,1,DEMO_DATA,True
2026-07-06,gopalpur,9.6,low,47.7,1,DEMO_DATA,True
2026-07-07,gopalpur,9.6,low,47.7,1,DEMO_DATA,True
2026-07-08,gopalpur,9.9,low,47.9,1,DEMO_DATA,True
2026-07-09,gopalpur,8.0,low,46.4,0,DEMO_DATA,True
2026-07-10,gopalpur,7.8,low,46.3,0,DEMO_DATA,True
2026-07-11,gopalpur,7.3,low,45.8,0,DEMO_DATA,True
2026-07-12,gopalpur,8.3,low,46.6,1,DEMO_DATA,True
2026-07-13,gopalpur,11.5,low,49.2,1,DEMO_DATA,True
2026-07-14,gopalpur,10.8,low,48.6,1,DEMO_DATA,True
2026-07-15,gopalpur,11.5,low,49.2,1,DEMO_DATA,True
2026-07-16,gopalpur,13.2,low,50.6,1,DEMO_DATA,True
2026-07-17,gopalpur,13.6,low,50.9,1,DEMO_DATA,True
2026-07-18,gopalpur,10.1,low,48.1,1,DEMO_DATA,True
2026-07-19,gopalpur,12.0,low,49.6,1,DEMO_DATA,True
2026-07-20,gopalpur,12.1,low,49.7,1,DEMO_DATA,True
2026-07-21,gopalpur,13.3,low,50.6,1,DEMO_DATA,True
2026-07-22,gopalpur,14.4,low,51.5,1,DEMO_DATA,True
2026-07-23,gopalpur,15.4,low,52.3,1,DEMO_DATA,True
2026-07-24,gopalpur,16.2,low,53.0,2,DEMO_DATA,True
2026-07-25,gopalpur,18.5,low,54.8,2,DEMO_DATA,True
2026-07-26,gopalpur,17.8,low,54.2,2,DEMO_DATA,True
2026-07-27,gopalpur,16.7,low,53.4,2,DEMO_DATA,True
2026-07-28,gopalpur,14.3,low,51.4,1,DEMO_DATA,True
2026-07-29,gopalpur,15.8,low,52.7,1,DEMO_DATA,True
2026-07-30,gopalpur,16.0,low,52.8,1,DEMO_DATA,True
2026-07-31,gopalpur,16.0,low,52.8,1,DEMO_DATA,True
2026-08-01,gopalpur,12.8,low,50.2,1,DEMO_DATA,True
2026-08-02,gopalpur,14.9,low,51.9,1,DEMO_DATA,True
2026-08-03,gopalpur,15.7,low,52.6,1,DEMO_DATA,True
2026-08-04,gopalpur,16.2,low,53.0,2,DEMO_DATA,True
2026-08-05,gopalpur,17.0,low,53.6,2,DEMO_DATA,True
2026-08-06,gopalpur,15.2,low,52.2,1,DEMO_DATA,True
2026-08-07,gopalpur,16.8,low,53.4,2,DEMO_DATA,True
2026-08-08,gopalpur,15.5,low,52.4,1,DEMO_DATA,True
2026-08-09,gopalpur,11.8,low,49.4,1,DEMO_DATA,True
2026-08-10,gopalpur,8.7,low,47.0,1,DEMO_DATA,True
2026-08-11,gopalpur,12.4,low,49.9,1,DEMO_DATA,True
2026-08-12,gopalpur,8.8,low,47.0,1,DEMO_DATA,True
2026-08-13,gopalpur,10.3,low,48.3,1,DEMO_DATA,True
2026-08-14,gopalpur,8.1,low,46.5,1,DEMO_DATA,True
2026-08-15,gopalpur,9.7,low,47.8,1,DEMO_DATA,True
2026-08-16,gopalpur,10.4,low,48.3,1,DEMO_DATA,True
2026-08-17,gopalpur,10.2,low,48.2,1,DEMO_DATA,True
2026-08-18,gopalpur,11.7,low,49.3,1,DEMO_DATA,True
2026-08-19,gopalpur,12.8,low,50.2,1,DEMO_DATA,True
2026-08-20,gopalpur,13.4,low,50.8,1,DEMO_DATA,True
2026-08-21,gopalpur,15.2,low,52.2,1,DEMO_DATA,True
2026-08-22,gopalpur,16.7,low,53.3,2,DEMO_DATA,True
2026-08-23,gopalpur,19.2,low,55.3,2,DEMO_DATA,True
2026-08-24,gopalpur,21.3,low,57.0,2,DEMO_DATA,True
2026-08-25,gopalpur,22.3,low,57.8,2,DEMO_DATA,True
2026-08-26,gopalpur,23.9,low,59.1,2,DEMO_DATA,True
2026-08-27,gopalpur,19.4,low,55.5,2,DEMO_DATA,True
2026-08-28,gopalpur,20.9,low,56.7,2,DEMO_DATA,True
2026-08-29,gopalpur,16.7,low,53.4,2,DEMO_DATA,True
2026-08-30,gopalpur,19.8,low,55.8,2,DEMO_DATA,True
2026-08-31,gopalpur,22.4,low,57.9,2,DEMO_DATA,True
2026-09-01,gopalpur,26.1,medium,60.8,3,DEMO_DATA,True
2026-09-02,gopalpur,25.1,medium,60.1,3,DEMO_DATA,True
2026-09-03,gopalpur,31.2,medium,64.9,3,DEMO_DATA,True
2026-09-04,gopalpur,29.8,medium,63.8,3,DEMO_DATA,True
2026-09-05,gopalpur,20.8,low,56.6,2,DEMO_DATA,True
2026-09-06,gopalpur,22.6,low,58.1,2,DEMO_DATA,True
2026-09-07,gopalpur,19.3,low,55.4,2,DEMO_DATA,True
2026-09-08,gopalpur,19.5,low,55.6,2,DEMO_DATA,True
2026-09-09,gopalpur,29.1,medium,63.3,3,DEMO_DATA,True
2026-09-10,gopalpur,27.6,medium,62.1,3,DEMO_DATA,True
2026-09-11,gopalpur,30.2,medium,64.2,3,DEMO_DATA,True
2026-09-12,gopalpur,31.7,medium,65.4,3,DEMO_DATA,True
2026-09-13,gopalpur,23.5,low,58.8,2,DEMO_DATA,True
2026-09-14,gopalpur,28.6,medium,62.8,3,DEMO_DATA,True
2020-01-01,dhamra,22.4,low,57.9,2,DEMO_DATA,True
2020-01-02,dhamra,22.1,low,57.7,2,DEMO_DATA,True
2020-01-03,dhamra,18.0,low,54.4,2,DEMO_DATA,True
2020-01-04,dhamra,16.9,low,53.5,2,DEMO_DATA,True
2020-01-05,dhamra,14.1,low,51.2,1,DEMO_DATA,True
2020-01-06,dhamra,12.6,low,50.1,1,DEMO_DATA,True
2020-01-07,dhamra,10.6,low,48.5,1,DEMO_DATA,True
2020-01-08,dhamra,9.2,low,47.3,1,DEMO_DATA,True
2020-01-09,dhamra,7.4,low,45.9,0,DEMO_DATA,True
2020-01-10,dhamra,6.0,low,44.8,0,DEMO_DATA,True
2020-01-11,dhamra,7.3,low,45.8,0,DEMO_DATA,True
2020-01-12,dhamra,6.7,low,45.4,0,DEMO_DATA,True
2020-01-13,dhamra,7.6,low,46.1,0,DEMO_DATA,True
2020-01-14,dhamra,8.5,low,46.8,1,DEMO_DATA,True
2020-01-15,dhamra,7.3,low,45.8,0,DEMO_DATA,True
2020-01-16,dhamra,11.1,low,48.8,1,DEMO_DATA,True
2020-01-17,dhamra,12.2,low,49.7,1,DEMO_DATA,True
2020-01-18,dhamra,17.3,low,53.8,2,DEMO_DATA,True
2020-01-19,dhamra,19.1,low,55.2,2,DEMO_DATA,True
2020-01-20,dhamra,16.3,low,53.0,2,DEMO_DATA,True
2020-01-21,dhamra,16.4,low,53.1,2,DEMO_DATA,True
2020-01-22,dhamra,17.2,low,53.7,2,DEMO_DATA,True
2020-01-23,dhamra,19.6,low,55.7,2,DEMO_DATA,True
2020-01-24,dhamra,17.7,low,54.1,2,DEMO_DATA,True
2020-01-25,dhamra,16.7,low,53.3,2,DEMO_DATA,True
2020-01-26,dhamra,13.6,low,50.9,1,DEMO_DATA,True
2020-01-27,dhamra,15.2,low,52.1,1,DEMO_DATA,True
2020-01-28,dhamra,12.4,low,50.0,1,DEMO_DATA,True
2020-01-29,dhamra,13.8,low,51.0,1,DEMO_DATA,True
2020-01-30,dhamra,14.1,low,51.3,1,DEMO_DATA,True
2020-01-31,dhamra,12.6,low,50.1,1,DEMO_DATA,True
2020-02-01,dhamra,12.4,low,49.9,1,DEMO_DATA,True
2020-02-02,dhamra,12.3,low,49.8,1,DEMO_DATA,True
2020-02-03,dhamra,13.7,low,50.9,1,DEMO_DATA,True
2020-02-04,dhamra,10.4,low,48.3,1,DEMO_DATA,True
2020-02-05,dhamra,10.1,low,48.1,1,DEMO_DATA,True
2020-02-06,dhamra,10.7,low,48.5,1,DEMO_DATA,True
2020-02-07,dhamra,9.9,low,47.9,1,DEMO_DATA,True
2020-02-08,dhamra,10.2,low,48.2,1,DEMO_DATA,True
2020-02-09,dhamra,11.6,low,49.3,1,DEMO_DATA,True
2020-02-10,dhamra,11.3,low,49.1,1,DEMO_DATA,True
2020-02-11,dhamra,15.1,low,52.1,1,DEMO_DATA,True
2020-02-12,dhamra,16.2,low,52.9,2,DEMO_DATA,True
2020-02-13,dhamra,14.2,low,51.4,1,DEMO_DATA,True
2020-02-14,dhamra,15.0,low,52.0,1,DEMO_DATA,True
2020-02-15,dhamra,14.3,low,51.5,1,DEMO_DATA,True
2020-02-16,dhamra,17.1,low,53.7,2,DEMO_DATA,True
2020-02-17,dhamra,17.4,low,53.9,2,DEMO_DATA,True
2020-02-18,dhamra,18.3,low,54.6,2,DEMO_DATA,True
2020-02-19,dhamra,17.4,low,53.9,2,DEMO_DATA,True
2020-02-20,dhamra,20.8,low,56.7,2,DEMO_DATA,True
2020-02-21,dhamra,22.2,low,57.8,2,DEMO_DATA,True
2020-02-22,dhamra,20.6,low,56.5,2,DEMO_DATA,True
2020-02-23,dhamra,20.5,low,56.4,2,DEMO_DATA,True
2020-02-24,dhamra,18.1,low,54.5,2,DEMO_DATA,True
2020-02-25,dhamra,21.6,low,57.3,2,DEMO_DATA,True
2020-02-26,dhamra,21.6,low,57.3,2,DEMO_DATA,True
2020-02-27,dhamra,21.5,low,57.2,2,DEMO_DATA,True
2020-02-28,dhamra,21.0,low,56.8,2,DEMO_DATA,True
2020-02-29,dhamra,20.9,low,56.8,2,DEMO_DATA,True
2020-03-01,dhamra,19.3,low,55.4,2,DEMO_DATA,True
2020-03-02,dhamra,18.7,low,54.9,2,DEMO_DATA,True
2020-03-03,dhamra,19.2,low,55.4,2,DEMO_DATA,True
2020-03-04,dhamra,19.2,low,55.4,2,DEMO_DATA,True
2020-03-05,dhamra,8.5,low,46.8,1,DEMO_DATA,True
2020-03-06,dhamra,7.7,low,46.2,0,DEMO_DATA,True
2020-03-07,dhamra,8.3,low,46.6,1,DEMO_DATA,True
2020-03-08,dhamra,10.2,low,48.2,1,DEMO_DATA,True
2020-03-09,dhamra,10.4,low,48.3,1,DEMO_DATA,True
2020-03-10,dhamra,11.7,low,49.4,1,DEMO_DATA,True
2020-03-11,dhamra,13.6,low,50.9,1,DEMO_DATA,True
2020-03-12,dhamra,14.0,low,51.2,1,DEMO_DATA,True
2020-03-13,dhamra,12.7,low,50.2,1,DEMO_DATA,True
2020-03-14,dhamra,12.2,low,49.7,1,DEMO_DATA,True
2020-03-15,dhamra,12.2,low,49.8,1,DEMO_DATA,True
2020-03-16,dhamra,13.0,low,50.4,1,DEMO_DATA,True
2020-03-17,dhamra,11.6,low,49.3,1,DEMO_DATA,True
2020-03-18,dhamra,13.4,low,50.8,1,DEMO_DATA,True
2020-03-19,dhamra,14.0,low,51.2,1,DEMO_DATA,True
2020-03-20,dhamra,13.2,low,50.5,1,DEMO_DATA,True
2020-03-21,dhamra,13.8,low,51.0,1,DEMO_DATA,True
2020-03-22,dhamra,11.0,low,48.8,1,DEMO_DATA,True
2020-03-23,dhamra,10.1,low,48.1,1,DEMO_DATA,True
2020-03-24,dhamra,9.9,low,47.9,1,DEMO_DATA,True
2020-03-25,dhamra,10.7,low,48.5,1,DEMO_DATA,True
2020-03-26,dhamra,10.6,low,48.5,1,DEMO_DATA,True
2020-03-27,dhamra,12.8,low,50.2,1,DEMO_DATA,True
2020-03-28,dhamra,17.2,low,53.7,2,DEMO_DATA,True
2020-03-29,dhamra,17.3,low,53.9,2,DEMO_DATA,True
2020-03-30,dhamra,17.3,low,53.8,2,DEMO_DATA,True
2020-03-31,dhamra,13.7,low,50.9,1,DEMO_DATA,True
2020-04-01,dhamra,16.6,low,53.3,2,DEMO_DATA,True
2020-04-02,dhamra,13.2,low,50.6,1,DEMO_DATA,True
2020-04-03,dhamra,14.1,low,51.3,1,DEMO_DATA,True
2020-04-04,dhamra,15.2,low,52.2,1,DEMO_DATA,True
2020-04-05,dhamra,20.1,low,56.1,2,DEMO_DATA,True
2020-04-06,dhamra,16.9,low,53.5,2,DEMO_DATA,True
2020-04-07,dhamra,14.4,low,51.5,1,DEMO_DATA,True
2020-04-08,dhamra,17.0,low,53.6,2,DEMO_DATA,True
2020-04-09,dhamra,18.3,low,54.6,2,DEMO_DATA,True
2020-04-10,dhamra,17.1,low,53.7,2,DEMO_DATA,True
2020-04-11,dhamra,17.7,low,54.2,2,DEMO_DATA,True
2020-04-12,dhamra,18.2,low,54.6,2,DEMO_DATA,True
2020-04-13,dhamra,20.2,low,56.2,2,DEMO_DATA,True
2020-04-14,dhamra,19.1,low,55.3,2,DEMO_DATA,True
2020-04-15,dhamra,16.3,low,53.0,2,DEMO_DATA,True
2020-04-16,dhamra,15.4,low,52.3,1,DEMO_DATA,True
2020-04-17,dhamra,25.1,medium,60.1,3,DEMO_DATA,True
2020-04-18,dhamra,21.0,low,56.8,2,DEMO_DATA,True
2020-04-19,dhamra,23.3,low,58.6,2,DEMO_DATA,True
2020-04-20,dhamra,22.7,low,58.1,2,DEMO_DATA,True
2020-04-21,dhamra,25.2,medium,60.2,3,DEMO_DATA,True
2020-04-22,dhamra,28.7,medium,63.0,3,DEMO_DATA,True
2020-04-23,dhamra,30.4,medium,64.3,3,DEMO_DATA,True
2020-04-24,dhamra,22.4,low,57.9,2,DEMO_DATA,True
2020-04-25,dhamra,19.5,low,55.6,2,DEMO_DATA,True
2020-04-26,dhamra,15.8,low,52.6,1,DEMO_DATA,True
2020-04-27,dhamra,14.5,low,51.6,1,DEMO_DATA,True
2020-04-28,dhamra,14.0,low,51.2,1,DEMO_DATA,True
2020-04-29,dhamra,16.2,low,53.0,2,DEMO_DATA,True
2020-04-30,dhamra,16.6,low,53.3,2,DEMO_DATA,True
2020-05-01,dhamra,20.4,low,56.4,2,DEMO_DATA,True
2020-05-02,dhamra,23.6,low,58.9,2,DEMO_DATA,True
2020-05-03,dhamra,20.5,low,56.4,2,DEMO_DATA,True
2020-05-04,dhamra,25.4,medium,60.3,3,DEMO_DATA,True
2020-05-05,dhamra,19.4,low,55.5,2,DEMO_DATA,True
2020-05-06,dhamra,22.0,low,57.6,2,DEMO_DATA,True
2020-05-07,dhamra,27.9,medium,62.3,3,DEMO_DATA,True
2020-05-08,dhamra,25.3,medium,60.2,3,DEMO_DATA,True
2020-05-09,dhamra,25.9,medium,60.7,3,DEMO_DATA,True
2020-05-10,dhamra,20.9,low,56.8,2,DEMO_DATA,True
2020-05-11,dhamra,21.3,low,57.1,2,DEMO_DATA,True
2020-05-12,dhamra,20.4,low,56.3,2,DEMO_DATA,True
2020-05-13,dhamra,24.6,medium,59.6,3,DEMO_DATA,True
2020-05-14,dhamra,17.4,low,53.9,2,DEMO_DATA,True
2020-05-15,dhamra,17.6,low,54.1,2,DEMO_DATA,True
2020-05-16,dhamra,17.6,low,54.1,2,DEMO_DATA,True
2020-05-17,dhamra,13.0,low,50.4,1,DEMO_DATA,True
2020-05-18,dhamra,11.5,low,49.2,1,DEMO_DATA,True
2020-05-19,dhamra,13.0,low,50.4,1,DEMO_DATA,True
2020-05-20,dhamra,11.4,low,49.1,1,DEMO_DATA,True
2020-05-21,dhamra,11.5,low,49.2,1,DEMO_DATA,True
2020-05-22,dhamra,11.1,low,48.9,1,DEMO_DATA,True
2020-05-23,dhamra,12.9,low,50.3,1,DEMO_DATA,True
2020-05-24,dhamra,14.8,low,51.9,1,DEMO_DATA,True
2020-05-25,dhamra,15.5,low,52.4,1,DEMO_DATA,True
2020-05-26,dhamra,11.3,low,49.0,1,DEMO_DATA,True
2020-05-27,dhamra,13.0,low,50.4,1,DEMO_DATA,True
2020-05-28,dhamra,14.0,low,51.2,1,DEMO_DATA,True
2020-05-29,dhamra,11.9,low,49.5,1,DEMO_DATA,True
2020-05-30,dhamra,10.7,low,48.6,1,DEMO_DATA,True
2020-05-31,dhamra,10.7,low,48.6,1,DEMO_DATA,True
2020-06-01,dhamra,9.3,low,47.5,1,DEMO_DATA,True
2020-06-02,dhamra,9.0,low,47.2,1,DEMO_DATA,True
2020-06-03,dhamra,7.1,low,45.7,0,DEMO_DATA,True
2020-06-04,dhamra,8.9,low,47.1,1,DEMO_DATA,True
2020-06-05,dhamra,12.3,low,49.9,1,DEMO_DATA,True
2020-06-06,dhamra,10.7,low,48.6,1,DEMO_DATA,True
2020-06-07,dhamra,15.8,low,52.6,1,DEMO_DATA,True
2020-06-08,dhamra,14.8,low,51.8,1,DEMO_DATA,True
2020-06-09,dhamra,15.2,low,52.2,1,DEMO_DATA,True
2020-06-10,dhamra,8.4,low,46.7,1,DEMO_DATA,True
2020-06-11,dhamra,10.8,low,48.6,1,DEMO_DATA,True
2020-06-12,dhamra,11.1,low,48.9,1,DEMO_DATA,True
2020-06-13,dhamra,12.7,low,50.1,1,DEMO_DATA,True
2020-06-14,dhamra,18.8,low,55.0,2,DEMO_DATA,True
2020-06-15,dhamra,17.9,low,54.3,2,DEMO_DATA,True
2020-06-16,dhamra,16.8,low,53.4,2,DEMO_DATA,True
2020-06-17,dhamra,15.4,low,52.3,1,DEMO_DATA,True
2020-06-18,dhamra,17.2,low,53.8,2,DEMO_DATA,True
2020-06-19,dhamra,15.9,low,52.7,1,DEMO_DATA,True
2020-06-20,dhamra,19.1,low,55.3,2,DEMO_DATA,True
2020-06-21,dhamra,17.3,low,53.8,2,DEMO_DATA,True
2020-06-22,dhamra,20.9,low,56.7,2,DEMO_DATA,True
2020-06-23,dhamra,21.8,low,57.4,2,DEMO_DATA,True
2020-06-24,dhamra,20.4,low,56.3,2,DEMO_DATA,True
2020-06-25,dhamra,19.8,low,55.8,2,DEMO_DATA,True
2020-06-26,dhamra,20.3,low,56.2,2,DEMO_DATA,True
2020-06-27,dhamra,18.9,low,55.2,2,DEMO_DATA,True
2020-06-28,dhamra,21.6,low,57.3,2,DEMO_DATA,True
2020-06-29,dhamra,19.9,low,55.9,2,DEMO_DATA,True
2020-06-30,dhamra,20.0,low,56.0,2,DEMO_DATA,True
2020-07-01,dhamra,21.4,low,57.2,2,DEMO_DATA,True
2020-07-02,dhamra,18.6,low,54.8,2,DEMO_DATA,True
2020-07-03,dhamra,19.6,low,55.7,2,DEMO_DATA,True
2020-07-04,dhamra,20.3,low,56.2,2,DEMO_DATA,True
2020-07-05,dhamra,17.0,low,53.6,2,DEMO_DATA,True
2020-07-06,dhamra,23.2,low,58.5,2,DEMO_DATA,True
2020-07-07,dhamra,23.0,low,58.4,2,DEMO_DATA,True
2020-07-08,dhamra,31.2,medium,64.9,3,DEMO_DATA,True
2020-07-09,dhamra,33.6,medium,66.9,4,DEMO_DATA,True
2020-07-10,dhamra,34.2,medium,67.4,4,DEMO_DATA,True
2020-07-11,dhamra,35.9,medium,68.7,4,DEMO_DATA,True
2020-07-12,dhamra,33.4,medium,66.7,4,DEMO_DATA,True
2020-07-13,dhamra,34.7,medium,67.8,4,DEMO_DATA,True
2020-07-14,dhamra,23.4,low,58.7,2,DEMO_DATA,True
2020-07-15,dhamra,22.7,low,58.2,2,DEMO_DATA,True
2020-07-16,dhamra,28.7,medium,63.0,3,DEMO_DATA,True
2020-07-17,dhamra,32.0,medium,65.6,4,DEMO_DATA,True
2020-07-18,dhamra,40.9,medium,72.7,5,DEMO_DATA,True
2020-07-19,dhamra,37.7,medium,70.1,4,DEMO_DATA,True
2020-07-20,dhamra,34.9,medium,67.9,4,DEMO_DATA,True
2020-07-21,dhamra,33.1,medium,66.4,4,DEMO_DATA,True
2020-07-22,dhamra,31.4,medium,65.1,3,DEMO_DATA,True
2020-07-23,dhamra,31.2,medium,65.0,3,DEMO_DATA,True
2020-07-24,dhamra,25.3,medium,60.3,3,DEMO_DATA,True
2020-07-25,dhamra,24.7,medium,59.8,3,DEMO_DATA,True
2020-07-26,dhamra,19.1,low,55.3,2,DEMO_DATA,True
2020-07-27,dhamra,19.2,low,55.4,2,DEMO_DATA,True
2020-07-28,dhamra,19.6,low,55.7,2,DEMO_DATA,True
2020-07-29,dhamra,18.8,low,55.0,2,DEMO_DATA,True
2020-07-30,dhamra,15.5,low,52.4,1,DEMO_DATA,True
2020-07-31,dhamra,17.8,low,54.3,2,DEMO_DATA,True
2020-08-01,dhamra,13.0,low,50.4,1,DEMO_DATA,True
2020-08-02,dhamra,12.4,low,49.9,1,DEMO_DATA,True
2020-08-03,dhamra,10.8,low,48.7,1,DEMO_DATA,True
2020-08-04,dhamra,9.1,low,47.3,1,DEMO_DATA,True
2020-08-05,dhamra,9.8,low,47.8,1,DEMO_DATA,True
2020-08-06,dhamra,11.9,low,49.5,1,DEMO_DATA,True
2020-08-07,dhamra,12.6,low,50.1,1,DEMO_DATA,True
2020-08-08,dhamra,15.0,low,52.0,1,DEMO_DATA,True
2020-08-09,dhamra,17.1,low,53.7,2,DEMO_DATA,True
2020-08-10,dhamra,21.9,low,57.5,2,DEMO_DATA,True
2020-08-11,dhamra,19.2,low,55.4,2,DEMO_DATA,True
2020-08-12,dhamra,15.0,low,52.0,1,DEMO_DATA,True
2020-08-13,dhamra,16.8,low,53.4,2,DEMO_DATA,True
2020-08-14,dhamra,14.7,low,51.8,1,DEMO_DATA,True
2020-08-15,dhamra,14.4,low,51.6,1,DEMO_DATA,True
2020-08-16,dhamra,12.9,low,50.3,1,DEMO_DATA,True
2020-08-17,dhamra,10.8,low,48.7,1,DEMO_DATA,True
2020-08-18,dhamra,11.7,low,49.4,1,DEMO_DATA,True
2020-08-19,dhamra,8.4,low,46.7,1,DEMO_DATA,True
2020-08-20,dhamra,7.2,low,45.7,0,DEMO_DATA,True
2020-08-21,dhamra,9.0,low,47.2,1,DEMO_DATA,True
2020-08-22,dhamra,9.5,low,47.6,1,DEMO_DATA,True
2020-08-23,dhamra,10.6,low,48.5,1,DEMO_DATA,True
2020-08-24,dhamra,13.7,low,50.9,1,DEMO_DATA,True
2020-08-25,dhamra,16.4,low,53.2,2,DEMO_DATA,True
2020-08-26,dhamra,17.2,low,53.8,2,DEMO_DATA,True
2020-08-27,dhamra,15.7,low,52.5,1,DEMO_DATA,True
2020-08-28,dhamra,13.0,low,50.4,1,DEMO_DATA,True
2020-08-29,dhamra,14.9,low,51.9,1,DEMO_DATA,True
2020-08-30,dhamra,17.9,low,54.3,2,DEMO_DATA,True
2020-08-31,dhamra,16.0,low,52.8,2,DEMO_DATA,True
2020-09-01,dhamra,11.7,low,49.4,1,DEMO_DATA,True
2020-09-02,dhamra,11.6,low,49.3,1,DEMO_DATA,True
2020-09-03,dhamra,12.4,low,49.9,1,DEMO_DATA,True
2020-09-04,dhamra,10.2,low,48.1,1,DEMO_DATA,True
2020-09-05,dhamra,7.4,low,45.9,0,DEMO_DATA,True
2020-09-06,dhamra,7.6,low,46.1,0,DEMO_DATA,True
2020-09-07,dhamra,7.1,low,45.7,0,DEMO_DATA,True
2020-09-08,dhamra,9.5,low,47.6,1,DEMO_DATA,True
2020-09-09,dhamra,9.2,low,47.4,1,DEMO_DATA,True
2020-09-10,dhamra,8.4,low,46.7,1,DEMO_DATA,True
2020-09-11,dhamra,8.2,low,46.6,1,DEMO_DATA,True
2020-09-12,dhamra,8.6,low,46.9,1,DEMO_DATA,True
2020-09-13,dhamra,9.0,low,47.2,1,DEMO_DATA,True
2020-09-14,dhamra,8.2,low,46.6,1,DEMO_DATA,True
2020-09-15,dhamra,10.1,low,48.1,1,DEMO_DATA,True
2020-09-16,dhamra,13.3,low,50.7,1,DEMO_DATA,True
2020-09-17,dhamra,12.1,low,49.7,1,DEMO_DATA,True
2020-09-18,dhamra,13.3,low,50.6,1,DEMO_DATA,True
2020-09-19,dhamra,14.1,low,51.3,1,DEMO_DATA,True
2020-09-20,dhamra,15.0,low,52.0,1,DEMO_DATA,True
2020-09-21,dhamra,13.0,low,50.4,1,DEMO_DATA,True
2020-09-22,dhamra,16.3,low,53.0,2,DEMO_DATA,True
2020-09-23,dhamra,16.9,low,53.5,2,DEMO_DATA,True
2020-09-24,dhamra,18.7,low,54.9,2,DEMO_DATA,True
2020-09-25,dhamra,17.3,low,53.8,2,DEMO_DATA,True
2020-09-26,dhamra,17.4,low,53.9,2,DEMO_DATA,True
2020-09-27,dhamra,15.2,low,52.1,1,DEMO_DATA,True
2020-09-28,dhamra,11.6,low,49.3,1,DEMO_DATA,True
2020-09-29,dhamra,14.9,low,51.9,1,DEMO_DATA,True
2020-09-30,dhamra,13.1,low,50.5,1,DEMO_DATA,True
2020-10-01,dhamra,12.4,low,49.9,1,DEMO_DATA,True
2020-10-02,dhamra,9.5,low,47.6,1,DEMO_DATA,True
2020-10-03,dhamra,12.1,low,49.7,1,DEMO_DATA,True
2020-10-04,dhamra,10.4,low,48.3,1,DEMO_DATA,True
2020-10-05,dhamra,11.6,low,49.3,1,DEMO_DATA,True
2020-10-06,dhamra,12.0,low,49.6,1,DEMO_DATA,True
2020-10-07,dhamra,13.9,low,51.1,1,DEMO_DATA,True
2020-10-08,dhamra,15.2,low,52.2,1,DEMO_DATA,True
2020-10-09,dhamra,21.2,low,56.9,2,DEMO_DATA,True
2020-10-10,dhamra,18.1,low,54.5,2,DEMO_DATA,True
2020-10-11,dhamra,16.3,low,53.1,2,DEMO_DATA,True
2020-10-12,dhamra,18.6,low,54.9,2,DEMO_DATA,True
2020-10-13,dhamra,19.0,low,55.2,2,DEMO_DATA,True
2020-10-14,dhamra,19.8,low,55.9,2,DEMO_DATA,True
2020-10-15,dhamra,23.4,low,58.7,2,DEMO_DATA,True
2020-10-16,dhamra,16.4,low,53.1,2,DEMO_DATA,True
2020-10-17,dhamra,15.8,low,52.7,1,DEMO_DATA,True
2020-10-18,dhamra,18.3,low,54.6,2,DEMO_DATA,True
2020-10-19,dhamra,14.7,low,51.8,1,DEMO_DATA,True
2020-10-20,dhamra,15.5,low,52.4,1,DEMO_DATA,True
2020-10-21,dhamra,18.9,low,55.1,2,DEMO_DATA,True
2020-10-22,dhamra,17.9,low,54.3,2,DEMO_DATA,True
2020-10-23,dhamra,22.9,low,58.3,2,DEMO_DATA,True
2020-10-24,dhamra,26.8,medium,61.5,3,DEMO_DATA,True
2020-10-25,dhamra,30.5,medium,64.4,3,DEMO_DATA,True
2020-10-26,dhamra,30.8,medium,64.6,3,DEMO_DATA,True
2020-10-27,dhamra,34.6,medium,67.7,4,DEMO_DATA,True
2020-10-28,dhamra,35.3,medium,68.2,4,DEMO_DATA,True
2020-10-29,dhamra,38.2,medium,70.5,4,DEMO_DATA,True
2020-10-30,dhamra,37.8,medium,70.2,4,DEMO_DATA,True
2020-10-31,dhamra,38.7,medium,71.0,4,DEMO_DATA,True
2020-11-01,dhamra,36.9,medium,69.5,4,DEMO_DATA,True
2020-11-02,dhamra,40.1,medium,72.1,5,DEMO_DATA,True
2020-11-03,dhamra,29.2,medium,63.4,3,DEMO_DATA,True
2020-11-04,dhamra,20.2,low,56.2,2,DEMO_DATA,True
2020-11-05,dhamra,19.8,low,55.9,2,DEMO_DATA,True
2020-11-06,dhamra,23.3,low,58.7,2,DEMO_DATA,True
2020-11-07,dhamra,25.2,medium,60.1,3,DEMO_DATA,True
2020-11-08,dhamra,27.8,medium,62.2,3,DEMO_DATA,True
2020-11-09,dhamra,19.6,low,55.6,2,DEMO_DATA,True
2020-11-10,dhamra,25.3,medium,60.3,3,DEMO_DATA,True
2020-11-11,dhamra,29.2,medium,63.4,3,DEMO_DATA,True
2020-11-12,dhamra,27.5,medium,62.0,3,DEMO_DATA,True
2020-11-13,dhamra,28.5,medium,62.8,3,DEMO_DATA,True
2020-11-14,dhamra,32.3,medium,65.8,4,DEMO_DATA,True
2020-11-15,dhamra,33.1,medium,66.4,4,DEMO_DATA,True
2020-11-16,dhamra,27.4,medium,62.0,3,DEMO_DATA,True
2020-11-17,dhamra,30.7,medium,64.6,3,DEMO_DATA,True
2020-11-18,dhamra,29.0,medium,63.2,3,DEMO_DATA,True
2020-11-19,dhamra,29.3,medium,63.5,3,DEMO_DATA,True
2020-11-20,dhamra,20.9,low,56.7,2,DEMO_DATA,True
2020-11-21,dhamra,23.2,low,58.5,2,DEMO_DATA,True
2020-11-22,dhamra,26.7,medium,61.3,3,DEMO_DATA,True
2020-11-23,dhamra,26.6,medium,61.3,3,DEMO_DATA,True
2020-11-24,dhamra,21.5,low,57.2,2,DEMO_DATA,True
2020-11-25,dhamra,20.0,low,56.0,2,DEMO_DATA,True
2020-11-26,dhamra,20.7,low,56.6,2,DEMO_DATA,True
2020-11-27,dhamra,20.1,low,56.1,2,DEMO_DATA,True
2020-11-28,dhamra,17.3,low,53.9,2,DEMO_DATA,True
2020-11-29,dhamra,15.9,low,52.7,1,DEMO_DATA,True
2020-11-30,dhamra,14.8,low,51.8,1,DEMO_DATA,True
2020-12-01,dhamra,12.3,low,49.9,1,DEMO_DATA,True
2020-12-02,dhamra,13.4,low,50.7,1,DEMO_DATA,True
2020-12-03,dhamra,13.8,low,51.0,1,DEMO_DATA,True
2020-12-04,dhamra,15.6,low,52.5,1,DEMO_DATA,True
2020-12-05,dhamra,13.5,low,50.8,1,DEMO_DATA,True
2020-12-06,dhamra,14.7,low,51.7,1,DEMO_DATA,True
2020-12-07,dhamra,12.7,low,50.2,1,DEMO_DATA,True
2020-12-08,dhamra,14.3,low,51.4,1,DEMO_DATA,True
2020-12-09,dhamra,13.9,low,51.2,1,DEMO_DATA,True
2020-12-10,dhamra,11.5,low,49.2,1,DEMO_DATA,True
2020-12-11,dhamra,16.8,low,53.4,2,DEMO_DATA,True
2020-12-12,dhamra,13.9,low,51.1,1,DEMO_DATA,True
2020-12-13,dhamra,14.4,low,51.5,1,DEMO_DATA,True
2020-12-14,dhamra,15.6,low,52.5,1,DEMO_DATA,True
2020-12-15,dhamra,19.1,low,55.3,2,DEMO_DATA,True
2020-12-16,dhamra,18.2,low,54.6,2,DEMO_DATA,True
2020-12-17,dhamra,20.5,low,56.4,2,DEMO_DATA,True
2020-12-18,dhamra,25.8,medium,60.6,3,DEMO_DATA,True
2020-12-19,dhamra,29.1,medium,63.3,3,DEMO_DATA,True
2020-12-20,dhamra,30.4,medium,64.3,3,DEMO_DATA,True
2020-12-21,dhamra,25.8,medium,60.6,3,DEMO_DATA,True
2020-12-22,dhamra,28.3,medium,62.6,3,DEMO_DATA,True
2020-12-23,dhamra,26.0,medium,60.8,3,DEMO_DATA,True
2020-12-24,dhamra,25.2,medium,60.1,3,DEMO_DATA,True
2020-12-25,dhamra,23.7,low,58.9,2,DEMO_DATA,True
2020-12-26,dhamra,17.0,low,53.6,2,DEMO_DATA,True
2020-12-27,dhamra,17.6,low,54.0,2,DEMO_DATA,True
2020-12-28,dhamra,15.3,low,52.3,1,DEMO_DATA,True
2020-12-29,dhamra,15.2,low,52.1,1,DEMO_DATA,True
2020-12-30,dhamra,17.1,low,53.7,2,DEMO_DATA,True
2020-12-31,dhamra,17.3,low,53.8,2,DEMO_DATA,True
2021-01-01,dhamra,18.1,low,54.5,2,DEMO_DATA,True
2021-01-02,dhamra,17.7,low,54.2,2,DEMO_DATA,True
2021-01-03,dhamra,16.3,low,53.1,2,DEMO_DATA,True
2021-01-04,dhamra,16.5,low,53.2,2,DEMO_DATA,True
2021-01-05,dhamra,15.7,low,52.5,1,DEMO_DATA,True
2021-01-06,dhamra,14.9,low,51.9,1,DEMO_DATA,True
2021-01-07,dhamra,13.4,low,50.7,1,DEMO_DATA,True
2021-01-08,dhamra,13.9,low,51.1,1,DEMO_DATA,True
2021-01-09,dhamra,16.4,low,53.1,2,DEMO_DATA,True
2021-01-10,dhamra,16.4,low,53.1,2,DEMO_DATA,True
2021-01-11,dhamra,18.0,low,54.4,2,DEMO_DATA,True
2021-01-12,dhamra,19.1,low,55.3,2,DEMO_DATA,True
2021-01-13,dhamra,23.4,low,58.7,2,DEMO_DATA,True
2021-01-14,dhamra,20.2,low,56.2,2,DEMO_DATA,True
2021-01-15,dhamra,16.9,low,53.5,2,DEMO_DATA,True
2021-01-16,dhamra,18.4,low,54.8,2,DEMO_DATA,True
2021-01-17,dhamra,24.4,medium,59.5,3,DEMO_DATA,True
2021-01-18,dhamra,20.9,low,56.7,2,DEMO_DATA,True
2021-01-19,dhamra,19.9,low,55.9,2,DEMO_DATA,True
2021-01-20,dhamra,20.6,low,56.4,2,DEMO_DATA,True
2021-01-21,dhamra,24.8,medium,59.8,3,DEMO_DATA,True
2021-01-22,dhamra,27.4,medium,61.9,3,DEMO_DATA,True
2021-01-23,dhamra,33.8,medium,67.1,4,DEMO_DATA,True
2021-01-24,dhamra,35.3,medium,68.2,4,DEMO_DATA,True
2021-01-25,dhamra,34.5,medium,67.6,4,DEMO_DATA,True
2021-01-26,dhamra,36.3,medium,69.1,4,DEMO_DATA,True
2021-01-27,dhamra,32.6,medium,66.0,4,DEMO_DATA,True
2021-01-28,dhamra,31.5,medium,65.2,3,DEMO_DATA,True
2021-01-29,dhamra,29.5,medium,63.6,3,DEMO_DATA,True
2021-01-30,dhamra,30.0,medium,64.0,3,DEMO_DATA,True
2021-01-31,dhamra,32.7,medium,66.2,4,DEMO_DATA,True
2021-02-01,dhamra,35.0,medium,68.0,4,DEMO_DATA,True
2021-02-02,dhamra,34.0,medium,67.2,4,DEMO_DATA,True
2021-02-03,dhamra,42.5,medium,74.0,5,DEMO_DATA,True
2021-02-04,dhamra,51.0,high,80.8,6,DEMO_DATA,True
2021-02-05,dhamra,42.7,medium,74.1,5,DEMO_DATA,True
2021-02-06,dhamra,33.7,medium,67.0,4,DEMO_DATA,True
2021-02-07,dhamra,24.3,medium,59.4,3,DEMO_DATA,True
2021-02-08,dhamra,17.1,low,53.7,2,DEMO_DATA,True
2021-02-09,dhamra,20.6,low,56.5,2,DEMO_DATA,True
2021-02-10,dhamra,16.7,low,53.3,2,DEMO_DATA,True
2021-02-11,dhamra,20.0,low,56.0,2,DEMO_DATA,True
2021-02-12,dhamra,23.0,low,58.4,2,DEMO_DATA,True
2021-02-13,dhamra,21.0,low,56.8,2,DEMO_DATA,True
2021-02-14,dhamra,22.2,low,57.7,2,DEMO_DATA,True
2021-02-15,dhamra,22.2,low,57.8,2,DEMO_DATA,True
2021-02-16,dhamra,20.3,low,56.2,2,DEMO_DATA,True
2021-02-17,dhamra,16.0,low,52.8,1,DEMO_DATA,True
2021-02-18,dhamra,11.6,low,49.3,1,DEMO_DATA,True
2021-02-19,dhamra,11.1,low,48.9,1,DEMO_DATA,True
2021-02-20,dhamra,10.4,low,48.3,1,DEMO_DATA,True
2021-02-21,dhamra,10.4,low,48.3,1,DEMO_DATA,True
2021-02-22,dhamra,10.7,low,48.6,1,DEMO_DATA,True
2021-02-23,dhamra,12.1,low,49.7,1,DEMO_DATA,True
2021-02-24,dhamra,12.5,low,50.0,1,DEMO_DATA,True
2021-02-25,dhamra,14.6,low,51.7,1,DEMO_DATA,True
2021-02-26,dhamra,16.4,low,53.1,2,DEMO_DATA,True
2021-02-27,dhamra,13.8,low,51.1,1,DEMO_DATA,True
2021-02-28,dhamra,18.3,low,54.6,2,DEMO_DATA,True
2021-03-01,dhamra,18.2,low,54.6,2,DEMO_DATA,True
2021-03-02,dhamra,19.9,low,55.9,2,DEMO_DATA,True
2021-03-03,dhamra,20.4,low,56.3,2,DEMO_DATA,True
2021-03-04,dhamra,21.3,low,57.1,2,DEMO_DATA,True
2021-03-05,dhamra,17.9,low,54.3,2,DEMO_DATA,True
2021-03-06,dhamra,21.3,low,57.1,2,DEMO_DATA,True
2021-03-07,dhamra,25.3,medium,60.3,3,DEMO_DATA,True
2021-03-08,dhamra,22.5,low,58.0,2,DEMO_DATA,True
2021-03-09,dhamra,21.5,low,57.2,2,DEMO_DATA,True
2021-03-10,dhamra,27.5,medium,62.0,3,DEMO_DATA,True
2021-03-11,dhamra,25.2,medium,60.2,3,DEMO_DATA,True
2021-03-12,dhamra,24.3,medium,59.5,3,DEMO_DATA,True
2021-03-13,dhamra,22.3,low,57.9,2,DEMO_DATA,True
2021-03-14,dhamra,19.8,low,55.8,2,DEMO_DATA,True
2021-03-15,dhamra,19.9,low,55.9,2,DEMO_DATA,True
2021-03-16,dhamra,26.2,medium,60.9,3,DEMO_DATA,True
2021-03-17,dhamra,20.6,low,56.5,2,DEMO_DATA,True
2021-03-18,dhamra,20.5,low,56.4,2,DEMO_DATA,True
2021-03-19,dhamra,24.7,medium,59.8,3,DEMO_DATA,True
2021-03-20,dhamra,23.2,low,58.6,2,DEMO_DATA,True
2021-03-21,dhamra,21.4,low,57.1,2,DEMO_DATA,True
2021-03-22,dhamra,22.6,low,58.1,2,DEMO_DATA,True
2021-03-23,dhamra,24.8,medium,59.8,3,DEMO_DATA,True
2021-03-24,dhamra,24.5,medium,59.6,3,DEMO_DATA,True
2021-03-25,dhamra,23.7,low,59.0,2,DEMO_DATA,True
2021-03-26,dhamra,25.5,medium,60.4,3,DEMO_DATA,True
2021-03-27,dhamra,29.6,medium,63.7,3,DEMO_DATA,True
2021-03-28,dhamra,24.2,medium,59.3,3,DEMO_DATA,True
2021-03-29,dhamra,20.5,low,56.4,2,DEMO_DATA,True
2021-03-30,dhamra,23.2,low,58.5,2,DEMO_DATA,True
2021-03-31,dhamra,27.2,medium,61.8,3,DEMO_DATA,True
2021-04-01,dhamra,33.8,medium,67.0,4,DEMO_DATA,True
2021-04-02,dhamra,32.6,medium,66.1,4,DEMO_DATA,True
2021-04-03,dhamra,35.6,medium,68.5,4,DEMO_DATA,True
2021-04-04,dhamra,32.6,medium,66.1,4,DEMO_DATA,True
2021-04-05,dhamra,31.1,medium,64.9,3,DEMO_DATA,True
2021-04-06,dhamra,35.6,medium,68.5,4,DEMO_DATA,True
2021-04-07,dhamra,28.8,medium,63.1,3,DEMO_DATA,True
2021-04-08,dhamra,29.6,medium,63.7,3,DEMO_DATA,True
2021-04-09,dhamra,29.4,medium,63.5,3,DEMO_DATA,True
2021-04-10,dhamra,22.2,low,57.7,2,DEMO_DATA,True
2021-04-11,dhamra,18.9,low,55.1,2,DEMO_DATA,True
2021-04-12,dhamra,16.0,low,52.8,1,DEMO_DATA,True
2021-04-13,dhamra,16.5,low,53.2,2,DEMO_DATA,True
2021-04-14,dhamra,11.5,low,49.2,1,DEMO_DATA,True
2021-04-15,dhamra,11.7,low,49.4,1,DEMO_DATA,True
2021-04-16,dhamra,10.8,low,48.6,1,DEMO_DATA,True
2021-04-17,dhamra,12.4,low,49.9,1,DEMO_DATA,True
2021-04-18,dhamra,13.7,low,50.9,1,DEMO_DATA,True
2021-04-19,dhamra,14.0,low,51.2,1,DEMO_DATA,True
2021-04-20,dhamra,13.3,low,50.6,1,DEMO_DATA,True
2021-04-21,dhamra,12.3,low,49.8,1,DEMO_DATA,True
2021-04-22,dhamra,13.4,low,50.7,1,DEMO_DATA,True
2021-04-23,dhamra,15.2,low,52.1,1,DEMO_DATA,True
2021-04-24,dhamra,16.5,low,53.2,2,DEMO_DATA,True
2021-04-25,dhamra,13.9,low,51.1,1,DEMO_DATA,True
2021-04-26,dhamra,13.8,low,51.0,1,DEMO_DATA,True
2021-04-27,dhamra,11.7,low,49.4,1,DEMO_DATA,True
2021-04-28,dhamra,10.4,low,48.3,1,DEMO_DATA,True
2021-04-29,dhamra,11.7,low,49.3,1,DEMO_DATA,True
2021-04-30,dhamra,13.5,low,50.8,1,DEMO_DATA,True
2021-05-01,dhamra,14.4,low,51.6,1,DEMO_DATA,True
2021-05-02,dhamra,15.4,low,52.3,1,DEMO_DATA,True
2021-05-03,dhamra,13.1,low,50.5,1,DEMO_DATA,True
2021-05-04,dhamra,15.1,low,52.0,1,DEMO_DATA,True
2021-05-05,dhamra,12.8,low,50.2,1,DEMO_DATA,True
2021-05-06,dhamra,13.8,low,51.1,1,DEMO_DATA,True
2021-05-07,dhamra,17.3,low,53.8,2,DEMO_DATA,True
2021-05-08,dhamra,16.9,low,53.5,2,DEMO_DATA,True
2021-05-09,dhamra,15.7,low,52.5,1,DEMO_DATA,True
2021-05-10,dhamra,21.1,low,56.9,2,DEMO_DATA,True
2021-05-11,dhamra,20.0,low,56.0,2,DEMO_DATA,True
2021-05-12,dhamra,17.1,low,53.7,2,DEMO_DATA,True
2021-05-13,dhamra,16.4,low,53.1,2,DEMO_DATA,True
2021-05-14,dhamra,16.1,low,52.9,2,DEMO_DATA,True
2021-05-15,dhamra,15.5,low,52.4,1,DEMO_DATA,True
2021-05-16,dhamra,14.2,low,51.3,1,DEMO_DATA,True
2021-05-17,dhamra,17.5,low,54.0,2,DEMO_DATA,True
2021-05-18,dhamra,14.0,low,51.2,1,DEMO_DATA,True
2021-05-19,dhamra,14.1,low,51.2,1,DEMO_DATA,True
2021-05-20,dhamra,13.8,low,51.0,1,DEMO_DATA,True
2021-05-21,dhamra,15.2,low,52.2,1,DEMO_DATA,True
2021-05-22,dhamra,12.7,low,50.1,1,DEMO_DATA,True
2021-05-23,dhamra,13.5,low,50.8,1,DEMO_DATA,True
2021-05-24,dhamra,14.9,low,51.9,1,DEMO_DATA,True
2021-05-25,dhamra,17.6,low,54.1,2,DEMO_DATA,True
2021-05-26,dhamra,17.5,low,54.0,2,DEMO_DATA,True
2021-05-27,dhamra,20.3,low,56.3,2,DEMO_DATA,True
2021-05-28,dhamra,22.9,low,58.3,2,DEMO_DATA,True
2021-05-29,dhamra,23.5,low,58.8,2,DEMO_DATA,True
2021-05-30,dhamra,33.8,medium,67.0,4,DEMO_DATA,True
2021-05-31,dhamra,24.5,medium,59.6,3,DEMO_DATA,True
2021-06-01,dhamra,24.7,medium,59.8,3,DEMO_DATA,True
2021-06-02,dhamra,19.3,low,55.5,2,DEMO_DATA,True
2021-06-03,dhamra,17.6,low,54.1,2,DEMO_DATA,True
2021-06-04,dhamra,17.9,low,54.4,2,DEMO_DATA,True
2021-06-05,dhamra,19.9,low,55.9,2,DEMO_DATA,True
2021-06-06,dhamra,17.9,low,54.4,2,DEMO_DATA,True
2021-06-07,dhamra,18.5,low,54.8,2,DEMO_DATA,True
2021-06-08,dhamra,21.2,low,57.0,2,DEMO_DATA,True
2021-06-09,dhamra,25.6,medium,60.5,3,DEMO_DATA,True
2021-06-10,dhamra,27.0,medium,61.6,3,DEMO_DATA,True
2021-06-11,dhamra,21.2,low,57.0,2,DEMO_DATA,True
2021-06-12,dhamra,17.1,low,53.7,2,DEMO_DATA,True
2021-06-13,dhamra,17.9,low,54.3,2,DEMO_DATA,True
2021-06-14,dhamra,17.5,low,54.0,2,DEMO_DATA,True
2021-06-15,dhamra,20.1,low,56.1,2,DEMO_DATA,True
2021-06-16,dhamra,22.2,low,57.8,2,DEMO_DATA,True
2021-06-17,dhamra,23.0,low,58.4,2,DEMO_DATA,True
2021-06-18,dhamra,22.3,low,57.9,2,DEMO_DATA,True
2021-06-19,dhamra,29.3,medium,63.5,3,DEMO_DATA,True
2021-06-20,dhamra,30.1,medium,64.1,3,DEMO_DATA,True
2021-06-21,dhamra,23.2,low,58.6,2,DEMO_DATA,True
2021-06-22,dhamra,32.6,medium,66.1,4,DEMO_DATA,True
2021-06-23,dhamra,41.3,medium,73.0,5,DEMO_DATA,True
2021-06-24,dhamra,34.7,medium,67.7,4,DEMO_DATA,True
2021-06-25,dhamra,40.2,medium,72.2,5,DEMO_DATA,True
2021-06-26,dhamra,42.4,medium,73.9,5,DEMO_DATA,True
2021-06-27,dhamra,39.1,medium,71.3,4,DEMO_DATA,True
2021-06-28,dhamra,27.3,medium,61.8,3,DEMO_DATA,True
2021-06-29,dhamra,26.7,medium,61.4,3,DEMO_DATA,True
2021-06-30,dhamra,33.7,medium,67.0,4,DEMO_DATA,True
2021-07-01,dhamra,30.7,medium,64.6,3,DEMO_DATA,True
2021-07-02,dhamra,41.9,medium,73.5,5,DEMO_DATA,True
2021-07-03,dhamra,37.8,medium,70.2,4,DEMO_DATA,True
2021-07-04,dhamra,33.1,medium,66.5,4,DEMO_DATA,True
2021-07-05,dhamra,28.8,medium,63.1,3,DEMO_DATA,True
2021-07-06,dhamra,20.9,low,56.7,2,DEMO_DATA,True
2021-07-07,dhamra,22.0,low,57.6,2,DEMO_DATA,True
2021-07-08,dhamra,17.5,low,54.0,2,DEMO_DATA,True
2021-07-09,dhamra,17.9,low,54.3,2,DEMO_DATA,True
2021-07-10,dhamra,20.8,low,56.7,2,DEMO_DATA,True
2021-07-11,dhamra,18.2,low,54.5,2,DEMO_DATA,True
2021-07-12,dhamra,16.7,low,53.4,2,DEMO_DATA,True
2021-07-13,dhamra,16.1,low,52.9,2,DEMO_DATA,True
2021-07-14,dhamra,17.9,low,54.3,2,DEMO_DATA,True
2021-07-15,dhamra,7.9,low,46.3,0,DEMO_DATA,True
2021-07-16,dhamra,8.1,low,46.5,1,DEMO_DATA,True
2021-07-17,dhamra,10.3,low,48.3,1,DEMO_DATA,True
2021-07-18,dhamra,12.0,low,49.6,1,DEMO_DATA,True
2021-07-19,dhamra,11.2,low,49.0,1,DEMO_DATA,True
2021-07-20,dhamra,14.2,low,51.4,1,DEMO_DATA,True
2021-07-21,dhamra,12.6,low,50.1,1,DEMO_DATA,True
2021-07-22,dhamra,16.5,low,53.2,2,DEMO_DATA,True
2021-07-23,dhamra,14.1,low,51.3,1,DEMO_DATA,True
2021-07-24,dhamra,14.0,low,51.2,1,DEMO_DATA,True
2021-07-25,dhamra,13.5,low,50.8,1,DEMO_DATA,True
2021-07-26,dhamra,10.8,low,48.6,1,DEMO_DATA,True
2021-07-27,dhamra,10.3,low,48.2,1,DEMO_DATA,True
2021-07-28,dhamra,10.6,low,48.5,1,DEMO_DATA,True
2021-07-29,dhamra,8.7,low,46.9,1,DEMO_DATA,True
2021-07-30,dhamra,10.8,low,48.6,1,DEMO_DATA,True
2021-07-31,dhamra,11.1,low,48.9,1,DEMO_DATA,True
2021-08-01,dhamra,14.1,low,51.2,1,DEMO_DATA,True
2021-08-02,dhamra,15.1,low,52.1,1,DEMO_DATA,True
2021-08-03,dhamra,16.8,low,53.4,2,DEMO_DATA,True
2021-08-04,dhamra,15.5,low,52.4,1,DEMO_DATA,True
2021-08-05,dhamra,18.8,low,55.0,2,DEMO_DATA,True
2021-08-06,dhamra,14.9,low,51.9,1,DEMO_DATA,True
2021-08-07,dhamra,18.0,low,54.4,2,DEMO_DATA,True
2021-08-08,dhamra,18.7,low,54.9,2,DEMO_DATA,True
2021-08-09,dhamra,15.3,low,52.3,1,DEMO_DATA,True
2021-08-10,dhamra,13.2,low,50.5,1,DEMO_DATA,True
2021-08-11,dhamra,10.8,low,48.6,1,DEMO_DATA,True
2021-08-12,dhamra,14.4,low,51.5,1,DEMO_DATA,True
2021-08-13,dhamra,11.3,low,49.0,1,DEMO_DATA,True
2021-08-14,dhamra,13.5,low,50.8,1,DEMO_DATA,True
2021-08-15,dhamra,12.0,low,49.6,1,DEMO_DATA,True
2021-08-16,dhamra,8.9,low,47.1,1,DEMO_DATA,True
2021-08-17,dhamra,8.9,low,47.1,1,DEMO_DATA,True
2021-08-18,dhamra,11.5,low,49.2,1,DEMO_DATA,True
2021-08-19,dhamra,12.9,low,50.3,1,DEMO_DATA,True
2021-08-20,dhamra,12.2,low,49.8,1,DEMO_DATA,True
2021-08-21,dhamra,9.6,low,47.7,1,DEMO_DATA,True
2021-08-22,dhamra,7.9,low,46.3,0,DEMO_DATA,True
2021-08-23,dhamra,8.2,low,46.5,1,DEMO_DATA,True
2021-08-24,dhamra,8.7,low,46.9,1,DEMO_DATA,True
2021-08-25,dhamra,12.3,low,49.8,1,DEMO_DATA,True
2021-08-26,dhamra,12.7,low,50.1,1,DEMO_DATA,True
2021-08-27,dhamra,10.5,low,48.4,1,DEMO_DATA,True
2021-08-28,dhamra,9.7,low,47.8,1,DEMO_DATA,True
2021-08-29,dhamra,13.6,low,50.8,1,DEMO_DATA,True
2021-08-30,dhamra,13.1,low,50.5,1,DEMO_DATA,True
2021-08-31,dhamra,9.4,low,47.5,1,DEMO_DATA,True
2021-09-01,dhamra,8.8,low,47.0,1,DEMO_DATA,True
2021-09-02,dhamra,9.3,low,47.4,1,DEMO_DATA,True
2021-09-03,dhamra,9.8,low,47.9,1,DEMO_DATA,True
2021-09-04,dhamra,11.4,low,49.1,1,DEMO_DATA,True
2021-09-05,dhamra,12.1,low,49.7,1,DEMO_DATA,True
2021-09-06,dhamra,10.6,low,48.5,1,DEMO_DATA,True
2021-09-07,dhamra,14.7,low,51.8,1,DEMO_DATA,True
2021-09-08,dhamra,13.7,low,50.9,1,DEMO_DATA,True
2021-09-09,dhamra,17.3,low,53.8,2,DEMO_DATA,True
2021-09-10,dhamra,17.9,low,54.3,2,DEMO_DATA,True
2021-09-11,dhamra,22.8,low,58.3,2,DEMO_DATA,True
2021-09-12,dhamra,12.5,low,50.0,1,DEMO_DATA,True
2021-09-13,dhamra,12.2,low,49.8,1,DEMO_DATA,True
2021-09-14,dhamra,11.8,low,49.5,1,DEMO_DATA,True
2021-09-15,dhamra,13.0,low,50.4,1,DEMO_DATA,True
2021-09-16,dhamra,15.8,low,52.6,1,DEMO_DATA,True
2021-09-17,dhamra,14.0,low,51.2,1,DEMO_DATA,True
2021-09-18,dhamra,12.6,low,50.1,1,DEMO_DATA,True
2021-09-19,dhamra,13.7,low,51.0,1,DEMO_DATA,True
2021-09-20,dhamra,14.5,low,51.6,1,DEMO_DATA,True
2021-09-21,dhamra,19.2,low,55.4,2,DEMO_DATA,True
2021-09-22,dhamra,24.1,medium,59.3,3,DEMO_DATA,True
2021-09-23,dhamra,26.0,medium,60.8,3,DEMO_DATA,True
2021-09-24,dhamra,24.9,medium,59.9,3,DEMO_DATA,True
2021-09-25,dhamra,29.8,medium,63.8,3,DEMO_DATA,True
2021-09-26,dhamra,38.8,medium,71.1,4,DEMO_DATA,True
2021-09-27,dhamra,34.5,medium,67.6,4,DEMO_DATA,True
2021-09-28,dhamra,31.6,medium,65.3,3,DEMO_DATA,True
2021-09-29,dhamra,35.3,medium,68.3,4,DEMO_DATA,True
2021-09-30,dhamra,35.1,medium,68.1,4,DEMO_DATA,True
2021-10-01,dhamra,25.1,medium,60.1,3,DEMO_DATA,True
2021-10-02,dhamra,30.9,medium,64.8,3,DEMO_DATA,True
2021-10-03,dhamra,27.8,medium,62.2,3,DEMO_DATA,True
2021-10-04,dhamra,26.3,medium,61.0,3,DEMO_DATA,True
2021-10-05,dhamra,20.4,low,56.3,2,DEMO_DATA,True
2021-10-06,dhamra,18.8,low,55.0,2,DEMO_DATA,True
2021-10-07,dhamra,14.4,low,51.5,1,DEMO_DATA,True
2021-10-08,dhamra,19.8,low,55.8,2,DEMO_DATA,True
2021-10-09,dhamra,24.2,medium,59.4,3,DEMO_DATA,True
2021-10-10,dhamra,20.9,low,56.7,2,DEMO_DATA,True
2021-10-11,dhamra,17.5,low,54.0,2,DEMO_DATA,True
2021-10-12,dhamra,17.7,low,54.1,2,DEMO_DATA,True
2021-10-13,dhamra,18.1,low,54.5,2,DEMO_DATA,True
2021-10-14,dhamra,21.7,low,57.4,2,DEMO_DATA,True
2021-10-15,dhamra,25.4,medium,60.3,3,DEMO_DATA,True
2021-10-16,dhamra,29.8,medium,63.8,3,DEMO_DATA,True
2021-10-17,dhamra,30.1,medium,64.1,3,DEMO_DATA,True
2021-10-18,dhamra,22.2,low,57.7,2,DEMO_DATA,True
2021-10-19,dhamra,13.2,low,50.5,1,DEMO_DATA,True
2021-10-20,dhamra,17.3,low,53.9,2,DEMO_DATA,True
2021-10-21,dhamra,17.3,low,53.9,2,DEMO_DATA,True
2021-10-22,dhamra,16.4,low,53.1,2,DEMO_DATA,True
2021-10-23,dhamra,11.4,low,49.1,1,DEMO_DATA,True
2021-10-24,dhamra,11.2,low,48.9,1,DEMO_DATA,True
2021-10-25,dhamra,11.8,low,49.5,1,DEMO_DATA,True
2021-10-26,dhamra,12.8,low,50.2,1,DEMO_DATA,True
2021-10-27,dhamra,13.2,low,50.6,1,DEMO_DATA,True
2021-10-28,dhamra,13.4,low,50.7,1,DEMO_DATA,True
2021-10-29,dhamra,15.3,low,52.3,1,DEMO_DATA,True
2021-10-30,dhamra,20.7,low,56.5,2,DEMO_DATA,True
2021-10-31,dhamra,22.5,low,58.0,2,DEMO_DATA,True
2021-11-01,dhamra,19.6,low,55.7,2,DEMO_DATA,True
2021-11-02,dhamra,18.3,low,54.7,2,DEMO_DATA,True
2021-11-03,dhamra,20.2,low,56.2,2,DEMO_DATA,True
2021-11-04,dhamra,20.3,low,56.2,2,DEMO_DATA,True
2021-11-05,dhamra,24.0,low,59.2,2,DEMO_DATA,True
2021-11-06,dhamra,20.1,low,56.1,2,DEMO_DATA,True
2021-11-07,dhamra,15.3,low,52.2,1,DEMO_DATA,True
2021-11-08,dhamra,13.9,low,51.1,1,DEMO_DATA,True
2021-11-09,dhamra,20.5,low,56.4,2,DEMO_DATA,True
2021-11-10,dhamra,22.5,low,58.0,2,DEMO_DATA,True
2021-11-11,dhamra,22.6,low,58.1,2,DEMO_DATA,True
2021-11-12,dhamra,20.7,low,56.6,2,DEMO_DATA,True
2021-11-13,dhamra,22.7,low,58.1,2,DEMO_DATA,True
2021-11-14,dhamra,21.2,low,56.9,2,DEMO_DATA,True
2021-11-15,dhamra,18.7,low,54.9,2,DEMO_DATA,True
2021-11-16,dhamra,19.7,low,55.8,2,DEMO_DATA,True
2021-11-17,dhamra,17.4,low,54.0,2,DEMO_DATA,True
2021-11-18,dhamra,17.6,low,54.1,2,DEMO_DATA,True
2021-11-19,dhamra,18.4,low,54.7,2,DEMO_DATA,True
2021-11-20,dhamra,19.9,low,55.9,2,DEMO_DATA,True
2021-11-21,dhamra,22.2,low,57.7,2,DEMO_DATA,True
2021-11-22,dhamra,20.2,low,56.2,2,DEMO_DATA,True
2021-11-23,dhamra,21.5,low,57.2,2,DEMO_DATA,True
2021-11-24,dhamra,16.6,low,53.3,2,DEMO_DATA,True
2021-11-25,dhamra,13.9,low,51.1,1,DEMO_DATA,True
2021-11-26,dhamra,12.5,low,50.0,1,DEMO_DATA,True
2021-11-27,dhamra,14.7,low,51.8,1,DEMO_DATA,True
2021-11-28,dhamra,13.6,low,50.9,1,DEMO_DATA,True
2021-11-29,dhamra,12.2,low,49.8,1,DEMO_DATA,True
2021-11-30,dhamra,10.8,low,48.7,1,DEMO_DATA,True
2021-12-01,dhamra,8.9,low,47.1,1,DEMO_DATA,True
2021-12-02,dhamra,11.7,low,49.3,1,DEMO_DATA,True
2021-12-03,dhamra,11.7,low,49.4,1,DEMO_DATA,True
2021-12-04,dhamra,12.1,low,49.7,1,DEMO_DATA,True
2021-12-05,dhamra,13.0,low,50.4,1,DEMO_DATA,True
2021-12-06,dhamra,14.7,low,51.7,1,DEMO_DATA,True
2021-12-07,dhamra,14.5,low,51.6,1,DEMO_DATA,True
2021-12-08,dhamra,15.8,low,52.6,1,DEMO_DATA,True
2021-12-09,dhamra,19.6,low,55.7,2,DEMO_DATA,True
2021-12-10,dhamra,18.7,low,54.9,2,DEMO_DATA,True
2021-12-11,dhamra,20.6,low,56.4,2,DEMO_DATA,True
2021-12-12,dhamra,21.7,low,57.3,2,DEMO_DATA,True
2021-12-13,dhamra,21.8,low,57.4,2,DEMO_DATA,True
2021-12-14,dhamra,22.1,low,57.7,2,DEMO_DATA,True
2021-12-15,dhamra,19.5,low,55.6,2,DEMO_DATA,True
2021-12-16,dhamra,17.9,low,54.3,2,DEMO_DATA,True
2021-12-17,dhamra,22.3,low,57.8,2,DEMO_DATA,True
2021-12-18,dhamra,25.3,medium,60.3,3,DEMO_DATA,True
2021-12-19,dhamra,25.6,medium,60.5,3,DEMO_DATA,True
2021-12-20,dhamra,24.0,low,59.2,2,DEMO_DATA,True
2021-12-21,dhamra,26.0,medium,60.8,3,DEMO_DATA,True
2021-12-22,dhamra,24.7,medium,59.8,3,DEMO_DATA,True
2021-12-23,dhamra,29.7,medium,63.7,3,DEMO_DATA,True
2021-12-24,dhamra,25.2,medium,60.1,3,DEMO_DATA,True
2021-12-25,dhamra,29.9,medium,63.9,3,DEMO_DATA,True
2021-12-26,dhamra,34.5,medium,67.6,4,DEMO_DATA,True
2021-12-27,dhamra,30.5,medium,64.4,3,DEMO_DATA,True
2021-12-28,dhamra,29.8,medium,63.8,3,DEMO_DATA,True
2021-12-29,dhamra,30.8,medium,64.6,3,DEMO_DATA,True
2021-12-30,dhamra,35.5,medium,68.4,4,DEMO_DATA,True
2021-12-31,dhamra,37.7,medium,70.2,4,DEMO_DATA,True
2022-01-01,dhamra,35.1,medium,68.1,4,DEMO_DATA,True
2022-01-02,dhamra,35.5,medium,68.4,4,DEMO_DATA,True
2022-01-03,dhamra,32.7,medium,66.1,4,DEMO_DATA,True
2022-01-04,dhamra,32.7,medium,66.2,4,DEMO_DATA,True
2022-01-05,dhamra,24.5,medium,59.6,3,DEMO_DATA,True
2022-01-06,dhamra,26.9,medium,61.5,3,DEMO_DATA,True
2022-01-07,dhamra,27.0,medium,61.6,3,DEMO_DATA,True
2022-01-08,dhamra,33.2,medium,66.5,4,DEMO_DATA,True
2022-01-09,dhamra,31.8,medium,65.5,3,DEMO_DATA,True
2022-01-10,dhamra,33.5,medium,66.8,4,DEMO_DATA,True
2022-01-11,dhamra,40.1,medium,72.1,5,DEMO_DATA,True
2022-01-12,dhamra,30.7,medium,64.5,3,DEMO_DATA,True
2022-01-13,dhamra,26.5,medium,61.2,3,DEMO_DATA,True
2022-01-14,dhamra,28.8,medium,63.0,3,DEMO_DATA,True
2022-01-15,dhamra,28.0,medium,62.4,3,DEMO_DATA,True
2022-01-16,dhamra,33.4,medium,66.7,4,DEMO_DATA,True
2022-01-17,dhamra,23.6,low,58.9,2,DEMO_DATA,True
2022-01-18,dhamra,23.5,low,58.8,2,DEMO_DATA,True
2022-01-19,dhamra,23.7,low,59.0,2,DEMO_DATA,True
2022-01-20,dhamra,16.6,low,53.3,2,DEMO_DATA,True
2022-01-21,dhamra,13.0,low,50.4,1,DEMO_DATA,True
2022-01-22,dhamra,9.2,low,47.3,1,DEMO_DATA,True
2022-01-23,dhamra,8.7,low,46.9,1,DEMO_DATA,True
2022-01-24,dhamra,8.0,low,46.4,0,DEMO_DATA,True
2022-01-25,dhamra,7.0,low,45.6,0,DEMO_DATA,True
2022-01-26,dhamra,10.2,low,48.2,1,DEMO_DATA,True
2022-01-27,dhamra,8.5,low,46.8,1,DEMO_DATA,True
2022-01-28,dhamra,8.7,low,47.0,1,DEMO_DATA,True
2022-01-29,dhamra,10.9,low,48.7,1,DEMO_DATA,True
2022-01-30,dhamra,7.8,low,46.3,0,DEMO_DATA,True
2022-01-31,dhamra,9.4,low,47.5,1,DEMO_DATA,True
2022-02-01,dhamra,11.2,low,48.9,1,DEMO_DATA,True
2022-02-02,dhamra,12.6,low,50.0,1,DEMO_DATA,True
2022-02-03,dhamra,14.1,low,51.3,1,DEMO_DATA,True
2022-02-04,dhamra,10.8,low,48.6,1,DEMO_DATA,True
2022-02-05,dhamra,11.8,low,49.4,1,DEMO_DATA,True
2022-02-06,dhamra,7.5,low,46.0,0,DEMO_DATA,True
2022-02-07,dhamra,8.9,low,47.1,1,DEMO_DATA,True
2022-02-08,dhamra,10.3,low,48.3,1,DEMO_DATA,True
2022-02-09,dhamra,14.0,low,51.2,1,DEMO_DATA,True
2022-02-10,dhamra,18.2,low,54.6,2,DEMO_DATA,True
2022-02-11,dhamra,17.9,low,54.3,2,DEMO_DATA,True
2022-02-12,dhamra,16.7,low,53.4,2,DEMO_DATA,True
2022-02-13,dhamra,16.1,low,52.9,2,DEMO_DATA,True
2022-02-14,dhamra,16.2,low,53.0,2,DEMO_DATA,True
2022-02-15,dhamra,14.5,low,51.6,1,DEMO_DATA,True
2022-02-16,dhamra,13.0,low,50.4,1,DEMO_DATA,True
2022-02-17,dhamra,14.9,low,51.9,1,DEMO_DATA,True
2022-02-18,dhamra,13.0,low,50.4,1,DEMO_DATA,True
2022-02-19,dhamra,13.5,low,50.8,1,DEMO_DATA,True
2022-02-20,dhamra,19.0,low,55.2,2,DEMO_DATA,True
2022-02-21,dhamra,23.3,low,58.7,2,DEMO_DATA,True
2022-02-22,dhamra,19.7,low,55.7,2,DEMO_DATA,True
2022-02-23,dhamra,25.2,medium,60.2,3,DEMO_DATA,True
2022-02-24,dhamra,26.5,medium,61.2,3,DEMO_DATA,True
2022-02-25,dhamra,28.8,medium,63.0,3,DEMO_DATA,True
2022-02-26,dhamra,26.0,medium,60.8,3,DEMO_DATA,True
2022-02-27,dhamra,24.9,medium,59.9,3,DEMO_DATA,True
2022-02-28,dhamra,20.6,low,56.5,2,DEMO_DATA,True
2022-03-01,dhamra,20.1,low,56.1,2,DEMO_DATA,True
2022-03-02,dhamra,11.1,low,48.8,1,DEMO_DATA,True
2022-03-03,dhamra,12.4,low,49.9,1,DEMO_DATA,True
2022-03-04,dhamra,13.8,low,51.0,1,DEMO_DATA,True
2022-03-05,dhamra,12.1,low,49.7,1,DEMO_DATA,True
2022-03-06,dhamra,10.7,low,48.6,1,DEMO_DATA,True
2022-03-07,dhamra,12.3,low,49.8,1,DEMO_DATA,True
2022-03-08,dhamra,13.2,low,50.6,1,DEMO_DATA,True
2022-03-09,dhamra,15.7,low,52.6,1,DEMO_DATA,True
2022-03-10,dhamra,15.1,low,52.1,1,DEMO_DATA,True
2022-03-11,dhamra,18.7,low,55.0,2,DEMO_DATA,True
2022-03-12,dhamra,19.6,low,55.7,2,DEMO_DATA,True
2022-03-13,dhamra,12.7,low,50.2,1,DEMO_DATA,True
2022-03-14,dhamra,12.8,low,50.3,1,DEMO_DATA,True
2022-03-15,dhamra,13.3,low,50.7,1,DEMO_DATA,True
2022-03-16,dhamra,17.3,low,53.9,2,DEMO_DATA,True
2022-03-17,dhamra,14.0,low,51.2,1,DEMO_DATA,True
2022-03-18,dhamra,15.1,low,52.1,1,DEMO_DATA,True
2022-03-19,dhamra,15.0,low,52.0,1,DEMO_DATA,True
2022-03-20,dhamra,15.1,low,52.1,1,DEMO_DATA,True
2022-03-21,dhamra,15.0,low,52.0,1,DEMO_DATA,True
2022-03-22,dhamra,13.3,low,50.7,1,DEMO_DATA,True
2022-03-23,dhamra,14.4,low,51.5,1,DEMO_DATA,True
2022-03-24,dhamra,12.7,low,50.2,1,DEMO_DATA,True
2022-03-25,dhamra,6.0,low,44.8,0,DEMO_DATA,True
2022-03-26,dhamra,6.0,low,44.8,0,DEMO_DATA,True
2022-03-27,dhamra,6.0,low,44.8,0,DEMO_DATA,True
2022-03-28,dhamra,6.0,low,44.8,0,DEMO_DATA,True
2022-03-29,dhamra,7.5,low,46.0,0,DEMO_DATA,True
2022-03-30,dhamra,7.5,low,46.0,0,DEMO_DATA,True
2022-03-31,dhamra,10.9,low,48.7,1,DEMO_DATA,True
2022-04-01,dhamra,10.9,low,48.7,1,DEMO_DATA,True
2022-04-02,dhamra,14.7,low,51.8,1,DEMO_DATA,True
2022-04-03,dhamra,12.9,low,50.3,1,DEMO_DATA,True
2022-04-04,dhamra,15.7,low,52.6,1,DEMO_DATA,True
2022-04-05,dhamra,19.4,low,55.5,2,DEMO_DATA,True
2022-04-06,dhamra,22.6,low,58.1,2,DEMO_DATA,True
2022-04-07,dhamra,26.1,medium,60.9,3,DEMO_DATA,True
2022-04-08,dhamra,27.3,medium,61.8,3,DEMO_DATA,True
2022-04-09,dhamra,26.6,medium,61.3,3,DEMO_DATA,True
2022-04-10,dhamra,30.8,medium,64.6,3,DEMO_DATA,True
2022-04-11,dhamra,25.7,medium,60.6,3,DEMO_DATA,True
2022-04-12,dhamra,20.8,low,56.6,2,DEMO_DATA,True
2022-04-13,dhamra,18.6,low,54.9,2,DEMO_DATA,True
2022-04-14,dhamra,17.1,low,53.7,2,DEMO_DATA,True
2022-04-15,dhamra,17.3,low,53.8,2,DEMO_DATA,True
2022-04-16,dhamra,16.0,low,52.8,1,DEMO_DATA,True
2022-04-17,dhamra,17.3,low,53.9,2,DEMO_DATA,True
2022-04-18,dhamra,18.8,low,55.1,2,DEMO_DATA,True
2022-04-19,dhamra,16.2,low,53.0,2,DEMO_DATA,True
2022-04-20,dhamra,17.5,low,54.0,2,DEMO_DATA,True
2022-04-21,dhamra,22.5,low,58.0,2,DEMO_DATA,True
2022-04-22,dhamra,27.6,medium,62.1,3,DEMO_DATA,True
2022-04-23,dhamra,31.0,medium,64.8,3,DEMO_DATA,True
2022-04-24,dhamra,33.7,medium,67.0,4,DEMO_DATA,True
2022-04-25,dhamra,18.5,low,54.8,2,DEMO_DATA,True
2022-04-26,dhamra,17.0,low,53.6,2,DEMO_DATA,True
2022-04-27,dhamra,15.9,low,52.7,1,DEMO_DATA,True
2022-04-28,dhamra,21.2,low,56.9,2,DEMO_DATA,True
2022-04-29,dhamra,26.1,medium,60.9,3,DEMO_DATA,True
2022-04-30,dhamra,27.0,medium,61.6,3,DEMO_DATA,True
2022-05-01,dhamra,31.1,medium,64.9,3,DEMO_DATA,True
2022-05-02,dhamra,31.8,medium,65.4,3,DEMO_DATA,True
2022-05-03,dhamra,34.1,medium,67.3,4,DEMO_DATA,True
2022-05-04,dhamra,32.8,medium,66.2,4,DEMO_DATA,True
2022-05-05,dhamra,34.4,medium,67.5,4,DEMO_DATA,True
2022-05-06,dhamra,30.9,medium,64.8,3,DEMO_DATA,True
2022-05-07,dhamra,40.3,medium,72.2,5,DEMO_DATA,True
2022-05-08,dhamra,32.7,medium,66.2,4,DEMO_DATA,True
2022-05-09,dhamra,38.4,medium,70.7,4,DEMO_DATA,True
2022-05-10,dhamra,38.6,medium,70.8,4,DEMO_DATA,True
2022-05-11,dhamra,38.2,medium,70.6,4,DEMO_DATA,True
2022-05-12,dhamra,36.6,medium,69.3,4,DEMO_DATA,True
2022-05-13,dhamra,27.3,medium,61.8,3,DEMO_DATA,True
2022-05-14,dhamra,21.8,low,57.4,2,DEMO_DATA,True
2022-05-15,dhamra,20.9,low,56.7,2,DEMO_DATA,True
2022-05-16,dhamra,24.8,medium,59.8,3,DEMO_DATA,True
2022-05-17,dhamra,28.1,medium,62.5,3,DEMO_DATA,True
2022-05-18,dhamra,30.7,medium,64.5,3,DEMO_DATA,True
2022-05-19,dhamra,34.3,medium,67.5,4,DEMO_DATA,True
2022-05-20,dhamra,25.4,medium,60.3,3,DEMO_DATA,True
2022-05-21,dhamra,21.7,low,57.4,2,DEMO_DATA,True
2022-05-22,dhamra,25.7,medium,60.6,3,DEMO_DATA,True
2022-05-23,dhamra,18.0,low,54.4,2,DEMO_DATA,True
2022-05-24,dhamra,17.3,low,53.9,2,DEMO_DATA,True
2022-05-25,dhamra,15.2,low,52.1,1,DEMO_DATA,True
2022-05-26,dhamra,16.9,low,53.5,2,DEMO_DATA,True
2022-05-27,dhamra,21.8,low,57.5,2,DEMO_DATA,True
2022-05-28,dhamra,19.3,low,55.4,2,DEMO_DATA,True
2022-05-29,dhamra,12.1,low,49.7,1,DEMO_DATA,True
2022-05-30,dhamra,14.4,low,51.5,1,DEMO_DATA,True
2022-05-31,dhamra,17.7,low,54.2,2,DEMO_DATA,True
2022-06-01,dhamra,16.8,low,53.4,2,DEMO_DATA,True
2022-06-02,dhamra,19.5,low,55.6,2,DEMO_DATA,True
2022-06-03,dhamra,17.9,low,54.3,2,DEMO_DATA,True
2022-06-04,dhamra,19.7,low,55.8,2,DEMO_DATA,True
2022-06-05,dhamra,17.9,low,54.3,2,DEMO_DATA,True
2022-06-06,dhamra,17.8,low,54.2,2,DEMO_DATA,True
2022-06-07,dhamra,13.5,low,50.8,1,DEMO_DATA,True
2022-06-08,dhamra,11.8,low,49.4,1,DEMO_DATA,True
2022-06-09,dhamra,10.4,low,48.3,1,DEMO_DATA,True
2022-06-10,dhamra,12.4,low,49.9,1,DEMO_DATA,True
2022-06-11,dhamra,10.4,low,48.3,1,DEMO_DATA,True
2022-06-12,dhamra,10.6,low,48.5,1,DEMO_DATA,True
2022-06-13,dhamra,10.9,low,48.7,1,DEMO_DATA,True
2022-06-14,dhamra,9.1,low,47.2,1,DEMO_DATA,True
2022-06-15,dhamra,11.4,low,49.1,1,DEMO_DATA,True
2022-06-16,dhamra,12.1,low,49.7,1,DEMO_DATA,True
2022-06-17,dhamra,15.3,low,52.3,1,DEMO_DATA,True
2022-06-18,dhamra,15.1,low,52.1,1,DEMO_DATA,True
2022-06-19,dhamra,17.0,low,53.6,2,DEMO_DATA,True
2022-06-20,dhamra,15.9,low,52.7,1,DEMO_DATA,True
2022-06-21,dhamra,15.5,low,52.4,1,DEMO_DATA,True
2022-06-22,dhamra,14.4,low,51.5,1,DEMO_DATA,True
2022-06-23,dhamra,16.5,low,53.2,2,DEMO_DATA,True
2022-06-24,dhamra,16.2,low,53.0,2,DEMO_DATA,True
2022-06-25,dhamra,19.2,low,55.3,2,DEMO_DATA,True
2022-06-26,dhamra,21.3,low,57.1,2,DEMO_DATA,True
2022-06-27,dhamra,20.2,low,56.1,2,DEMO_DATA,True
2022-06-28,dhamra,21.6,low,57.3,2,DEMO_DATA,True
2022-06-29,dhamra,24.9,medium,59.9,3,DEMO_DATA,True
2022-06-30,dhamra,24.6,medium,59.6,3,DEMO_DATA,True
2022-07-01,dhamra,39.7,medium,71.7,4,DEMO_DATA,True
2022-07-02,dhamra,44.3,medium,75.5,5,DEMO_DATA,True
2022-07-03,dhamra,65.4,high,92.3,8,DEMO_DATA,True
2022-07-04,dhamra,66.8,high,93.4,8,DEMO_DATA,True
2022-07-05,dhamra,66.6,high,93.3,8,DEMO_DATA,True
2022-07-06,dhamra,73.7,high,95.0,9,DEMO_DATA,True
2022-07-07,dhamra,58.7,high,87.0,7,DEMO_DATA,True
2022-07-08,dhamra,58.2,high,86.6,7,DEMO_DATA,True
2022-07-09,dhamra,70.1,high,95.0,8,DEMO_DATA,True
2022-07-10,dhamra,71.7,high,95.0,8,DEMO_DATA,True
2022-07-11,dhamra,64.4,high,91.5,8,DEMO_DATA,True
2022-07-12,dhamra,61.3,high,89.0,7,DEMO_DATA,True
2022-07-13,dhamra,59.7,high,87.8,7,DEMO_DATA,True
2022-07-14,dhamra,57.2,high,85.8,7,DEMO_DATA,True
2022-07-15,dhamra,78.7,high,95.0,9,DEMO_DATA,True
2022-07-16,dhamra,78.9,high,95.0,9,DEMO_DATA,True
2022-07-17,dhamra,80.6,high,95.0,10,DEMO_DATA,True
2022-07-18,dhamra,57.1,high,85.7,7,DEMO_DATA,True
2022-07-19,dhamra,43.4,medium,74.7,5,DEMO_DATA,True
2022-07-20,dhamra,44.8,medium,75.8,5,DEMO_DATA,True
2022-07-21,dhamra,49.4,high,79.5,6,DEMO_DATA,True
2022-07-22,dhamra,55.7,high,84.5,6,DEMO_DATA,True
2022-07-23,dhamra,53.1,high,82.5,6,DEMO_DATA,True
2022-07-24,dhamra,42.4,medium,73.9,5,DEMO_DATA,True
2022-07-25,dhamra,58.1,high,86.5,7,DEMO_DATA,True
2022-07-26,dhamra,45.7,medium,76.6,5,DEMO_DATA,True
2022-07-27,dhamra,53.2,high,82.6,6,DEMO_DATA,True
2022-07-28,dhamra,46.0,medium,76.8,5,DEMO_DATA,True
2022-07-29,dhamra,41.9,medium,73.6,5,DEMO_DATA,True
2022-07-30,dhamra,32.7,medium,66.1,4,DEMO_DATA,True
2022-07-31,dhamra,28.7,medium,62.9,3,DEMO_DATA,True
2022-08-01,dhamra,29.8,medium,63.8,3,DEMO_DATA,True
2022-08-02,dhamra,29.1,medium,63.3,3,DEMO_DATA,True
2022-08-03,dhamra,27.8,medium,62.2,3,DEMO_DATA,True
2022-08-04,dhamra,35.5,medium,68.4,4,DEMO_DATA,True
2022-08-05,dhamra,31.1,medium,64.9,3,DEMO_DATA,True
2022-08-06,dhamra,24.6,medium,59.7,3,DEMO_DATA,True
2022-08-07,dhamra,28.2,medium,62.6,3,DEMO_DATA,True
2022-08-08,dhamra,26.6,medium,61.3,3,DEMO_DATA,True
2022-08-09,dhamra,25.3,medium,60.3,3,DEMO_DATA,True
2022-08-10,dhamra,25.1,medium,60.1,3,DEMO_DATA,True
2022-08-11,dhamra,20.3,low,56.2,2,DEMO_DATA,True
2022-08-12,dhamra,8.0,low,46.4,1,DEMO_DATA,True
2022-08-13,dhamra,7.4,low,45.9,0,DEMO_DATA,True
2022-08-14,dhamra,8.5,low,46.8,1,DEMO_DATA,True
2022-08-15,dhamra,11.0,low,48.8,1,DEMO_DATA,True
2022-08-16,dhamra,11.8,low,49.5,1,DEMO_DATA,True
2022-08-17,dhamra,15.2,low,52.1,1,DEMO_DATA,True
2022-08-18,dhamra,15.5,low,52.4,1,DEMO_DATA,True
2022-08-19,dhamra,18.6,low,54.9,2,DEMO_DATA,True
2022-08-20,dhamra,19.4,low,55.5,2,DEMO_DATA,True
2022-08-21,dhamra,21.2,low,56.9,2,DEMO_DATA,True
2022-08-22,dhamra,21.5,low,57.2,2,DEMO_DATA,True
2022-08-23,dhamra,18.5,low,54.8,2,DEMO_DATA,True
2022-08-24,dhamra,17.9,low,54.3,2,DEMO_DATA,True
2022-08-25,dhamra,19.3,low,55.4,2,DEMO_DATA,True
2022-08-26,dhamra,17.0,low,53.6,2,DEMO_DATA,True
2022-08-27,dhamra,19.3,low,55.5,2,DEMO_DATA,True
2022-08-28,dhamra,15.4,low,52.4,1,DEMO_DATA,True
2022-08-29,dhamra,14.0,low,51.2,1,DEMO_DATA,True
2022-08-30,dhamra,15.8,low,52.7,1,DEMO_DATA,True
2022-08-31,dhamra,22.2,low,57.7,2,DEMO_DATA,True
2022-09-01,dhamra,17.7,low,54.2,2,DEMO_DATA,True
2022-09-02,dhamra,13.6,low,50.9,1,DEMO_DATA,True
2022-09-03,dhamra,16.1,low,52.9,2,DEMO_DATA,True
2022-09-04,dhamra,16.9,low,53.5,2,DEMO_DATA,True
2022-09-05,dhamra,16.4,low,53.1,2,DEMO_DATA,True
2022-09-06,dhamra,21.8,low,57.5,2,DEMO_DATA,True
2022-09-07,dhamra,16.8,low,53.5,2,DEMO_DATA,True
2022-09-08,dhamra,24.3,medium,59.4,3,DEMO_DATA,True
2022-09-09,dhamra,29.4,medium,63.5,3,DEMO_DATA,True
2022-09-10,dhamra,28.1,medium,62.5,3,DEMO_DATA,True
2022-09-11,dhamra,27.6,medium,62.1,3,DEMO_DATA,True
2022-09-12,dhamra,27.7,medium,62.2,3,DEMO_DATA,True
2022-09-13,dhamra,25.6,medium,60.4,3,DEMO_DATA,True
2022-09-14,dhamra,22.1,low,57.7,2,DEMO_DATA,True
2022-09-15,dhamra,22.6,low,58.1,2,DEMO_DATA,True
2022-09-16,dhamra,19.2,low,55.4,2,DEMO_DATA,True
2022-09-17,dhamra,20.0,low,56.0,2,DEMO_DATA,True
2022-09-18,dhamra,21.7,low,57.3,2,DEMO_DATA,True
2022-09-19,dhamra,19.9,low,56.0,2,DEMO_DATA,True
2022-09-20,dhamra,23.7,low,58.9,2,DEMO_DATA,True
2022-09-21,dhamra,28.6,medium,62.9,3,DEMO_DATA,True
2022-09-22,dhamra,22.7,low,58.2,2,DEMO_DATA,True
2022-09-23,dhamra,19.9,low,55.9,2,DEMO_DATA,True
2022-09-24,dhamra,26.3,medium,61.0,3,DEMO_DATA,True
2022-09-25,dhamra,27.6,medium,62.1,3,DEMO_DATA,True
2022-09-26,dhamra,26.4,medium,61.1,3,DEMO_DATA,True
2022-09-27,dhamra,28.5,medium,62.8,3,DEMO_DATA,True
2022-09-28,dhamra,29.5,medium,63.6,3,DEMO_DATA,True
2022-09-29,dhamra,30.5,medium,64.4,3,DEMO_DATA,True
2022-09-30,dhamra,29.5,medium,63.6,3,DEMO_DATA,True
2022-10-01,dhamra,31.1,medium,64.9,3,DEMO_DATA,True
2022-10-02,dhamra,38.1,medium,70.5,4,DEMO_DATA,True
2022-10-03,dhamra,31.4,medium,65.1,3,DEMO_DATA,True
2022-10-04,dhamra,22.7,low,58.2,2,DEMO_DATA,True
2022-10-05,dhamra,22.1,low,57.6,2,DEMO_DATA,True
2022-10-06,dhamra,17.9,low,54.3,2,DEMO_DATA,True
2022-10-07,dhamra,23.5,low,58.8,2,DEMO_DATA,True
2022-10-08,dhamra,14.1,low,51.2,1,DEMO_DATA,True
2022-10-09,dhamra,15.3,low,52.2,1,DEMO_DATA,True
2022-10-10,dhamra,16.9,low,53.5,2,DEMO_DATA,True
2022-10-11,dhamra,18.6,low,54.9,2,DEMO_DATA,True
2022-10-12,dhamra,16.3,low,53.0,2,DEMO_DATA,True
2022-10-13,dhamra,18.1,low,54.5,2,DEMO_DATA,True
2022-10-14,dhamra,11.6,low,49.3,1,DEMO_DATA,True
2022-10-15,dhamra,8.9,low,47.1,1,DEMO_DATA,True
2022-10-16,dhamra,8.6,low,46.9,1,DEMO_DATA,True
2022-10-17,dhamra,8.8,low,47.1,1,DEMO_DATA,True
2022-10-18,dhamra,9.9,low,47.9,1,DEMO_DATA,True
2022-10-19,dhamra,10.9,low,48.7,1,DEMO_DATA,True
2022-10-20,dhamra,10.6,low,48.4,1,DEMO_DATA,True
2022-10-21,dhamra,13.2,low,50.5,1,DEMO_DATA,True
2022-10-22,dhamra,10.5,low,48.4,1,DEMO_DATA,True
2022-10-23,dhamra,8.5,low,46.8,1,DEMO_DATA,True
2022-10-24,dhamra,9.5,low,47.6,1,DEMO_DATA,True
2022-10-25,dhamra,11.4,low,49.1,1,DEMO_DATA,True
2022-10-26,dhamra,12.2,low,49.7,1,DEMO_DATA,True
2022-10-27,dhamra,11.5,low,49.2,1,DEMO_DATA,True
2022-10-28,dhamra,11.2,low,48.9,1,DEMO_DATA,True
2022-10-29,dhamra,11.3,low,49.1,1,DEMO_DATA,True
2022-10-30,dhamra,10.2,low,48.2,1,DEMO_DATA,True
2022-10-31,dhamra,13.5,low,50.8,1,DEMO_DATA,True
2022-11-01,dhamra,12.3,low,49.8,1,DEMO_DATA,True
2022-11-02,dhamra,11.1,low,48.9,1,DEMO_DATA,True
2022-11-03,dhamra,8.3,low,46.6,1,DEMO_DATA,True
2022-11-04,dhamra,8.9,low,47.1,1,DEMO_DATA,True
2022-11-05,dhamra,9.0,low,47.2,1,DEMO_DATA,True
2022-11-06,dhamra,11.0,low,48.8,1,DEMO_DATA,True
2022-11-07,dhamra,10.5,low,48.4,1,DEMO_DATA,True
2022-11-08,dhamra,11.0,low,48.8,1,DEMO_DATA,True
2022-11-09,dhamra,12.1,low,49.7,1,DEMO_DATA,True
2022-11-10,dhamra,21.3,low,57.1,2,DEMO_DATA,True
2022-11-11,dhamra,17.8,low,54.3,2,DEMO_DATA,True
2022-11-12,dhamra,17.6,low,54.1,2,DEMO_DATA,True
2022-11-13,dhamra,16.4,low,53.1,2,DEMO_DATA,True
2022-11-14,dhamra,18.3,low,54.7,2,DEMO_DATA,True
2022-11-15,dhamra,20.1,low,56.1,2,DEMO_DATA,True
2022-11-16,dhamra,18.4,low,54.7,2,DEMO_DATA,True
2022-11-17,dhamra,21.2,low,56.9,2,DEMO_DATA,True
2022-11-18,dhamra,21.3,low,57.1,2,DEMO_DATA,True
2022-11-19,dhamra,21.3,low,57.0,2,DEMO_DATA,True
2022-11-20,dhamra,19.2,low,55.3,2,DEMO_DATA,True
2022-11-21,dhamra,13.7,low,51.0,1,DEMO_DATA,True
2022-11-22,dhamra,14.1,low,51.3,1,DEMO_DATA,True
2022-11-23,dhamra,13.7,low,50.9,1,DEMO_DATA,True
2022-11-24,dhamra,16.7,low,53.4,2,DEMO_DATA,True
2022-11-25,dhamra,16.8,low,53.4,2,DEMO_DATA,True
2022-11-26,dhamra,16.6,low,53.3,2,DEMO_DATA,True
2022-11-27,dhamra,17.4,low,53.9,2,DEMO_DATA,True
2022-11-28,dhamra,20.1,low,56.1,2,DEMO_DATA,True
2022-11-29,dhamra,21.6,low,57.3,2,DEMO_DATA,True
2022-11-30,dhamra,23.6,low,58.9,2,DEMO_DATA,True
2022-12-01,dhamra,25.7,medium,60.6,3,DEMO_DATA,True
2022-12-02,dhamra,23.5,low,58.8,2,DEMO_DATA,True
2022-12-03,dhamra,26.0,medium,60.8,3,DEMO_DATA,True
2022-12-04,dhamra,19.7,low,55.8,2,DEMO_DATA,True
2022-12-05,dhamra,16.9,low,53.5,2,DEMO_DATA,True
2022-12-06,dhamra,10.5,low,48.4,1,DEMO_DATA,True
2022-12-07,dhamra,12.8,low,50.2,1,DEMO_DATA,True
2022-12-08,dhamra,11.7,low,49.4,1,DEMO_DATA,True
2022-12-09,dhamra,10.1,low,48.1,1,DEMO_DATA,True
2022-12-10,dhamra,10.7,low,48.6,1,DEMO_DATA,True
2022-12-11,dhamra,12.9,low,50.3,1,DEMO_DATA,True
2022-12-12,dhamra,12.8,low,50.2,1,DEMO_DATA,True
2022-12-13,dhamra,14.8,low,51.8,1,DEMO_DATA,True
2022-12-14,dhamra,14.0,low,51.2,1,DEMO_DATA,True
2022-12-15,dhamra,14.5,low,51.6,1,DEMO_DATA,True
2022-12-16,dhamra,14.1,low,51.3,1,DEMO_DATA,True
2022-12-17,dhamra,12.6,low,50.1,1,DEMO_DATA,True
2022-12-18,dhamra,9.1,low,47.3,1,DEMO_DATA,True
2022-12-19,dhamra,10.4,low,48.3,1,DEMO_DATA,True
2022-12-20,dhamra,12.6,low,50.1,1,DEMO_DATA,True
2022-12-21,dhamra,13.3,low,50.6,1,DEMO_DATA,True
2022-12-22,dhamra,12.8,low,50.2,1,DEMO_DATA,True
2022-12-23,dhamra,16.2,low,52.9,2,DEMO_DATA,True
2022-12-24,dhamra,17.9,low,54.3,2,DEMO_DATA,True
2022-12-25,dhamra,22.3,low,57.9,2,DEMO_DATA,True
2022-12-26,dhamra,24.8,medium,59.8,3,DEMO_DATA,True
2022-12-27,dhamra,24.7,medium,59.8,3,DEMO_DATA,True
2022-12-28,dhamra,26.6,medium,61.3,3,DEMO_DATA,True
2022-12-29,dhamra,25.1,medium,60.1,3,DEMO_DATA,True
2022-12-30,dhamra,32.5,medium,66.0,4,DEMO_DATA,True
2022-12-31,dhamra,36.7,medium,69.4,4,DEMO_DATA,True
2023-01-01,dhamra,46.0,medium,76.8,5,DEMO_DATA,True
2023-01-02,dhamra,55.5,high,84.4,6,DEMO_DATA,True
2023-01-03,dhamra,58.0,high,86.4,7,DEMO_DATA,True
2023-01-04,dhamra,67.4,high,93.9,8,DEMO_DATA,True
2023-01-05,dhamra,74.5,high,95.0,9,DEMO_DATA,True
2023-01-06,dhamra,69.3,high,95.0,8,DEMO_DATA,True
2023-01-07,dhamra,52.5,high,82.0,6,DEMO_DATA,True
2023-01-08,dhamra,60.5,high,88.4,7,DEMO_DATA,True
2023-01-09,dhamra,58.0,high,86.4,7,DEMO_DATA,True
2023-01-10,dhamra,39.4,medium,71.5,4,DEMO_DATA,True
2023-01-11,dhamra,48.0,high,78.4,6,DEMO_DATA,True
2023-01-12,dhamra,53.2,high,82.6,6,DEMO_DATA,True
2023-01-13,dhamra,70.1,high,95.0,8,DEMO_DATA,True
2023-01-14,dhamra,62.5,high,90.0,7,DEMO_DATA,True
2023-01-15,dhamra,71.9,high,95.0,8,DEMO_DATA,True
2023-01-16,dhamra,72.1,high,95.0,9,DEMO_DATA,True
2023-01-17,dhamra,67.6,high,94.1,8,DEMO_DATA,True
2023-01-18,dhamra,66.1,high,92.8,8,DEMO_DATA,True
2023-01-19,dhamra,45.6,medium,76.4,5,DEMO_DATA,True
2023-01-20,dhamra,42.5,medium,74.0,5,DEMO_DATA,True
2023-01-21,dhamra,41.2,medium,73.0,5,DEMO_DATA,True
2023-01-22,dhamra,44.9,medium,75.9,5,DEMO_DATA,True
2023-01-23,dhamra,50.3,high,80.2,6,DEMO_DATA,True
2023-01-24,dhamra,51.0,high,80.8,6,DEMO_DATA,True
2023-01-25,dhamra,44.1,medium,75.2,5,DEMO_DATA,True
2023-01-26,dhamra,40.5,medium,72.4,5,DEMO_DATA,True
2023-01-27,dhamra,25.1,medium,60.1,3,DEMO_DATA,True
2023-01-28,dhamra,26.6,medium,61.3,3,DEMO_DATA,True
2023-01-29,dhamra,27.5,medium,62.0,3,DEMO_DATA,True
2023-01-30,dhamra,24.9,medium,59.9,3,DEMO_DATA,True
2023-01-31,dhamra,24.8,medium,59.9,3,DEMO_DATA,True
2023-02-01,dhamra,25.4,medium,60.3,3,DEMO_DATA,True
2023-02-02,dhamra,27.5,medium,62.0,3,DEMO_DATA,True
2023-02-03,dhamra,22.6,low,58.1,2,DEMO_DATA,True
2023-02-04,dhamra,25.6,medium,60.4,3,DEMO_DATA,True
2023-02-05,dhamra,23.0,low,58.4,2,DEMO_DATA,True
2023-02-06,dhamra,23.8,low,59.0,2,DEMO_DATA,True
2023-02-07,dhamra,24.5,medium,59.6,3,DEMO_DATA,True
2023-02-08,dhamra,28.5,medium,62.8,3,DEMO_DATA,True
2023-02-09,dhamra,28.5,medium,62.8,3,DEMO_DATA,True
2023-02-10,dhamra,31.5,medium,65.2,3,DEMO_DATA,True
2023-02-11,dhamra,30.2,medium,64.2,3,DEMO_DATA,True
2023-02-12,dhamra,28.1,medium,62.4,3,DEMO_DATA,True
2023-02-13,dhamra,28.2,medium,62.6,3,DEMO_DATA,True
2023-02-14,dhamra,24.3,medium,59.5,3,DEMO_DATA,True
2023-02-15,dhamra,21.3,low,57.0,2,DEMO_DATA,True
2023-02-16,dhamra,17.3,low,53.8,2,DEMO_DATA,True
2023-02-17,dhamra,20.2,low,56.2,2,DEMO_DATA,True
2023-02-18,dhamra,18.7,low,55.0,2,DEMO_DATA,True
2023-02-19,dhamra,19.0,low,55.2,2,DEMO_DATA,True
2023-02-20,dhamra,20.3,low,56.2,2,DEMO_DATA,True
2023-02-21,dhamra,16.5,low,53.2,2,DEMO_DATA,True
2023-02-22,dhamra,12.3,low,49.8,1,DEMO_DATA,True
2023-02-23,dhamra,12.7,low,50.1,1,DEMO_DATA,True
2023-02-24,dhamra,14.9,low,51.9,1,DEMO_DATA,True
2023-02-25,dhamra,17.0,low,53.6,2,DEMO_DATA,True
2023-02-26,dhamra,14.6,low,51.7,1,DEMO_DATA,True
2023-02-27,dhamra,17.2,low,53.7,2,DEMO_DATA,True
2023-02-28,dhamra,19.6,low,55.6,2,DEMO_DATA,True
2023-03-01,dhamra,17.9,low,54.3,2,DEMO_DATA,True
2023-03-02,dhamra,17.4,low,53.9,2,DEMO_DATA,True
2023-03-03,dhamra,17.1,low,53.7,2,DEMO_DATA,True
2023-03-04,dhamra,18.7,low,55.0,2,DEMO_DATA,True
2023-03-05,dhamra,19.3,low,55.4,2,DEMO_DATA,True
2023-03-06,dhamra,16.8,low,53.4,2,DEMO_DATA,True
2023-03-07,dhamra,18.5,low,54.8,2,DEMO_DATA,True
2023-03-08,dhamra,16.1,low,52.9,2,DEMO_DATA,True
2023-03-09,dhamra,15.7,low,52.5,1,DEMO_DATA,True
2023-03-10,dhamra,11.3,low,49.0,1,DEMO_DATA,True
2023-03-11,dhamra,12.3,low,49.8,1,DEMO_DATA,True
2023-03-12,dhamra,11.5,low,49.2,1,DEMO_DATA,True
2023-03-13,dhamra,13.8,low,51.1,1,DEMO_DATA,True
2023-03-14,dhamra,15.5,low,52.4,1,DEMO_DATA,True
2023-03-15,dhamra,20.2,low,56.1,2,DEMO_DATA,True
2023-03-16,dhamra,21.2,low,57.0,2,DEMO_DATA,True
2023-03-17,dhamra,12.3,low,49.8,1,DEMO_DATA,True
2023-03-18,dhamra,13.7,low,51.0,1,DEMO_DATA,True
2023-03-19,dhamra,14.5,low,51.6,1,DEMO_DATA,True
2023-03-20,dhamra,10.8,low,48.6,1,DEMO_DATA,True
2023-03-21,dhamra,12.4,low,49.9,1,DEMO_DATA,True
2023-03-22,dhamra,11.2,low,48.9,1,DEMO_DATA,True
2023-03-23,dhamra,11.7,low,49.3,1,DEMO_DATA,True
2023-03-24,dhamra,10.2,low,48.2,1,DEMO_DATA,True
2023-03-25,dhamra,9.3,low,47.4,1,DEMO_DATA,True
2023-03-26,dhamra,9.3,low,47.4,1,DEMO_DATA,True
2023-03-27,dhamra,11.4,low,49.1,1,DEMO_DATA,True
2023-03-28,dhamra,12.7,low,50.1,1,DEMO_DATA,True
2023-03-29,dhamra,16.7,low,53.4,2,DEMO_DATA,True
2023-03-30,dhamra,16.6,low,53.3,2,DEMO_DATA,True
2023-03-31,dhamra,22.6,low,58.1,2,DEMO_DATA,True
2023-04-01,dhamra,21.2,low,57.0,2,DEMO_DATA,True
2023-04-02,dhamra,21.0,low,56.8,2,DEMO_DATA,True
2023-04-03,dhamra,21.7,low,57.4,2,DEMO_DATA,True
2023-04-04,dhamra,21.1,low,56.9,2,DEMO_DATA,True
2023-04-05,dhamra,23.6,low,58.9,2,DEMO_DATA,True
2023-04-06,dhamra,20.3,low,56.3,2,DEMO_DATA,True
2023-04-07,dhamra,18.8,low,55.1,2,DEMO_DATA,True
2023-04-08,dhamra,20.6,low,56.5,2,DEMO_DATA,True
2023-04-09,dhamra,22.2,low,57.8,2,DEMO_DATA,True
2023-04-10,dhamra,22.0,low,57.6,2,DEMO_DATA,True
2023-04-11,dhamra,18.6,low,54.9,2,DEMO_DATA,True
2023-04-12,dhamra,20.1,low,56.1,2,DEMO_DATA,True
2023-04-13,dhamra,18.4,low,54.7,2,DEMO_DATA,True
2023-04-14,dhamra,13.5,low,50.8,1,DEMO_DATA,True
2023-04-15,dhamra,15.4,low,52.3,1,DEMO_DATA,True
2023-04-16,dhamra,15.2,low,52.2,1,DEMO_DATA,True
2023-04-17,dhamra,15.8,low,52.6,1,DEMO_DATA,True
2023-04-18,dhamra,10.9,low,48.7,1,DEMO_DATA,True
2023-04-19,dhamra,11.0,low,48.8,1,DEMO_DATA,True
2023-04-20,dhamra,12.2,low,49.8,1,DEMO_DATA,True
2023-04-21,dhamra,10.7,low,48.6,1,DEMO_DATA,True
2023-04-22,dhamra,10.8,low,48.6,1,DEMO_DATA,True
2023-04-23,dhamra,10.9,low,48.7,1,DEMO_DATA,True
2023-04-24,dhamra,10.4,low,48.3,1,DEMO_DATA,True
2023-04-25,dhamra,12.6,low,50.1,1,DEMO_DATA,True
2023-04-26,dhamra,13.7,low,51.0,1,DEMO_DATA,True
2023-04-27,dhamra,16.2,low,53.0,2,DEMO_DATA,True
2023-04-28,dhamra,12.7,low,50.1,1,DEMO_DATA,True
2023-04-29,dhamra,14.6,low,51.7,1,DEMO_DATA,True
2023-04-30,dhamra,15.0,low,52.0,1,DEMO_DATA,True
2023-05-01,dhamra,14.7,low,51.8,1,DEMO_DATA,True
2023-05-02,dhamra,17.6,low,54.1,2,DEMO_DATA,True
2023-05-03,dhamra,18.6,low,54.9,2,DEMO_DATA,True
2023-05-04,dhamra,24.0,low,59.2,2,DEMO_DATA,True
2023-05-05,dhamra,30.0,medium,64.0,3,DEMO_DATA,True
2023-05-06,dhamra,24.9,medium,59.9,3,DEMO_DATA,True
2023-05-07,dhamra,29.4,medium,63.5,3,DEMO_DATA,True
2023-05-08,dhamra,18.6,low,54.9,2,DEMO_DATA,True
2023-05-09,dhamra,17.7,low,54.2,2,DEMO_DATA,True
2023-05-10,dhamra,18.3,low,54.6,2,DEMO_DATA,True
2023-05-11,dhamra,15.6,low,52.5,1,DEMO_DATA,True
2023-05-12,dhamra,14.3,low,51.5,1,DEMO_DATA,True
2023-05-13,dhamra,14.2,low,51.3,1,DEMO_DATA,True
2023-05-14,dhamra,15.0,low,52.0,1,DEMO_DATA,True
2023-05-15,dhamra,11.5,low,49.2,1,DEMO_DATA,True
2023-05-16,dhamra,11.6,low,49.3,1,DEMO_DATA,True
2023-05-17,dhamra,12.4,low,49.9,1,DEMO_DATA,True
2023-05-18,dhamra,17.8,low,54.3,2,DEMO_DATA,True
2023-05-19,dhamra,14.3,low,51.5,1,DEMO_DATA,True
2023-05-20,dhamra,14.5,low,51.6,1,DEMO_DATA,True
2023-05-21,dhamra,15.5,low,52.4,1,DEMO_DATA,True
2023-05-22,dhamra,12.0,low,49.6,1,DEMO_DATA,True
2023-05-23,dhamra,12.5,low,50.0,1,DEMO_DATA,True
2023-05-24,dhamra,13.6,low,50.9,1,DEMO_DATA,True
2023-05-25,dhamra,13.5,low,50.8,1,DEMO_DATA,True
2023-05-26,dhamra,12.2,low,49.7,1,DEMO_DATA,True
2023-05-27,dhamra,10.0,low,48.0,1,DEMO_DATA,True
2023-05-28,dhamra,10.5,low,48.4,1,DEMO_DATA,True
2023-05-29,dhamra,8.4,low,46.7,1,DEMO_DATA,True
2023-05-30,dhamra,8.5,low,46.8,1,DEMO_DATA,True
2023-05-31,dhamra,6.7,low,45.3,0,DEMO_DATA,True
2023-06-01,dhamra,6.2,low,44.9,0,DEMO_DATA,True
2023-06-02,dhamra,7.3,low,45.8,0,DEMO_DATA,True
2023-06-03,dhamra,8.8,low,47.0,1,DEMO_DATA,True
2023-06-04,dhamra,8.8,low,47.1,1,DEMO_DATA,True
2023-06-05,dhamra,8.8,low,47.1,1,DEMO_DATA,True
2023-06-06,dhamra,8.8,low,47.1,1,DEMO_DATA,True
2023-06-07,dhamra,10.3,low,48.2,1,DEMO_DATA,True
2023-06-08,dhamra,13.6,low,50.9,1,DEMO_DATA,True
2023-06-09,dhamra,14.7,low,51.7,1,DEMO_DATA,True
2023-06-10,dhamra,20.8,low,56.7,2,DEMO_DATA,True
2023-06-11,dhamra,17.6,low,54.0,2,DEMO_DATA,True
2023-06-12,dhamra,19.8,low,55.8,2,DEMO_DATA,True
2023-06-13,dhamra,18.6,low,54.9,2,DEMO_DATA,True
2023-06-14,dhamra,18.3,low,54.6,2,DEMO_DATA,True
2023-06-15,dhamra,16.9,low,53.5,2,DEMO_DATA,True
2023-06-16,dhamra,19.8,low,55.8,2,DEMO_DATA,True
2023-06-17,dhamra,18.2,low,54.5,2,DEMO_DATA,True
2023-06-18,dhamra,21.4,low,57.1,2,DEMO_DATA,True
2023-06-19,dhamra,21.6,low,57.3,2,DEMO_DATA,True
2023-06-20,dhamra,18.6,low,54.9,2,DEMO_DATA,True
2023-06-21,dhamra,18.5,low,54.8,2,DEMO_DATA,True
2023-06-22,dhamra,17.5,low,54.0,2,DEMO_DATA,True
2023-06-23,dhamra,22.4,low,57.9,2,DEMO_DATA,True
2023-06-24,dhamra,27.2,medium,61.8,3,DEMO_DATA,True
2023-06-25,dhamra,29.1,medium,63.3,3,DEMO_DATA,True
2023-06-26,dhamra,24.3,medium,59.5,3,DEMO_DATA,True
2023-06-27,dhamra,27.7,medium,62.2,3,DEMO_DATA,True
2023-06-28,dhamra,24.4,medium,59.5,3,DEMO_DATA,True
2023-06-29,dhamra,25.0,medium,60.0,3,DEMO_DATA,True
2023-06-30,dhamra,12.7,low,50.2,1,DEMO_DATA,True
2023-07-01,dhamra,19.8,low,55.9,2,DEMO_DATA,True
2023-07-02,dhamra,23.6,low,58.9,2,DEMO_DATA,True
2023-07-03,dhamra,20.8,low,56.6,2,DEMO_DATA,True
2023-07-04,dhamra,18.3,low,54.6,2,DEMO_DATA,True
2023-07-05,dhamra,16.4,low,53.1,2,DEMO_DATA,True
2023-07-06,dhamra,16.2,low,52.9,2,DEMO_DATA,True
2023-07-07,dhamra,22.3,low,57.8,2,DEMO_DATA,True
2023-07-08,dhamra,24.0,medium,59.2,3,DEMO_DATA,True
2023-07-09,dhamra,21.1,low,56.9,2,DEMO_DATA,True
2023-07-10,dhamra,21.1,low,56.9,2,DEMO_DATA,True
2023-07-11,dhamra,24.4,medium,59.5,3,DEMO_DATA,True
2023-07-12,dhamra,22.4,low,57.9,2,DEMO_DATA,True
2023-07-13,dhamra,22.7,low,58.1,2,DEMO_DATA,True
2023-07-14,dhamra,21.1,low,56.9,2,DEMO_DATA,True
2023-07-15,dhamra,24.1,medium,59.3,3,DEMO_DATA,True
2023-07-16,dhamra,22.6,low,58.1,2,DEMO_DATA,True
2023-07-17,dhamra,10.9,low,48.8,1,DEMO_DATA,True
2023-07-18,dhamra,10.4,low,48.3,1,DEMO_DATA,True
2023-07-19,dhamra,9.0,low,47.2,1,DEMO_DATA,True
2023-07-20,dhamra,8.7,low,46.9,1,DEMO_DATA,True
2023-07-21,dhamra,10.4,low,48.3,1,DEMO_DATA,True
2023-07-22,dhamra,11.5,low,49.2,1,DEMO_DATA,True
2023-07-23,dhamra,9.9,low,47.9,1,DEMO_DATA,True
2023-07-24,dhamra,12.0,low,49.6,1,DEMO_DATA,True
2023-07-25,dhamra,11.0,low,48.8,1,DEMO_DATA,True
2023-07-26,dhamra,11.2,low,48.9,1,DEMO_DATA,True
2023-07-27,dhamra,10.0,low,48.0,1,DEMO_DATA,True
2023-07-28,dhamra,10.7,low,48.6,1,DEMO_DATA,True
2023-07-29,dhamra,9.8,low,47.9,1,DEMO_DATA,True
2023-07-30,dhamra,10.3,low,48.3,1,DEMO_DATA,True
2023-07-31,dhamra,13.0,low,50.4,1,DEMO_DATA,True
2023-08-01,dhamra,17.7,low,54.1,2,DEMO_DATA,True
2023-08-02,dhamra,21.9,low,57.5,2,DEMO_DATA,True
2023-08-03,dhamra,20.0,low,56.0,2,DEMO_DATA,True
2023-08-04,dhamra,18.8,low,55.0,2,DEMO_DATA,True
2023-08-05,dhamra,15.7,low,52.6,1,DEMO_DATA,True
2023-08-06,dhamra,14.2,low,51.4,1,DEMO_DATA,True
2023-08-07,dhamra,17.8,low,54.3,2,DEMO_DATA,True
2023-08-08,dhamra,13.0,low,50.4,1,DEMO_DATA,True
2023-08-09,dhamra,11.4,low,49.2,1,DEMO_DATA,True
2023-08-10,dhamra,14.5,low,51.6,1,DEMO_DATA,True
2023-08-11,dhamra,18.2,low,54.5,2,DEMO_DATA,True
2023-08-12,dhamra,18.0,low,54.4,2,DEMO_DATA,True
2023-08-13,dhamra,19.5,low,55.6,2,DEMO_DATA,True
2023-08-14,dhamra,14.1,low,51.3,1,DEMO_DATA,True
2023-08-15,dhamra,10.6,low,48.5,1,DEMO_DATA,True
2023-08-16,dhamra,11.0,low,48.8,1,DEMO_DATA,True
2023-08-17,dhamra,19.3,low,55.4,2,DEMO_DATA,True
2023-08-18,dhamra,15.5,low,52.4,1,DEMO_DATA,True
2023-08-19,dhamra,13.3,low,50.7,1,DEMO_DATA,True
2023-08-20,dhamra,13.7,low,51.0,1,DEMO_DATA,True
2023-08-21,dhamra,11.0,low,48.8,1,DEMO_DATA,True
2023-08-22,dhamra,11.6,low,49.3,1,DEMO_DATA,True
2023-08-23,dhamra,11.8,low,49.5,1,DEMO_DATA,True
2023-08-24,dhamra,13.2,low,50.6,1,DEMO_DATA,True
2023-08-25,dhamra,14.7,low,51.8,1,DEMO_DATA,True
2023-08-26,dhamra,19.4,low,55.5,2,DEMO_DATA,True
2023-08-27,dhamra,16.6,low,53.3,2,DEMO_DATA,True
2023-08-28,dhamra,17.9,low,54.3,2,DEMO_DATA,True
2023-08-29,dhamra,14.8,low,51.9,1,DEMO_DATA,True
2023-08-30,dhamra,14.8,low,51.9,1,DEMO_DATA,True
2023-08-31,dhamra,7.1,low,45.7,0,DEMO_DATA,True
2023-09-01,dhamra,9.6,low,47.7,1,DEMO_DATA,True
2023-09-02,dhamra,8.2,low,46.6,1,DEMO_DATA,True
2023-09-03,dhamra,11.1,low,48.8,1,DEMO_DATA,True
2023-09-04,dhamra,17.9,low,54.3,2,DEMO_DATA,True
2023-09-05,dhamra,16.5,low,53.2,2,DEMO_DATA,True
2023-09-06,dhamra,21.0,low,56.8,2,DEMO_DATA,True
2023-09-07,dhamra,18.9,low,55.2,2,DEMO_DATA,True
2023-09-08,dhamra,19.6,low,55.7,2,DEMO_DATA,True
2023-09-09,dhamra,16.5,low,53.2,2,DEMO_DATA,True
2023-09-10,dhamra,12.1,low,49.7,1,DEMO_DATA,True
2023-09-11,dhamra,10.1,low,48.1,1,DEMO_DATA,True
2023-09-12,dhamra,9.3,low,47.5,1,DEMO_DATA,True
2023-09-13,dhamra,8.7,low,47.0,1,DEMO_DATA,True
2023-09-14,dhamra,8.1,low,46.5,1,DEMO_DATA,True
2023-09-15,dhamra,9.1,low,47.2,1,DEMO_DATA,True
2023-09-16,dhamra,10.5,low,48.4,1,DEMO_DATA,True
2023-09-17,dhamra,8.1,low,46.5,1,DEMO_DATA,True
2023-09-18,dhamra,9.5,low,47.6,1,DEMO_DATA,True
2023-09-19,dhamra,10.4,low,48.3,1,DEMO_DATA,True
2023-09-20,dhamra,10.8,low,48.6,1,DEMO_DATA,True
2023-09-21,dhamra,12.5,low,50.0,1,DEMO_DATA,True
2023-09-22,dhamra,14.2,low,51.3,1,DEMO_DATA,True
2023-09-23,dhamra,16.5,low,53.2,2,DEMO_DATA,True
2023-09-24,dhamra,14.5,low,51.6,1,DEMO_DATA,True
2023-09-25,dhamra,17.4,low,53.9,2,DEMO_DATA,True
2023-09-26,dhamra,14.2,low,51.4,1,DEMO_DATA,True
2023-09-27,dhamra,12.7,low,50.2,1,DEMO_DATA,True
2023-09-28,dhamra,14.6,low,51.7,1,DEMO_DATA,True
2023-09-29,dhamra,16.9,low,53.5,2,DEMO_DATA,True
2023-09-30,dhamra,18.0,low,54.4,2,DEMO_DATA,True
2023-10-01,dhamra,13.9,low,51.1,1,DEMO_DATA,True
2023-10-02,dhamra,15.2,low,52.2,1,DEMO_DATA,True
2023-10-03,dhamra,10.4,low,48.4,1,DEMO_DATA,True
2023-10-04,dhamra,10.4,low,48.3,1,DEMO_DATA,True
2023-10-05,dhamra,11.9,low,49.5,1,DEMO_DATA,True
2023-10-06,dhamra,11.6,low,49.3,1,DEMO_DATA,True
2023-10-07,dhamra,8.0,low,46.4,0,DEMO_DATA,True
2023-10-08,dhamra,8.0,low,46.4,0,DEMO_DATA,True
2023-10-09,dhamra,9.1,low,47.3,1,DEMO_DATA,True
2023-10-10,dhamra,9.0,low,47.2,1,DEMO_DATA,True
2023-10-11,dhamra,11.1,low,48.9,1,DEMO_DATA,True
2023-10-12,dhamra,10.9,low,48.7,1,DEMO_DATA,True
2023-10-13,dhamra,7.0,low,45.6,0,DEMO_DATA,True
2023-10-14,dhamra,7.4,low,45.9,0,DEMO_DATA,True
2023-10-15,dhamra,7.1,low,45.7,0,DEMO_DATA,True
2023-10-16,dhamra,8.4,low,46.7,1,DEMO_DATA,True
2023-10-17,dhamra,8.0,low,46.4,1,DEMO_DATA,True
2023-10-18,dhamra,8.8,low,47.0,1,DEMO_DATA,True
2023-10-19,dhamra,9.8,low,47.8,1,DEMO_DATA,True
2023-10-20,dhamra,8.8,low,47.0,1,DEMO_DATA,True
2023-10-21,dhamra,7.2,low,45.7,0,DEMO_DATA,True
2023-10-22,dhamra,7.0,low,45.6,0,DEMO_DATA,True
2023-10-23,dhamra,9.1,low,47.3,1,DEMO_DATA,True
2023-10-24,dhamra,11.2,low,49.0,1,DEMO_DATA,True
2023-10-25,dhamra,11.0,low,48.8,1,DEMO_DATA,True
2023-10-26,dhamra,10.6,low,48.5,1,DEMO_DATA,True
2023-10-27,dhamra,13.0,low,50.4,1,DEMO_DATA,True
2023-10-28,dhamra,11.8,low,49.4,1,DEMO_DATA,True
2023-10-29,dhamra,15.1,low,52.1,1,DEMO_DATA,True
2023-10-30,dhamra,15.5,low,52.4,1,DEMO_DATA,True
2023-10-31,dhamra,11.8,low,49.4,1,DEMO_DATA,True
2023-11-01,dhamra,15.6,low,52.5,1,DEMO_DATA,True
2023-11-02,dhamra,17.3,low,53.9,2,DEMO_DATA,True
2023-11-03,dhamra,19.9,low,55.9,2,DEMO_DATA,True
2023-11-04,dhamra,14.4,low,51.5,1,DEMO_DATA,True
2023-11-05,dhamra,14.7,low,51.7,1,DEMO_DATA,True
2023-11-06,dhamra,18.0,low,54.4,2,DEMO_DATA,True
2023-11-07,dhamra,18.8,low,55.1,2,DEMO_DATA,True
2023-11-08,dhamra,21.6,low,57.2,2,DEMO_DATA,True
2023-11-09,dhamra,21.0,low,56.8,2,DEMO_DATA,True
2023-11-10,dhamra,19.7,low,55.7,2,DEMO_DATA,True
2023-11-11,dhamra,18.0,low,54.4,2,DEMO_DATA,True
2023-11-12,dhamra,14.6,low,51.7,1,DEMO_DATA,True
2023-11-13,dhamra,14.1,low,51.2,1,DEMO_DATA,True
2023-11-14,dhamra,13.6,low,50.9,1,DEMO_DATA,True
2023-11-15,dhamra,13.9,low,51.1,1,DEMO_DATA,True
2023-11-16,dhamra,17.5,low,54.0,2,DEMO_DATA,True
2023-11-17,dhamra,15.2,low,52.2,1,DEMO_DATA,True
2023-11-18,dhamra,15.8,low,52.7,1,DEMO_DATA,True
2023-11-19,dhamra,21.3,low,57.1,2,DEMO_DATA,True
2023-11-20,dhamra,31.4,medium,65.1,3,DEMO_DATA,True
2023-11-21,dhamra,24.4,medium,59.5,3,DEMO_DATA,True
2023-11-22,dhamra,23.6,low,58.8,2,DEMO_DATA,True
2023-11-23,dhamra,25.5,medium,60.4,3,DEMO_DATA,True
2023-11-24,dhamra,29.1,medium,63.3,3,DEMO_DATA,True
2023-11-25,dhamra,32.9,medium,66.3,4,DEMO_DATA,True
2023-11-26,dhamra,29.5,medium,63.6,3,DEMO_DATA,True
2023-11-27,dhamra,32.1,medium,65.7,4,DEMO_DATA,True
2023-11-28,dhamra,40.0,medium,72.0,5,DEMO_DATA,True
2023-11-29,dhamra,36.4,medium,69.1,4,DEMO_DATA,True
2023-11-30,dhamra,33.3,medium,66.7,4,DEMO_DATA,True
2023-12-01,dhamra,29.0,medium,63.2,3,DEMO_DATA,True
2023-12-02,dhamra,22.1,low,57.7,2,DEMO_DATA,True
2023-12-03,dhamra,16.2,low,53.0,2,DEMO_DATA,True
2023-12-04,dhamra,20.5,low,56.4,2,DEMO_DATA,True
2023-12-05,dhamra,13.3,low,50.6,1,DEMO_DATA,True
2023-12-06,dhamra,10.4,low,48.3,1,DEMO_DATA,True
2023-12-07,dhamra,13.2,low,50.6,1,DEMO_DATA,True
2023-12-08,dhamra,13.0,low,50.4,1,DEMO_DATA,True
2023-12-09,dhamra,14.9,low,51.9,1,DEMO_DATA,True
2023-12-10,dhamra,14.1,low,51.3,1,DEMO_DATA,True
2023-12-11,dhamra,14.2,low,51.3,1,DEMO_DATA,True
2023-12-12,dhamra,13.2,low,50.6,1,DEMO_DATA,True
2023-12-13,dhamra,13.7,low,50.9,1,DEMO_DATA,True
2023-12-14,dhamra,12.8,low,50.2,1,DEMO_DATA,True
2023-12-15,dhamra,13.2,low,50.5,1,DEMO_DATA,True
2023-12-16,dhamra,10.8,low,48.7,1,DEMO_DATA,True
2023-12-17,dhamra,13.0,low,50.4,1,DEMO_DATA,True
2023-12-18,dhamra,12.7,low,50.2,1,DEMO_DATA,True
2023-12-19,dhamra,7.9,low,46.3,0,DEMO_DATA,True
2023-12-20,dhamra,9.1,low,47.2,1,DEMO_DATA,True
2023-12-21,dhamra,10.5,low,48.4,1,DEMO_DATA,True
2023-12-22,dhamra,8.3,low,46.6,1,DEMO_DATA,True
2023-12-23,dhamra,7.8,low,46.2,0,DEMO_DATA,True
2023-12-24,dhamra,9.4,low,47.5,1,DEMO_DATA,True
2023-12-25,dhamra,11.7,low,49.3,1,DEMO_DATA,True
2023-12-26,dhamra,10.0,low,48.0,1,DEMO_DATA,True
2023-12-27,dhamra,9.8,low,47.8,1,DEMO_DATA,True
2023-12-28,dhamra,12.7,low,50.2,1,DEMO_DATA,True
2023-12-29,dhamra,12.2,low,49.8,1,DEMO_DATA,True
2023-12-30,dhamra,10.3,low,48.2,1,DEMO_DATA,True
2023-12-31,dhamra,13.8,low,51.1,1,DEMO_DATA,True
2024-01-01,dhamra,11.9,low,49.5,1,DEMO_DATA,True
2024-01-02,dhamra,10.2,low,48.2,1,DEMO_DATA,True
2024-01-03,dhamra,10.2,low,48.1,1,DEMO_DATA,True
2024-01-04,dhamra,9.7,low,47.7,1,DEMO_DATA,True
2024-01-05,dhamra,9.7,low,47.7,1,DEMO_DATA,True
2024-01-06,dhamra,11.4,low,49.1,1,DEMO_DATA,True
2024-01-07,dhamra,10.9,low,48.7,1,DEMO_DATA,True
2024-01-08,dhamra,8.5,low,46.8,1,DEMO_DATA,True
2024-01-09,dhamra,10.4,low,48.3,1,DEMO_DATA,True
2024-01-10,dhamra,10.5,low,48.4,1,DEMO_DATA,True
2024-01-11,dhamra,10.0,low,48.0,1,DEMO_DATA,True
2024-01-12,dhamra,10.3,low,48.2,1,DEMO_DATA,True
2024-01-13,dhamra,11.5,low,49.2,1,DEMO_DATA,True
2024-01-14,dhamra,13.4,low,50.7,1,DEMO_DATA,True
2024-01-15,dhamra,13.1,low,50.5,1,DEMO_DATA,True
2024-01-16,dhamra,9.1,low,47.3,1,DEMO_DATA,True
2024-01-17,dhamra,10.0,low,48.0,1,DEMO_DATA,True
2024-01-18,dhamra,7.8,low,46.2,0,DEMO_DATA,True
2024-01-19,dhamra,9.6,low,47.7,1,DEMO_DATA,True
2024-01-20,dhamra,12.8,low,50.3,1,DEMO_DATA,True
2024-01-21,dhamra,11.5,low,49.2,1,DEMO_DATA,True
2024-01-22,dhamra,15.6,low,52.5,1,DEMO_DATA,True
2024-01-23,dhamra,20.5,low,56.4,2,DEMO_DATA,True
2024-01-24,dhamra,19.6,low,55.7,2,DEMO_DATA,True
2024-01-25,dhamra,17.7,low,54.2,2,DEMO_DATA,True
2024-01-26,dhamra,19.6,low,55.7,2,DEMO_DATA,True
2024-01-27,dhamra,22.0,low,57.6,2,DEMO_DATA,True
2024-01-28,dhamra,21.8,low,57.5,2,DEMO_DATA,True
2024-01-29,dhamra,25.5,medium,60.4,3,DEMO_DATA,True
2024-01-30,dhamra,24.3,medium,59.5,3,DEMO_DATA,True
2024-01-31,dhamra,15.2,low,52.2,1,DEMO_DATA,True
2024-02-01,dhamra,18.2,low,54.6,2,DEMO_DATA,True
2024-02-02,dhamra,19.5,low,55.6,2,DEMO_DATA,True
2024-02-03,dhamra,18.2,low,54.6,2,DEMO_DATA,True
2024-02-04,dhamra,17.2,low,53.8,2,DEMO_DATA,True
2024-02-05,dhamra,17.4,low,54.0,2,DEMO_DATA,True
2024-02-06,dhamra,21.4,low,57.2,2,DEMO_DATA,True
2024-02-07,dhamra,20.1,low,56.1,2,DEMO_DATA,True
2024-02-08,dhamra,20.6,low,56.4,2,DEMO_DATA,True
2024-02-09,dhamra,19.8,low,55.9,2,DEMO_DATA,True
2024-02-10,dhamra,21.6,low,57.3,2,DEMO_DATA,True
2024-02-11,dhamra,18.2,low,54.5,2,DEMO_DATA,True
2024-02-12,dhamra,19.1,low,55.3,2,DEMO_DATA,True
2024-02-13,dhamra,23.1,low,58.5,2,DEMO_DATA,True
2024-02-14,dhamra,19.3,low,55.4,2,DEMO_DATA,True
2024-02-15,dhamra,18.3,low,54.6,2,DEMO_DATA,True
2024-02-16,dhamra,14.5,low,51.6,1,DEMO_DATA,True
2024-02-17,dhamra,16.3,low,53.1,2,DEMO_DATA,True
2024-02-18,dhamra,16.4,low,53.1,2,DEMO_DATA,True
2024-02-19,dhamra,17.1,low,53.7,2,DEMO_DATA,True
2024-02-20,dhamra,14.5,low,51.6,1,DEMO_DATA,True
2024-02-21,dhamra,13.3,low,50.7,1,DEMO_DATA,True
2024-02-22,dhamra,10.4,low,48.3,1,DEMO_DATA,True
2024-02-23,dhamra,10.1,low,48.1,1,DEMO_DATA,True
2024-02-24,dhamra,10.7,low,48.6,1,DEMO_DATA,True
2024-02-25,dhamra,11.7,low,49.4,1,DEMO_DATA,True
2024-02-26,dhamra,13.7,low,51.0,1,DEMO_DATA,True
2024-02-27,dhamra,12.7,low,50.1,1,DEMO_DATA,True
2024-02-28,dhamra,10.3,low,48.3,1,DEMO_DATA,True
2024-02-29,dhamra,11.1,low,48.9,1,DEMO_DATA,True
2024-03-01,dhamra,10.5,low,48.4,1,DEMO_DATA,True
2024-03-02,dhamra,6.0,low,44.8,0,DEMO_DATA,True
2024-03-03,dhamra,7.1,low,45.7,0,DEMO_DATA,True
2024-03-04,dhamra,8.0,low,46.4,0,DEMO_DATA,True
2024-03-05,dhamra,7.8,low,46.2,0,DEMO_DATA,True
2024-03-06,dhamra,7.3,low,45.9,0,DEMO_DATA,True
2024-03-07,dhamra,9.4,low,47.5,1,DEMO_DATA,True
2024-03-08,dhamra,10.5,low,48.4,1,DEMO_DATA,True
2024-03-09,dhamra,9.5,low,47.6,1,DEMO_DATA,True
2024-03-10,dhamra,9.3,low,47.4,1,DEMO_DATA,True
2024-03-11,dhamra,10.2,low,48.2,1,DEMO_DATA,True
2024-03-12,dhamra,13.9,low,51.1,1,DEMO_DATA,True
2024-03-13,dhamra,17.7,low,54.1,2,DEMO_DATA,True
2024-03-14,dhamra,17.5,low,54.0,2,DEMO_DATA,True
2024-03-15,dhamra,13.1,low,50.5,1,DEMO_DATA,True
2024-03-16,dhamra,12.2,low,49.8,1,DEMO_DATA,True
2024-03-17,dhamra,11.5,low,49.2,1,DEMO_DATA,True
2024-03-18,dhamra,13.4,low,50.8,1,DEMO_DATA,True
2024-03-19,dhamra,15.9,low,52.7,1,DEMO_DATA,True
2024-03-20,dhamra,18.1,low,54.5,2,DEMO_DATA,True
2024-03-21,dhamra,15.9,low,52.7,1,DEMO_DATA,True
2024-03-22,dhamra,14.7,low,51.8,1,DEMO_DATA,True
2024-03-23,dhamra,13.9,low,51.1,1,DEMO_DATA,True
2024-03-24,dhamra,7.2,low,45.8,0,DEMO_DATA,True
2024-03-25,dhamra,7.3,low,45.8,0,DEMO_DATA,True
2024-03-26,dhamra,9.6,low,47.7,1,DEMO_DATA,True
2024-03-27,dhamra,8.7,low,47.0,1,DEMO_DATA,True
2024-03-28,dhamra,10.5,low,48.4,1,DEMO_DATA,True
2024-03-29,dhamra,7.0,low,45.6,0,DEMO_DATA,True
2024-03-30,dhamra,7.4,low,45.9,0,DEMO_DATA,True
2024-03-31,dhamra,7.8,low,46.3,0,DEMO_DATA,True
2024-04-01,dhamra,8.6,low,46.9,1,DEMO_DATA,True
2024-04-02,dhamra,10.5,low,48.4,1,DEMO_DATA,True
2024-04-03,dhamra,10.1,low,48.1,1,DEMO_DATA,True
2024-04-04,dhamra,11.9,low,49.5,1,DEMO_DATA,True
2024-04-05,dhamra,10.7,low,48.6,1,DEMO_DATA,True
2024-04-06,dhamra,13.0,low,50.4,1,DEMO_DATA,True
2024-04-07,dhamra,15.2,low,52.2,1,DEMO_DATA,True
2024-04-08,dhamra,18.2,low,54.5,2,DEMO_DATA,True
2024-04-09,dhamra,15.0,low,52.0,1,DEMO_DATA,True
2024-04-10,dhamra,17.3,low,53.8,2,DEMO_DATA,True
2024-04-11,dhamra,18.8,low,55.0,2,DEMO_DATA,True
2024-04-12,dhamra,21.1,low,56.9,2,DEMO_DATA,True
2024-04-13,dhamra,19.8,low,55.8,2,DEMO_DATA,True
2024-04-14,dhamra,27.1,medium,61.7,3,DEMO_DATA,True
2024-04-15,dhamra,27.0,medium,61.6,3,DEMO_DATA,True
2024-04-16,dhamra,28.1,medium,62.5,3,DEMO_DATA,True
2024-04-17,dhamra,28.2,medium,62.6,3,DEMO_DATA,True
2024-04-18,dhamra,24.8,medium,59.9,3,DEMO_DATA,True
2024-04-19,dhamra,28.1,medium,62.5,3,DEMO_DATA,True
2024-04-20,dhamra,31.7,medium,65.3,3,DEMO_DATA,True
2024-04-21,dhamra,29.9,medium,64.0,3,DEMO_DATA,True
2024-04-22,dhamra,30.2,medium,64.2,3,DEMO_DATA,True
2024-04-23,dhamra,37.9,medium,70.3,4,DEMO_DATA,True
2024-04-24,dhamra,36.9,medium,69.6,4,DEMO_DATA,True
2024-04-25,dhamra,31.8,medium,65.4,3,DEMO_DATA,True
2024-04-26,dhamra,35.4,medium,68.4,4,DEMO_DATA,True
2024-04-27,dhamra,34.4,medium,67.5,4,DEMO_DATA,True
2024-04-28,dhamra,26.5,medium,61.2,3,DEMO_DATA,True
2024-04-29,dhamra,25.5,medium,60.4,3,DEMO_DATA,True
2024-04-30,dhamra,23.0,low,58.4,2,DEMO_DATA,True
2024-05-01,dhamra,21.9,low,57.5,2,DEMO_DATA,True
2024-05-02,dhamra,25.1,medium,60.1,3,DEMO_DATA,True
2024-05-03,dhamra,22.8,low,58.3,2,DEMO_DATA,True
2024-05-04,dhamra,21.3,low,57.0,2,DEMO_DATA,True
2024-05-05,dhamra,19.1,low,55.2,2,DEMO_DATA,True
2024-05-06,dhamra,18.7,low,55.0,2,DEMO_DATA,True
2024-05-07,dhamra,21.6,low,57.2,2,DEMO_DATA,True
2024-05-08,dhamra,17.0,low,53.6,2,DEMO_DATA,True
2024-05-09,dhamra,17.0,low,53.6,2,DEMO_DATA,True
2024-05-10,dhamra,16.4,low,53.1,2,DEMO_DATA,True
2024-05-11,dhamra,19.8,low,55.8,2,DEMO_DATA,True
2024-05-12,dhamra,15.2,low,52.1,1,DEMO_DATA,True
2024-05-13,dhamra,17.1,low,53.7,2,DEMO_DATA,True
2024-05-14,dhamra,18.4,low,54.7,2,DEMO_DATA,True
2024-05-15,dhamra,21.1,low,56.9,2,DEMO_DATA,True
2024-05-16,dhamra,24.0,low,59.2,2,DEMO_DATA,True
2024-05-17,dhamra,28.4,medium,62.7,3,DEMO_DATA,True
2024-05-18,dhamra,27.7,medium,62.2,3,DEMO_DATA,True
2024-05-19,dhamra,36.9,medium,69.5,4,DEMO_DATA,True
2024-05-20,dhamra,47.6,medium,78.1,5,DEMO_DATA,True
2024-05-21,dhamra,46.2,medium,77.0,5,DEMO_DATA,True
2024-05-22,dhamra,49.7,high,79.8,6,DEMO_DATA,True
2024-05-23,dhamra,49.8,high,79.8,6,DEMO_DATA,True
2024-05-24,dhamra,34.9,medium,67.9,4,DEMO_DATA,True
2024-05-25,dhamra,30.2,medium,64.2,3,DEMO_DATA,True
2024-05-26,dhamra,24.6,medium,59.7,3,DEMO_DATA,True
2024-05-27,dhamra,21.3,low,57.0,2,DEMO_DATA,True
2024-05-28,dhamra,19.2,low,55.4,2,DEMO_DATA,True
2024-05-29,dhamra,23.0,low,58.4,2,DEMO_DATA,True
2024-05-30,dhamra,24.6,medium,59.7,3,DEMO_DATA,True
2024-05-31,dhamra,24.3,medium,59.5,3,DEMO_DATA,True
2024-06-01,dhamra,21.9,low,57.5,2,DEMO_DATA,True
2024-06-02,dhamra,17.4,low,53.9,2,DEMO_DATA,True
2024-06-03,dhamra,17.0,low,53.6,2,DEMO_DATA,True
2024-06-04,dhamra,13.1,low,50.5,1,DEMO_DATA,True
2024-06-05,dhamra,12.9,low,50.3,1,DEMO_DATA,True
2024-06-06,dhamra,12.6,low,50.1,1,DEMO_DATA,True
2024-06-07,dhamra,13.1,low,50.5,1,DEMO_DATA,True
2024-06-08,dhamra,14.2,low,51.4,1,DEMO_DATA,True
2024-06-09,dhamra,9.1,low,47.3,1,DEMO_DATA,True
2024-06-10,dhamra,8.6,low,46.9,1,DEMO_DATA,True
2024-06-11,dhamra,9.1,low,47.3,1,DEMO_DATA,True
2024-06-12,dhamra,8.6,low,46.9,1,DEMO_DATA,True
2024-06-13,dhamra,9.7,low,47.8,1,DEMO_DATA,True
2024-06-14,dhamra,8.8,low,47.0,1,DEMO_DATA,True
2024-06-15,dhamra,10.3,low,48.2,1,DEMO_DATA,True
2024-06-16,dhamra,10.8,low,48.7,1,DEMO_DATA,True
2024-06-17,dhamra,12.3,low,49.8,1,DEMO_DATA,True
2024-06-18,dhamra,12.0,low,49.6,1,DEMO_DATA,True
2024-06-19,dhamra,14.4,low,51.5,1,DEMO_DATA,True
2024-06-20,dhamra,16.8,low,53.4,2,DEMO_DATA,True
2024-06-21,dhamra,15.2,low,52.2,1,DEMO_DATA,True
2024-06-22,dhamra,15.7,low,52.5,1,DEMO_DATA,True
2024-06-23,dhamra,17.9,low,54.3,2,DEMO_DATA,True
2024-06-24,dhamra,21.3,low,57.0,2,DEMO_DATA,True
2024-06-25,dhamra,29.0,medium,63.2,3,DEMO_DATA,True
2024-06-26,dhamra,27.5,medium,62.0,3,DEMO_DATA,True
2024-06-27,dhamra,32.6,medium,66.1,4,DEMO_DATA,True
2024-06-28,dhamra,37.5,medium,70.0,4,DEMO_DATA,True
2024-06-29,dhamra,34.1,medium,67.3,4,DEMO_DATA,True
2024-06-30,dhamra,34.7,medium,67.7,4,DEMO_DATA,True
2024-07-01,dhamra,29.7,medium,63.8,3,DEMO_DATA,True
2024-07-02,dhamra,33.4,medium,66.8,4,DEMO_DATA,True
2024-07-03,dhamra,29.3,medium,63.4,3,DEMO_DATA,True
2024-07-04,dhamra,17.4,low,53.9,2,DEMO_DATA,True
2024-07-05,dhamra,19.6,low,55.7,2,DEMO_DATA,True
2024-07-06,dhamra,22.9,low,58.3,2,DEMO_DATA,True
2024-07-07,dhamra,21.5,low,57.2,2,DEMO_DATA,True
2024-07-08,dhamra,20.5,low,56.4,2,DEMO_DATA,True
2024-07-09,dhamra,31.6,medium,65.2,3,DEMO_DATA,True
2024-07-10,dhamra,36.1,medium,68.9,4,DEMO_DATA,True
2024-07-11,dhamra,28.1,medium,62.4,3,DEMO_DATA,True
2024-07-12,dhamra,24.3,medium,59.5,3,DEMO_DATA,True
2024-07-13,dhamra,30.9,medium,64.7,3,DEMO_DATA,True
2024-07-14,dhamra,29.1,medium,63.3,3,DEMO_DATA,True
2024-07-15,dhamra,30.2,medium,64.2,3,DEMO_DATA,True
2024-07-16,dhamra,30.6,medium,64.5,3,DEMO_DATA,True
2024-07-17,dhamra,29.6,medium,63.7,3,DEMO_DATA,True
2024-07-18,dhamra,26.7,medium,61.4,3,DEMO_DATA,True
2024-07-19,dhamra,23.4,low,58.7,2,DEMO_DATA,True
2024-07-20,dhamra,28.0,medium,62.4,3,DEMO_DATA,True
2024-07-21,dhamra,29.1,medium,63.3,3,DEMO_DATA,True
2024-07-22,dhamra,31.8,medium,65.4,3,DEMO_DATA,True
2024-07-23,dhamra,23.9,low,59.1,2,DEMO_DATA,True
2024-07-24,dhamra,29.3,medium,63.5,3,DEMO_DATA,True
2024-07-25,dhamra,28.6,medium,62.9,3,DEMO_DATA,True
2024-07-26,dhamra,25.1,medium,60.1,3,DEMO_DATA,True
2024-07-27,dhamra,36.0,medium,68.8,4,DEMO_DATA,True
2024-07-28,dhamra,24.4,medium,59.6,3,DEMO_DATA,True
2024-07-29,dhamra,23.8,low,59.0,2,DEMO_DATA,True
2024-07-30,dhamra,20.2,low,56.1,2,DEMO_DATA,True
2024-07-31,dhamra,19.4,low,55.6,2,DEMO_DATA,True
2024-08-01,dhamra,17.4,low,53.9,2,DEMO_DATA,True
2024-08-02,dhamra,21.7,low,57.3,2,DEMO_DATA,True
2024-08-03,dhamra,21.5,low,57.2,2,DEMO_DATA,True
2024-08-04,dhamra,20.2,low,56.2,2,DEMO_DATA,True
2024-08-05,dhamra,21.6,low,57.3,2,DEMO_DATA,True
2024-08-06,dhamra,21.5,low,57.2,2,DEMO_DATA,True
2024-08-07,dhamra,26.9,medium,61.5,3,DEMO_DATA,True
2024-08-08,dhamra,22.6,low,58.1,2,DEMO_DATA,True
2024-08-09,dhamra,22.3,low,57.9,2,DEMO_DATA,True
2024-08-10,dhamra,26.8,medium,61.4,3,DEMO_DATA,True
2024-08-11,dhamra,34.7,medium,67.7,4,DEMO_DATA,True
2024-08-12,dhamra,31.2,medium,65.0,3,DEMO_DATA,True
2024-08-13,dhamra,27.0,medium,61.6,3,DEMO_DATA,True
2024-08-14,dhamra,32.8,medium,66.2,4,DEMO_DATA,True
2024-08-15,dhamra,41.4,medium,73.1,5,DEMO_DATA,True
2024-08-16,dhamra,45.5,medium,76.4,5,DEMO_DATA,True
2024-08-17,dhamra,45.0,medium,76.0,5,DEMO_DATA,True
2024-08-18,dhamra,45.3,medium,76.3,5,DEMO_DATA,True
2024-08-19,dhamra,42.5,medium,74.0,5,DEMO_DATA,True
2024-08-20,dhamra,49.6,high,79.7,6,DEMO_DATA,True
2024-08-21,dhamra,45.7,medium,76.6,5,DEMO_DATA,True
2024-08-22,dhamra,42.3,medium,73.9,5,DEMO_DATA,True
2024-08-23,dhamra,49.1,high,79.3,6,DEMO_DATA,True
2024-08-24,dhamra,51.5,high,81.2,6,DEMO_DATA,True
2024-08-25,dhamra,40.4,medium,72.3,5,DEMO_DATA,True
2024-08-26,dhamra,52.4,high,82.0,6,DEMO_DATA,True
2024-08-27,dhamra,43.7,medium,75.0,5,DEMO_DATA,True
2024-08-28,dhamra,43.6,medium,74.9,5,DEMO_DATA,True
2024-08-29,dhamra,41.3,medium,73.0,5,DEMO_DATA,True
2024-08-30,dhamra,32.5,medium,66.0,4,DEMO_DATA,True
2024-08-31,dhamra,42.0,medium,73.6,5,DEMO_DATA,True
2024-09-01,dhamra,40.0,medium,72.0,5,DEMO_DATA,True
2024-09-02,dhamra,47.0,medium,77.6,5,DEMO_DATA,True
2024-09-03,dhamra,44.8,medium,75.8,5,DEMO_DATA,True
2024-09-04,dhamra,40.6,medium,72.4,5,DEMO_DATA,True
2024-09-05,dhamra,36.2,medium,69.0,4,DEMO_DATA,True
2024-09-06,dhamra,41.8,medium,73.5,5,DEMO_DATA,True
2024-09-07,dhamra,44.0,medium,75.2,5,DEMO_DATA,True
2024-09-08,dhamra,53.3,high,82.6,6,DEMO_DATA,True
2024-09-09,dhamra,50.0,high,80.0,6,DEMO_DATA,True
2024-09-10,dhamra,48.8,high,79.1,6,DEMO_DATA,True
2024-09-11,dhamra,59.5,high,87.6,7,DEMO_DATA,True
2024-09-12,dhamra,37.1,medium,69.7,4,DEMO_DATA,True
2024-09-13,dhamra,36.2,medium,69.0,4,DEMO_DATA,True
2024-09-14,dhamra,34.5,medium,67.6,4,DEMO_DATA,True
2024-09-15,dhamra,39.0,medium,71.2,4,DEMO_DATA,True
2024-09-16,dhamra,46.1,medium,76.8,5,DEMO_DATA,True
2024-09-17,dhamra,45.1,medium,76.1,5,DEMO_DATA,True
2024-09-18,dhamra,54.4,high,83.5,6,DEMO_DATA,True
2024-09-19,dhamra,40.3,medium,72.3,5,DEMO_DATA,True
2024-09-20,dhamra,47.2,medium,77.7,5,DEMO_DATA,True
2024-09-21,dhamra,63.2,high,90.6,7,DEMO_DATA,True
2024-09-22,dhamra,79.2,high,95.0,9,DEMO_DATA,True
2024-09-23,dhamra,65.5,high,92.4,8,DEMO_DATA,True
2024-09-24,dhamra,58.5,high,86.8,7,DEMO_DATA,True
2024-09-25,dhamra,66.1,high,92.8,8,DEMO_DATA,True
2024-09-26,dhamra,65.9,high,92.7,8,DEMO_DATA,True
2024-09-27,dhamra,61.7,high,89.3,7,DEMO_DATA,True
2024-09-28,dhamra,64.1,high,91.3,8,DEMO_DATA,True
2024-09-29,dhamra,60.9,high,88.7,7,DEMO_DATA,True
2024-09-30,dhamra,54.0,high,83.2,6,DEMO_DATA,True
2024-10-01,dhamra,48.9,high,79.1,6,DEMO_DATA,True
2024-10-02,dhamra,52.3,high,81.8,6,DEMO_DATA,True
2024-10-03,dhamra,45.6,medium,76.5,5,DEMO_DATA,True
2024-10-04,dhamra,46.0,medium,76.8,5,DEMO_DATA,True
2024-10-05,dhamra,41.1,medium,72.9,5,DEMO_DATA,True
2024-10-06,dhamra,36.6,medium,69.2,4,DEMO_DATA,True
2024-10-07,dhamra,40.6,medium,72.5,5,DEMO_DATA,True
2024-10-08,dhamra,33.2,medium,66.6,4,DEMO_DATA,True
2024-10-09,dhamra,32.7,medium,66.1,4,DEMO_DATA,True
2024-10-10,dhamra,29.8,medium,63.8,3,DEMO_DATA,True
2024-10-11,dhamra,27.6,medium,62.1,3,DEMO_DATA,True
2024-10-12,dhamra,27.9,medium,62.3,3,DEMO_DATA,True
2024-10-13,dhamra,25.5,medium,60.4,3,DEMO_DATA,True
2024-10-14,dhamra,30.5,medium,64.4,3,DEMO_DATA,True
2024-10-15,dhamra,26.5,medium,61.2,3,DEMO_DATA,True
2024-10-16,dhamra,24.2,medium,59.3,3,DEMO_DATA,True
2024-10-17,dhamra,20.3,low,56.2,2,DEMO_DATA,True
2024-10-18,dhamra,20.5,low,56.4,2,DEMO_DATA,True
2024-10-19,dhamra,18.7,low,54.9,2,DEMO_DATA,True
2024-10-20,dhamra,21.9,low,57.5,2,DEMO_DATA,True
2024-10-21,dhamra,21.5,low,57.2,2,DEMO_DATA,True
2024-10-22,dhamra,18.4,low,54.7,2,DEMO_DATA,True
2024-10-23,dhamra,22.6,low,58.1,2,DEMO_DATA,True
2024-10-24,dhamra,21.9,low,57.5,2,DEMO_DATA,True
2024-10-25,dhamra,22.6,low,58.1,2,DEMO_DATA,True
2024-10-26,dhamra,25.4,medium,60.3,3,DEMO_DATA,True
2024-10-27,dhamra,24.9,medium,59.9,3,DEMO_DATA,True
2024-10-28,dhamra,21.3,low,57.1,2,DEMO_DATA,True
2024-10-29,dhamra,21.3,low,57.0,2,DEMO_DATA,True
2024-10-30,dhamra,20.2,low,56.2,2,DEMO_DATA,True
2024-10-31,dhamra,18.1,low,54.5,2,DEMO_DATA,True
2024-11-01,dhamra,19.3,low,55.4,2,DEMO_DATA,True
2024-11-02,dhamra,25.0,medium,60.0,3,DEMO_DATA,True
2024-11-03,dhamra,20.6,low,56.5,2,DEMO_DATA,True
2024-11-04,dhamra,20.9,low,56.7,2,DEMO_DATA,True
2024-11-05,dhamra,16.5,low,53.2,2,DEMO_DATA,True
2024-11-06,dhamra,17.5,low,54.0,2,DEMO_DATA,True
2024-11-07,dhamra,22.3,low,57.9,2,DEMO_DATA,True
2024-11-08,dhamra,24.2,medium,59.4,3,DEMO_DATA,True
2024-11-09,dhamra,25.5,medium,60.4,3,DEMO_DATA,True
2024-11-10,dhamra,22.9,low,58.3,2,DEMO_DATA,True
2024-11-11,dhamra,19.6,low,55.7,2,DEMO_DATA,True
2024-11-12,dhamra,21.3,low,57.0,2,DEMO_DATA,True
2024-11-13,dhamra,24.8,medium,59.9,3,DEMO_DATA,True
2024-11-14,dhamra,19.9,low,55.9,2,DEMO_DATA,True
2024-11-15,dhamra,22.0,low,57.6,2,DEMO_DATA,True
2024-11-16,dhamra,22.9,low,58.3,2,DEMO_DATA,True
2024-11-17,dhamra,21.7,low,57.3,2,DEMO_DATA,True
2024-11-18,dhamra,20.6,low,56.5,2,DEMO_DATA,True
2024-11-19,dhamra,23.1,low,58.5,2,DEMO_DATA,True
2024-11-20,dhamra,24.3,medium,59.5,3,DEMO_DATA,True
2024-11-21,dhamra,25.8,medium,60.7,3,DEMO_DATA,True
2024-11-22,dhamra,27.2,medium,61.8,3,DEMO_DATA,True
2024-11-23,dhamra,26.8,medium,61.4,3,DEMO_DATA,True
2024-11-24,dhamra,27.1,medium,61.7,3,DEMO_DATA,True
2024-11-25,dhamra,23.3,low,58.6,2,DEMO_DATA,True
2024-11-26,dhamra,22.3,low,57.8,2,DEMO_DATA,True
2024-11-27,dhamra,24.5,medium,59.6,3,DEMO_DATA,True
2024-11-28,dhamra,20.6,low,56.5,2,DEMO_DATA,True
2024-11-29,dhamra,18.4,low,54.7,2,DEMO_DATA,True
2024-11-30,dhamra,20.2,low,56.2,2,DEMO_DATA,True
2024-12-01,dhamra,22.6,low,58.1,2,DEMO_DATA,True
2024-12-02,dhamra,22.3,low,57.8,2,DEMO_DATA,True
2024-12-03,dhamra,27.0,medium,61.6,3,DEMO_DATA,True
2024-12-04,dhamra,24.0,low,59.2,2,DEMO_DATA,True
2024-12-05,dhamra,32.3,medium,65.8,4,DEMO_DATA,True
2024-12-06,dhamra,26.6,medium,61.3,3,DEMO_DATA,True
2024-12-07,dhamra,30.0,medium,64.0,3,DEMO_DATA,True
2024-12-08,dhamra,34.0,medium,67.2,4,DEMO_DATA,True
2024-12-09,dhamra,28.7,medium,63.0,3,DEMO_DATA,True
2024-12-10,dhamra,23.9,low,59.1,2,DEMO_DATA,True
2024-12-11,dhamra,31.6,medium,65.3,3,DEMO_DATA,True
2024-12-12,dhamra,36.2,medium,69.0,4,DEMO_DATA,True
2024-12-13,dhamra,32.8,medium,66.3,4,DEMO_DATA,True
2024-12-14,dhamra,42.9,medium,74.3,5,DEMO_DATA,True
2024-12-15,dhamra,44.9,medium,75.9,5,DEMO_DATA,True
2024-12-16,dhamra,59.6,high,87.7,7,DEMO_DATA,True
2024-12-17,dhamra,50.7,high,80.5,6,DEMO_DATA,True
2024-12-18,dhamra,42.2,medium,73.8,5,DEMO_DATA,True
2024-12-19,dhamra,34.6,medium,67.7,4,DEMO_DATA,True
2024-12-20,dhamra,41.9,medium,73.5,5,DEMO_DATA,True
2024-12-21,dhamra,36.5,medium,69.2,4,DEMO_DATA,True
2024-12-22,dhamra,31.2,medium,64.9,3,DEMO_DATA,True
2024-12-23,dhamra,29.6,medium,63.7,3,DEMO_DATA,True
2024-12-24,dhamra,37.0,medium,69.6,4,DEMO_DATA,True
2024-12-25,dhamra,31.5,medium,65.2,3,DEMO_DATA,True
2024-12-26,dhamra,42.1,medium,73.7,5,DEMO_DATA,True
2024-12-27,dhamra,49.2,high,79.3,6,DEMO_DATA,True
2024-12-28,dhamra,40.9,medium,72.8,5,DEMO_DATA,True
2024-12-29,dhamra,32.1,medium,65.7,4,DEMO_DATA,True
2024-12-30,dhamra,28.4,medium,62.7,3,DEMO_DATA,True
2024-12-31,dhamra,27.1,medium,61.7,3,DEMO_DATA,True
2025-01-01,dhamra,37.6,medium,70.1,4,DEMO_DATA,True
2025-01-02,dhamra,38.0,medium,70.4,4,DEMO_DATA,True
2025-01-03,dhamra,42.8,medium,74.3,5,DEMO_DATA,True
2025-01-04,dhamra,41.9,medium,73.5,5,DEMO_DATA,True
2025-01-05,dhamra,39.0,medium,71.2,4,DEMO_DATA,True
2025-01-06,dhamra,34.2,medium,67.4,4,DEMO_DATA,True
2025-01-07,dhamra,34.1,medium,67.3,4,DEMO_DATA,True
2025-01-08,dhamra,35.0,medium,68.0,4,DEMO_DATA,True
2025-01-09,dhamra,45.5,medium,76.4,5,DEMO_DATA,True
2025-01-10,dhamra,46.3,medium,77.1,5,DEMO_DATA,True
2025-01-11,dhamra,40.3,medium,72.2,5,DEMO_DATA,True
2025-01-12,dhamra,26.5,medium,61.2,3,DEMO_DATA,True
2025-01-13,dhamra,30.6,medium,64.4,3,DEMO_DATA,True
2025-01-14,dhamra,26.5,medium,61.2,3,DEMO_DATA,True
2025-01-15,dhamra,25.9,medium,60.7,3,DEMO_DATA,True
2025-01-16,dhamra,36.0,medium,68.8,4,DEMO_DATA,True
2025-01-17,dhamra,43.9,medium,75.1,5,DEMO_DATA,True
2025-01-18,dhamra,43.1,medium,74.4,5,DEMO_DATA,True
2025-01-19,dhamra,50.9,high,80.7,6,DEMO_DATA,True
2025-01-20,dhamra,46.2,medium,77.0,5,DEMO_DATA,True
2025-01-21,dhamra,54.6,high,83.7,6,DEMO_DATA,True
2025-01-22,dhamra,48.3,high,78.6,6,DEMO_DATA,True
2025-01-23,dhamra,50.1,high,80.1,6,DEMO_DATA,True
2025-01-24,dhamra,47.7,medium,78.1,5,DEMO_DATA,True
2025-01-25,dhamra,40.5,medium,72.4,5,DEMO_DATA,True
2025-01-26,dhamra,41.0,medium,72.8,5,DEMO_DATA,True
2025-01-27,dhamra,37.5,medium,70.0,4,DEMO_DATA,True
2025-01-28,dhamra,39.8,medium,71.8,4,DEMO_DATA,True
2025-01-29,dhamra,34.3,medium,67.5,4,DEMO_DATA,True
2025-01-30,dhamra,33.8,medium,67.0,4,DEMO_DATA,True
2025-01-31,dhamra,31.4,medium,65.1,3,DEMO_DATA,True
2025-02-01,dhamra,32.1,medium,65.7,4,DEMO_DATA,True
2025-02-02,dhamra,27.4,medium,61.9,3,DEMO_DATA,True
2025-02-03,dhamra,24.4,medium,59.5,3,DEMO_DATA,True
2025-02-04,dhamra,23.4,low,58.7,2,DEMO_DATA,True
2025-02-05,dhamra,21.0,low,56.8,2,DEMO_DATA,True
2025-02-06,dhamra,24.3,medium,59.4,3,DEMO_DATA,True
2025-02-07,dhamra,19.7,low,55.7,2,DEMO_DATA,True
2025-02-08,dhamra,22.5,low,58.0,2,DEMO_DATA,True
2025-02-09,dhamra,21.9,low,57.5,2,DEMO_DATA,True
2025-02-10,dhamra,23.3,low,58.7,2,DEMO_DATA,True
2025-02-11,dhamra,19.2,low,55.3,2,DEMO_DATA,True
2025-02-12,dhamra,18.9,low,55.1,2,DEMO_DATA,True
2025-02-13,dhamra,22.5,low,58.0,2,DEMO_DATA,True
2025-02-14,dhamra,22.8,low,58.2,2,DEMO_DATA,True
2025-02-15,dhamra,19.0,low,55.2,2,DEMO_DATA,True
2025-02-16,dhamra,19.0,low,55.2,2,DEMO_DATA,True
2025-02-17,dhamra,17.5,low,54.0,2,DEMO_DATA,True
2025-02-18,dhamra,6.0,low,44.8,0,DEMO_DATA,True
2025-02-19,dhamra,6.0,low,44.8,0,DEMO_DATA,True
2025-02-20,dhamra,7.1,low,45.7,0,DEMO_DATA,True
2025-02-21,dhamra,6.8,low,45.4,0,DEMO_DATA,True
2025-02-22,dhamra,6.9,low,45.6,0,DEMO_DATA,True
2025-02-23,dhamra,6.0,low,44.8,0,DEMO_DATA,True
2025-02-24,dhamra,7.3,low,45.8,0,DEMO_DATA,True
2025-02-25,dhamra,6.2,low,44.9,0,DEMO_DATA,True
2025-02-26,dhamra,7.3,low,45.8,0,DEMO_DATA,True
2025-02-27,dhamra,6.3,low,45.0,0,DEMO_DATA,True
2025-02-28,dhamra,8.8,low,47.1,1,DEMO_DATA,True
2025-03-01,dhamra,10.6,low,48.5,1,DEMO_DATA,True
2025-03-02,dhamra,12.2,low,49.8,1,DEMO_DATA,True
2025-03-03,dhamra,12.7,low,50.2,1,DEMO_DATA,True
2025-03-04,dhamra,10.5,low,48.4,1,DEMO_DATA,True
2025-03-05,dhamra,12.0,low,49.6,1,DEMO_DATA,True
2025-03-06,dhamra,12.0,low,49.6,1,DEMO_DATA,True
2025-03-07,dhamra,12.7,low,50.2,1,DEMO_DATA,True
2025-03-08,dhamra,10.8,low,48.6,1,DEMO_DATA,True
2025-03-09,dhamra,10.7,low,48.6,1,DEMO_DATA,True
2025-03-10,dhamra,12.1,low,49.7,1,DEMO_DATA,True
2025-03-11,dhamra,12.6,low,50.1,1,DEMO_DATA,True
2025-03-12,dhamra,16.4,low,53.1,2,DEMO_DATA,True
2025-03-13,dhamra,12.6,low,50.1,1,DEMO_DATA,True
2025-03-14,dhamra,13.2,low,50.6,1,DEMO_DATA,True
2025-03-15,dhamra,16.1,low,52.9,2,DEMO_DATA,True
2025-03-16,dhamra,19.8,low,55.9,2,DEMO_DATA,True
2025-03-17,dhamra,18.5,low,54.8,2,DEMO_DATA,True
2025-03-18,dhamra,25.3,medium,60.3,3,DEMO_DATA,True
2025-03-19,dhamra,26.0,medium,60.8,3,DEMO_DATA,True
2025-03-20,dhamra,24.1,medium,59.3,3,DEMO_DATA,True
2025-03-21,dhamra,19.7,low,55.8,2,DEMO_DATA,True
2025-03-22,dhamra,22.2,low,57.8,2,DEMO_DATA,True
2025-03-23,dhamra,19.4,low,55.5,2,DEMO_DATA,True
2025-03-24,dhamra,18.3,low,54.6,2,DEMO_DATA,True
2025-03-25,dhamra,15.0,low,52.0,1,DEMO_DATA,True
2025-03-26,dhamra,15.3,low,52.2,1,DEMO_DATA,True
2025-03-27,dhamra,15.3,low,52.3,1,DEMO_DATA,True
2025-03-28,dhamra,16.9,low,53.5,2,DEMO_DATA,True
2025-03-29,dhamra,19.2,low,55.4,2,DEMO_DATA,True
2025-03-30,dhamra,21.0,low,56.8,2,DEMO_DATA,True
2025-03-31,dhamra,21.7,low,57.4,2,DEMO_DATA,True
2025-04-01,dhamra,25.8,medium,60.7,3,DEMO_DATA,True
2025-04-02,dhamra,24.5,medium,59.6,3,DEMO_DATA,True
2025-04-03,dhamra,21.8,low,57.4,2,DEMO_DATA,True
2025-04-04,dhamra,24.1,medium,59.3,3,DEMO_DATA,True
2025-04-05,dhamra,14.1,low,51.3,1,DEMO_DATA,True
2025-04-06,dhamra,12.3,low,49.9,1,DEMO_DATA,True
2025-04-07,dhamra,11.2,low,49.0,1,DEMO_DATA,True
2025-04-08,dhamra,10.6,low,48.5,1,DEMO_DATA,True
2025-04-09,dhamra,9.9,low,47.9,1,DEMO_DATA,True
2025-04-10,dhamra,8.9,low,47.1,1,DEMO_DATA,True
2025-04-11,dhamra,8.2,low,46.5,1,DEMO_DATA,True
2025-04-12,dhamra,7.5,low,46.0,0,DEMO_DATA,True
2025-04-13,dhamra,8.1,low,46.5,1,DEMO_DATA,True
2025-04-14,dhamra,9.6,low,47.6,1,DEMO_DATA,True
2025-04-15,dhamra,9.7,low,47.7,1,DEMO_DATA,True
2025-04-16,dhamra,10.6,low,48.5,1,DEMO_DATA,True
2025-04-17,dhamra,12.9,low,50.4,1,DEMO_DATA,True
2025-04-18,dhamra,14.0,low,51.2,1,DEMO_DATA,True
2025-04-19,dhamra,13.5,low,50.8,1,DEMO_DATA,True
2025-04-20,dhamra,12.1,low,49.7,1,DEMO_DATA,True
2025-04-21,dhamra,12.5,low,50.0,1,DEMO_DATA,True
2025-04-22,dhamra,14.4,low,51.5,1,DEMO_DATA,True
2025-04-23,dhamra,11.7,low,49.4,1,DEMO_DATA,True
2025-04-24,dhamra,10.3,low,48.2,1,DEMO_DATA,True
2025-04-25,dhamra,9.3,low,47.4,1,DEMO_DATA,True
2025-04-26,dhamra,10.7,low,48.5,1,DEMO_DATA,True
2025-04-27,dhamra,14.5,low,51.6,1,DEMO_DATA,True
2025-04-28,dhamra,15.7,low,52.5,1,DEMO_DATA,True
2025-04-29,dhamra,16.4,low,53.1,2,DEMO_DATA,True
2025-04-30,dhamra,17.7,low,54.2,2,DEMO_DATA,True
2025-05-01,dhamra,17.0,low,53.6,2,DEMO_DATA,True
2025-05-02,dhamra,15.8,low,52.6,1,DEMO_DATA,True
2025-05-03,dhamra,15.8,low,52.6,1,DEMO_DATA,True
2025-05-04,dhamra,16.1,low,52.9,2,DEMO_DATA,True
2025-05-05,dhamra,16.4,low,53.1,2,DEMO_DATA,True
2025-05-06,dhamra,14.8,low,51.8,1,DEMO_DATA,True
2025-05-07,dhamra,14.6,low,51.7,1,DEMO_DATA,True
2025-05-08,dhamra,12.2,low,49.7,1,DEMO_DATA,True
2025-05-09,dhamra,13.2,low,50.6,1,DEMO_DATA,True
2025-05-10,dhamra,12.1,low,49.6,1,DEMO_DATA,True
2025-05-11,dhamra,13.6,low,50.9,1,DEMO_DATA,True
2025-05-12,dhamra,15.7,low,52.5,1,DEMO_DATA,True
2025-05-13,dhamra,20.2,low,56.2,2,DEMO_DATA,True
2025-05-14,dhamra,20.6,low,56.5,2,DEMO_DATA,True
2025-05-15,dhamra,21.5,low,57.2,2,DEMO_DATA,True
2025-05-16,dhamra,21.7,low,57.3,2,DEMO_DATA,True
2025-05-17,dhamra,22.0,low,57.6,2,DEMO_DATA,True
2025-05-18,dhamra,17.5,low,54.0,2,DEMO_DATA,True
2025-05-19,dhamra,21.4,low,57.1,2,DEMO_DATA,True
2025-05-20,dhamra,20.3,low,56.3,2,DEMO_DATA,True
2025-05-21,dhamra,21.1,low,56.9,2,DEMO_DATA,True
2025-05-22,dhamra,28.2,medium,62.6,3,DEMO_DATA,True
2025-05-23,dhamra,24.4,medium,59.5,3,DEMO_DATA,True
2025-05-24,dhamra,34.3,medium,67.4,4,DEMO_DATA,True
2025-05-25,dhamra,31.5,medium,65.2,3,DEMO_DATA,True
2025-05-26,dhamra,36.7,medium,69.3,4,DEMO_DATA,True
2025-05-27,dhamra,26.3,medium,61.0,3,DEMO_DATA,True
2025-05-28,dhamra,23.5,low,58.8,2,DEMO_DATA,True
2025-05-29,dhamra,18.3,low,54.6,2,DEMO_DATA,True
2025-05-30,dhamra,14.1,low,51.3,1,DEMO_DATA,True
2025-05-31,dhamra,17.2,low,53.8,2,DEMO_DATA,True
2025-06-01,dhamra,17.4,low,53.9,2,DEMO_DATA,True
2025-06-02,dhamra,17.7,low,54.2,2,DEMO_DATA,True
2025-06-03,dhamra,15.9,low,52.7,1,DEMO_DATA,True
2025-06-04,dhamra,17.8,low,54.2,2,DEMO_DATA,True
2025-06-05,dhamra,19.0,low,55.2,2,DEMO_DATA,True
2025-06-06,dhamra,22.4,low,57.9,2,DEMO_DATA,True
2025-06-07,dhamra,26.0,medium,60.8,3,DEMO_DATA,True
2025-06-08,dhamra,27.4,medium,61.9,3,DEMO_DATA,True
2025-06-09,dhamra,23.9,low,59.1,2,DEMO_DATA,True
2025-06-10,dhamra,16.6,low,53.3,2,DEMO_DATA,True
2025-06-11,dhamra,16.2,low,52.9,2,DEMO_DATA,True
2025-06-12,dhamra,13.2,low,50.6,1,DEMO_DATA,True
2025-06-13,dhamra,13.5,low,50.8,1,DEMO_DATA,True
2025-06-14,dhamra,13.2,low,50.5,1,DEMO_DATA,True
2025-06-15,dhamra,12.4,low,49.9,1,DEMO_DATA,True
2025-06-16,dhamra,13.8,low,51.0,1,DEMO_DATA,True
2025-06-17,dhamra,18.0,low,54.4,2,DEMO_DATA,True
2025-06-18,dhamra,17.8,low,54.2,2,DEMO_DATA,True
2025-06-19,dhamra,16.4,low,53.1,2,DEMO_DATA,True
2025-06-20,dhamra,19.8,low,55.9,2,DEMO_DATA,True
2025-06-21,dhamra,19.4,low,55.5,2,DEMO_DATA,True
2025-06-22,dhamra,20.2,low,56.2,2,DEMO_DATA,True
2025-06-23,dhamra,17.7,low,54.1,2,DEMO_DATA,True
2025-06-24,dhamra,19.7,low,55.7,2,DEMO_DATA,True
2025-06-25,dhamra,19.7,low,55.8,2,DEMO_DATA,True
2025-06-26,dhamra,8.6,low,46.9,1,DEMO_DATA,True
2025-06-27,dhamra,9.8,low,47.8,1,DEMO_DATA,True
2025-06-28,dhamra,9.8,low,47.8,1,DEMO_DATA,True
2025-06-29,dhamra,9.8,low,47.8,1,DEMO_DATA,True
2025-06-30,dhamra,10.5,low,48.4,1,DEMO_DATA,True
2025-07-01,dhamra,16.4,low,53.1,2,DEMO_DATA,True
2025-07-02,dhamra,20.3,low,56.2,2,DEMO_DATA,True
2025-07-03,dhamra,16.6,low,53.3,2,DEMO_DATA,True
2025-07-04,dhamra,13.7,low,51.0,1,DEMO_DATA,True
2025-07-05,dhamra,23.1,low,58.5,2,DEMO_DATA,True
2025-07-06,dhamra,22.5,low,58.0,2,DEMO_DATA,True
2025-07-07,dhamra,25.0,medium,60.0,3,DEMO_DATA,True
2025-07-08,dhamra,25.7,medium,60.6,3,DEMO_DATA,True
2025-07-09,dhamra,25.9,medium,60.7,3,DEMO_DATA,True
2025-07-10,dhamra,27.8,medium,62.2,3,DEMO_DATA,True
2025-07-11,dhamra,38.1,medium,70.5,4,DEMO_DATA,True
2025-07-12,dhamra,40.9,medium,72.7,5,DEMO_DATA,True
2025-07-13,dhamra,36.9,medium,69.5,4,DEMO_DATA,True
2025-07-14,dhamra,36.6,medium,69.3,4,DEMO_DATA,True
2025-07-15,dhamra,25.2,medium,60.2,3,DEMO_DATA,True
2025-07-16,dhamra,26.2,medium,61.0,3,DEMO_DATA,True
2025-07-17,dhamra,31.7,medium,65.4,3,DEMO_DATA,True
2025-07-18,dhamra,34.2,medium,67.3,4,DEMO_DATA,True
2025-07-19,dhamra,24.1,medium,59.3,3,DEMO_DATA,True
2025-07-20,dhamra,17.8,low,54.2,2,DEMO_DATA,True
2025-07-21,dhamra,16.4,low,53.2,2,DEMO_DATA,True
2025-07-22,dhamra,14.8,low,51.8,1,DEMO_DATA,True
2025-07-23,dhamra,15.8,low,52.7,1,DEMO_DATA,True
2025-07-24,dhamra,22.1,low,57.7,2,DEMO_DATA,True
2025-07-25,dhamra,18.1,low,54.5,2,DEMO_DATA,True
2025-07-26,dhamra,21.3,low,57.1,2,DEMO_DATA,True
2025-07-27,dhamra,20.4,low,56.3,2,DEMO_DATA,True
2025-07-28,dhamra,22.8,low,58.3,2,DEMO_DATA,True
2025-07-29,dhamra,24.3,medium,59.5,3,DEMO_DATA,True
2025-07-30,dhamra,27.6,medium,62.1,3,DEMO_DATA,True
2025-07-31,dhamra,21.6,low,57.3,2,DEMO_DATA,True
2025-08-01,dhamra,25.7,medium,60.5,3,DEMO_DATA,True
2025-08-02,dhamra,23.3,low,58.6,2,DEMO_DATA,True
2025-08-03,dhamra,28.2,medium,62.6,3,DEMO_DATA,True
2025-08-04,dhamra,28.0,medium,62.4,3,DEMO_DATA,True
2025-08-05,dhamra,20.2,low,56.1,2,DEMO_DATA,True
2025-08-06,dhamra,22.2,low,57.8,2,DEMO_DATA,True
2025-08-07,dhamra,13.3,low,50.6,1,DEMO_DATA,True
2025-08-08,dhamra,21.1,low,56.8,2,DEMO_DATA,True
2025-08-09,dhamra,22.3,low,57.9,2,DEMO_DATA,True
2025-08-10,dhamra,21.2,low,56.9,2,DEMO_DATA,True
2025-08-11,dhamra,18.1,low,54.5,2,DEMO_DATA,True
2025-08-12,dhamra,12.8,low,50.3,1,DEMO_DATA,True
2025-08-13,dhamra,9.0,low,47.2,1,DEMO_DATA,True
2025-08-14,dhamra,10.5,low,48.4,1,DEMO_DATA,True
2025-08-15,dhamra,10.2,low,48.2,1,DEMO_DATA,True
2025-08-16,dhamra,10.8,low,48.6,1,DEMO_DATA,True
2025-08-17,dhamra,10.7,low,48.6,1,DEMO_DATA,True
2025-08-18,dhamra,8.9,low,47.1,1,DEMO_DATA,True
2025-08-19,dhamra,9.1,low,47.3,1,DEMO_DATA,True
2025-08-20,dhamra,10.9,low,48.8,1,DEMO_DATA,True
2025-08-21,dhamra,13.0,low,50.4,1,DEMO_DATA,True
2025-08-22,dhamra,13.0,low,50.4,1,DEMO_DATA,True
2025-08-23,dhamra,12.4,low,49.9,1,DEMO_DATA,True
2025-08-24,dhamra,14.9,low,51.9,1,DEMO_DATA,True
2025-08-25,dhamra,14.3,low,51.4,1,DEMO_DATA,True
2025-08-26,dhamra,16.6,low,53.3,2,DEMO_DATA,True
2025-08-27,dhamra,17.5,low,54.0,2,DEMO_DATA,True
2025-08-28,dhamra,23.3,low,58.7,2,DEMO_DATA,True
2025-08-29,dhamra,19.3,low,55.5,2,DEMO_DATA,True
2025-08-30,dhamra,18.1,low,54.5,2,DEMO_DATA,True
2025-08-31,dhamra,20.8,low,56.6,2,DEMO_DATA,True
2025-09-01,dhamra,19.0,low,55.2,2,DEMO_DATA,True
2025-09-02,dhamra,20.2,low,56.2,2,DEMO_DATA,True
2025-09-03,dhamra,23.0,low,58.4,2,DEMO_DATA,True
2025-09-04,dhamra,23.4,low,58.8,2,DEMO_DATA,True
2025-09-05,dhamra,16.4,low,53.1,2,DEMO_DATA,True
2025-09-06,dhamra,17.3,low,53.9,2,DEMO_DATA,True
2025-09-07,dhamra,15.9,low,52.8,1,DEMO_DATA,True
2025-09-08,dhamra,16.7,low,53.4,2,DEMO_DATA,True
2025-09-09,dhamra,23.2,low,58.6,2,DEMO_DATA,True
2025-09-10,dhamra,18.9,low,55.1,2,DEMO_DATA,True
2025-09-11,dhamra,17.6,low,54.1,2,DEMO_DATA,True
2025-09-12,dhamra,17.4,low,53.9,2,DEMO_DATA,True
2025-09-13,dhamra,17.7,low,54.2,2,DEMO_DATA,True
2025-09-14,dhamra,19.6,low,55.7,2,DEMO_DATA,True
2025-09-15,dhamra,19.8,low,55.8,2,DEMO_DATA,True
2025-09-16,dhamra,24.9,medium,59.9,3,DEMO_DATA,True
2025-09-17,dhamra,24.2,medium,59.3,3,DEMO_DATA,True
2025-09-18,dhamra,24.5,medium,59.6,3,DEMO_DATA,True
2025-09-19,dhamra,21.0,low,56.8,2,DEMO_DATA,True
2025-09-20,dhamra,20.6,low,56.5,2,DEMO_DATA,True
2025-09-21,dhamra,23.8,low,59.1,2,DEMO_DATA,True
2025-09-22,dhamra,25.9,medium,60.7,3,DEMO_DATA,True
2025-09-23,dhamra,25.9,medium,60.7,3,DEMO_DATA,True
2025-09-24,dhamra,22.0,low,57.6,2,DEMO_DATA,True
2025-09-25,dhamra,19.8,low,55.9,2,DEMO_DATA,True
2025-09-26,dhamra,26.3,medium,61.1,3,DEMO_DATA,True
2025-09-27,dhamra,24.4,medium,59.6,3,DEMO_DATA,True
2025-09-28,dhamra,24.5,medium,59.6,3,DEMO_DATA,True
2025-09-29,dhamra,34.3,medium,67.4,4,DEMO_DATA,True
2025-09-30,dhamra,40.9,medium,72.8,5,DEMO_DATA,True
2025-10-01,dhamra,30.8,medium,64.7,3,DEMO_DATA,True
2025-10-02,dhamra,34.6,medium,67.7,4,DEMO_DATA,True
2025-10-03,dhamra,34.6,medium,67.7,4,DEMO_DATA,True
2025-10-04,dhamra,28.7,medium,62.9,3,DEMO_DATA,True
2025-10-05,dhamra,27.3,medium,61.9,3,DEMO_DATA,True
2025-10-06,dhamra,37.5,medium,70.0,4,DEMO_DATA,True
2025-10-07,dhamra,32.8,medium,66.2,4,DEMO_DATA,True
2025-10-08,dhamra,38.0,medium,70.4,4,DEMO_DATA,True
2025-10-09,dhamra,33.7,medium,67.0,4,DEMO_DATA,True
2025-10-10,dhamra,35.7,medium,68.6,4,DEMO_DATA,True
2025-10-11,dhamra,26.2,medium,60.9,3,DEMO_DATA,True
2025-10-12,dhamra,31.9,medium,65.5,3,DEMO_DATA,True
2025-10-13,dhamra,35.0,medium,68.0,4,DEMO_DATA,True
2025-10-14,dhamra,30.1,medium,64.0,3,DEMO_DATA,True
2025-10-15,dhamra,34.1,medium,67.3,4,DEMO_DATA,True
2025-10-16,dhamra,31.7,medium,65.4,3,DEMO_DATA,True
2025-10-17,dhamra,29.0,medium,63.2,3,DEMO_DATA,True
2025-10-18,dhamra,29.1,medium,63.3,3,DEMO_DATA,True
2025-10-19,dhamra,22.5,low,58.0,2,DEMO_DATA,True
2025-10-20,dhamra,26.3,medium,61.1,3,DEMO_DATA,True
2025-10-21,dhamra,23.0,low,58.4,2,DEMO_DATA,True
2025-10-22,dhamra,23.2,low,58.6,2,DEMO_DATA,True
2025-10-23,dhamra,16.7,low,53.4,2,DEMO_DATA,True
2025-10-24,dhamra,17.1,low,53.7,2,DEMO_DATA,True
2025-10-25,dhamra,18.1,low,54.5,2,DEMO_DATA,True
2025-10-26,dhamra,21.5,low,57.2,2,DEMO_DATA,True
2025-10-27,dhamra,27.8,medium,62.2,3,DEMO_DATA,True
2025-10-28,dhamra,26.5,medium,61.2,3,DEMO_DATA,True
2025-10-29,dhamra,30.5,medium,64.4,3,DEMO_DATA,True
2025-10-30,dhamra,35.0,medium,68.0,4,DEMO_DATA,True
2025-10-31,dhamra,29.0,medium,63.2,3,DEMO_DATA,True
2025-11-01,dhamra,36.2,medium,68.9,4,DEMO_DATA,True
2025-11-02,dhamra,27.7,medium,62.2,3,DEMO_DATA,True
2025-11-03,dhamra,29.7,medium,63.7,3,DEMO_DATA,True
2025-11-04,dhamra,23.5,low,58.8,2,DEMO_DATA,True
2025-11-05,dhamra,21.1,low,56.9,2,DEMO_DATA,True
2025-11-06,dhamra,21.7,low,57.3,2,DEMO_DATA,True
2025-11-07,dhamra,18.1,low,54.5,2,DEMO_DATA,True
2025-11-08,dhamra,20.6,low,56.4,2,DEMO_DATA,True
2025-11-09,dhamra,15.5,low,52.4,1,DEMO_DATA,True
2025-11-10,dhamra,13.2,low,50.5,1,DEMO_DATA,True
2025-11-11,dhamra,16.6,low,53.3,2,DEMO_DATA,True
2025-11-12,dhamra,15.3,low,52.2,1,DEMO_DATA,True
2025-11-13,dhamra,15.9,low,52.7,1,DEMO_DATA,True
2025-11-14,dhamra,20.5,low,56.4,2,DEMO_DATA,True
2025-11-15,dhamra,24.9,medium,59.9,3,DEMO_DATA,True
2025-11-16,dhamra,27.1,medium,61.7,3,DEMO_DATA,True
2025-11-17,dhamra,21.6,low,57.2,2,DEMO_DATA,True
2025-11-18,dhamra,16.2,low,52.9,2,DEMO_DATA,True
2025-11-19,dhamra,15.8,low,52.7,1,DEMO_DATA,True
2025-11-20,dhamra,9.5,low,47.6,1,DEMO_DATA,True
2025-11-21,dhamra,9.5,low,47.6,1,DEMO_DATA,True
2025-11-22,dhamra,9.2,low,47.4,1,DEMO_DATA,True
2025-11-23,dhamra,11.6,low,49.3,1,DEMO_DATA,True
2025-11-24,dhamra,11.3,low,49.0,1,DEMO_DATA,True
2025-11-25,dhamra,10.0,low,48.0,1,DEMO_DATA,True
2025-11-26,dhamra,11.0,low,48.8,1,DEMO_DATA,True
2025-11-27,dhamra,15.6,low,52.5,1,DEMO_DATA,True
2025-11-28,dhamra,16.4,low,53.1,2,DEMO_DATA,True
2025-11-29,dhamra,15.6,low,52.5,1,DEMO_DATA,True
2025-11-30,dhamra,16.4,low,53.1,2,DEMO_DATA,True
2025-12-01,dhamra,15.1,low,52.1,1,DEMO_DATA,True
2025-12-02,dhamra,13.5,low,50.8,1,DEMO_DATA,True
2025-12-03,dhamra,17.3,low,53.9,2,DEMO_DATA,True
2025-12-04,dhamra,18.4,low,54.7,2,DEMO_DATA,True
2025-12-05,dhamra,23.3,low,58.6,2,DEMO_DATA,True
2025-12-06,dhamra,23.3,low,58.7,2,DEMO_DATA,True
2025-12-07,dhamra,22.6,low,58.1,2,DEMO_DATA,True
2025-12-08,dhamra,18.8,low,55.1,2,DEMO_DATA,True
2025-12-09,dhamra,16.9,low,53.5,2,DEMO_DATA,True
2025-12-10,dhamra,16.6,low,53.3,2,DEMO_DATA,True
2025-12-11,dhamra,16.5,low,53.2,2,DEMO_DATA,True
2025-12-12,dhamra,16.1,low,52.9,2,DEMO_DATA,True
2025-12-13,dhamra,13.1,low,50.5,1,DEMO_DATA,True
2025-12-14,dhamra,13.5,low,50.8,1,DEMO_DATA,True
2025-12-15,dhamra,17.2,low,53.7,2,DEMO_DATA,True
2025-12-16,dhamra,17.8,low,54.2,2,DEMO_DATA,True
2025-12-17,dhamra,13.7,low,50.9,1,DEMO_DATA,True
2025-12-18,dhamra,13.0,low,50.4,1,DEMO_DATA,True
2025-12-19,dhamra,13.6,low,50.9,1,DEMO_DATA,True
2025-12-20,dhamra,13.1,low,50.5,1,DEMO_DATA,True
2025-12-21,dhamra,11.4,low,49.2,1,DEMO_DATA,True
2025-12-22,dhamra,12.6,low,50.1,1,DEMO_DATA,True
2025-12-23,dhamra,13.5,low,50.8,1,DEMO_DATA,True
2025-12-24,dhamra,16.6,low,53.3,2,DEMO_DATA,True
2025-12-25,dhamra,12.6,low,50.1,1,DEMO_DATA,True
2025-12-26,dhamra,10.8,low,48.7,1,DEMO_DATA,True
2025-12-27,dhamra,11.3,low,49.1,1,DEMO_DATA,True
2025-12-28,dhamra,10.2,low,48.2,1,DEMO_DATA,True
2025-12-29,dhamra,8.5,low,46.8,1,DEMO_DATA,True
2025-12-30,dhamra,7.6,low,46.1,0,DEMO_DATA,True
2025-12-31,dhamra,7.7,low,46.2,0,DEMO_DATA,True
2026-01-01,dhamra,8.9,low,47.1,1,DEMO_DATA,True
2026-01-02,dhamra,14.1,low,51.3,1,DEMO_DATA,True
2026-01-03,dhamra,10.2,low,48.1,1,DEMO_DATA,True
2026-01-04,dhamra,14.2,low,51.3,1,DEMO_DATA,True
2026-01-05,dhamra,18.8,low,55.0,2,DEMO_DATA,True
2026-01-06,dhamra,17.9,low,54.3,2,DEMO_DATA,True
2026-01-07,dhamra,16.7,low,53.4,2,DEMO_DATA,True
2026-01-08,dhamra,16.7,low,53.4,2,DEMO_DATA,True
2026-01-09,dhamra,15.8,low,52.7,1,DEMO_DATA,True
2026-01-10,dhamra,13.9,low,51.1,1,DEMO_DATA,True
2026-01-11,dhamra,14.5,low,51.6,1,DEMO_DATA,True
2026-01-12,dhamra,12.0,low,49.6,1,DEMO_DATA,True
2026-01-13,dhamra,12.9,low,50.4,1,DEMO_DATA,True
2026-01-14,dhamra,15.5,low,52.4,1,DEMO_DATA,True
2026-01-15,dhamra,17.1,low,53.7,2,DEMO_DATA,True
2026-01-16,dhamra,17.3,low,53.9,2,DEMO_DATA,True
2026-01-17,dhamra,16.8,low,53.5,2,DEMO_DATA,True
2026-01-18,dhamra,20.5,low,56.4,2,DEMO_DATA,True
2026-01-19,dhamra,15.0,low,52.0,1,DEMO_DATA,True
2026-01-20,dhamra,16.8,low,53.4,2,DEMO_DATA,True
2026-01-21,dhamra,15.2,low,52.1,1,DEMO_DATA,True
2026-01-22,dhamra,17.1,low,53.7,2,DEMO_DATA,True
2026-01-23,dhamra,15.0,low,52.0,1,DEMO_DATA,True
2026-01-24,dhamra,14.1,low,51.3,1,DEMO_DATA,True
2026-01-25,dhamra,18.5,low,54.8,2,DEMO_DATA,True
2026-01-26,dhamra,19.4,low,55.6,2,DEMO_DATA,True
2026-01-27,dhamra,17.8,low,54.2,2,DEMO_DATA,True
2026-01-28,dhamra,19.9,low,55.9,2,DEMO_DATA,True
2026-01-29,dhamra,16.0,low,52.8,2,DEMO_DATA,True
2026-01-30,dhamra,15.1,low,52.0,1,DEMO_DATA,True
2026-01-31,dhamra,15.3,low,52.2,1,DEMO_DATA,True
2026-02-01,dhamra,12.8,low,50.2,1,DEMO_DATA,True
2026-02-02,dhamra,11.8,low,49.5,1,DEMO_DATA,True
2026-02-03,dhamra,11.2,low,48.9,1,DEMO_DATA,True
2026-02-04,dhamra,13.0,low,50.4,1,DEMO_DATA,True
2026-02-05,dhamra,13.3,low,50.7,1,DEMO_DATA,True
2026-02-06,dhamra,13.1,low,50.4,1,DEMO_DATA,True
2026-02-07,dhamra,14.5,low,51.6,1,DEMO_DATA,True
2026-02-08,dhamra,18.2,low,54.5,2,DEMO_DATA,True
2026-02-09,dhamra,17.5,low,54.0,2,DEMO_DATA,True
2026-02-10,dhamra,22.9,low,58.4,2,DEMO_DATA,True
2026-02-11,dhamra,24.1,medium,59.3,3,DEMO_DATA,True
2026-02-12,dhamra,20.5,low,56.4,2,DEMO_DATA,True
2026-02-13,dhamra,17.1,low,53.7,2,DEMO_DATA,True
2026-02-14,dhamra,17.4,low,53.9,2,DEMO_DATA,True
2026-02-15,dhamra,15.1,low,52.1,1,DEMO_DATA,True
2026-02-16,dhamra,15.3,low,52.3,1,DEMO_DATA,True
2026-02-17,dhamra,17.2,low,53.8,2,DEMO_DATA,True
2026-02-18,dhamra,20.8,low,56.7,2,DEMO_DATA,True
2026-02-19,dhamra,21.4,low,57.2,2,DEMO_DATA,True
2026-02-20,dhamra,22.4,low,57.9,2,DEMO_DATA,True
2026-02-21,dhamra,18.5,low,54.8,2,DEMO_DATA,True
2026-02-22,dhamra,21.0,low,56.8,2,DEMO_DATA,True
2026-02-23,dhamra,23.4,low,58.7,2,DEMO_DATA,True
2026-02-24,dhamra,21.7,low,57.3,2,DEMO_DATA,True
2026-02-25,dhamra,22.8,low,58.3,2,DEMO_DATA,True
2026-02-26,dhamra,24.1,medium,59.3,3,DEMO_DATA,True
2026-02-27,dhamra,24.6,medium,59.6,3,DEMO_DATA,True
2026-02-28,dhamra,21.6,low,57.3,2,DEMO_DATA,True
2026-03-01,dhamra,22.5,low,58.0,2,DEMO_DATA,True
2026-03-02,dhamra,20.6,low,56.5,2,DEMO_DATA,True
2026-03-03,dhamra,14.1,low,51.3,1,DEMO_DATA,True
2026-03-04,dhamra,13.9,low,51.2,1,DEMO_DATA,True
2026-03-05,dhamra,17.7,low,54.2,2,DEMO_DATA,True
2026-03-06,dhamra,17.7,low,54.2,2,DEMO_DATA,True
2026-03-07,dhamra,16.9,low,53.5,2,DEMO_DATA,True
2026-03-08,dhamra,15.3,low,52.2,1,DEMO_DATA,True
2026-03-09,dhamra,13.0,low,50.4,1,DEMO_DATA,True
2026-03-10,dhamra,12.9,low,50.3,1,DEMO_DATA,True
2026-03-11,dhamra,13.2,low,50.5,1,DEMO_DATA,True
2026-03-12,dhamra,13.7,low,51.0,1,DEMO_DATA,True
2026-03-13,dhamra,14.2,low,51.4,1,DEMO_DATA,True
2026-03-14,dhamra,10.1,low,48.1,1,DEMO_DATA,True
2026-03-15,dhamra,10.6,low,48.5,1,DEMO_DATA,True
2026-03-16,dhamra,9.3,low,47.5,1,DEMO_DATA,True
2026-03-17,dhamra,9.5,low,47.6,1,DEMO_DATA,True
2026-03-18,dhamra,13.0,low,50.4,1,DEMO_DATA,True
2026-03-19,dhamra,14.7,low,51.8,1,DEMO_DATA,True
2026-03-20,dhamra,15.3,low,52.2,1,DEMO_DATA,True
2026-03-21,dhamra,16.9,low,53.5,2,DEMO_DATA,True
2026-03-22,dhamra,17.4,low,53.9,2,DEMO_DATA,True
2026-03-23,dhamra,16.1,low,52.9,2,DEMO_DATA,True
2026-03-24,dhamra,15.6,low,52.5,1,DEMO_DATA,True
2026-03-25,dhamra,19.2,low,55.4,2,DEMO_DATA,True
2026-03-26,dhamra,21.2,low,57.0,2,DEMO_DATA,True
2026-03-27,dhamra,21.6,low,57.2,2,DEMO_DATA,True
2026-03-28,dhamra,14.0,low,51.2,1,DEMO_DATA,True
2026-03-29,dhamra,14.4,low,51.5,1,DEMO_DATA,True
2026-03-30,dhamra,14.9,low,51.9,1,DEMO_DATA,True
2026-03-31,dhamra,16.9,low,53.6,2,DEMO_DATA,True
2026-04-01,dhamra,22.0,low,57.6,2,DEMO_DATA,True
2026-04-02,dhamra,21.8,low,57.4,2,DEMO_DATA,True
2026-04-03,dhamra,22.1,low,57.6,2,DEMO_DATA,True
2026-04-04,dhamra,20.4,low,56.3,2,DEMO_DATA,True
2026-04-05,dhamra,19.3,low,55.4,2,DEMO_DATA,True
2026-04-06,dhamra,16.4,low,53.1,2,DEMO_DATA,True
2026-04-07,dhamra,20.4,low,56.3,2,DEMO_DATA,True
2026-04-08,dhamra,17.6,low,54.1,2,DEMO_DATA,True
2026-04-09,dhamra,18.1,low,54.5,2,DEMO_DATA,True
2026-04-10,dhamra,19.1,low,55.3,2,DEMO_DATA,True
2026-04-11,dhamra,17.5,low,54.0,2,DEMO_DATA,True
2026-04-12,dhamra,13.8,low,51.0,1,DEMO_DATA,True
2026-04-13,dhamra,12.6,low,50.1,1,DEMO_DATA,True
2026-04-14,dhamra,12.9,low,50.3,1,DEMO_DATA,True
2026-04-15,dhamra,12.5,low,50.0,1,DEMO_DATA,True
2026-04-16,dhamra,10.7,low,48.5,1,DEMO_DATA,True
2026-04-17,dhamra,11.0,low,48.8,1,DEMO_DATA,True
2026-04-18,dhamra,13.0,low,50.4,1,DEMO_DATA,True
2026-04-19,dhamra,11.5,low,49.2,1,DEMO_DATA,True
2026-04-20,dhamra,15.3,low,52.3,1,DEMO_DATA,True
2026-04-21,dhamra,12.6,low,50.1,1,DEMO_DATA,True
2026-04-22,dhamra,14.1,low,51.3,1,DEMO_DATA,True
2026-04-23,dhamra,13.8,low,51.1,1,DEMO_DATA,True
2026-04-24,dhamra,16.4,low,53.1,2,DEMO_DATA,True
2026-04-25,dhamra,15.0,low,52.0,1,DEMO_DATA,True
2026-04-26,dhamra,16.9,low,53.5,2,DEMO_DATA,True
2026-04-27,dhamra,16.8,low,53.4,2,DEMO_DATA,True
2026-04-28,dhamra,17.8,low,54.2,2,DEMO_DATA,True
2026-04-29,dhamra,24.0,medium,59.2,3,DEMO_DATA,True
2026-04-30,dhamra,25.7,medium,60.6,3,DEMO_DATA,True
2026-05-01,dhamra,26.2,medium,61.0,3,DEMO_DATA,True
2026-05-02,dhamra,24.1,medium,59.3,3,DEMO_DATA,True
2026-05-03,dhamra,17.6,low,54.1,2,DEMO_DATA,True
2026-05-04,dhamra,13.3,low,50.6,1,DEMO_DATA,True
2026-05-05,dhamra,11.1,low,48.9,1,DEMO_DATA,True
2026-05-06,dhamra,10.8,low,48.7,1,DEMO_DATA,True
2026-05-07,dhamra,10.8,low,48.6,1,DEMO_DATA,True
2026-05-08,dhamra,10.7,low,48.6,1,DEMO_DATA,True
2026-05-09,dhamra,10.3,low,48.2,1,DEMO_DATA,True
2026-05-10,dhamra,11.8,low,49.4,1,DEMO_DATA,True
2026-05-11,dhamra,11.8,low,49.4,1,DEMO_DATA,True
2026-05-12,dhamra,11.4,low,49.1,1,DEMO_DATA,True
2026-05-13,dhamra,11.9,low,49.5,1,DEMO_DATA,True
2026-05-14,dhamra,14.0,low,51.2,1,DEMO_DATA,True
2026-05-15,dhamra,17.4,low,53.9,2,DEMO_DATA,True
2026-05-16,dhamra,16.6,low,53.3,2,DEMO_DATA,True
2026-05-17,dhamra,15.2,low,52.2,1,DEMO_DATA,True
2026-05-18,dhamra,15.4,low,52.4,1,DEMO_DATA,True
2026-05-19,dhamra,18.0,low,54.4,2,DEMO_DATA,True
2026-05-20,dhamra,17.1,low,53.7,2,DEMO_DATA,True
2026-05-21,dhamra,21.0,low,56.8,2,DEMO_DATA,True
2026-05-22,dhamra,19.1,low,55.3,2,DEMO_DATA,True
2026-05-23,dhamra,18.7,low,54.9,2,DEMO_DATA,True
2026-05-24,dhamra,21.6,low,57.3,2,DEMO_DATA,True
2026-05-25,dhamra,25.8,medium,60.6,3,DEMO_DATA,True
2026-05-26,dhamra,27.8,medium,62.2,3,DEMO_DATA,True
2026-05-27,dhamra,19.3,low,55.4,2,DEMO_DATA,True
2026-05-28,dhamra,18.8,low,55.0,2,DEMO_DATA,True
2026-05-29,dhamra,20.3,low,56.3,2,DEMO_DATA,True
2026-05-30,dhamra,20.4,low,56.3,2,DEMO_DATA,True
2026-05-31,dhamra,17.9,low,54.4,2,DEMO_DATA,True
2026-06-01,dhamra,17.9,low,54.3,2,DEMO_DATA,True
2026-06-02,dhamra,17.2,low,53.8,2,DEMO_DATA,True
2026-06-03,dhamra,19.4,low,55.5,2,DEMO_DATA,True
2026-06-04,dhamra,21.8,low,57.4,2,DEMO_DATA,True
2026-06-05,dhamra,22.1,low,57.7,2,DEMO_DATA,True
2026-06-06,dhamra,24.1,medium,59.3,3,DEMO_DATA,True
2026-06-07,dhamra,23.7,low,59.0,2,DEMO_DATA,True
2026-06-08,dhamra,22.6,low,58.1,2,DEMO_DATA,True
2026-06-09,dhamra,22.8,low,58.3,2,DEMO_DATA,True
2026-06-10,dhamra,20.5,low,56.4,2,DEMO_DATA,True
2026-06-11,dhamra,21.8,low,57.4,2,DEMO_DATA,True
2026-06-12,dhamra,21.5,low,57.2,2,DEMO_DATA,True
2026-06-13,dhamra,28.1,medium,62.5,3,DEMO_DATA,True
2026-06-14,dhamra,13.7,low,51.0,1,DEMO_DATA,True
2026-06-15,dhamra,15.9,low,52.7,1,DEMO_DATA,True
2026-06-16,dhamra,16.6,low,53.3,2,DEMO_DATA,True
2026-06-17,dhamra,16.9,low,53.5,2,DEMO_DATA,True
2026-06-18,dhamra,18.0,low,54.4,2,DEMO_DATA,True
2026-06-19,dhamra,22.1,low,57.7,2,DEMO_DATA,True
2026-06-20,dhamra,19.2,low,55.4,2,DEMO_DATA,True
2026-06-21,dhamra,21.5,low,57.2,2,DEMO_DATA,True
2026-06-22,dhamra,20.7,low,56.6,2,DEMO_DATA,True
2026-06-23,dhamra,26.1,medium,60.9,3,DEMO_DATA,True
2026-06-24,dhamra,27.5,medium,62.0,3,DEMO_DATA,True
2026-06-25,dhamra,28.4,medium,62.8,3,DEMO_DATA,True
2026-06-26,dhamra,28.5,medium,62.8,3,DEMO_DATA,True
2026-06-27,dhamra,32.9,medium,66.3,4,DEMO_DATA,True
2026-06-28,dhamra,33.2,medium,66.5,4,DEMO_DATA,True
2026-06-29,dhamra,38.2,medium,70.5,4,DEMO_DATA,True
2026-06-30,dhamra,53.8,high,83.0,6,DEMO_DATA,True
2026-07-01,dhamra,46.1,medium,76.9,5,DEMO_DATA,True
2026-07-02,dhamra,40.6,medium,72.4,5,DEMO_DATA,True
2026-07-03,dhamra,40.0,medium,72.0,4,DEMO_DATA,True
2026-07-04,dhamra,54.9,high,83.9,6,DEMO_DATA,True
2026-07-05,dhamra,43.7,medium,74.9,5,DEMO_DATA,True
2026-07-06,dhamra,57.5,high,86.0,7,DEMO_DATA,True
2026-07-07,dhamra,68.3,high,94.6,8,DEMO_DATA,True
2026-07-08,dhamra,61.3,high,89.1,7,DEMO_DATA,True
2026-07-09,dhamra,53.5,high,82.8,6,DEMO_DATA,True
2026-07-10,dhamra,43.3,medium,74.6,5,DEMO_DATA,True
2026-07-11,dhamra,44.5,medium,75.6,5,DEMO_DATA,True
2026-07-12,dhamra,57.0,high,85.6,7,DEMO_DATA,True
2026-07-13,dhamra,48.7,high,79.0,6,DEMO_DATA,True
2026-07-14,dhamra,18.1,low,54.5,2,DEMO_DATA,True
2026-07-15,dhamra,16.0,low,52.8,2,DEMO_DATA,True
2026-07-16,dhamra,21.7,low,57.4,2,DEMO_DATA,True
2026-07-17,dhamra,23.9,low,59.1,2,DEMO_DATA,True
2026-07-18,dhamra,28.0,medium,62.4,3,DEMO_DATA,True
2026-07-19,dhamra,28.2,medium,62.5,3,DEMO_DATA,True
2026-07-20,dhamra,38.9,medium,71.1,4,DEMO_DATA,True
2026-07-21,dhamra,34.5,medium,67.6,4,DEMO_DATA,True
2026-07-22,dhamra,36.3,medium,69.0,4,DEMO_DATA,True
2026-07-23,dhamra,32.5,medium,66.0,4,DEMO_DATA,True
2026-07-24,dhamra,31.3,medium,65.0,3,DEMO_DATA,True
2026-07-25,dhamra,40.6,medium,72.5,5,DEMO_DATA,True
2026-07-26,dhamra,38.9,medium,71.2,4,DEMO_DATA,True
2026-07-27,dhamra,30.5,medium,64.4,3,DEMO_DATA,True
2026-07-28,dhamra,34.1,medium,67.3,4,DEMO_DATA,True
2026-07-29,dhamra,29.7,medium,63.8,3,DEMO_DATA,True
2026-07-30,dhamra,15.8,low,52.6,1,DEMO_DATA,True
2026-07-31,dhamra,15.1,low,52.1,1,DEMO_DATA,True
2026-08-01,dhamra,16.3,low,53.0,2,DEMO_DATA,True
2026-08-02,dhamra,23.0,low,58.4,2,DEMO_DATA,True
2026-08-03,dhamra,23.2,low,58.5,2,DEMO_DATA,True
2026-08-04,dhamra,18.0,low,54.4,2,DEMO_DATA,True
2026-08-05,dhamra,22.4,low,57.9,2,DEMO_DATA,True
2026-08-06,dhamra,23.8,low,59.0,2,DEMO_DATA,True
2026-08-07,dhamra,30.9,medium,64.7,3,DEMO_DATA,True
2026-08-08,dhamra,33.5,medium,66.8,4,DEMO_DATA,True
2026-08-09,dhamra,30.1,medium,64.1,3,DEMO_DATA,True
2026-08-10,dhamra,32.7,medium,66.2,4,DEMO_DATA,True
2026-08-11,dhamra,38.2,medium,70.6,4,DEMO_DATA,True
2026-08-12,dhamra,41.8,medium,73.4,5,DEMO_DATA,True
2026-08-13,dhamra,34.6,medium,67.7,4,DEMO_DATA,True
2026-08-14,dhamra,43.2,medium,74.6,5,DEMO_DATA,True
2026-08-15,dhamra,44.6,medium,75.7,5,DEMO_DATA,True
2026-08-16,dhamra,46.1,medium,76.9,5,DEMO_DATA,True
2026-08-17,dhamra,47.0,medium,77.6,5,DEMO_DATA,True
2026-08-18,dhamra,63.7,high,90.9,7,DEMO_DATA,True
2026-08-19,dhamra,63.9,high,91.1,7,DEMO_DATA,True
2026-08-20,dhamra,50.9,high,80.7,6,DEMO_DATA,True
2026-08-21,dhamra,54.4,high,83.5,6,DEMO_DATA,True
2026-08-22,dhamra,64.1,high,91.3,8,DEMO_DATA,True
2026-08-23,dhamra,46.4,medium,77.1,5,DEMO_DATA,True
2026-08-24,dhamra,45.1,medium,76.1,5,DEMO_DATA,True
2026-08-25,dhamra,46.0,medium,76.8,5,DEMO_DATA,True
2026-08-26,dhamra,46.4,medium,77.1,5,DEMO_DATA,True
2026-08-27,dhamra,43.6,medium,74.9,5,DEMO_DATA,True
2026-08-28,dhamra,43.9,medium,75.2,5,DEMO_DATA,True
2026-08-29,dhamra,52.2,high,81.8,6,DEMO_DATA,True
2026-08-30,dhamra,63.4,high,90.7,7,DEMO_DATA,True
2026-08-31,dhamra,72.3,high,95.0,9,DEMO_DATA,True
2026-09-01,dhamra,62.1,high,89.6,7,DEMO_DATA,True
2026-09-02,dhamra,56.1,high,84.9,7,DEMO_DATA,True
2026-09-03,dhamra,53.9,high,83.1,6,DEMO_DATA,True
2026-09-04,dhamra,48.5,high,78.8,6,DEMO_DATA,True
2026-09-05,dhamra,53.3,high,82.7,6,DEMO_DATA,True
2026-09-06,dhamra,72.1,high,95.0,9,DEMO_DATA,True
2026-09-07,dhamra,73.8,high,95.0,9,DEMO_DATA,True
2026-09-08,dhamra,59.8,high,87.8,7,DEMO_DATA,True
2026-09-09,dhamra,62.9,high,90.3,7,DEMO_DATA,True
2026-09-10,dhamra,61.1,high,88.8,7,DEMO_DATA,True
2026-09-11,dhamra,77.4,high,95.0,9,DEMO_DATA,True
2026-09-12,dhamra,76.9,high,95.0,9,DEMO_DATA,True
2026-09-13,dhamra,70.7,high,95.0,8,DEMO_DATA,True
2026-09-14,dhamra,64.4,high,91.5,8,DEMO_DATA,True
2020-01-01,sagar_sandheads,65.8,high,92.6,8,DEMO_DATA,True
2020-01-02,sagar_sandheads,76.4,high,95.0,9,DEMO_DATA,True
2020-01-03,sagar_sandheads,67.1,high,93.7,8,DEMO_DATA,True
2020-01-04,sagar_sandheads,73.6,high,95.0,9,DEMO_DATA,True
2020-01-05,sagar_sandheads,65.1,high,92.1,8,DEMO_DATA,True
2020-01-06,sagar_sandheads,22.3,low,57.8,2,DEMO_DATA,True
2020-01-07,sagar_sandheads,27.0,medium,61.6,3,DEMO_DATA,True
2020-01-08,sagar_sandheads,24.9,medium,59.9,3,DEMO_DATA,True
2020-01-09,sagar_sandheads,30.1,medium,64.1,3,DEMO_DATA,True
2020-01-10,sagar_sandheads,34.8,medium,67.8,4,DEMO_DATA,True
2020-01-11,sagar_sandheads,26.0,medium,60.8,3,DEMO_DATA,True
2020-01-12,sagar_sandheads,24.2,medium,59.3,3,DEMO_DATA,True
2020-01-13,sagar_sandheads,20.8,low,56.7,2,DEMO_DATA,True
2020-01-14,sagar_sandheads,19.4,low,55.5,2,DEMO_DATA,True
2020-01-15,sagar_sandheads,23.4,low,58.7,2,DEMO_DATA,True
2020-01-16,sagar_sandheads,26.8,medium,61.4,3,DEMO_DATA,True
2020-01-17,sagar_sandheads,29.2,medium,63.4,3,DEMO_DATA,True
2020-01-18,sagar_sandheads,34.1,medium,67.2,4,DEMO_DATA,True
2020-01-19,sagar_sandheads,33.0,medium,66.4,4,DEMO_DATA,True
2020-01-20,sagar_sandheads,26.2,medium,61.0,3,DEMO_DATA,True
2020-01-21,sagar_sandheads,28.2,medium,62.6,3,DEMO_DATA,True
2020-01-22,sagar_sandheads,26.7,medium,61.3,3,DEMO_DATA,True
2020-01-23,sagar_sandheads,30.4,medium,64.3,3,DEMO_DATA,True
2020-01-24,sagar_sandheads,34.4,medium,67.5,4,DEMO_DATA,True
2020-01-25,sagar_sandheads,31.5,medium,65.2,3,DEMO_DATA,True
2020-01-26,sagar_sandheads,20.0,low,56.0,2,DEMO_DATA,True
2020-01-27,sagar_sandheads,18.9,low,55.1,2,DEMO_DATA,True
2020-01-28,sagar_sandheads,30.7,medium,64.5,3,DEMO_DATA,True
2020-01-29,sagar_sandheads,42.8,medium,74.2,5,DEMO_DATA,True
2020-01-30,sagar_sandheads,57.4,high,85.9,7,DEMO_DATA,True
2020-01-31,sagar_sandheads,48.9,high,79.1,6,DEMO_DATA,True
2020-02-01,sagar_sandheads,55.2,high,84.2,6,DEMO_DATA,True
2020-02-02,sagar_sandheads,65.1,high,92.0,8,DEMO_DATA,True
2020-02-03,sagar_sandheads,37.9,medium,70.3,4,DEMO_DATA,True
2020-02-04,sagar_sandheads,46.9,medium,77.6,5,DEMO_DATA,True
2020-02-05,sagar_sandheads,35.9,medium,68.7,4,DEMO_DATA,True
2020-02-06,sagar_sandheads,33.7,medium,66.9,4,DEMO_DATA,True
2020-02-07,sagar_sandheads,42.5,medium,74.0,5,DEMO_DATA,True
2020-02-08,sagar_sandheads,56.3,high,85.0,7,DEMO_DATA,True
2020-02-09,sagar_sandheads,44.8,medium,75.8,5,DEMO_DATA,True
2020-02-10,sagar_sandheads,35.2,medium,68.2,4,DEMO_DATA,True
2020-02-11,sagar_sandheads,30.5,medium,64.4,3,DEMO_DATA,True
2020-02-12,sagar_sandheads,20.6,low,56.5,2,DEMO_DATA,True
2020-02-13,sagar_sandheads,22.5,low,58.0,2,DEMO_DATA,True
2020-02-14,sagar_sandheads,33.4,medium,66.7,4,DEMO_DATA,True
2020-02-15,sagar_sandheads,30.4,medium,64.3,3,DEMO_DATA,True
2020-02-16,sagar_sandheads,38.9,medium,71.1,4,DEMO_DATA,True
2020-02-17,sagar_sandheads,46.1,medium,76.9,5,DEMO_DATA,True
2020-02-18,sagar_sandheads,55.7,high,84.6,6,DEMO_DATA,True
2020-02-19,sagar_sandheads,74.9,high,95.0,9,DEMO_DATA,True
2020-02-20,sagar_sandheads,78.5,high,95.0,9,DEMO_DATA,True
2020-02-21,sagar_sandheads,71.8,high,95.0,8,DEMO_DATA,True
2020-02-22,sagar_sandheads,72.3,high,95.0,9,DEMO_DATA,True
2020-02-23,sagar_sandheads,83.7,high,95.0,10,DEMO_DATA,True
2020-02-24,sagar_sandheads,93.5,high,95.0,11,DEMO_DATA,True
2020-02-25,sagar_sandheads,85.5,high,95.0,10,DEMO_DATA,True
2020-02-26,sagar_sandheads,39.4,medium,71.6,4,DEMO_DATA,True
2020-02-27,sagar_sandheads,35.1,medium,68.0,4,DEMO_DATA,True
2020-02-28,sagar_sandheads,28.4,medium,62.7,3,DEMO_DATA,True
2020-02-29,sagar_sandheads,25.2,medium,60.1,3,DEMO_DATA,True
2020-03-01,sagar_sandheads,26.4,medium,61.1,3,DEMO_DATA,True
2020-03-02,sagar_sandheads,26.7,medium,61.3,3,DEMO_DATA,True
2020-03-03,sagar_sandheads,16.5,low,53.2,2,DEMO_DATA,True
2020-03-04,sagar_sandheads,16.5,low,53.2,2,DEMO_DATA,True
2020-03-05,sagar_sandheads,17.2,low,53.8,2,DEMO_DATA,True
2020-03-06,sagar_sandheads,16.5,low,53.2,2,DEMO_DATA,True
2020-03-07,sagar_sandheads,24.1,medium,59.3,3,DEMO_DATA,True
2020-03-08,sagar_sandheads,19.2,low,55.3,2,DEMO_DATA,True
2020-03-09,sagar_sandheads,17.7,low,54.2,2,DEMO_DATA,True
2020-03-10,sagar_sandheads,16.5,low,53.2,2,DEMO_DATA,True
2020-03-11,sagar_sandheads,21.8,low,57.4,2,DEMO_DATA,True
2020-03-12,sagar_sandheads,18.2,low,54.5,2,DEMO_DATA,True
2020-03-13,sagar_sandheads,16.5,low,53.2,2,DEMO_DATA,True
2020-03-14,sagar_sandheads,16.5,low,53.2,2,DEMO_DATA,True
2020-03-15,sagar_sandheads,17.4,low,53.9,2,DEMO_DATA,True
2020-03-16,sagar_sandheads,25.2,medium,60.1,3,DEMO_DATA,True
2020-03-17,sagar_sandheads,21.8,low,57.5,2,DEMO_DATA,True
2020-03-18,sagar_sandheads,20.9,low,56.7,2,DEMO_DATA,True
2020-03-19,sagar_sandheads,24.2,medium,59.4,3,DEMO_DATA,True
2020-03-20,sagar_sandheads,16.5,low,53.2,2,DEMO_DATA,True
2020-03-21,sagar_sandheads,16.5,low,53.2,2,DEMO_DATA,True
2020-03-22,sagar_sandheads,17.5,low,54.0,2,DEMO_DATA,True
2020-03-23,sagar_sandheads,18.2,low,54.5,2,DEMO_DATA,True
2020-03-24,sagar_sandheads,16.5,low,53.2,2,DEMO_DATA,True
2020-03-25,sagar_sandheads,27.5,medium,62.0,3,DEMO_DATA,True
2020-03-26,sagar_sandheads,18.2,low,54.5,2,DEMO_DATA,True
2020-03-27,sagar_sandheads,19.0,low,55.2,2,DEMO_DATA,True
2020-03-28,sagar_sandheads,22.4,low,57.9,2,DEMO_DATA,True
2020-03-29,sagar_sandheads,24.9,medium,59.9,3,DEMO_DATA,True
2020-03-30,sagar_sandheads,30.9,medium,64.7,3,DEMO_DATA,True
2020-03-31,sagar_sandheads,30.6,medium,64.5,3,DEMO_DATA,True
2020-04-01,sagar_sandheads,37.6,medium,70.1,4,DEMO_DATA,True
2020-04-02,sagar_sandheads,38.1,medium,70.5,4,DEMO_DATA,True
2020-04-03,sagar_sandheads,31.1,medium,64.9,3,DEMO_DATA,True
2020-04-04,sagar_sandheads,28.8,medium,63.0,3,DEMO_DATA,True
2020-04-05,sagar_sandheads,37.0,medium,69.6,4,DEMO_DATA,True
2020-04-06,sagar_sandheads,35.3,medium,68.2,4,DEMO_DATA,True
2020-04-07,sagar_sandheads,25.4,medium,60.3,3,DEMO_DATA,True
2020-04-08,sagar_sandheads,18.1,low,54.5,2,DEMO_DATA,True
2020-04-09,sagar_sandheads,24.8,medium,59.8,3,DEMO_DATA,True
2020-04-10,sagar_sandheads,26.3,medium,61.0,3,DEMO_DATA,True
2020-04-11,sagar_sandheads,26.8,medium,61.4,3,DEMO_DATA,True
2020-04-12,sagar_sandheads,16.9,low,53.5,2,DEMO_DATA,True
2020-04-13,sagar_sandheads,18.2,low,54.5,2,DEMO_DATA,True
2020-04-14,sagar_sandheads,16.7,low,53.4,2,DEMO_DATA,True
2020-04-15,sagar_sandheads,16.5,low,53.2,2,DEMO_DATA,True
2020-04-16,sagar_sandheads,19.0,low,55.2,2,DEMO_DATA,True
2020-04-17,sagar_sandheads,20.5,low,56.4,2,DEMO_DATA,True
2020-04-18,sagar_sandheads,19.2,low,55.4,2,DEMO_DATA,True
2020-04-19,sagar_sandheads,25.3,medium,60.3,3,DEMO_DATA,True
2020-04-20,sagar_sandheads,18.1,low,54.5,2,DEMO_DATA,True
2020-04-21,sagar_sandheads,22.4,low,57.9,2,DEMO_DATA,True
2020-04-22,sagar_sandheads,16.5,low,53.2,2,DEMO_DATA,True
2020-04-23,sagar_sandheads,16.9,low,53.6,2,DEMO_DATA,True
2020-04-24,sagar_sandheads,16.5,low,53.2,2,DEMO_DATA,True
2020-04-25,sagar_sandheads,25.6,medium,60.5,3,DEMO_DATA,True
2020-04-26,sagar_sandheads,26.9,medium,61.5,3,DEMO_DATA,True
2020-04-27,sagar_sandheads,19.4,low,55.5,2,DEMO_DATA,True
2020-04-28,sagar_sandheads,23.6,low,58.9,2,DEMO_DATA,True
2020-04-29,sagar_sandheads,28.9,medium,63.1,3,DEMO_DATA,True
2020-04-30,sagar_sandheads,35.6,medium,68.5,4,DEMO_DATA,True
2020-05-01,sagar_sandheads,49.5,high,79.6,6,DEMO_DATA,True
2020-05-02,sagar_sandheads,59.7,high,87.8,7,DEMO_DATA,True
2020-05-03,sagar_sandheads,41.5,medium,73.2,5,DEMO_DATA,True
2020-05-04,sagar_sandheads,50.2,high,80.2,6,DEMO_DATA,True
2020-05-05,sagar_sandheads,67.1,high,93.7,8,DEMO_DATA,True
2020-05-06,sagar_sandheads,85.1,high,95.0,10,DEMO_DATA,True
2020-05-07,sagar_sandheads,51.7,high,81.3,6,DEMO_DATA,True
2020-05-08,sagar_sandheads,77.4,high,95.0,9,DEMO_DATA,True
2020-05-09,sagar_sandheads,66.3,high,93.0,8,DEMO_DATA,True
2020-05-10,sagar_sandheads,42.9,medium,74.3,5,DEMO_DATA,True
2020-05-11,sagar_sandheads,48.9,high,79.1,6,DEMO_DATA,True
2020-05-12,sagar_sandheads,46.9,medium,77.5,5,DEMO_DATA,True
2020-05-13,sagar_sandheads,49.2,high,79.4,6,DEMO_DATA,True
2020-05-14,sagar_sandheads,63.5,high,90.8,7,DEMO_DATA,True
2020-05-15,sagar_sandheads,83.5,high,95.0,10,DEMO_DATA,True
2020-05-16,sagar_sandheads,74.9,high,95.0,9,DEMO_DATA,True
2020-05-17,sagar_sandheads,69.9,high,95.0,8,DEMO_DATA,True
2020-05-18,sagar_sandheads,79.3,high,95.0,9,DEMO_DATA,True
2020-05-19,sagar_sandheads,90.9,high,95.0,11,DEMO_DATA,True
2020-05-20,sagar_sandheads,74.5,high,95.0,9,DEMO_DATA,True
2020-05-21,sagar_sandheads,77.3,high,95.0,9,DEMO_DATA,True
2020-05-22,sagar_sandheads,59.3,high,87.4,7,DEMO_DATA,True
2020-05-23,sagar_sandheads,63.0,high,90.4,7,DEMO_DATA,True
2020-05-24,sagar_sandheads,61.5,high,89.2,7,DEMO_DATA,True
2020-05-25,sagar_sandheads,59.0,high,87.2,7,DEMO_DATA,True
2020-05-26,sagar_sandheads,57.6,high,86.1,7,DEMO_DATA,True
2020-05-27,sagar_sandheads,33.0,medium,66.4,4,DEMO_DATA,True
2020-05-28,sagar_sandheads,35.6,medium,68.5,4,DEMO_DATA,True
2020-05-29,sagar_sandheads,38.4,medium,70.7,4,DEMO_DATA,True
2020-05-30,sagar_sandheads,16.5,low,53.2,2,DEMO_DATA,True
2020-05-31,sagar_sandheads,21.9,low,57.5,2,DEMO_DATA,True
2020-06-01,sagar_sandheads,22.6,low,58.1,2,DEMO_DATA,True
2020-06-02,sagar_sandheads,36.2,medium,69.0,4,DEMO_DATA,True
2020-06-03,sagar_sandheads,28.5,medium,62.8,3,DEMO_DATA,True
2020-06-04,sagar_sandheads,33.4,medium,66.7,4,DEMO_DATA,True
2020-06-05,sagar_sandheads,38.2,medium,70.6,4,DEMO_DATA,True
2020-06-06,sagar_sandheads,36.6,medium,69.3,4,DEMO_DATA,True
2020-06-07,sagar_sandheads,38.9,medium,71.2,4,DEMO_DATA,True
2020-06-08,sagar_sandheads,45.2,medium,76.1,5,DEMO_DATA,True
2020-06-09,sagar_sandheads,42.8,medium,74.3,5,DEMO_DATA,True
2020-06-10,sagar_sandheads,39.4,medium,71.5,4,DEMO_DATA,True
2020-06-11,sagar_sandheads,44.1,medium,75.3,5,DEMO_DATA,True
2020-06-12,sagar_sandheads,64.4,high,91.5,8,DEMO_DATA,True
2020-06-13,sagar_sandheads,42.2,medium,73.8,5,DEMO_DATA,True
2020-06-14,sagar_sandheads,68.5,high,94.8,8,DEMO_DATA,True
2020-06-15,sagar_sandheads,93.3,high,95.0,11,DEMO_DATA,True
2020-06-16,sagar_sandheads,78.6,high,95.0,9,DEMO_DATA,True
2020-06-17,sagar_sandheads,76.1,high,95.0,9,DEMO_DATA,True
2020-06-18,sagar_sandheads,102.5,high,95.0,12,DEMO_DATA,True
2020-06-19,sagar_sandheads,48.2,high,78.5,6,DEMO_DATA,True
2020-06-20,sagar_sandheads,41.8,medium,73.4,5,DEMO_DATA,True
2020-06-21,sagar_sandheads,44.7,medium,75.8,5,DEMO_DATA,True
2020-06-22,sagar_sandheads,47.7,medium,78.1,5,DEMO_DATA,True
2020-06-23,sagar_sandheads,50.1,high,80.1,6,DEMO_DATA,True
2020-06-24,sagar_sandheads,54.4,high,83.5,6,DEMO_DATA,True
2020-06-25,sagar_sandheads,51.7,high,81.4,6,DEMO_DATA,True
2020-06-26,sagar_sandheads,51.2,high,80.9,6,DEMO_DATA,True
2020-06-27,sagar_sandheads,38.5,medium,70.8,4,DEMO_DATA,True
2020-06-28,sagar_sandheads,45.4,medium,76.3,5,DEMO_DATA,True
2020-06-29,sagar_sandheads,50.8,high,80.6,6,DEMO_DATA,True
2020-06-30,sagar_sandheads,47.2,medium,77.8,5,DEMO_DATA,True
2020-07-01,sagar_sandheads,77.4,high,95.0,9,DEMO_DATA,True
2020-07-02,sagar_sandheads,76.5,high,95.0,9,DEMO_DATA,True
2020-07-03,sagar_sandheads,86.1,high,95.0,10,DEMO_DATA,True
2020-07-04,sagar_sandheads,73.4,high,95.0,9,DEMO_DATA,True
2020-07-05,sagar_sandheads,55.5,high,84.4,6,DEMO_DATA,True
2020-07-06,sagar_sandheads,69.1,high,95.0,8,DEMO_DATA,True
2020-07-07,sagar_sandheads,68.9,high,95.0,8,DEMO_DATA,True
2020-07-08,sagar_sandheads,62.5,high,90.0,7,DEMO_DATA,True
2020-07-09,sagar_sandheads,91.1,high,95.0,11,DEMO_DATA,True
2020-07-10,sagar_sandheads,66.9,high,93.5,8,DEMO_DATA,True
2020-07-11,sagar_sandheads,56.8,high,85.4,7,DEMO_DATA,True
2020-07-12,sagar_sandheads,64.4,high,91.5,8,DEMO_DATA,True
2020-07-13,sagar_sandheads,67.8,high,94.3,8,DEMO_DATA,True
2020-07-14,sagar_sandheads,48.2,high,78.5,6,DEMO_DATA,True
2020-07-15,sagar_sandheads,38.8,medium,71.0,4,DEMO_DATA,True
2020-07-16,sagar_sandheads,33.9,medium,67.1,4,DEMO_DATA,True
2020-07-17,sagar_sandheads,27.9,medium,62.3,3,DEMO_DATA,True
2020-07-18,sagar_sandheads,18.7,low,55.0,2,DEMO_DATA,True
2020-07-19,sagar_sandheads,30.5,medium,64.4,3,DEMO_DATA,True
2020-07-20,sagar_sandheads,19.4,low,55.5,2,DEMO_DATA,True
2020-07-21,sagar_sandheads,33.4,medium,66.7,4,DEMO_DATA,True
2020-07-22,sagar_sandheads,30.6,medium,64.5,3,DEMO_DATA,True
2020-07-23,sagar_sandheads,38.9,medium,71.2,4,DEMO_DATA,True
2020-07-24,sagar_sandheads,39.9,medium,71.9,4,DEMO_DATA,True
2020-07-25,sagar_sandheads,36.6,medium,69.3,4,DEMO_DATA,True
2020-07-26,sagar_sandheads,42.2,medium,73.7,5,DEMO_DATA,True
2020-07-27,sagar_sandheads,27.2,medium,61.7,3,DEMO_DATA,True
2020-07-28,sagar_sandheads,26.7,medium,61.3,3,DEMO_DATA,True
2020-07-29,sagar_sandheads,25.8,medium,60.6,3,DEMO_DATA,True
2020-07-30,sagar_sandheads,19.8,low,55.9,2,DEMO_DATA,True
2020-07-31,sagar_sandheads,20.9,low,56.7,2,DEMO_DATA,True
2020-08-01,sagar_sandheads,23.6,low,58.8,2,DEMO_DATA,True
2020-08-02,sagar_sandheads,25.2,medium,60.2,3,DEMO_DATA,True
2020-08-03,sagar_sandheads,31.8,medium,65.5,3,DEMO_DATA,True
2020-08-04,sagar_sandheads,28.8,medium,63.0,3,DEMO_DATA,True
2020-08-05,sagar_sandheads,46.3,medium,77.0,5,DEMO_DATA,True
2020-08-06,sagar_sandheads,55.4,high,84.3,6,DEMO_DATA,True
2020-08-07,sagar_sandheads,60.7,high,88.5,7,DEMO_DATA,True
2020-08-08,sagar_sandheads,53.6,high,82.9,6,DEMO_DATA,True
2020-08-09,sagar_sandheads,64.2,high,91.4,8,DEMO_DATA,True
2020-08-10,sagar_sandheads,41.3,medium,73.0,5,DEMO_DATA,True
2020-08-11,sagar_sandheads,27.3,medium,61.8,3,DEMO_DATA,True
2020-08-12,sagar_sandheads,32.7,medium,66.2,4,DEMO_DATA,True
2020-08-13,sagar_sandheads,27.0,medium,61.6,3,DEMO_DATA,True
2020-08-14,sagar_sandheads,25.4,medium,60.3,3,DEMO_DATA,True
2020-08-15,sagar_sandheads,20.4,low,56.3,2,DEMO_DATA,True
2020-08-16,sagar_sandheads,27.8,medium,62.2,3,DEMO_DATA,True
2020-08-17,sagar_sandheads,26.6,medium,61.3,3,DEMO_DATA,True
2020-08-18,sagar_sandheads,33.9,medium,67.1,4,DEMO_DATA,True
2020-08-19,sagar_sandheads,35.5,medium,68.4,4,DEMO_DATA,True
2020-08-20,sagar_sandheads,39.0,medium,71.2,4,DEMO_DATA,True
2020-08-21,sagar_sandheads,51.6,high,81.3,6,DEMO_DATA,True
2020-08-22,sagar_sandheads,43.5,medium,74.8,5,DEMO_DATA,True
2020-08-23,sagar_sandheads,34.4,medium,67.5,4,DEMO_DATA,True
2020-08-24,sagar_sandheads,39.0,medium,71.2,4,DEMO_DATA,True
2020-08-25,sagar_sandheads,20.2,low,56.2,2,DEMO_DATA,True
2020-08-26,sagar_sandheads,26.5,medium,61.2,3,DEMO_DATA,True
2020-08-27,sagar_sandheads,35.8,medium,68.6,4,DEMO_DATA,True
2020-08-28,sagar_sandheads,40.9,medium,72.7,5,DEMO_DATA,True
2020-08-29,sagar_sandheads,67.1,high,93.7,8,DEMO_DATA,True
2020-08-30,sagar_sandheads,60.9,high,88.8,7,DEMO_DATA,True
2020-08-31,sagar_sandheads,53.1,high,82.5,6,DEMO_DATA,True
2020-09-01,sagar_sandheads,70.3,high,95.0,8,DEMO_DATA,True
2020-09-02,sagar_sandheads,64.5,high,91.6,8,DEMO_DATA,True
2020-09-03,sagar_sandheads,83.1,high,95.0,10,DEMO_DATA,True
2020-09-04,sagar_sandheads,82.4,high,95.0,10,DEMO_DATA,True
2020-09-05,sagar_sandheads,76.5,high,95.0,9,DEMO_DATA,True
2020-09-06,sagar_sandheads,84.1,high,95.0,10,DEMO_DATA,True
2020-09-07,sagar_sandheads,36.6,medium,69.3,4,DEMO_DATA,True
2020-09-08,sagar_sandheads,34.6,medium,67.7,4,DEMO_DATA,True
2020-09-09,sagar_sandheads,35.6,medium,68.5,4,DEMO_DATA,True
2020-09-10,sagar_sandheads,33.2,medium,66.5,4,DEMO_DATA,True
2020-09-11,sagar_sandheads,39.6,medium,71.7,4,DEMO_DATA,True
2020-09-12,sagar_sandheads,50.9,high,80.7,6,DEMO_DATA,True
2020-09-13,sagar_sandheads,51.5,high,81.2,6,DEMO_DATA,True
2020-09-14,sagar_sandheads,43.6,medium,74.9,5,DEMO_DATA,True
2020-09-15,sagar_sandheads,37.8,medium,70.3,4,DEMO_DATA,True
2020-09-16,sagar_sandheads,47.1,medium,77.6,5,DEMO_DATA,True
2020-09-17,sagar_sandheads,77.7,high,95.0,9,DEMO_DATA,True
2020-09-18,sagar_sandheads,73.5,high,95.0,9,DEMO_DATA,True
2020-09-19,sagar_sandheads,83.1,high,95.0,10,DEMO_DATA,True
2020-09-20,sagar_sandheads,98.2,high,95.0,12,DEMO_DATA,True
2020-09-21,sagar_sandheads,77.4,high,95.0,9,DEMO_DATA,True
2020-09-22,sagar_sandheads,73.2,high,95.0,9,DEMO_DATA,True
2020-09-23,sagar_sandheads,80.7,high,95.0,10,DEMO_DATA,True
2020-09-24,sagar_sandheads,121.9,high,95.0,15,DEMO_DATA,True
2020-09-25,sagar_sandheads,146.1,high,95.0,18,DEMO_DATA,True
2020-09-26,sagar_sandheads,192.4,high,95.0,24,DEMO_DATA,True
2020-09-27,sagar_sandheads,99.9,high,95.0,12,DEMO_DATA,True
2020-09-28,sagar_sandheads,113.0,high,95.0,14,DEMO_DATA,True
2020-09-29,sagar_sandheads,127.8,high,95.0,15,DEMO_DATA,True
2020-09-30,sagar_sandheads,153.3,high,95.0,19,DEMO_DATA,True
2020-10-01,sagar_sandheads,116.2,high,95.0,14,DEMO_DATA,True
2020-10-02,sagar_sandheads,106.4,high,95.0,13,DEMO_DATA,True
2020-10-03,sagar_sandheads,144.0,high,95.0,17,DEMO_DATA,True
2020-10-04,sagar_sandheads,142.5,high,95.0,17,DEMO_DATA,True
2020-10-05,sagar_sandheads,211.2,high,95.0,26,DEMO_DATA,True
2020-10-06,sagar_sandheads,160.9,high,95.0,20,DEMO_DATA,True
2020-10-07,sagar_sandheads,138.1,high,95.0,17,DEMO_DATA,True
2020-10-08,sagar_sandheads,143.3,high,95.0,17,DEMO_DATA,True
2020-10-09,sagar_sandheads,138.3,high,95.0,17,DEMO_DATA,True
2020-10-10,sagar_sandheads,131.0,high,95.0,16,DEMO_DATA,True
2020-10-11,sagar_sandheads,86.7,high,95.0,10,DEMO_DATA,True
2020-10-12,sagar_sandheads,81.8,high,95.0,10,DEMO_DATA,True
2020-10-13,sagar_sandheads,100.3,high,95.0,12,DEMO_DATA,True
2020-10-14,sagar_sandheads,83.9,high,95.0,10,DEMO_DATA,True
2020-10-15,sagar_sandheads,24.5,medium,59.6,3,DEMO_DATA,True
2020-10-16,sagar_sandheads,26.5,medium,61.2,3,DEMO_DATA,True
2020-10-17,sagar_sandheads,35.1,medium,68.0,4,DEMO_DATA,True
2020-10-18,sagar_sandheads,21.3,low,57.1,2,DEMO_DATA,True
2020-10-19,sagar_sandheads,16.5,low,53.2,2,DEMO_DATA,True
2020-10-20,sagar_sandheads,16.6,low,53.2,2,DEMO_DATA,True
2020-10-21,sagar_sandheads,19.4,low,55.5,2,DEMO_DATA,True
2020-10-22,sagar_sandheads,16.5,low,53.2,2,DEMO_DATA,True
2020-10-23,sagar_sandheads,21.2,low,57.0,2,DEMO_DATA,True
2020-10-24,sagar_sandheads,16.5,low,53.2,2,DEMO_DATA,True
2020-10-25,sagar_sandheads,16.5,low,53.2,2,DEMO_DATA,True
2020-10-26,sagar_sandheads,16.5,low,53.2,2,DEMO_DATA,True
2020-10-27,sagar_sandheads,16.5,low,53.2,2,DEMO_DATA,True
2020-10-28,sagar_sandheads,18.8,low,55.1,2,DEMO_DATA,True
2020-10-29,sagar_sandheads,25.4,medium,60.3,3,DEMO_DATA,True
2020-10-30,sagar_sandheads,27.2,medium,61.7,3,DEMO_DATA,True
2020-10-31,sagar_sandheads,28.7,medium,63.0,3,DEMO_DATA,True
2020-11-01,sagar_sandheads,38.6,medium,70.9,4,DEMO_DATA,True
2020-11-02,sagar_sandheads,43.5,medium,74.8,5,DEMO_DATA,True
2020-11-03,sagar_sandheads,26.7,medium,61.4,3,DEMO_DATA,True
2020-11-04,sagar_sandheads,18.0,low,54.4,2,DEMO_DATA,True
2020-11-05,sagar_sandheads,16.5,low,53.2,2,DEMO_DATA,True
2020-11-06,sagar_sandheads,16.7,low,53.4,2,DEMO_DATA,True
2020-11-07,sagar_sandheads,24.8,medium,59.8,3,DEMO_DATA,True
2020-11-08,sagar_sandheads,30.0,medium,64.0,3,DEMO_DATA,True
2020-11-09,sagar_sandheads,31.6,medium,65.3,3,DEMO_DATA,True
2020-11-10,sagar_sandheads,37.3,medium,69.8,4,DEMO_DATA,True
2020-11-11,sagar_sandheads,47.7,medium,78.1,5,DEMO_DATA,True
2020-11-12,sagar_sandheads,37.1,medium,69.7,4,DEMO_DATA,True
2020-11-13,sagar_sandheads,52.9,high,82.3,6,DEMO_DATA,True
2020-11-14,sagar_sandheads,56.9,high,85.6,7,DEMO_DATA,True
2020-11-15,sagar_sandheads,68.3,high,94.6,8,DEMO_DATA,True
2020-11-16,sagar_sandheads,67.7,high,94.2,8,DEMO_DATA,True
2020-11-17,sagar_sandheads,97.1,high,95.0,12,DEMO_DATA,True
2020-11-18,sagar_sandheads,91.6,high,95.0,11,DEMO_DATA,True
2020-11-19,sagar_sandheads,41.3,medium,73.0,5,DEMO_DATA,True
2020-11-20,sagar_sandheads,54.6,high,83.7,6,DEMO_DATA,True
2020-11-21,sagar_sandheads,43.7,medium,75.0,5,DEMO_DATA,True
2020-11-22,sagar_sandheads,53.8,high,83.0,6,DEMO_DATA,True
2020-11-23,sagar_sandheads,52.8,high,82.2,6,DEMO_DATA,True
2020-11-24,sagar_sandheads,43.8,medium,75.1,5,DEMO_DATA,True
2020-11-25,sagar_sandheads,44.6,medium,75.7,5,DEMO_DATA,True
2020-11-26,sagar_sandheads,50.3,high,80.2,6,DEMO_DATA,True
2020-11-27,sagar_sandheads,58.7,high,86.9,7,DEMO_DATA,True
2020-11-28,sagar_sandheads,51.5,high,81.2,6,DEMO_DATA,True
2020-11-29,sagar_sandheads,55.5,high,84.4,6,DEMO_DATA,True
2020-11-30,sagar_sandheads,42.9,medium,74.3,5,DEMO_DATA,True
2020-12-01,sagar_sandheads,16.5,low,53.2,2,DEMO_DATA,True
2020-12-02,sagar_sandheads,16.5,low,53.2,2,DEMO_DATA,True
2020-12-03,sagar_sandheads,19.4,low,55.5,2,DEMO_DATA,True
2020-12-04,sagar_sandheads,23.8,low,59.1,2,DEMO_DATA,True
2020-12-05,sagar_sandheads,19.4,low,55.5,2,DEMO_DATA,True
2020-12-06,sagar_sandheads,25.8,medium,60.6,3,DEMO_DATA,True
2020-12-07,sagar_sandheads,27.4,medium,61.9,3,DEMO_DATA,True
2020-12-08,sagar_sandheads,23.2,low,58.6,2,DEMO_DATA,True
2020-12-09,sagar_sandheads,25.7,medium,60.6,3,DEMO_DATA,True
2020-12-10,sagar_sandheads,16.9,low,53.5,2,DEMO_DATA,True
2020-12-11,sagar_sandheads,20.4,low,56.4,2,DEMO_DATA,True
2020-12-12,sagar_sandheads,24.7,medium,59.8,3,DEMO_DATA,True
2020-12-13,sagar_sandheads,32.4,medium,65.9,4,DEMO_DATA,True
2020-12-14,sagar_sandheads,17.7,low,54.2,2,DEMO_DATA,True
2020-12-15,sagar_sandheads,23.1,low,58.5,2,DEMO_DATA,True
2020-12-16,sagar_sandheads,30.6,medium,64.5,3,DEMO_DATA,True
2020-12-17,sagar_sandheads,17.7,low,54.1,2,DEMO_DATA,True
2020-12-18,sagar_sandheads,16.6,low,53.3,2,DEMO_DATA,True
2020-12-19,sagar_sandheads,18.6,low,54.9,2,DEMO_DATA,True
2020-12-20,sagar_sandheads,29.6,medium,63.7,3,DEMO_DATA,True
2020-12-21,sagar_sandheads,33.3,medium,66.7,4,DEMO_DATA,True
2020-12-22,sagar_sandheads,47.8,medium,78.2,5,DEMO_DATA,True
2020-12-23,sagar_sandheads,46.0,medium,76.8,5,DEMO_DATA,True
2020-12-24,sagar_sandheads,26.7,medium,61.4,3,DEMO_DATA,True
2020-12-25,sagar_sandheads,38.1,medium,70.5,4,DEMO_DATA,True
2020-12-26,sagar_sandheads,32.0,medium,65.6,4,DEMO_DATA,True
2020-12-27,sagar_sandheads,31.0,medium,64.8,3,DEMO_DATA,True
2020-12-28,sagar_sandheads,33.8,medium,67.0,4,DEMO_DATA,True
2020-12-29,sagar_sandheads,29.9,medium,63.9,3,DEMO_DATA,True
2020-12-30,sagar_sandheads,26.6,medium,61.3,3,DEMO_DATA,True
2020-12-31,sagar_sandheads,37.8,medium,70.2,4,DEMO_DATA,True
2021-01-01,sagar_sandheads,41.6,medium,73.3,5,DEMO_DATA,True
2021-01-02,sagar_sandheads,42.2,medium,73.7,5,DEMO_DATA,True
2021-01-03,sagar_sandheads,40.8,medium,72.7,5,DEMO_DATA,True
2021-01-04,sagar_sandheads,45.6,medium,76.5,5,DEMO_DATA,True
2021-01-05,sagar_sandheads,29.8,medium,63.8,3,DEMO_DATA,True
2021-01-06,sagar_sandheads,20.1,low,56.1,2,DEMO_DATA,True
2021-01-07,sagar_sandheads,27.5,medium,62.0,3,DEMO_DATA,True
2021-01-08,sagar_sandheads,26.1,medium,60.9,3,DEMO_DATA,True
2021-01-09,sagar_sandheads,20.3,low,56.2,2,DEMO_DATA,True
2021-01-10,sagar_sandheads,24.1,medium,59.3,3,DEMO_DATA,True
2021-01-11,sagar_sandheads,23.8,low,59.0,2,DEMO_DATA,True
2021-01-12,sagar_sandheads,28.6,medium,62.9,3,DEMO_DATA,True
2021-01-13,sagar_sandheads,18.7,low,54.9,2,DEMO_DATA,True
2021-01-14,sagar_sandheads,25.1,medium,60.1,3,DEMO_DATA,True
2021-01-15,sagar_sandheads,26.7,medium,61.4,3,DEMO_DATA,True
2021-01-16,sagar_sandheads,31.5,medium,65.2,3,DEMO_DATA,True
2021-01-17,sagar_sandheads,38.0,medium,70.4,4,DEMO_DATA,True
2021-01-18,sagar_sandheads,20.5,low,56.4,2,DEMO_DATA,True
2021-01-19,sagar_sandheads,18.2,low,54.6,2,DEMO_DATA,True
2021-01-20,sagar_sandheads,24.7,medium,59.7,3,DEMO_DATA,True
2021-01-21,sagar_sandheads,40.4,medium,72.3,5,DEMO_DATA,True
2021-01-22,sagar_sandheads,26.2,medium,60.9,3,DEMO_DATA,True
2021-01-23,sagar_sandheads,16.5,low,53.2,2,DEMO_DATA,True
2021-01-24,sagar_sandheads,19.0,low,55.2,2,DEMO_DATA,True
2021-01-25,sagar_sandheads,16.5,low,53.2,2,DEMO_DATA,True
2021-01-26,sagar_sandheads,16.9,low,53.5,2,DEMO_DATA,True
2021-01-27,sagar_sandheads,20.8,low,56.6,2,DEMO_DATA,True
2021-01-28,sagar_sandheads,17.5,low,54.0,2,DEMO_DATA,True
2021-01-29,sagar_sandheads,21.7,low,57.4,2,DEMO_DATA,True
2021-01-30,sagar_sandheads,23.9,low,59.1,2,DEMO_DATA,True
2021-01-31,sagar_sandheads,18.5,low,54.8,2,DEMO_DATA,True
2021-02-01,sagar_sandheads,23.9,low,59.1,2,DEMO_DATA,True
2021-02-02,sagar_sandheads,17.4,low,53.9,2,DEMO_DATA,True
2021-02-03,sagar_sandheads,16.9,low,53.5,2,DEMO_DATA,True
2021-02-04,sagar_sandheads,18.9,low,55.1,2,DEMO_DATA,True
2021-02-05,sagar_sandheads,23.6,low,58.9,2,DEMO_DATA,True
2021-02-06,sagar_sandheads,16.5,low,53.2,2,DEMO_DATA,True
2021-02-07,sagar_sandheads,17.7,low,54.2,2,DEMO_DATA,True
2021-02-08,sagar_sandheads,16.5,low,53.2,2,DEMO_DATA,True
2021-02-09,sagar_sandheads,16.5,low,53.2,2,DEMO_DATA,True
2021-02-10,sagar_sandheads,21.7,low,57.4,2,DEMO_DATA,True
2021-02-11,sagar_sandheads,18.8,low,55.0,2,DEMO_DATA,True
2021-02-12,sagar_sandheads,23.5,low,58.8,2,DEMO_DATA,True
2021-02-13,sagar_sandheads,22.9,low,58.4,2,DEMO_DATA,True
2021-02-14,sagar_sandheads,18.8,low,55.0,2,DEMO_DATA,True
2021-02-15,sagar_sandheads,28.0,medium,62.4,3,DEMO_DATA,True
2021-02-16,sagar_sandheads,26.6,medium,61.3,3,DEMO_DATA,True
2021-02-17,sagar_sandheads,20.8,low,56.6,2,DEMO_DATA,True
2021-02-18,sagar_sandheads,17.6,low,54.1,2,DEMO_DATA,True
2021-02-19,sagar_sandheads,20.3,low,56.2,2,DEMO_DATA,True
2021-02-20,sagar_sandheads,20.9,low,56.7,2,DEMO_DATA,True
2021-02-21,sagar_sandheads,26.6,medium,61.3,3,DEMO_DATA,True
2021-02-22,sagar_sandheads,16.5,low,53.2,2,DEMO_DATA,True
2021-02-23,sagar_sandheads,19.7,low,55.7,2,DEMO_DATA,True
2021-02-24,sagar_sandheads,19.9,low,55.9,2,DEMO_DATA,True
2021-02-25,sagar_sandheads,17.2,low,53.8,2,DEMO_DATA,True
2021-02-26,sagar_sandheads,18.0,low,54.4,2,DEMO_DATA,True
2021-02-27,sagar_sandheads,23.3,low,58.7,2,DEMO_DATA,True
2021-02-28,sagar_sandheads,20.3,low,56.3,2,DEMO_DATA,True
2021-03-01,sagar_sandheads,23.1,low,58.5,2,DEMO_DATA,True
2021-03-02,sagar_sandheads,23.9,low,59.1,2,DEMO_DATA,True
2021-03-03,sagar_sandheads,16.5,low,53.2,2,DEMO_DATA,True
2021-03-04,sagar_sandheads,18.8,low,55.1,2,DEMO_DATA,True
2021-03-05,sagar_sandheads,21.0,low,56.8,2,DEMO_DATA,True
2021-03-06,sagar_sandheads,28.2,medium,62.5,3,DEMO_DATA,True
2021-03-07,sagar_sandheads,16.5,low,53.2,2,DEMO_DATA,True
2021-03-08,sagar_sandheads,22.5,low,58.0,2,DEMO_DATA,True
2021-03-09,sagar_sandheads,26.1,medium,60.9,3,DEMO_DATA,True
2021-03-10,sagar_sandheads,16.5,low,53.2,2,DEMO_DATA,True
2021-03-11,sagar_sandheads,22.6,low,58.1,2,DEMO_DATA,True
2021-03-12,sagar_sandheads,22.3,low,57.9,2,DEMO_DATA,True
2021-03-13,sagar_sandheads,25.2,medium,60.1,3,DEMO_DATA,True
2021-03-14,sagar_sandheads,16.5,low,53.2,2,DEMO_DATA,True
2021-03-15,sagar_sandheads,20.2,low,56.2,2,DEMO_DATA,True
2021-03-16,sagar_sandheads,19.4,low,55.5,2,DEMO_DATA,True
2021-03-17,sagar_sandheads,26.7,medium,61.4,3,DEMO_DATA,True
2021-03-18,sagar_sandheads,30.0,medium,64.0,3,DEMO_DATA,True
2021-03-19,sagar_sandheads,26.9,medium,61.5,3,DEMO_DATA,True
2021-03-20,sagar_sandheads,25.3,medium,60.2,3,DEMO_DATA,True
2021-03-21,sagar_sandheads,30.2,medium,64.2,3,DEMO_DATA,True
2021-03-22,sagar_sandheads,37.5,medium,70.0,4,DEMO_DATA,True
2021-03-23,sagar_sandheads,30.2,medium,64.1,3,DEMO_DATA,True
2021-03-24,sagar_sandheads,34.1,medium,67.3,4,DEMO_DATA,True
2021-03-25,sagar_sandheads,36.5,medium,69.2,4,DEMO_DATA,True
2021-03-26,sagar_sandheads,35.4,medium,68.3,4,DEMO_DATA,True
2021-03-27,sagar_sandheads,45.8,medium,76.6,5,DEMO_DATA,True
2021-03-28,sagar_sandheads,39.2,medium,71.4,4,DEMO_DATA,True
2021-03-29,sagar_sandheads,37.8,medium,70.2,4,DEMO_DATA,True
2021-03-30,sagar_sandheads,40.4,medium,72.3,5,DEMO_DATA,True
2021-03-31,sagar_sandheads,42.2,medium,73.8,5,DEMO_DATA,True
2021-04-01,sagar_sandheads,27.2,medium,61.8,3,DEMO_DATA,True
2021-04-02,sagar_sandheads,21.6,low,57.3,2,DEMO_DATA,True
2021-04-03,sagar_sandheads,19.0,low,55.2,2,DEMO_DATA,True
2021-04-04,sagar_sandheads,26.9,medium,61.5,3,DEMO_DATA,True
2021-04-05,sagar_sandheads,21.6,low,57.2,2,DEMO_DATA,True
2021-04-06,sagar_sandheads,32.2,medium,65.8,4,DEMO_DATA,True
2021-04-07,sagar_sandheads,28.7,medium,63.0,3,DEMO_DATA,True
2021-04-08,sagar_sandheads,23.3,low,58.7,2,DEMO_DATA,True
2021-04-09,sagar_sandheads,16.5,low,53.2,2,DEMO_DATA,True
2021-04-10,sagar_sandheads,16.5,low,53.2,2,DEMO_DATA,True
2021-04-11,sagar_sandheads,19.4,low,55.5,2,DEMO_DATA,True
2021-04-12,sagar_sandheads,27.0,medium,61.6,3,DEMO_DATA,True
2021-04-13,sagar_sandheads,31.7,medium,65.4,3,DEMO_DATA,True
2021-04-14,sagar_sandheads,37.6,medium,70.0,4,DEMO_DATA,True
2021-04-15,sagar_sandheads,41.1,medium,72.9,5,DEMO_DATA,True
2021-04-16,sagar_sandheads,37.1,medium,69.7,4,DEMO_DATA,True
2021-04-17,sagar_sandheads,40.4,medium,72.3,5,DEMO_DATA,True
2021-04-18,sagar_sandheads,62.8,high,90.2,7,DEMO_DATA,True
2021-04-19,sagar_sandheads,84.1,high,95.0,10,DEMO_DATA,True
2021-04-20,sagar_sandheads,92.0,high,95.0,11,DEMO_DATA,True
2021-04-21,sagar_sandheads,103.4,high,95.0,12,DEMO_DATA,True
2021-04-22,sagar_sandheads,75.6,high,95.0,9,DEMO_DATA,True
2021-04-23,sagar_sandheads,61.8,high,89.4,7,DEMO_DATA,True
2021-04-24,sagar_sandheads,75.1,high,95.0,9,DEMO_DATA,True
2021-04-25,sagar_sandheads,68.7,high,94.9,8,DEMO_DATA,True
2021-04-26,sagar_sandheads,72.5,high,95.0,9,DEMO_DATA,True
2021-04-27,sagar_sandheads,95.1,high,95.0,11,DEMO_DATA,True
2021-04-28,sagar_sandheads,105.4,high,95.0,13,DEMO_DATA,True
2021-04-29,sagar_sandheads,92.3,high,95.0,11,DEMO_DATA,True
2021-04-30,sagar_sandheads,95.0,high,95.0,11,DEMO_DATA,True
2021-05-01,sagar_sandheads,137.2,high,95.0,17,DEMO_DATA,True
2021-05-02,sagar_sandheads,136.0,high,95.0,17,DEMO_DATA,True
2021-05-03,sagar_sandheads,61.1,high,88.9,7,DEMO_DATA,True
2021-05-04,sagar_sandheads,56.5,high,85.2,7,DEMO_DATA,True
2021-05-05,sagar_sandheads,48.3,high,78.6,6,DEMO_DATA,True
2021-05-06,sagar_sandheads,53.0,high,82.4,6,DEMO_DATA,True
2021-05-07,sagar_sandheads,67.0,high,93.6,8,DEMO_DATA,True
2021-05-08,sagar_sandheads,103.1,high,95.0,12,DEMO_DATA,True
2021-05-09,sagar_sandheads,115.2,high,95.0,14,DEMO_DATA,True
2021-05-10,sagar_sandheads,76.6,high,95.0,9,DEMO_DATA,True
2021-05-11,sagar_sandheads,72.6,high,95.0,9,DEMO_DATA,True
2021-05-12,sagar_sandheads,75.1,high,95.0,9,DEMO_DATA,True
2021-05-13,sagar_sandheads,43.7,medium,74.9,5,DEMO_DATA,True
2021-05-14,sagar_sandheads,46.6,medium,77.3,5,DEMO_DATA,True
2021-05-15,sagar_sandheads,54.8,high,83.9,6,DEMO_DATA,True
2021-05-16,sagar_sandheads,35.7,medium,68.5,4,DEMO_DATA,True
2021-05-17,sagar_sandheads,25.3,medium,60.2,3,DEMO_DATA,True
2021-05-18,sagar_sandheads,29.5,medium,63.6,3,DEMO_DATA,True
2021-05-19,sagar_sandheads,40.3,medium,72.2,5,DEMO_DATA,True
2021-05-20,sagar_sandheads,43.0,medium,74.4,5,DEMO_DATA,True
2021-05-21,sagar_sandheads,45.0,medium,76.0,5,DEMO_DATA,True
2021-05-22,sagar_sandheads,63.3,high,90.6,7,DEMO_DATA,True
2021-05-23,sagar_sandheads,68.5,high,94.8,8,DEMO_DATA,True
2021-05-24,sagar_sandheads,102.7,high,95.0,12,DEMO_DATA,True
2021-05-25,sagar_sandheads,94.7,high,95.0,11,DEMO_DATA,True
2021-05-26,sagar_sandheads,114.7,high,95.0,14,DEMO_DATA,True
2021-05-27,sagar_sandheads,68.8,high,95.0,8,DEMO_DATA,True
2021-05-28,sagar_sandheads,75.4,high,95.0,9,DEMO_DATA,True
2021-05-29,sagar_sandheads,95.1,high,95.0,11,DEMO_DATA,True
2021-05-30,sagar_sandheads,127.1,high,95.0,15,DEMO_DATA,True
2021-05-31,sagar_sandheads,103.7,high,95.0,12,DEMO_DATA,True
2021-06-01,sagar_sandheads,63.8,high,91.1,7,DEMO_DATA,True
2021-06-02,sagar_sandheads,69.4,high,95.0,8,DEMO_DATA,True
2021-06-03,sagar_sandheads,65.8,high,92.6,8,DEMO_DATA,True
2021-06-04,sagar_sandheads,87.5,high,95.0,10,DEMO_DATA,True
2021-06-05,sagar_sandheads,86.1,high,95.0,10,DEMO_DATA,True
2021-06-06,sagar_sandheads,120.6,high,95.0,15,DEMO_DATA,True
2021-06-07,sagar_sandheads,188.1,high,95.0,23,DEMO_DATA,True
2021-06-08,sagar_sandheads,208.6,high,95.0,26,DEMO_DATA,True
2021-06-09,sagar_sandheads,185.7,high,95.0,23,DEMO_DATA,True
2021-06-10,sagar_sandheads,150.5,high,95.0,18,DEMO_DATA,True
2021-06-11,sagar_sandheads,105.6,high,95.0,13,DEMO_DATA,True
2021-06-12,sagar_sandheads,66.6,high,93.2,8,DEMO_DATA,True
2021-06-13,sagar_sandheads,64.3,high,91.4,8,DEMO_DATA,True
2021-06-14,sagar_sandheads,55.3,high,84.3,6,DEMO_DATA,True
2021-06-15,sagar_sandheads,54.4,high,83.6,6,DEMO_DATA,True
2021-06-16,sagar_sandheads,71.4,high,95.0,8,DEMO_DATA,True
2021-06-17,sagar_sandheads,57.9,high,86.3,7,DEMO_DATA,True
2021-06-18,sagar_sandheads,55.2,high,84.2,6,DEMO_DATA,True
2021-06-19,sagar_sandheads,62.3,high,89.8,7,DEMO_DATA,True
2021-06-20,sagar_sandheads,39.0,medium,71.2,4,DEMO_DATA,True
2021-06-21,sagar_sandheads,37.0,medium,69.6,4,DEMO_DATA,True
2021-06-22,sagar_sandheads,25.6,medium,60.5,3,DEMO_DATA,True
2021-06-23,sagar_sandheads,16.9,low,53.6,2,DEMO_DATA,True
2021-06-24,sagar_sandheads,24.8,medium,59.8,3,DEMO_DATA,True
2021-06-25,sagar_sandheads,30.7,medium,64.6,3,DEMO_DATA,True
2021-06-26,sagar_sandheads,32.9,medium,66.3,4,DEMO_DATA,True
2021-06-27,sagar_sandheads,19.3,low,55.5,2,DEMO_DATA,True
2021-06-28,sagar_sandheads,16.5,low,53.2,2,DEMO_DATA,True
2021-06-29,sagar_sandheads,16.5,low,53.2,2,DEMO_DATA,True
2021-06-30,sagar_sandheads,16.5,low,53.2,2,DEMO_DATA,True
2021-07-01,sagar_sandheads,26.9,medium,61.5,3,DEMO_DATA,True
2021-07-02,sagar_sandheads,33.5,medium,66.8,4,DEMO_DATA,True
2021-07-03,sagar_sandheads,45.6,medium,76.5,5,DEMO_DATA,True
2021-07-04,sagar_sandheads,31.8,medium,65.4,3,DEMO_DATA,True
2021-07-05,sagar_sandheads,45.7,medium,76.6,5,DEMO_DATA,True
2021-07-06,sagar_sandheads,27.7,medium,62.2,3,DEMO_DATA,True
2021-07-07,sagar_sandheads,35.1,medium,68.1,4,DEMO_DATA,True
2021-07-08,sagar_sandheads,47.8,medium,78.2,5,DEMO_DATA,True
2021-07-09,sagar_sandheads,39.2,medium,71.3,4,DEMO_DATA,True
2021-07-10,sagar_sandheads,42.6,medium,74.1,5,DEMO_DATA,True
2021-07-11,sagar_sandheads,34.9,medium,68.0,4,DEMO_DATA,True
2021-07-12,sagar_sandheads,27.6,medium,62.1,3,DEMO_DATA,True
2021-07-13,sagar_sandheads,27.4,medium,61.9,3,DEMO_DATA,True
2021-07-14,sagar_sandheads,18.9,low,55.1,2,DEMO_DATA,True
2021-07-15,sagar_sandheads,31.2,medium,64.9,3,DEMO_DATA,True
2021-07-16,sagar_sandheads,24.4,medium,59.5,3,DEMO_DATA,True
2021-07-17,sagar_sandheads,26.8,medium,61.4,3,DEMO_DATA,True
2021-07-18,sagar_sandheads,28.4,medium,62.7,3,DEMO_DATA,True
2021-07-19,sagar_sandheads,31.7,medium,65.3,3,DEMO_DATA,True
2021-07-20,sagar_sandheads,24.7,medium,59.7,3,DEMO_DATA,True
2021-07-21,sagar_sandheads,35.4,medium,68.3,4,DEMO_DATA,True
2021-07-22,sagar_sandheads,37.4,medium,70.0,4,DEMO_DATA,True
2021-07-23,sagar_sandheads,42.7,medium,74.1,5,DEMO_DATA,True
2021-07-24,sagar_sandheads,29.3,medium,63.5,3,DEMO_DATA,True
2021-07-25,sagar_sandheads,29.1,medium,63.3,3,DEMO_DATA,True
2021-07-26,sagar_sandheads,32.8,medium,66.2,4,DEMO_DATA,True
2021-07-27,sagar_sandheads,28.3,medium,62.6,3,DEMO_DATA,True
2021-07-28,sagar_sandheads,30.7,medium,64.6,3,DEMO_DATA,True
2021-07-29,sagar_sandheads,20.2,low,56.1,2,DEMO_DATA,True
2021-07-30,sagar_sandheads,22.5,low,58.0,2,DEMO_DATA,True
2021-07-31,sagar_sandheads,23.5,low,58.8,2,DEMO_DATA,True
2021-08-01,sagar_sandheads,23.8,low,59.1,2,DEMO_DATA,True
2021-08-02,sagar_sandheads,36.5,medium,69.2,4,DEMO_DATA,True
2021-08-03,sagar_sandheads,38.2,medium,70.5,4,DEMO_DATA,True
2021-08-04,sagar_sandheads,38.0,medium,70.4,4,DEMO_DATA,True
2021-08-05,sagar_sandheads,46.9,medium,77.5,5,DEMO_DATA,True
2021-08-06,sagar_sandheads,48.4,high,78.8,6,DEMO_DATA,True
2021-08-07,sagar_sandheads,30.8,medium,64.6,3,DEMO_DATA,True
2021-08-08,sagar_sandheads,21.8,low,57.4,2,DEMO_DATA,True
2021-08-09,sagar_sandheads,23.8,low,59.0,2,DEMO_DATA,True
2021-08-10,sagar_sandheads,33.7,medium,66.9,4,DEMO_DATA,True
2021-08-11,sagar_sandheads,31.4,medium,65.1,3,DEMO_DATA,True
2021-08-12,sagar_sandheads,27.9,medium,62.4,3,DEMO_DATA,True
2021-08-13,sagar_sandheads,26.9,medium,61.5,3,DEMO_DATA,True
2021-08-14,sagar_sandheads,31.5,medium,65.2,3,DEMO_DATA,True
2021-08-15,sagar_sandheads,28.3,medium,62.7,3,DEMO_DATA,True
2021-08-16,sagar_sandheads,30.4,medium,64.3,3,DEMO_DATA,True
2021-08-17,sagar_sandheads,44.0,medium,75.2,5,DEMO_DATA,True
2021-08-18,sagar_sandheads,40.2,medium,72.1,5,DEMO_DATA,True
2021-08-19,sagar_sandheads,43.4,medium,74.7,5,DEMO_DATA,True
2021-08-20,sagar_sandheads,32.1,medium,65.7,4,DEMO_DATA,True
2021-08-21,sagar_sandheads,44.4,medium,75.5,5,DEMO_DATA,True
2021-08-22,sagar_sandheads,37.8,medium,70.2,4,DEMO_DATA,True
2021-08-23,sagar_sandheads,31.1,medium,64.9,3,DEMO_DATA,True
2021-08-24,sagar_sandheads,28.0,medium,62.4,3,DEMO_DATA,True
2021-08-25,sagar_sandheads,21.5,low,57.2,2,DEMO_DATA,True
2021-08-26,sagar_sandheads,25.3,medium,60.2,3,DEMO_DATA,True
2021-08-27,sagar_sandheads,24.7,medium,59.7,3,DEMO_DATA,True
2021-08-28,sagar_sandheads,33.4,medium,66.7,4,DEMO_DATA,True
2021-08-29,sagar_sandheads,40.8,medium,72.6,5,DEMO_DATA,True
2021-08-30,sagar_sandheads,39.0,medium,71.2,4,DEMO_DATA,True
2021-08-31,sagar_sandheads,39.4,medium,71.6,4,DEMO_DATA,True
2021-09-01,sagar_sandheads,50.4,high,80.3,6,DEMO_DATA,True
2021-09-02,sagar_sandheads,64.7,high,91.8,8,DEMO_DATA,True
2021-09-03,sagar_sandheads,68.6,high,94.9,8,DEMO_DATA,True
2021-09-04,sagar_sandheads,55.8,high,84.7,6,DEMO_DATA,True
2021-09-05,sagar_sandheads,55.0,high,84.0,6,DEMO_DATA,True
2021-09-06,sagar_sandheads,63.9,high,91.1,7,DEMO_DATA,True
2021-09-07,sagar_sandheads,47.1,medium,77.7,5,DEMO_DATA,True
2021-09-08,sagar_sandheads,53.3,high,82.6,6,DEMO_DATA,True
2021-09-09,sagar_sandheads,33.9,medium,67.1,4,DEMO_DATA,True
2021-09-10,sagar_sandheads,40.6,medium,72.5,5,DEMO_DATA,True
2021-09-11,sagar_sandheads,34.6,medium,67.6,4,DEMO_DATA,True
2021-09-12,sagar_sandheads,29.2,medium,63.3,3,DEMO_DATA,True
2021-09-13,sagar_sandheads,19.7,low,55.7,2,DEMO_DATA,True
2021-09-14,sagar_sandheads,21.7,low,57.4,2,DEMO_DATA,True
2021-09-15,sagar_sandheads,28.5,medium,62.8,3,DEMO_DATA,True
2021-09-16,sagar_sandheads,44.0,medium,75.2,5,DEMO_DATA,True
2021-09-17,sagar_sandheads,50.1,high,80.1,6,DEMO_DATA,True
2021-09-18,sagar_sandheads,38.5,medium,70.8,4,DEMO_DATA,True
2021-09-19,sagar_sandheads,46.0,medium,76.8,5,DEMO_DATA,True
2021-09-20,sagar_sandheads,36.3,medium,69.0,4,DEMO_DATA,True
2021-09-21,sagar_sandheads,53.4,high,82.7,6,DEMO_DATA,True
2021-09-22,sagar_sandheads,61.5,high,89.2,7,DEMO_DATA,True
2021-09-23,sagar_sandheads,43.5,medium,74.8,5,DEMO_DATA,True
2021-09-24,sagar_sandheads,57.5,high,86.0,7,DEMO_DATA,True
2021-09-25,sagar_sandheads,78.9,high,95.0,9,DEMO_DATA,True
2021-09-26,sagar_sandheads,62.2,high,89.8,7,DEMO_DATA,True
2021-09-27,sagar_sandheads,50.5,high,80.4,6,DEMO_DATA,True
2021-09-28,sagar_sandheads,29.6,medium,63.7,3,DEMO_DATA,True
2021-09-29,sagar_sandheads,31.2,medium,65.0,3,DEMO_DATA,True
2021-09-30,sagar_sandheads,33.3,medium,66.6,4,DEMO_DATA,True
2021-10-01,sagar_sandheads,31.1,medium,64.9,3,DEMO_DATA,True
2021-10-02,sagar_sandheads,22.6,low,58.1,2,DEMO_DATA,True
2021-10-03,sagar_sandheads,24.2,medium,59.4,3,DEMO_DATA,True
2021-10-04,sagar_sandheads,30.7,medium,64.6,3,DEMO_DATA,True
2021-10-05,sagar_sandheads,35.0,medium,68.0,4,DEMO_DATA,True
2021-10-06,sagar_sandheads,45.6,medium,76.5,5,DEMO_DATA,True
2021-10-07,sagar_sandheads,55.5,high,84.4,6,DEMO_DATA,True
2021-10-08,sagar_sandheads,54.2,high,83.4,6,DEMO_DATA,True
2021-10-09,sagar_sandheads,75.1,high,95.0,9,DEMO_DATA,True
2021-10-10,sagar_sandheads,85.6,high,95.0,10,DEMO_DATA,True
2021-10-11,sagar_sandheads,69.3,high,95.0,8,DEMO_DATA,True
2021-10-12,sagar_sandheads,78.0,high,95.0,9,DEMO_DATA,True
2021-10-13,sagar_sandheads,61.2,high,89.0,7,DEMO_DATA,True
2021-10-14,sagar_sandheads,71.0,high,95.0,8,DEMO_DATA,True
2021-10-15,sagar_sandheads,86.3,high,95.0,10,DEMO_DATA,True
2021-10-16,sagar_sandheads,91.1,high,95.0,11,DEMO_DATA,True
2021-10-17,sagar_sandheads,60.3,high,88.2,7,DEMO_DATA,True
2021-10-18,sagar_sandheads,41.0,medium,72.8,5,DEMO_DATA,True
2021-10-19,sagar_sandheads,49.6,high,79.7,6,DEMO_DATA,True
2021-10-20,sagar_sandheads,56.7,high,85.3,7,DEMO_DATA,True
2021-10-21,sagar_sandheads,54.2,high,83.4,6,DEMO_DATA,True
2021-10-22,sagar_sandheads,39.0,medium,71.2,4,DEMO_DATA,True
2021-10-23,sagar_sandheads,38.4,medium,70.8,4,DEMO_DATA,True
2021-10-24,sagar_sandheads,51.7,high,81.4,6,DEMO_DATA,True
2021-10-25,sagar_sandheads,51.2,high,81.0,6,DEMO_DATA,True
2021-10-26,sagar_sandheads,38.2,medium,70.6,4,DEMO_DATA,True
2021-10-27,sagar_sandheads,21.7,low,57.4,2,DEMO_DATA,True
2021-10-28,sagar_sandheads,18.1,low,54.4,2,DEMO_DATA,True
2021-10-29,sagar_sandheads,22.5,low,58.0,2,DEMO_DATA,True
2021-10-30,sagar_sandheads,29.0,medium,63.2,3,DEMO_DATA,True
2021-10-31,sagar_sandheads,16.5,low,53.2,2,DEMO_DATA,True
2021-11-01,sagar_sandheads,16.5,low,53.2,2,DEMO_DATA,True
2021-11-02,sagar_sandheads,21.8,low,57.5,2,DEMO_DATA,True
2021-11-03,sagar_sandheads,24.0,medium,59.2,3,DEMO_DATA,True
2021-11-04,sagar_sandheads,31.5,medium,65.2,3,DEMO_DATA,True
2021-11-05,sagar_sandheads,30.9,medium,64.7,3,DEMO_DATA,True
2021-11-06,sagar_sandheads,20.8,low,56.7,2,DEMO_DATA,True
2021-11-07,sagar_sandheads,18.3,low,54.7,2,DEMO_DATA,True
2021-11-08,sagar_sandheads,21.3,low,57.1,2,DEMO_DATA,True
2021-11-09,sagar_sandheads,28.1,medium,62.5,3,DEMO_DATA,True
2021-11-10,sagar_sandheads,26.7,medium,61.4,3,DEMO_DATA,True
2021-11-11,sagar_sandheads,29.5,medium,63.6,3,DEMO_DATA,True
2021-11-12,sagar_sandheads,21.1,low,56.9,2,DEMO_DATA,True
2021-11-13,sagar_sandheads,25.7,medium,60.6,3,DEMO_DATA,True
2021-11-14,sagar_sandheads,19.6,low,55.6,2,DEMO_DATA,True
2021-11-15,sagar_sandheads,20.7,low,56.6,2,DEMO_DATA,True
2021-11-16,sagar_sandheads,22.3,low,57.8,2,DEMO_DATA,True
2021-11-17,sagar_sandheads,40.6,medium,72.5,5,DEMO_DATA,True
2021-11-18,sagar_sandheads,25.3,medium,60.3,3,DEMO_DATA,True
2021-11-19,sagar_sandheads,31.3,medium,65.0,3,DEMO_DATA,True
2021-11-20,sagar_sandheads,36.7,medium,69.4,4,DEMO_DATA,True
2021-11-21,sagar_sandheads,46.2,medium,76.9,5,DEMO_DATA,True
2021-11-22,sagar_sandheads,49.2,high,79.3,6,DEMO_DATA,True
2021-11-23,sagar_sandheads,55.0,high,84.0,6,DEMO_DATA,True
2021-11-24,sagar_sandheads,62.9,high,90.3,7,DEMO_DATA,True
2021-11-25,sagar_sandheads,46.6,medium,77.3,5,DEMO_DATA,True
2021-11-26,sagar_sandheads,16.5,low,53.2,2,DEMO_DATA,True
2021-11-27,sagar_sandheads,16.5,low,53.2,2,DEMO_DATA,True
2021-11-28,sagar_sandheads,16.5,low,53.2,2,DEMO_DATA,True
2021-11-29,sagar_sandheads,19.5,low,55.6,2,DEMO_DATA,True
2021-11-30,sagar_sandheads,25.4,medium,60.3,3,DEMO_DATA,True
2021-12-01,sagar_sandheads,22.7,low,58.2,2,DEMO_DATA,True
2021-12-02,sagar_sandheads,18.9,low,55.1,2,DEMO_DATA,True
2021-12-03,sagar_sandheads,21.3,low,57.0,2,DEMO_DATA,True
2021-12-04,sagar_sandheads,24.7,medium,59.8,3,DEMO_DATA,True
2021-12-05,sagar_sandheads,23.3,low,58.7,2,DEMO_DATA,True
2021-12-06,sagar_sandheads,27.4,medium,62.0,3,DEMO_DATA,True
2021-12-07,sagar_sandheads,42.3,medium,73.8,5,DEMO_DATA,True
2021-12-08,sagar_sandheads,57.0,high,85.6,7,DEMO_DATA,True
2021-12-09,sagar_sandheads,55.3,high,84.2,6,DEMO_DATA,True
2021-12-10,sagar_sandheads,70.8,high,95.0,8,DEMO_DATA,True
2021-12-11,sagar_sandheads,71.1,high,95.0,8,DEMO_DATA,True
2021-12-12,sagar_sandheads,49.9,high,79.9,6,DEMO_DATA,True
2021-12-13,sagar_sandheads,38.4,medium,70.7,4,DEMO_DATA,True
2021-12-14,sagar_sandheads,25.8,medium,60.6,3,DEMO_DATA,True
2021-12-15,sagar_sandheads,36.0,medium,68.8,4,DEMO_DATA,True
2021-12-16,sagar_sandheads,29.4,medium,63.5,3,DEMO_DATA,True
2021-12-17,sagar_sandheads,24.5,medium,59.6,3,DEMO_DATA,True
2021-12-18,sagar_sandheads,26.9,medium,61.5,3,DEMO_DATA,True
2021-12-19,sagar_sandheads,20.2,low,56.1,2,DEMO_DATA,True
2021-12-20,sagar_sandheads,27.3,medium,61.8,3,DEMO_DATA,True
2021-12-21,sagar_sandheads,27.2,medium,61.8,3,DEMO_DATA,True
2021-12-22,sagar_sandheads,32.5,medium,66.0,4,DEMO_DATA,True
2021-12-23,sagar_sandheads,34.7,medium,67.8,4,DEMO_DATA,True
2021-12-24,sagar_sandheads,40.7,medium,72.6,5,DEMO_DATA,True
2021-12-25,sagar_sandheads,39.0,medium,71.2,4,DEMO_DATA,True
2021-12-26,sagar_sandheads,59.8,high,87.9,7,DEMO_DATA,True
2021-12-27,sagar_sandheads,83.6,high,95.0,10,DEMO_DATA,True
2021-12-28,sagar_sandheads,120.4,high,95.0,15,DEMO_DATA,True
2021-12-29,sagar_sandheads,84.9,high,95.0,10,DEMO_DATA,True
2021-12-30,sagar_sandheads,81.1,high,95.0,10,DEMO_DATA,True
2021-12-31,sagar_sandheads,74.7,high,95.0,9,DEMO_DATA,True
2022-01-01,sagar_sandheads,89.7,high,95.0,11,DEMO_DATA,True
2022-01-02,sagar_sandheads,112.9,high,95.0,14,DEMO_DATA,True
2022-01-03,sagar_sandheads,86.8,high,95.0,10,DEMO_DATA,True
2022-01-04,sagar_sandheads,82.6,high,95.0,10,DEMO_DATA,True
2022-01-05,sagar_sandheads,75.6,high,95.0,9,DEMO_DATA,True
2022-01-06,sagar_sandheads,71.4,high,95.0,8,DEMO_DATA,True
2022-01-07,sagar_sandheads,83.6,high,95.0,10,DEMO_DATA,True
2022-01-08,sagar_sandheads,74.2,high,95.0,9,DEMO_DATA,True
2022-01-09,sagar_sandheads,67.3,high,93.9,8,DEMO_DATA,True
2022-01-10,sagar_sandheads,47.8,medium,78.2,5,DEMO_DATA,True
2022-01-11,sagar_sandheads,51.5,high,81.2,6,DEMO_DATA,True
2022-01-12,sagar_sandheads,35.7,medium,68.6,4,DEMO_DATA,True
2022-01-13,sagar_sandheads,38.7,medium,71.0,4,DEMO_DATA,True
2022-01-14,sagar_sandheads,28.7,medium,62.9,3,DEMO_DATA,True
2022-01-15,sagar_sandheads,31.1,medium,64.9,3,DEMO_DATA,True
2022-01-16,sagar_sandheads,39.6,medium,71.6,4,DEMO_DATA,True
2022-01-17,sagar_sandheads,38.7,medium,71.0,4,DEMO_DATA,True
2022-01-18,sagar_sandheads,55.2,high,84.1,6,DEMO_DATA,True
2022-01-19,sagar_sandheads,61.8,high,89.4,7,DEMO_DATA,True
2022-01-20,sagar_sandheads,76.5,high,95.0,9,DEMO_DATA,True
2022-01-21,sagar_sandheads,74.7,high,95.0,9,DEMO_DATA,True
2022-01-22,sagar_sandheads,77.1,high,95.0,9,DEMO_DATA,True
2022-01-23,sagar_sandheads,74.0,high,95.0,9,DEMO_DATA,True
2022-01-24,sagar_sandheads,68.3,high,94.7,8,DEMO_DATA,True
2022-01-25,sagar_sandheads,75.7,high,95.0,9,DEMO_DATA,True
2022-01-26,sagar_sandheads,109.6,high,95.0,13,DEMO_DATA,True
2022-01-27,sagar_sandheads,56.0,high,84.8,6,DEMO_DATA,True
2022-01-28,sagar_sandheads,47.5,medium,78.0,5,DEMO_DATA,True
2022-01-29,sagar_sandheads,31.3,medium,65.0,3,DEMO_DATA,True
2022-01-30,sagar_sandheads,26.2,medium,60.9,3,DEMO_DATA,True
2022-01-31,sagar_sandheads,39.7,medium,71.7,4,DEMO_DATA,True
2022-02-01,sagar_sandheads,46.3,medium,77.0,5,DEMO_DATA,True
2022-02-02,sagar_sandheads,56.7,high,85.4,7,DEMO_DATA,True
2022-02-03,sagar_sandheads,42.7,medium,74.1,5,DEMO_DATA,True
2022-02-04,sagar_sandheads,39.0,medium,71.2,4,DEMO_DATA,True
2022-02-05,sagar_sandheads,34.3,medium,67.4,4,DEMO_DATA,True
2022-02-06,sagar_sandheads,42.0,medium,73.6,5,DEMO_DATA,True
2022-02-07,sagar_sandheads,51.6,high,81.3,6,DEMO_DATA,True
2022-02-08,sagar_sandheads,60.2,high,88.2,7,DEMO_DATA,True
2022-02-09,sagar_sandheads,74.3,high,95.0,9,DEMO_DATA,True
2022-02-10,sagar_sandheads,41.8,medium,73.5,5,DEMO_DATA,True
2022-02-11,sagar_sandheads,53.8,high,83.0,6,DEMO_DATA,True
2022-02-12,sagar_sandheads,50.7,high,80.6,6,DEMO_DATA,True
2022-02-13,sagar_sandheads,43.9,medium,75.1,5,DEMO_DATA,True
2022-02-14,sagar_sandheads,32.0,medium,65.6,4,DEMO_DATA,True
2022-02-15,sagar_sandheads,30.4,medium,64.3,3,DEMO_DATA,True
2022-02-16,sagar_sandheads,43.5,medium,74.8,5,DEMO_DATA,True
2022-02-17,sagar_sandheads,45.3,medium,76.2,5,DEMO_DATA,True
2022-02-18,sagar_sandheads,55.5,high,84.4,6,DEMO_DATA,True
2022-02-19,sagar_sandheads,46.9,medium,77.5,5,DEMO_DATA,True
2022-02-20,sagar_sandheads,40.7,medium,72.5,5,DEMO_DATA,True
2022-02-21,sagar_sandheads,29.5,medium,63.6,3,DEMO_DATA,True
2022-02-22,sagar_sandheads,34.8,medium,67.8,4,DEMO_DATA,True
2022-02-23,sagar_sandheads,36.6,medium,69.3,4,DEMO_DATA,True
2022-02-24,sagar_sandheads,35.9,medium,68.7,4,DEMO_DATA,True
2022-02-25,sagar_sandheads,41.4,medium,73.1,5,DEMO_DATA,True
2022-02-26,sagar_sandheads,26.6,medium,61.3,3,DEMO_DATA,True
2022-02-27,sagar_sandheads,41.4,medium,73.1,5,DEMO_DATA,True
2022-02-28,sagar_sandheads,42.4,medium,73.9,5,DEMO_DATA,True
2022-03-01,sagar_sandheads,42.1,medium,73.7,5,DEMO_DATA,True
2022-03-02,sagar_sandheads,32.2,medium,65.8,4,DEMO_DATA,True
2022-03-03,sagar_sandheads,30.6,medium,64.5,3,DEMO_DATA,True
2022-03-04,sagar_sandheads,32.9,medium,66.4,4,DEMO_DATA,True
2022-03-05,sagar_sandheads,43.3,medium,74.7,5,DEMO_DATA,True
2022-03-06,sagar_sandheads,39.5,medium,71.6,4,DEMO_DATA,True
2022-03-07,sagar_sandheads,42.2,medium,73.7,5,DEMO_DATA,True
2022-03-08,sagar_sandheads,35.4,medium,68.3,4,DEMO_DATA,True
2022-03-09,sagar_sandheads,39.2,medium,71.4,4,DEMO_DATA,True
2022-03-10,sagar_sandheads,36.0,medium,68.8,4,DEMO_DATA,True
2022-03-11,sagar_sandheads,53.6,high,82.9,6,DEMO_DATA,True
2022-03-12,sagar_sandheads,49.0,high,79.2,6,DEMO_DATA,True
2022-03-13,sagar_sandheads,47.1,medium,77.7,5,DEMO_DATA,True
2022-03-14,sagar_sandheads,26.3,medium,61.0,3,DEMO_DATA,True
2022-03-15,sagar_sandheads,38.7,medium,71.0,4,DEMO_DATA,True
2022-03-16,sagar_sandheads,33.0,medium,66.4,4,DEMO_DATA,True
2022-03-17,sagar_sandheads,31.1,medium,64.8,3,DEMO_DATA,True
2022-03-18,sagar_sandheads,30.6,medium,64.5,3,DEMO_DATA,True
2022-03-19,sagar_sandheads,36.7,medium,69.4,4,DEMO_DATA,True
2022-03-20,sagar_sandheads,38.8,medium,71.1,4,DEMO_DATA,True
2022-03-21,sagar_sandheads,21.5,low,57.2,2,DEMO_DATA,True
2022-03-22,sagar_sandheads,32.9,medium,66.3,4,DEMO_DATA,True
2022-03-23,sagar_sandheads,26.6,medium,61.3,3,DEMO_DATA,True
2022-03-24,sagar_sandheads,30.2,medium,64.2,3,DEMO_DATA,True
2022-03-25,sagar_sandheads,25.3,medium,60.2,3,DEMO_DATA,True
2022-03-26,sagar_sandheads,30.8,medium,64.6,3,DEMO_DATA,True
2022-03-27,sagar_sandheads,28.8,medium,63.1,3,DEMO_DATA,True
2022-03-28,sagar_sandheads,32.0,medium,65.6,3,DEMO_DATA,True
2022-03-29,sagar_sandheads,38.0,medium,70.4,4,DEMO_DATA,True
2022-03-30,sagar_sandheads,51.2,high,81.0,6,DEMO_DATA,True
2022-03-31,sagar_sandheads,16.5,low,53.2,2,DEMO_DATA,True
2022-04-01,sagar_sandheads,21.7,low,57.3,2,DEMO_DATA,True
2022-04-02,sagar_sandheads,16.6,low,53.3,2,DEMO_DATA,True
2022-04-03,sagar_sandheads,19.7,low,55.7,2,DEMO_DATA,True
2022-04-04,sagar_sandheads,31.1,medium,64.9,3,DEMO_DATA,True
2022-04-05,sagar_sandheads,33.2,medium,66.6,4,DEMO_DATA,True
2022-04-06,sagar_sandheads,26.9,medium,61.5,3,DEMO_DATA,True
2022-04-07,sagar_sandheads,28.5,medium,62.8,3,DEMO_DATA,True
2022-04-08,sagar_sandheads,38.6,medium,70.9,4,DEMO_DATA,True
2022-04-09,sagar_sandheads,26.6,medium,61.3,3,DEMO_DATA,True
2022-04-10,sagar_sandheads,26.1,medium,60.9,3,DEMO_DATA,True
2022-04-11,sagar_sandheads,45.2,medium,76.2,5,DEMO_DATA,True
2022-04-12,sagar_sandheads,45.2,medium,76.2,5,DEMO_DATA,True
2022-04-13,sagar_sandheads,40.3,medium,72.3,5,DEMO_DATA,True
2022-04-14,sagar_sandheads,38.8,medium,71.1,4,DEMO_DATA,True
2022-04-15,sagar_sandheads,29.0,medium,63.2,3,DEMO_DATA,True
2022-04-16,sagar_sandheads,34.8,medium,67.8,4,DEMO_DATA,True
2022-04-17,sagar_sandheads,46.9,medium,77.5,5,DEMO_DATA,True
2022-04-18,sagar_sandheads,47.7,medium,78.2,5,DEMO_DATA,True
2022-04-19,sagar_sandheads,39.7,medium,71.7,4,DEMO_DATA,True
2022-04-20,sagar_sandheads,34.6,medium,67.7,4,DEMO_DATA,True
2022-04-21,sagar_sandheads,43.4,medium,74.7,5,DEMO_DATA,True
2022-04-22,sagar_sandheads,50.4,high,80.3,6,DEMO_DATA,True
2022-04-23,sagar_sandheads,65.4,high,92.3,8,DEMO_DATA,True
2022-04-24,sagar_sandheads,63.1,high,90.5,7,DEMO_DATA,True
2022-04-25,sagar_sandheads,56.0,high,84.8,7,DEMO_DATA,True
2022-04-26,sagar_sandheads,48.9,high,79.1,6,DEMO_DATA,True
2022-04-27,sagar_sandheads,49.9,high,79.9,6,DEMO_DATA,True
2022-04-28,sagar_sandheads,68.6,high,94.9,8,DEMO_DATA,True
2022-04-29,sagar_sandheads,54.6,high,83.7,6,DEMO_DATA,True
2022-04-30,sagar_sandheads,62.3,high,89.8,7,DEMO_DATA,True
2022-05-01,sagar_sandheads,48.8,high,79.0,6,DEMO_DATA,True
2022-05-02,sagar_sandheads,47.3,medium,77.8,5,DEMO_DATA,True
2022-05-03,sagar_sandheads,42.9,medium,74.3,5,DEMO_DATA,True
2022-05-04,sagar_sandheads,39.8,medium,71.9,4,DEMO_DATA,True
2022-05-05,sagar_sandheads,58.2,high,86.6,7,DEMO_DATA,True
2022-05-06,sagar_sandheads,37.7,medium,70.2,4,DEMO_DATA,True
2022-05-07,sagar_sandheads,40.3,medium,72.2,5,DEMO_DATA,True
2022-05-08,sagar_sandheads,33.4,medium,66.7,4,DEMO_DATA,True
2022-05-09,sagar_sandheads,37.1,medium,69.6,4,DEMO_DATA,True
2022-05-10,sagar_sandheads,36.6,medium,69.3,4,DEMO_DATA,True
2022-05-11,sagar_sandheads,36.4,medium,69.1,4,DEMO_DATA,True
2022-05-12,sagar_sandheads,36.7,medium,69.4,4,DEMO_DATA,True
2022-05-13,sagar_sandheads,26.3,medium,61.0,3,DEMO_DATA,True
2022-05-14,sagar_sandheads,16.5,low,53.2,2,DEMO_DATA,True
2022-05-15,sagar_sandheads,16.5,low,53.2,2,DEMO_DATA,True
2022-05-16,sagar_sandheads,16.5,low,53.2,2,DEMO_DATA,True
2022-05-17,sagar_sandheads,16.5,low,53.2,2,DEMO_DATA,True
2022-05-18,sagar_sandheads,20.1,low,56.1,2,DEMO_DATA,True
2022-05-19,sagar_sandheads,19.8,low,55.9,2,DEMO_DATA,True
2022-05-20,sagar_sandheads,16.5,low,53.2,2,DEMO_DATA,True
2022-05-21,sagar_sandheads,16.5,low,53.2,2,DEMO_DATA,True
2022-05-22,sagar_sandheads,24.6,medium,59.6,3,DEMO_DATA,True
2022-05-23,sagar_sandheads,26.2,medium,60.9,3,DEMO_DATA,True
2022-05-24,sagar_sandheads,22.9,low,58.3,2,DEMO_DATA,True
2022-05-25,sagar_sandheads,17.5,low,54.0,2,DEMO_DATA,True
2022-05-26,sagar_sandheads,16.7,low,53.4,2,DEMO_DATA,True
2022-05-27,sagar_sandheads,20.2,low,56.2,2,DEMO_DATA,True
2022-05-28,sagar_sandheads,29.0,medium,63.2,3,DEMO_DATA,True
2022-05-29,sagar_sandheads,24.2,medium,59.3,3,DEMO_DATA,True
2022-05-30,sagar_sandheads,21.5,low,57.2,2,DEMO_DATA,True
2022-05-31,sagar_sandheads,26.5,medium,61.2,3,DEMO_DATA,True
2022-06-01,sagar_sandheads,39.4,medium,71.5,4,DEMO_DATA,True
2022-06-02,sagar_sandheads,38.0,medium,70.4,4,DEMO_DATA,True
2022-06-03,sagar_sandheads,27.3,medium,61.8,3,DEMO_DATA,True
2022-06-04,sagar_sandheads,27.3,medium,61.9,3,DEMO_DATA,True
2022-06-05,sagar_sandheads,27.1,medium,61.6,3,DEMO_DATA,True
2022-06-06,sagar_sandheads,40.8,medium,72.6,5,DEMO_DATA,True
2022-06-07,sagar_sandheads,27.5,medium,62.0,3,DEMO_DATA,True
2022-06-08,sagar_sandheads,27.5,medium,62.0,3,DEMO_DATA,True
2022-06-09,sagar_sandheads,25.9,medium,60.7,3,DEMO_DATA,True
2022-06-10,sagar_sandheads,21.2,low,57.0,2,DEMO_DATA,True
2022-06-11,sagar_sandheads,26.8,medium,61.4,3,DEMO_DATA,True
2022-06-12,sagar_sandheads,29.5,medium,63.6,3,DEMO_DATA,True
2022-06-13,sagar_sandheads,33.3,medium,66.6,4,DEMO_DATA,True
2022-06-14,sagar_sandheads,38.8,medium,71.0,4,DEMO_DATA,True
2022-06-15,sagar_sandheads,41.7,medium,73.4,5,DEMO_DATA,True
2022-06-16,sagar_sandheads,35.4,medium,68.4,4,DEMO_DATA,True
2022-06-17,sagar_sandheads,20.9,low,56.7,2,DEMO_DATA,True
2022-06-18,sagar_sandheads,23.2,low,58.6,2,DEMO_DATA,True
2022-06-19,sagar_sandheads,25.1,medium,60.1,3,DEMO_DATA,True
2022-06-20,sagar_sandheads,30.9,medium,64.7,3,DEMO_DATA,True
2022-06-21,sagar_sandheads,19.1,low,55.3,2,DEMO_DATA,True
2022-06-22,sagar_sandheads,16.5,low,53.2,2,DEMO_DATA,True
2022-06-23,sagar_sandheads,16.5,low,53.2,2,DEMO_DATA,True
2022-06-24,sagar_sandheads,24.6,medium,59.7,3,DEMO_DATA,True
2022-06-25,sagar_sandheads,25.3,medium,60.2,3,DEMO_DATA,True
2022-06-26,sagar_sandheads,24.4,medium,59.5,3,DEMO_DATA,True
2022-06-27,sagar_sandheads,16.5,low,53.2,2,DEMO_DATA,True
2022-06-28,sagar_sandheads,21.0,low,56.8,2,DEMO_DATA,True
2022-06-29,sagar_sandheads,22.6,low,58.1,2,DEMO_DATA,True
2022-06-30,sagar_sandheads,17.8,low,54.2,2,DEMO_DATA,True
2022-07-01,sagar_sandheads,26.9,medium,61.5,3,DEMO_DATA,True
2022-07-02,sagar_sandheads,29.5,medium,63.6,3,DEMO_DATA,True
2022-07-03,sagar_sandheads,41.7,medium,73.3,5,DEMO_DATA,True
2022-07-04,sagar_sandheads,33.2,medium,66.6,4,DEMO_DATA,True
2022-07-05,sagar_sandheads,24.3,medium,59.4,3,DEMO_DATA,True
2022-07-06,sagar_sandheads,28.7,medium,63.0,3,DEMO_DATA,True
2022-07-07,sagar_sandheads,43.4,medium,74.7,5,DEMO_DATA,True
2022-07-08,sagar_sandheads,40.0,medium,72.0,4,DEMO_DATA,True
2022-07-09,sagar_sandheads,42.1,medium,73.7,5,DEMO_DATA,True
2022-07-10,sagar_sandheads,52.0,high,81.6,6,DEMO_DATA,True
2022-07-11,sagar_sandheads,62.1,high,89.7,7,DEMO_DATA,True
2022-07-12,sagar_sandheads,43.4,medium,74.7,5,DEMO_DATA,True
2022-07-13,sagar_sandheads,45.7,medium,76.5,5,DEMO_DATA,True
2022-07-14,sagar_sandheads,33.6,medium,66.8,4,DEMO_DATA,True
2022-07-15,sagar_sandheads,41.3,medium,73.1,5,DEMO_DATA,True
2022-07-16,sagar_sandheads,48.7,high,79.0,6,DEMO_DATA,True
2022-07-17,sagar_sandheads,26.3,medium,61.0,3,DEMO_DATA,True
2022-07-18,sagar_sandheads,20.5,low,56.4,2,DEMO_DATA,True
2022-07-19,sagar_sandheads,20.8,low,56.6,2,DEMO_DATA,True
2022-07-20,sagar_sandheads,18.8,low,55.0,2,DEMO_DATA,True
2022-07-21,sagar_sandheads,29.8,medium,63.9,3,DEMO_DATA,True
2022-07-22,sagar_sandheads,33.7,medium,66.9,4,DEMO_DATA,True
2022-07-23,sagar_sandheads,34.4,medium,67.5,4,DEMO_DATA,True
2022-07-24,sagar_sandheads,51.8,high,81.4,6,DEMO_DATA,True
2022-07-25,sagar_sandheads,71.3,high,95.0,8,DEMO_DATA,True
2022-07-26,sagar_sandheads,73.8,high,95.0,9,DEMO_DATA,True
2022-07-27,sagar_sandheads,63.0,high,90.4,7,DEMO_DATA,True
2022-07-28,sagar_sandheads,68.9,high,95.0,8,DEMO_DATA,True
2022-07-29,sagar_sandheads,126.3,high,95.0,15,DEMO_DATA,True
2022-07-30,sagar_sandheads,121.8,high,95.0,15,DEMO_DATA,True
2022-07-31,sagar_sandheads,100.4,high,95.0,12,DEMO_DATA,True
2022-08-01,sagar_sandheads,87.9,high,95.0,10,DEMO_DATA,True
2022-08-02,sagar_sandheads,126.3,high,95.0,15,DEMO_DATA,True
2022-08-03,sagar_sandheads,111.9,high,95.0,13,DEMO_DATA,True
2022-08-04,sagar_sandheads,158.0,high,95.0,19,DEMO_DATA,True
2022-08-05,sagar_sandheads,139.3,high,95.0,17,DEMO_DATA,True
2022-08-06,sagar_sandheads,161.9,high,95.0,20,DEMO_DATA,True
2022-08-07,sagar_sandheads,84.7,high,95.0,10,DEMO_DATA,True
2022-08-08,sagar_sandheads,75.9,high,95.0,9,DEMO_DATA,True
2022-08-09,sagar_sandheads,47.8,medium,78.3,5,DEMO_DATA,True
2022-08-10,sagar_sandheads,40.2,medium,72.1,5,DEMO_DATA,True
2022-08-11,sagar_sandheads,51.9,high,81.5,6,DEMO_DATA,True
2022-08-12,sagar_sandheads,59.3,high,87.4,7,DEMO_DATA,True
2022-08-13,sagar_sandheads,51.4,high,81.1,6,DEMO_DATA,True
2022-08-14,sagar_sandheads,47.5,medium,78.0,5,DEMO_DATA,True
2022-08-15,sagar_sandheads,53.8,high,83.0,6,DEMO_DATA,True
2022-08-16,sagar_sandheads,47.1,medium,77.7,5,DEMO_DATA,True
2022-08-17,sagar_sandheads,65.6,high,92.5,8,DEMO_DATA,True
2022-08-18,sagar_sandheads,53.9,high,83.2,6,DEMO_DATA,True
2022-08-19,sagar_sandheads,82.8,high,95.0,10,DEMO_DATA,True
2022-08-20,sagar_sandheads,125.9,high,95.0,15,DEMO_DATA,True
2022-08-21,sagar_sandheads,154.9,high,95.0,19,DEMO_DATA,True
2022-08-22,sagar_sandheads,121.6,high,95.0,15,DEMO_DATA,True
2022-08-23,sagar_sandheads,142.1,high,95.0,17,DEMO_DATA,True
2022-08-24,sagar_sandheads,85.0,high,95.0,10,DEMO_DATA,True
2022-08-25,sagar_sandheads,56.2,high,84.9,7,DEMO_DATA,True
2022-08-26,sagar_sandheads,55.5,high,84.4,6,DEMO_DATA,True
2022-08-27,sagar_sandheads,59.1,high,87.3,7,DEMO_DATA,True
2022-08-28,sagar_sandheads,65.3,high,92.3,8,DEMO_DATA,True
2022-08-29,sagar_sandheads,82.9,high,95.0,10,DEMO_DATA,True
2022-08-30,sagar_sandheads,55.4,high,84.3,6,DEMO_DATA,True
2022-08-31,sagar_sandheads,65.2,high,92.2,8,DEMO_DATA,True
2022-09-01,sagar_sandheads,49.4,high,79.5,6,DEMO_DATA,True
2022-09-02,sagar_sandheads,51.0,high,80.8,6,DEMO_DATA,True
2022-09-03,sagar_sandheads,47.1,medium,77.7,5,DEMO_DATA,True
2022-09-04,sagar_sandheads,41.8,medium,73.5,5,DEMO_DATA,True
2022-09-05,sagar_sandheads,45.5,medium,76.4,5,DEMO_DATA,True
2022-09-06,sagar_sandheads,42.1,medium,73.7,5,DEMO_DATA,True
2022-09-07,sagar_sandheads,55.8,high,84.7,6,DEMO_DATA,True
2022-09-08,sagar_sandheads,33.3,medium,66.6,4,DEMO_DATA,True
2022-09-09,sagar_sandheads,41.3,medium,73.1,5,DEMO_DATA,True
2022-09-10,sagar_sandheads,41.6,medium,73.2,5,DEMO_DATA,True
2022-09-11,sagar_sandheads,29.9,medium,63.9,3,DEMO_DATA,True
2022-09-12,sagar_sandheads,21.6,low,57.3,2,DEMO_DATA,True
2022-09-13,sagar_sandheads,19.2,low,55.3,2,DEMO_DATA,True
2022-09-14,sagar_sandheads,20.5,low,56.4,2,DEMO_DATA,True
2022-09-15,sagar_sandheads,26.9,medium,61.6,3,DEMO_DATA,True
2022-09-16,sagar_sandheads,28.4,medium,62.8,3,DEMO_DATA,True
2022-09-17,sagar_sandheads,45.1,medium,76.1,5,DEMO_DATA,True
2022-09-18,sagar_sandheads,37.1,medium,69.7,4,DEMO_DATA,True
2022-09-19,sagar_sandheads,60.6,high,88.5,7,DEMO_DATA,True
2022-09-20,sagar_sandheads,30.4,medium,64.3,3,DEMO_DATA,True
2022-09-21,sagar_sandheads,27.6,medium,62.1,3,DEMO_DATA,True
2022-09-22,sagar_sandheads,32.1,medium,65.7,4,DEMO_DATA,True
2022-09-23,sagar_sandheads,33.7,medium,67.0,4,DEMO_DATA,True
2022-09-24,sagar_sandheads,28.3,medium,62.7,3,DEMO_DATA,True
2022-09-25,sagar_sandheads,35.4,medium,68.3,4,DEMO_DATA,True
2022-09-26,sagar_sandheads,34.3,medium,67.4,4,DEMO_DATA,True
2022-09-27,sagar_sandheads,37.8,medium,70.2,4,DEMO_DATA,True
2022-09-28,sagar_sandheads,33.0,medium,66.4,4,DEMO_DATA,True
2022-09-29,sagar_sandheads,53.8,high,83.0,6,DEMO_DATA,True
2022-09-30,sagar_sandheads,26.3,medium,61.1,3,DEMO_DATA,True
2022-10-01,sagar_sandheads,18.9,low,55.1,2,DEMO_DATA,True
2022-10-02,sagar_sandheads,25.6,medium,60.5,3,DEMO_DATA,True
2022-10-03,sagar_sandheads,25.3,medium,60.2,3,DEMO_DATA,True
2022-10-04,sagar_sandheads,29.0,medium,63.2,3,DEMO_DATA,True
2022-10-05,sagar_sandheads,54.8,high,83.8,6,DEMO_DATA,True
2022-10-06,sagar_sandheads,90.0,high,95.0,11,DEMO_DATA,True
2022-10-07,sagar_sandheads,91.5,high,95.0,11,DEMO_DATA,True
2022-10-08,sagar_sandheads,72.9,high,95.0,9,DEMO_DATA,True
2022-10-09,sagar_sandheads,74.1,high,95.0,9,DEMO_DATA,True
2022-10-10,sagar_sandheads,81.7,high,95.0,10,DEMO_DATA,True
2022-10-11,sagar_sandheads,79.7,high,95.0,9,DEMO_DATA,True
2022-10-12,sagar_sandheads,61.9,high,89.5,7,DEMO_DATA,True
2022-10-13,sagar_sandheads,33.4,medium,66.7,4,DEMO_DATA,True
2022-10-14,sagar_sandheads,20.0,low,56.0,2,DEMO_DATA,True
2022-10-15,sagar_sandheads,18.9,low,55.1,2,DEMO_DATA,True
2022-10-16,sagar_sandheads,27.0,medium,61.6,3,DEMO_DATA,True
2022-10-17,sagar_sandheads,32.7,medium,66.1,4,DEMO_DATA,True
2022-10-18,sagar_sandheads,28.8,medium,63.1,3,DEMO_DATA,True
2022-10-19,sagar_sandheads,29.4,medium,63.5,3,DEMO_DATA,True
2022-10-20,sagar_sandheads,21.8,low,57.5,2,DEMO_DATA,True
2022-10-21,sagar_sandheads,18.9,low,55.1,2,DEMO_DATA,True
2022-10-22,sagar_sandheads,22.4,low,57.9,2,DEMO_DATA,True
2022-10-23,sagar_sandheads,30.6,medium,64.5,3,DEMO_DATA,True
2022-10-24,sagar_sandheads,29.2,medium,63.4,3,DEMO_DATA,True
2022-10-25,sagar_sandheads,20.0,low,56.0,2,DEMO_DATA,True
2022-10-26,sagar_sandheads,16.7,low,53.3,2,DEMO_DATA,True
2022-10-27,sagar_sandheads,19.0,low,55.2,2,DEMO_DATA,True
2022-10-28,sagar_sandheads,19.1,low,55.3,2,DEMO_DATA,True
2022-10-29,sagar_sandheads,20.1,low,56.1,2,DEMO_DATA,True
2022-10-30,sagar_sandheads,21.1,low,56.9,2,DEMO_DATA,True
2022-10-31,sagar_sandheads,18.1,low,54.4,2,DEMO_DATA,True
2022-11-01,sagar_sandheads,16.5,low,53.2,2,DEMO_DATA,True
2022-11-02,sagar_sandheads,17.9,low,54.3,2,DEMO_DATA,True
2022-11-03,sagar_sandheads,20.9,low,56.7,2,DEMO_DATA,True
2022-11-04,sagar_sandheads,18.3,low,54.6,2,DEMO_DATA,True
2022-11-05,sagar_sandheads,21.3,low,57.0,2,DEMO_DATA,True
2022-11-06,sagar_sandheads,29.4,medium,63.5,3,DEMO_DATA,True
2022-11-07,sagar_sandheads,35.7,medium,68.6,4,DEMO_DATA,True
2022-11-08,sagar_sandheads,38.9,medium,71.1,4,DEMO_DATA,True
2022-11-09,sagar_sandheads,36.2,medium,69.0,4,DEMO_DATA,True
2022-11-10,sagar_sandheads,36.5,medium,69.2,4,DEMO_DATA,True
2022-11-11,sagar_sandheads,25.1,medium,60.1,3,DEMO_DATA,True
2022-11-12,sagar_sandheads,25.4,medium,60.3,3,DEMO_DATA,True
2022-11-13,sagar_sandheads,25.7,medium,60.6,3,DEMO_DATA,True
2022-11-14,sagar_sandheads,27.6,medium,62.1,3,DEMO_DATA,True
2022-11-15,sagar_sandheads,23.6,low,58.9,2,DEMO_DATA,True
2022-11-16,sagar_sandheads,16.5,low,53.2,2,DEMO_DATA,True
2022-11-17,sagar_sandheads,16.5,low,53.2,2,DEMO_DATA,True
2022-11-18,sagar_sandheads,16.5,low,53.2,2,DEMO_DATA,True
2022-11-19,sagar_sandheads,21.1,low,56.9,2,DEMO_DATA,True
2022-11-20,sagar_sandheads,20.8,low,56.7,2,DEMO_DATA,True
2022-11-21,sagar_sandheads,18.6,low,54.9,2,DEMO_DATA,True
2022-11-22,sagar_sandheads,18.8,low,55.1,2,DEMO_DATA,True
2022-11-23,sagar_sandheads,16.5,low,53.2,2,DEMO_DATA,True
2022-11-24,sagar_sandheads,23.4,low,58.8,2,DEMO_DATA,True
2022-11-25,sagar_sandheads,20.8,low,56.7,2,DEMO_DATA,True
2022-11-26,sagar_sandheads,30.7,medium,64.5,3,DEMO_DATA,True
2022-11-27,sagar_sandheads,34.9,medium,67.9,4,DEMO_DATA,True
2022-11-28,sagar_sandheads,45.2,medium,76.2,5,DEMO_DATA,True
2022-11-29,sagar_sandheads,31.2,medium,65.0,3,DEMO_DATA,True
2022-11-30,sagar_sandheads,28.2,medium,62.5,3,DEMO_DATA,True
2022-12-01,sagar_sandheads,32.0,medium,65.6,4,DEMO_DATA,True
2022-12-02,sagar_sandheads,32.8,medium,66.3,4,DEMO_DATA,True
2022-12-03,sagar_sandheads,31.4,medium,65.1,3,DEMO_DATA,True
2022-12-04,sagar_sandheads,30.2,medium,64.1,3,DEMO_DATA,True
2022-12-05,sagar_sandheads,25.0,medium,60.0,3,DEMO_DATA,True
2022-12-06,sagar_sandheads,23.8,low,59.0,2,DEMO_DATA,True
2022-12-07,sagar_sandheads,17.7,low,54.2,2,DEMO_DATA,True
2022-12-08,sagar_sandheads,16.8,low,53.4,2,DEMO_DATA,True
2022-12-09,sagar_sandheads,18.0,low,54.4,2,DEMO_DATA,True
2022-12-10,sagar_sandheads,16.5,low,53.2,2,DEMO_DATA,True
2022-12-11,sagar_sandheads,22.0,low,57.6,2,DEMO_DATA,True
2022-12-12,sagar_sandheads,22.5,low,58.0,2,DEMO_DATA,True
2022-12-13,sagar_sandheads,24.4,medium,59.5,3,DEMO_DATA,True
2022-12-14,sagar_sandheads,25.4,medium,60.3,3,DEMO_DATA,True
2022-12-15,sagar_sandheads,21.4,low,57.1,2,DEMO_DATA,True
2022-12-16,sagar_sandheads,23.7,low,59.0,2,DEMO_DATA,True
2022-12-17,sagar_sandheads,20.6,low,56.5,2,DEMO_DATA,True
2022-12-18,sagar_sandheads,16.5,low,53.2,2,DEMO_DATA,True
2022-12-19,sagar_sandheads,21.6,low,57.3,2,DEMO_DATA,True
2022-12-20,sagar_sandheads,25.5,medium,60.4,3,DEMO_DATA,True
2022-12-21,sagar_sandheads,24.6,medium,59.7,3,DEMO_DATA,True
2022-12-22,sagar_sandheads,25.8,medium,60.6,3,DEMO_DATA,True
2022-12-23,sagar_sandheads,36.8,medium,69.5,4,DEMO_DATA,True
2022-12-24,sagar_sandheads,26.8,medium,61.4,3,DEMO_DATA,True
2022-12-25,sagar_sandheads,34.7,medium,67.8,4,DEMO_DATA,True
2022-12-26,sagar_sandheads,25.3,medium,60.3,3,DEMO_DATA,True
2022-12-27,sagar_sandheads,34.7,medium,67.8,4,DEMO_DATA,True
2022-12-28,sagar_sandheads,36.3,medium,69.1,4,DEMO_DATA,True
2022-12-29,sagar_sandheads,35.3,medium,68.2,4,DEMO_DATA,True
2022-12-30,sagar_sandheads,42.5,medium,74.0,5,DEMO_DATA,True
2022-12-31,sagar_sandheads,34.8,medium,67.9,4,DEMO_DATA,True
2023-01-01,sagar_sandheads,45.3,medium,76.2,5,DEMO_DATA,True
2023-01-02,sagar_sandheads,30.5,medium,64.4,3,DEMO_DATA,True
2023-01-03,sagar_sandheads,18.1,low,54.4,2,DEMO_DATA,True
2023-01-04,sagar_sandheads,18.4,low,54.7,2,DEMO_DATA,True
2023-01-05,sagar_sandheads,16.5,low,53.2,2,DEMO_DATA,True
2023-01-06,sagar_sandheads,20.7,low,56.6,2,DEMO_DATA,True
2023-01-07,sagar_sandheads,25.2,medium,60.2,3,DEMO_DATA,True
2023-01-08,sagar_sandheads,16.5,low,53.2,2,DEMO_DATA,True
2023-01-09,sagar_sandheads,20.6,low,56.5,2,DEMO_DATA,True
2023-01-10,sagar_sandheads,16.8,low,53.4,2,DEMO_DATA,True
2023-01-11,sagar_sandheads,16.5,low,53.2,2,DEMO_DATA,True
2023-01-12,sagar_sandheads,24.5,medium,59.6,3,DEMO_DATA,True
2023-01-13,sagar_sandheads,33.6,medium,66.9,4,DEMO_DATA,True
2023-01-14,sagar_sandheads,38.4,medium,70.7,4,DEMO_DATA,True
2023-01-15,sagar_sandheads,37.6,medium,70.1,4,DEMO_DATA,True
2023-01-16,sagar_sandheads,40.0,medium,72.0,4,DEMO_DATA,True
2023-01-17,sagar_sandheads,32.2,medium,65.7,4,DEMO_DATA,True
2023-01-18,sagar_sandheads,37.2,medium,69.7,4,DEMO_DATA,True
2023-01-19,sagar_sandheads,41.9,medium,73.6,5,DEMO_DATA,True
2023-01-20,sagar_sandheads,34.2,medium,67.4,4,DEMO_DATA,True
2023-01-21,sagar_sandheads,41.6,medium,73.3,5,DEMO_DATA,True
2023-01-22,sagar_sandheads,51.6,high,81.3,6,DEMO_DATA,True
2023-01-23,sagar_sandheads,39.4,medium,71.5,4,DEMO_DATA,True
2023-01-24,sagar_sandheads,54.2,high,83.3,6,DEMO_DATA,True
2023-01-25,sagar_sandheads,53.8,high,83.0,6,DEMO_DATA,True
2023-01-26,sagar_sandheads,62.5,high,90.0,7,DEMO_DATA,True
2023-01-27,sagar_sandheads,54.5,high,83.6,6,DEMO_DATA,True
2023-01-28,sagar_sandheads,54.7,high,83.8,6,DEMO_DATA,True
2023-01-29,sagar_sandheads,68.5,high,94.8,8,DEMO_DATA,True
2023-01-30,sagar_sandheads,48.3,high,78.6,6,DEMO_DATA,True
2023-01-31,sagar_sandheads,34.9,medium,67.9,4,DEMO_DATA,True
2023-02-01,sagar_sandheads,32.7,medium,66.1,4,DEMO_DATA,True
2023-02-02,sagar_sandheads,36.4,medium,69.2,4,DEMO_DATA,True
2023-02-03,sagar_sandheads,27.7,medium,62.2,3,DEMO_DATA,True
2023-02-04,sagar_sandheads,28.4,medium,62.7,3,DEMO_DATA,True
2023-02-05,sagar_sandheads,43.2,medium,74.6,5,DEMO_DATA,True
2023-02-06,sagar_sandheads,44.5,medium,75.6,5,DEMO_DATA,True
2023-02-07,sagar_sandheads,54.2,high,83.4,6,DEMO_DATA,True
2023-02-08,sagar_sandheads,50.6,high,80.4,6,DEMO_DATA,True
2023-02-09,sagar_sandheads,41.8,medium,73.4,5,DEMO_DATA,True
2023-02-10,sagar_sandheads,40.1,medium,72.1,5,DEMO_DATA,True
2023-02-11,sagar_sandheads,40.3,medium,72.2,5,DEMO_DATA,True
2023-02-12,sagar_sandheads,46.0,medium,76.8,5,DEMO_DATA,True
2023-02-13,sagar_sandheads,33.0,medium,66.4,4,DEMO_DATA,True
2023-02-14,sagar_sandheads,31.4,medium,65.1,3,DEMO_DATA,True
2023-02-15,sagar_sandheads,42.1,medium,73.6,5,DEMO_DATA,True
2023-02-16,sagar_sandheads,44.2,medium,75.4,5,DEMO_DATA,True
2023-02-17,sagar_sandheads,40.3,medium,72.2,5,DEMO_DATA,True
2023-02-18,sagar_sandheads,42.6,medium,74.1,5,DEMO_DATA,True
2023-02-19,sagar_sandheads,37.5,medium,70.0,4,DEMO_DATA,True
2023-02-20,sagar_sandheads,44.6,medium,75.7,5,DEMO_DATA,True
2023-02-21,sagar_sandheads,46.7,medium,77.4,5,DEMO_DATA,True
2023-02-22,sagar_sandheads,51.0,high,80.8,6,DEMO_DATA,True
2023-02-23,sagar_sandheads,69.2,high,95.0,8,DEMO_DATA,True
2023-02-24,sagar_sandheads,48.1,high,78.5,6,DEMO_DATA,True
2023-02-25,sagar_sandheads,32.3,medium,65.8,4,DEMO_DATA,True
2023-02-26,sagar_sandheads,39.7,medium,71.7,4,DEMO_DATA,True
2023-02-27,sagar_sandheads,29.5,medium,63.6,3,DEMO_DATA,True
2023-02-28,sagar_sandheads,27.4,medium,61.9,3,DEMO_DATA,True
2023-03-01,sagar_sandheads,29.5,medium,63.6,3,DEMO_DATA,True
2023-03-02,sagar_sandheads,30.5,medium,64.4,3,DEMO_DATA,True
2023-03-03,sagar_sandheads,35.6,medium,68.5,4,DEMO_DATA,True
2023-03-04,sagar_sandheads,29.3,medium,63.5,3,DEMO_DATA,True
2023-03-05,sagar_sandheads,28.6,medium,62.9,3,DEMO_DATA,True
2023-03-06,sagar_sandheads,24.9,medium,59.9,3,DEMO_DATA,True
2023-03-07,sagar_sandheads,32.8,medium,66.2,4,DEMO_DATA,True
2023-03-08,sagar_sandheads,30.1,medium,64.1,3,DEMO_DATA,True
2023-03-09,sagar_sandheads,18.5,low,54.8,2,DEMO_DATA,True
2023-03-10,sagar_sandheads,16.5,low,53.2,2,DEMO_DATA,True
2023-03-11,sagar_sandheads,16.5,low,53.2,2,DEMO_DATA,True
2023-03-12,sagar_sandheads,17.1,low,53.7,2,DEMO_DATA,True
2023-03-13,sagar_sandheads,16.5,low,53.2,2,DEMO_DATA,True
2023-03-14,sagar_sandheads,20.0,low,56.0,2,DEMO_DATA,True
2023-03-15,sagar_sandheads,22.9,low,58.3,2,DEMO_DATA,True
2023-03-16,sagar_sandheads,32.8,medium,66.2,4,DEMO_DATA,True
2023-03-17,sagar_sandheads,28.8,medium,63.0,3,DEMO_DATA,True
2023-03-18,sagar_sandheads,16.8,low,53.4,2,DEMO_DATA,True
2023-03-19,sagar_sandheads,19.9,low,55.9,2,DEMO_DATA,True
2023-03-20,sagar_sandheads,16.8,low,53.4,2,DEMO_DATA,True
2023-03-21,sagar_sandheads,21.8,low,57.5,2,DEMO_DATA,True
2023-03-22,sagar_sandheads,23.5,low,58.8,2,DEMO_DATA,True
2023-03-23,sagar_sandheads,31.6,medium,65.3,3,DEMO_DATA,True
2023-03-24,sagar_sandheads,32.3,medium,65.8,4,DEMO_DATA,True
2023-03-25,sagar_sandheads,38.8,medium,71.1,4,DEMO_DATA,True
2023-03-26,sagar_sandheads,34.7,medium,67.7,4,DEMO_DATA,True
2023-03-27,sagar_sandheads,32.6,medium,66.0,4,DEMO_DATA,True
2023-03-28,sagar_sandheads,51.4,high,81.1,6,DEMO_DATA,True
2023-03-29,sagar_sandheads,32.7,medium,66.2,4,DEMO_DATA,True
2023-03-30,sagar_sandheads,24.1,medium,59.3,3,DEMO_DATA,True
2023-03-31,sagar_sandheads,27.5,medium,62.0,3,DEMO_DATA,True
2023-04-01,sagar_sandheads,36.5,medium,69.2,4,DEMO_DATA,True
2023-04-02,sagar_sandheads,26.9,medium,61.5,3,DEMO_DATA,True
2023-04-03,sagar_sandheads,34.4,medium,67.5,4,DEMO_DATA,True
2023-04-04,sagar_sandheads,48.5,high,78.8,6,DEMO_DATA,True
2023-04-05,sagar_sandheads,35.7,medium,68.6,4,DEMO_DATA,True
2023-04-06,sagar_sandheads,34.0,medium,67.2,4,DEMO_DATA,True
2023-04-07,sagar_sandheads,28.6,medium,62.9,3,DEMO_DATA,True
2023-04-08,sagar_sandheads,33.4,medium,66.7,4,DEMO_DATA,True
2023-04-09,sagar_sandheads,43.4,medium,74.7,5,DEMO_DATA,True
2023-04-10,sagar_sandheads,50.4,high,80.3,6,DEMO_DATA,True
2023-04-11,sagar_sandheads,71.3,high,95.0,8,DEMO_DATA,True
2023-04-12,sagar_sandheads,85.9,high,95.0,10,DEMO_DATA,True
2023-04-13,sagar_sandheads,60.9,high,88.8,7,DEMO_DATA,True
2023-04-14,sagar_sandheads,19.6,low,55.6,2,DEMO_DATA,True
2023-04-15,sagar_sandheads,24.2,medium,59.4,3,DEMO_DATA,True
2023-04-16,sagar_sandheads,33.9,medium,67.1,4,DEMO_DATA,True
2023-04-17,sagar_sandheads,20.5,low,56.4,2,DEMO_DATA,True
2023-04-18,sagar_sandheads,18.9,low,55.1,2,DEMO_DATA,True
2023-04-19,sagar_sandheads,22.5,low,58.0,2,DEMO_DATA,True
2023-04-20,sagar_sandheads,25.9,medium,60.7,3,DEMO_DATA,True
2023-04-21,sagar_sandheads,35.0,medium,68.0,4,DEMO_DATA,True
2023-04-22,sagar_sandheads,28.1,medium,62.5,3,DEMO_DATA,True
2023-04-23,sagar_sandheads,18.9,low,55.1,2,DEMO_DATA,True
2023-04-24,sagar_sandheads,30.8,medium,64.6,3,DEMO_DATA,True
2023-04-25,sagar_sandheads,23.5,low,58.8,2,DEMO_DATA,True
2023-04-26,sagar_sandheads,19.5,low,55.6,2,DEMO_DATA,True
2023-04-27,sagar_sandheads,22.1,low,57.7,2,DEMO_DATA,True
2023-04-28,sagar_sandheads,16.5,low,53.2,2,DEMO_DATA,True
2023-04-29,sagar_sandheads,16.5,low,53.2,2,DEMO_DATA,True
2023-04-30,sagar_sandheads,17.4,low,53.9,2,DEMO_DATA,True
2023-05-01,sagar_sandheads,23.2,low,58.6,2,DEMO_DATA,True
2023-05-02,sagar_sandheads,28.8,medium,63.0,3,DEMO_DATA,True
2023-05-03,sagar_sandheads,17.5,low,54.0,2,DEMO_DATA,True
2023-05-04,sagar_sandheads,18.2,low,54.5,2,DEMO_DATA,True
2023-05-05,sagar_sandheads,21.4,low,57.2,2,DEMO_DATA,True
2023-05-06,sagar_sandheads,16.9,low,53.5,2,DEMO_DATA,True
2023-05-07,sagar_sandheads,25.2,medium,60.2,3,DEMO_DATA,True
2023-05-08,sagar_sandheads,35.9,medium,68.8,4,DEMO_DATA,True
2023-05-09,sagar_sandheads,35.4,medium,68.4,4,DEMO_DATA,True
2023-05-10,sagar_sandheads,37.9,medium,70.3,4,DEMO_DATA,True
2023-05-11,sagar_sandheads,39.2,medium,71.4,4,DEMO_DATA,True
2023-05-12,sagar_sandheads,45.9,medium,76.7,5,DEMO_DATA,True
2023-05-13,sagar_sandheads,45.0,medium,76.0,5,DEMO_DATA,True
2023-05-14,sagar_sandheads,34.6,medium,67.7,4,DEMO_DATA,True
2023-05-15,sagar_sandheads,39.9,medium,72.0,4,DEMO_DATA,True
2023-05-16,sagar_sandheads,57.4,high,85.9,7,DEMO_DATA,True
2023-05-17,sagar_sandheads,67.5,high,94.0,8,DEMO_DATA,True
2023-05-18,sagar_sandheads,59.9,high,87.9,7,DEMO_DATA,True
2023-05-19,sagar_sandheads,51.9,high,81.6,6,DEMO_DATA,True
2023-05-20,sagar_sandheads,37.5,medium,70.0,4,DEMO_DATA,True
2023-05-21,sagar_sandheads,28.9,medium,63.1,3,DEMO_DATA,True
2023-05-22,sagar_sandheads,36.7,medium,69.4,4,DEMO_DATA,True
2023-05-23,sagar_sandheads,30.4,medium,64.3,3,DEMO_DATA,True
2023-05-24,sagar_sandheads,37.1,medium,69.7,4,DEMO_DATA,True
2023-05-25,sagar_sandheads,43.5,medium,74.8,5,DEMO_DATA,True
2023-05-26,sagar_sandheads,43.3,medium,74.7,5,DEMO_DATA,True
2023-05-27,sagar_sandheads,41.0,medium,72.8,5,DEMO_DATA,True
2023-05-28,sagar_sandheads,64.7,high,91.8,8,DEMO_DATA,True
2023-05-29,sagar_sandheads,90.2,high,95.0,11,DEMO_DATA,True
2023-05-30,sagar_sandheads,67.7,high,94.1,8,DEMO_DATA,True
2023-05-31,sagar_sandheads,56.9,high,85.5,7,DEMO_DATA,True
2023-06-01,sagar_sandheads,76.9,high,95.0,9,DEMO_DATA,True
2023-06-02,sagar_sandheads,54.0,high,83.2,6,DEMO_DATA,True
2023-06-03,sagar_sandheads,52.0,high,81.6,6,DEMO_DATA,True
2023-06-04,sagar_sandheads,45.7,medium,76.6,5,DEMO_DATA,True
2023-06-05,sagar_sandheads,46.3,medium,77.1,5,DEMO_DATA,True
2023-06-06,sagar_sandheads,42.1,medium,73.7,5,DEMO_DATA,True
2023-06-07,sagar_sandheads,51.0,high,80.8,6,DEMO_DATA,True
2023-06-08,sagar_sandheads,67.6,high,94.1,8,DEMO_DATA,True
2023-06-09,sagar_sandheads,54.2,high,83.4,6,DEMO_DATA,True
2023-06-10,sagar_sandheads,62.2,high,89.8,7,DEMO_DATA,True
2023-06-11,sagar_sandheads,76.2,high,95.0,9,DEMO_DATA,True
2023-06-12,sagar_sandheads,47.2,medium,77.8,5,DEMO_DATA,True
2023-06-13,sagar_sandheads,47.1,medium,77.7,5,DEMO_DATA,True
2023-06-14,sagar_sandheads,40.6,medium,72.5,5,DEMO_DATA,True
2023-06-15,sagar_sandheads,34.8,medium,67.8,4,DEMO_DATA,True
2023-06-16,sagar_sandheads,34.9,medium,67.9,4,DEMO_DATA,True
2023-06-17,sagar_sandheads,41.7,medium,73.4,5,DEMO_DATA,True
2023-06-18,sagar_sandheads,53.6,high,82.9,6,DEMO_DATA,True
2023-06-19,sagar_sandheads,64.7,high,91.7,8,DEMO_DATA,True
2023-06-20,sagar_sandheads,76.5,high,95.0,9,DEMO_DATA,True
2023-06-21,sagar_sandheads,81.6,high,95.0,10,DEMO_DATA,True
2023-06-22,sagar_sandheads,80.8,high,95.0,10,DEMO_DATA,True
2023-06-23,sagar_sandheads,82.9,high,95.0,10,DEMO_DATA,True
2023-06-24,sagar_sandheads,30.8,medium,64.6,3,DEMO_DATA,True
2023-06-25,sagar_sandheads,28.7,medium,62.9,3,DEMO_DATA,True
2023-06-26,sagar_sandheads,39.4,medium,71.5,4,DEMO_DATA,True
2023-06-27,sagar_sandheads,35.1,medium,68.1,4,DEMO_DATA,True
2023-06-28,sagar_sandheads,19.4,low,55.6,2,DEMO_DATA,True
2023-06-29,sagar_sandheads,32.9,medium,66.4,4,DEMO_DATA,True
2023-06-30,sagar_sandheads,29.2,medium,63.4,3,DEMO_DATA,True
2023-07-01,sagar_sandheads,34.0,medium,67.2,4,DEMO_DATA,True
2023-07-02,sagar_sandheads,60.2,high,88.1,7,DEMO_DATA,True
2023-07-03,sagar_sandheads,57.5,high,86.0,7,DEMO_DATA,True
2023-07-04,sagar_sandheads,54.5,high,83.6,6,DEMO_DATA,True
2023-07-05,sagar_sandheads,67.3,high,93.8,8,DEMO_DATA,True
2023-07-06,sagar_sandheads,88.7,high,95.0,11,DEMO_DATA,True
2023-07-07,sagar_sandheads,116.3,high,95.0,14,DEMO_DATA,True
2023-07-08,sagar_sandheads,43.6,medium,74.9,5,DEMO_DATA,True
2023-07-09,sagar_sandheads,26.6,medium,61.3,3,DEMO_DATA,True
2023-07-10,sagar_sandheads,35.0,medium,68.0,4,DEMO_DATA,True
2023-07-11,sagar_sandheads,40.2,medium,72.2,5,DEMO_DATA,True
2023-07-12,sagar_sandheads,37.5,medium,70.0,4,DEMO_DATA,True
2023-07-13,sagar_sandheads,44.5,medium,75.6,5,DEMO_DATA,True
2023-07-14,sagar_sandheads,36.4,medium,69.1,4,DEMO_DATA,True
2023-07-15,sagar_sandheads,45.9,medium,76.7,5,DEMO_DATA,True
2023-07-16,sagar_sandheads,22.5,low,58.0,2,DEMO_DATA,True
2023-07-17,sagar_sandheads,21.9,low,57.6,2,DEMO_DATA,True
2023-07-18,sagar_sandheads,25.7,medium,60.5,3,DEMO_DATA,True
2023-07-19,sagar_sandheads,27.9,medium,62.4,3,DEMO_DATA,True
2023-07-20,sagar_sandheads,33.6,medium,66.9,4,DEMO_DATA,True
2023-07-21,sagar_sandheads,30.4,medium,64.3,3,DEMO_DATA,True
2023-07-22,sagar_sandheads,32.0,medium,65.6,3,DEMO_DATA,True
2023-07-23,sagar_sandheads,34.8,medium,67.9,4,DEMO_DATA,True
2023-07-24,sagar_sandheads,45.9,medium,76.7,5,DEMO_DATA,True
2023-07-25,sagar_sandheads,26.5,medium,61.2,3,DEMO_DATA,True
2023-07-26,sagar_sandheads,29.1,medium,63.2,3,DEMO_DATA,True
2023-07-27,sagar_sandheads,24.6,medium,59.6,3,DEMO_DATA,True
2023-07-28,sagar_sandheads,27.3,medium,61.9,3,DEMO_DATA,True
2023-07-29,sagar_sandheads,39.3,medium,71.5,4,DEMO_DATA,True
2023-07-30,sagar_sandheads,38.0,medium,70.4,4,DEMO_DATA,True
2023-07-31,sagar_sandheads,43.0,medium,74.4,5,DEMO_DATA,True
2023-08-01,sagar_sandheads,43.6,medium,74.9,5,DEMO_DATA,True
2023-08-02,sagar_sandheads,26.2,medium,61.0,3,DEMO_DATA,True
2023-08-03,sagar_sandheads,34.3,medium,67.5,4,DEMO_DATA,True
2023-08-04,sagar_sandheads,48.7,high,79.0,6,DEMO_DATA,True
2023-08-05,sagar_sandheads,40.4,medium,72.3,5,DEMO_DATA,True
2023-08-06,sagar_sandheads,38.1,medium,70.4,4,DEMO_DATA,True
2023-08-07,sagar_sandheads,38.1,medium,70.5,4,DEMO_DATA,True
2023-08-08,sagar_sandheads,54.3,high,83.5,6,DEMO_DATA,True
2023-08-09,sagar_sandheads,46.3,medium,77.0,5,DEMO_DATA,True
2023-08-10,sagar_sandheads,45.0,medium,76.0,5,DEMO_DATA,True
2023-08-11,sagar_sandheads,53.3,high,82.6,6,DEMO_DATA,True
2023-08-12,sagar_sandheads,36.6,medium,69.2,4,DEMO_DATA,True
2023-08-13,sagar_sandheads,51.7,high,81.4,6,DEMO_DATA,True
2023-08-14,sagar_sandheads,40.5,medium,72.4,5,DEMO_DATA,True
2023-08-15,sagar_sandheads,36.7,medium,69.4,4,DEMO_DATA,True
2023-08-16,sagar_sandheads,52.7,high,82.2,6,DEMO_DATA,True
2023-08-17,sagar_sandheads,37.7,medium,70.1,4,DEMO_DATA,True
2023-08-18,sagar_sandheads,33.0,medium,66.4,4,DEMO_DATA,True
2023-08-19,sagar_sandheads,39.7,medium,71.7,4,DEMO_DATA,True
2023-08-20,sagar_sandheads,61.2,high,89.0,7,DEMO_DATA,True
2023-08-21,sagar_sandheads,59.4,high,87.6,7,DEMO_DATA,True
2023-08-22,sagar_sandheads,63.4,high,90.8,7,DEMO_DATA,True
2023-08-23,sagar_sandheads,51.5,high,81.2,6,DEMO_DATA,True
2023-08-24,sagar_sandheads,51.2,high,80.9,6,DEMO_DATA,True
2023-08-25,sagar_sandheads,85.9,high,95.0,10,DEMO_DATA,True
2023-08-26,sagar_sandheads,51.8,high,81.5,6,DEMO_DATA,True
2023-08-27,sagar_sandheads,55.1,high,84.1,6,DEMO_DATA,True
2023-08-28,sagar_sandheads,48.7,high,78.9,6,DEMO_DATA,True
2023-08-29,sagar_sandheads,34.8,medium,67.8,4,DEMO_DATA,True
2023-08-30,sagar_sandheads,31.0,medium,64.8,3,DEMO_DATA,True
2023-08-31,sagar_sandheads,44.0,medium,75.2,5,DEMO_DATA,True
2023-09-01,sagar_sandheads,31.6,medium,65.3,3,DEMO_DATA,True
2023-09-02,sagar_sandheads,34.7,medium,67.8,4,DEMO_DATA,True
2023-09-03,sagar_sandheads,21.4,low,57.1,2,DEMO_DATA,True
2023-09-04,sagar_sandheads,26.1,medium,60.9,3,DEMO_DATA,True
2023-09-05,sagar_sandheads,25.5,medium,60.4,3,DEMO_DATA,True
2023-09-06,sagar_sandheads,36.8,medium,69.5,4,DEMO_DATA,True
2023-09-07,sagar_sandheads,26.8,medium,61.4,3,DEMO_DATA,True
2023-09-08,sagar_sandheads,30.6,medium,64.5,3,DEMO_DATA,True
2023-09-09,sagar_sandheads,31.7,medium,65.4,3,DEMO_DATA,True
2023-09-10,sagar_sandheads,39.4,medium,71.5,4,DEMO_DATA,True
2023-09-11,sagar_sandheads,38.7,medium,70.9,4,DEMO_DATA,True
2023-09-12,sagar_sandheads,25.1,medium,60.1,3,DEMO_DATA,True
2023-09-13,sagar_sandheads,40.0,medium,72.0,4,DEMO_DATA,True
2023-09-14,sagar_sandheads,57.4,high,85.9,7,DEMO_DATA,True
2023-09-15,sagar_sandheads,82.3,high,95.0,10,DEMO_DATA,True
2023-09-16,sagar_sandheads,109.4,high,95.0,13,DEMO_DATA,True
2023-09-17,sagar_sandheads,103.0,high,95.0,12,DEMO_DATA,True
2023-09-18,sagar_sandheads,63.0,high,90.4,7,DEMO_DATA,True
2023-09-19,sagar_sandheads,83.3,high,95.0,10,DEMO_DATA,True
2023-09-20,sagar_sandheads,109.8,high,95.0,13,DEMO_DATA,True
2023-09-21,sagar_sandheads,71.2,high,95.0,8,DEMO_DATA,True
2023-09-22,sagar_sandheads,92.4,high,95.0,11,DEMO_DATA,True
2023-09-23,sagar_sandheads,107.6,high,95.0,13,DEMO_DATA,True
2023-09-24,sagar_sandheads,115.8,high,95.0,14,DEMO_DATA,True
2023-09-25,sagar_sandheads,103.4,high,95.0,12,DEMO_DATA,True
2023-09-26,sagar_sandheads,89.2,high,95.0,11,DEMO_DATA,True
2023-09-27,sagar_sandheads,121.7,high,95.0,15,DEMO_DATA,True
2023-09-28,sagar_sandheads,170.1,high,95.0,21,DEMO_DATA,True
2023-09-29,sagar_sandheads,185.5,high,95.0,23,DEMO_DATA,True
2023-09-30,sagar_sandheads,42.8,medium,74.2,5,DEMO_DATA,True
2023-10-01,sagar_sandheads,47.4,medium,77.9,5,DEMO_DATA,True
2023-10-02,sagar_sandheads,48.7,high,79.0,6,DEMO_DATA,True
2023-10-03,sagar_sandheads,57.9,high,86.3,7,DEMO_DATA,True
2023-10-04,sagar_sandheads,30.9,medium,64.7,3,DEMO_DATA,True
2023-10-05,sagar_sandheads,43.0,medium,74.4,5,DEMO_DATA,True
2023-10-06,sagar_sandheads,39.5,medium,71.6,4,DEMO_DATA,True
2023-10-07,sagar_sandheads,43.2,medium,74.5,5,DEMO_DATA,True
2023-10-08,sagar_sandheads,41.7,medium,73.4,5,DEMO_DATA,True
2023-10-09,sagar_sandheads,49.4,high,79.5,6,DEMO_DATA,True
2023-10-10,sagar_sandheads,40.4,medium,72.3,5,DEMO_DATA,True
2023-10-11,sagar_sandheads,35.3,medium,68.3,4,DEMO_DATA,True
2023-10-12,sagar_sandheads,37.2,medium,69.8,4,DEMO_DATA,True
2023-10-13,sagar_sandheads,31.8,medium,65.4,3,DEMO_DATA,True
2023-10-14,sagar_sandheads,29.9,medium,63.9,3,DEMO_DATA,True
2023-10-15,sagar_sandheads,30.3,medium,64.3,3,DEMO_DATA,True
2023-10-16,sagar_sandheads,37.2,medium,69.8,4,DEMO_DATA,True
2023-10-17,sagar_sandheads,37.6,medium,70.0,4,DEMO_DATA,True
2023-10-18,sagar_sandheads,31.4,medium,65.1,3,DEMO_DATA,True
2023-10-19,sagar_sandheads,41.7,medium,73.3,5,DEMO_DATA,True
2023-10-20,sagar_sandheads,43.2,medium,74.6,5,DEMO_DATA,True
2023-10-21,sagar_sandheads,45.1,medium,76.1,5,DEMO_DATA,True
2023-10-22,sagar_sandheads,41.5,medium,73.2,5,DEMO_DATA,True
2023-10-23,sagar_sandheads,44.0,medium,75.2,5,DEMO_DATA,True
2023-10-24,sagar_sandheads,61.9,high,89.5,7,DEMO_DATA,True
2023-10-25,sagar_sandheads,59.8,high,87.9,7,DEMO_DATA,True
2023-10-26,sagar_sandheads,64.7,high,91.8,8,DEMO_DATA,True
2023-10-27,sagar_sandheads,77.0,high,95.0,9,DEMO_DATA,True
2023-10-28,sagar_sandheads,103.9,high,95.0,12,DEMO_DATA,True
2023-10-29,sagar_sandheads,159.1,high,95.0,19,DEMO_DATA,True
2023-10-30,sagar_sandheads,216.2,high,95.0,27,DEMO_DATA,True
2023-10-31,sagar_sandheads,229.1,high,95.0,28,DEMO_DATA,True
2023-11-01,sagar_sandheads,142.2,high,95.0,17,DEMO_DATA,True
2023-11-02,sagar_sandheads,156.8,high,95.0,19,DEMO_DATA,True
2023-11-03,sagar_sandheads,140.9,high,95.0,17,DEMO_DATA,True
2023-11-04,sagar_sandheads,136.7,high,95.0,17,DEMO_DATA,True
2023-11-05,sagar_sandheads,127.8,high,95.0,15,DEMO_DATA,True
2023-11-06,sagar_sandheads,146.9,high,95.0,18,DEMO_DATA,True
2023-11-07,sagar_sandheads,111.8,high,95.0,13,DEMO_DATA,True
2023-11-08,sagar_sandheads,178.2,high,95.0,22,DEMO_DATA,True
2023-11-09,sagar_sandheads,153.0,high,95.0,19,DEMO_DATA,True
2023-11-10,sagar_sandheads,103.4,high,95.0,12,DEMO_DATA,True
2023-11-11,sagar_sandheads,79.7,high,95.0,9,DEMO_DATA,True
2023-11-12,sagar_sandheads,94.2,high,95.0,11,DEMO_DATA,True
2023-11-13,sagar_sandheads,133.0,high,95.0,16,DEMO_DATA,True
2023-11-14,sagar_sandheads,116.6,high,95.0,14,DEMO_DATA,True
2023-11-15,sagar_sandheads,153.4,high,95.0,19,DEMO_DATA,True
2023-11-16,sagar_sandheads,124.9,high,95.0,15,DEMO_DATA,True
2023-11-17,sagar_sandheads,122.5,high,95.0,15,DEMO_DATA,True
2023-11-18,sagar_sandheads,116.3,high,95.0,14,DEMO_DATA,True
2023-11-19,sagar_sandheads,112.9,high,95.0,14,DEMO_DATA,True
2023-11-20,sagar_sandheads,136.6,high,95.0,17,DEMO_DATA,True
2023-11-21,sagar_sandheads,188.9,high,95.0,23,DEMO_DATA,True
2023-11-22,sagar_sandheads,196.6,high,95.0,24,DEMO_DATA,True
2023-11-23,sagar_sandheads,161.2,high,95.0,20,DEMO_DATA,True
2023-11-24,sagar_sandheads,174.1,high,95.0,21,DEMO_DATA,True
2023-11-25,sagar_sandheads,187.9,high,95.0,23,DEMO_DATA,True
2023-11-26,sagar_sandheads,224.1,high,95.0,28,DEMO_DATA,True
2023-11-27,sagar_sandheads,346.2,high,95.0,43,DEMO_DATA,True
2023-11-28,sagar_sandheads,319.8,high,95.0,39,DEMO_DATA,True
2023-11-29,sagar_sandheads,339.7,high,95.0,42,DEMO_DATA,True
2023-11-30,sagar_sandheads,490.7,high,95.0,61,DEMO_DATA,True
2023-12-01,sagar_sandheads,275.4,high,95.0,34,DEMO_DATA,True
2023-12-02,sagar_sandheads,225.3,high,95.0,28,DEMO_DATA,True
2023-12-03,sagar_sandheads,270.1,high,95.0,33,DEMO_DATA,True
2023-12-04,sagar_sandheads,236.2,high,95.0,29,DEMO_DATA,True
2023-12-05,sagar_sandheads,33.9,medium,67.1,4,DEMO_DATA,True
2023-12-06,sagar_sandheads,29.0,medium,63.2,3,DEMO_DATA,True
2023-12-07,sagar_sandheads,33.1,medium,66.5,4,DEMO_DATA,True
2023-12-08,sagar_sandheads,39.4,medium,71.6,4,DEMO_DATA,True
2023-12-09,sagar_sandheads,41.4,medium,73.2,5,DEMO_DATA,True
2023-12-10,sagar_sandheads,35.1,medium,68.1,4,DEMO_DATA,True
2023-12-11,sagar_sandheads,34.0,medium,67.2,4,DEMO_DATA,True
2023-12-12,sagar_sandheads,46.1,medium,76.9,5,DEMO_DATA,True
2023-12-13,sagar_sandheads,54.3,high,83.5,6,DEMO_DATA,True
2023-12-14,sagar_sandheads,53.5,high,82.8,6,DEMO_DATA,True
2023-12-15,sagar_sandheads,50.3,high,80.3,6,DEMO_DATA,True
2023-12-16,sagar_sandheads,51.5,high,81.2,6,DEMO_DATA,True
2023-12-17,sagar_sandheads,60.1,high,88.0,7,DEMO_DATA,True
2023-12-18,sagar_sandheads,76.6,high,95.0,9,DEMO_DATA,True
2023-12-19,sagar_sandheads,81.7,high,95.0,10,DEMO_DATA,True
2023-12-20,sagar_sandheads,81.4,high,95.0,10,DEMO_DATA,True
2023-12-21,sagar_sandheads,76.5,high,95.0,9,DEMO_DATA,True
2023-12-22,sagar_sandheads,76.0,high,95.0,9,DEMO_DATA,True
2023-12-23,sagar_sandheads,99.2,high,95.0,12,DEMO_DATA,True
2023-12-24,sagar_sandheads,90.3,high,95.0,11,DEMO_DATA,True
2023-12-25,sagar_sandheads,55.4,high,84.3,6,DEMO_DATA,True
2023-12-26,sagar_sandheads,76.3,high,95.0,9,DEMO_DATA,True
2023-12-27,sagar_sandheads,61.0,high,88.8,7,DEMO_DATA,True
2023-12-28,sagar_sandheads,43.2,medium,74.6,5,DEMO_DATA,True
2023-12-29,sagar_sandheads,31.8,medium,65.4,3,DEMO_DATA,True
2023-12-30,sagar_sandheads,35.9,medium,68.7,4,DEMO_DATA,True
2023-12-31,sagar_sandheads,46.7,medium,77.4,5,DEMO_DATA,True
2024-01-01,sagar_sandheads,32.0,medium,65.6,4,DEMO_DATA,True
2024-01-02,sagar_sandheads,47.0,medium,77.6,5,DEMO_DATA,True
2024-01-03,sagar_sandheads,28.1,medium,62.5,3,DEMO_DATA,True
2024-01-04,sagar_sandheads,18.2,low,54.5,2,DEMO_DATA,True
2024-01-05,sagar_sandheads,23.3,low,58.6,2,DEMO_DATA,True
2024-01-06,sagar_sandheads,30.8,medium,64.7,3,DEMO_DATA,True
2024-01-07,sagar_sandheads,26.6,medium,61.3,3,DEMO_DATA,True
2024-01-08,sagar_sandheads,22.6,low,58.1,2,DEMO_DATA,True
2024-01-09,sagar_sandheads,32.6,medium,66.1,4,DEMO_DATA,True
2024-01-10,sagar_sandheads,38.3,medium,70.6,4,DEMO_DATA,True
2024-01-11,sagar_sandheads,35.6,medium,68.4,4,DEMO_DATA,True
2024-01-12,sagar_sandheads,44.6,medium,75.7,5,DEMO_DATA,True
2024-01-13,sagar_sandheads,35.1,medium,68.1,4,DEMO_DATA,True
2024-01-14,sagar_sandheads,38.9,medium,71.1,4,DEMO_DATA,True
2024-01-15,sagar_sandheads,46.1,medium,76.9,5,DEMO_DATA,True
2024-01-16,sagar_sandheads,48.4,high,78.7,6,DEMO_DATA,True
2024-01-17,sagar_sandheads,50.3,high,80.3,6,DEMO_DATA,True
2024-01-18,sagar_sandheads,43.7,medium,75.0,5,DEMO_DATA,True
2024-01-19,sagar_sandheads,40.1,medium,72.0,5,DEMO_DATA,True
2024-01-20,sagar_sandheads,47.4,medium,77.9,5,DEMO_DATA,True
2024-01-21,sagar_sandheads,50.5,high,80.4,6,DEMO_DATA,True
2024-01-22,sagar_sandheads,46.5,medium,77.2,5,DEMO_DATA,True
2024-01-23,sagar_sandheads,64.7,high,91.8,8,DEMO_DATA,True
2024-01-24,sagar_sandheads,44.3,medium,75.5,5,DEMO_DATA,True
2024-01-25,sagar_sandheads,49.3,high,79.4,6,DEMO_DATA,True
2024-01-26,sagar_sandheads,52.0,high,81.6,6,DEMO_DATA,True
2024-01-27,sagar_sandheads,71.3,high,95.0,8,DEMO_DATA,True
2024-01-28,sagar_sandheads,56.0,high,84.8,7,DEMO_DATA,True
2024-01-29,sagar_sandheads,93.1,high,95.0,11,DEMO_DATA,True
2024-01-30,sagar_sandheads,62.3,high,89.8,7,DEMO_DATA,True
2024-01-31,sagar_sandheads,80.8,high,95.0,10,DEMO_DATA,True
2024-02-01,sagar_sandheads,83.7,high,95.0,10,DEMO_DATA,True
2024-02-02,sagar_sandheads,83.5,high,95.0,10,DEMO_DATA,True
2024-02-03,sagar_sandheads,96.6,high,95.0,12,DEMO_DATA,True
2024-02-04,sagar_sandheads,105.0,high,95.0,13,DEMO_DATA,True
2024-02-05,sagar_sandheads,76.2,high,95.0,9,DEMO_DATA,True
2024-02-06,sagar_sandheads,74.2,high,95.0,9,DEMO_DATA,True
2024-02-07,sagar_sandheads,86.4,high,95.0,10,DEMO_DATA,True
2024-02-08,sagar_sandheads,93.8,high,95.0,11,DEMO_DATA,True
2024-02-09,sagar_sandheads,128.1,high,95.0,16,DEMO_DATA,True
2024-02-10,sagar_sandheads,69.7,high,95.0,8,DEMO_DATA,True
2024-02-11,sagar_sandheads,84.5,high,95.0,10,DEMO_DATA,True
2024-02-12,sagar_sandheads,74.4,high,95.0,9,DEMO_DATA,True
2024-02-13,sagar_sandheads,96.9,high,95.0,12,DEMO_DATA,True
2024-02-14,sagar_sandheads,119.1,high,95.0,14,DEMO_DATA,True
2024-02-15,sagar_sandheads,129.0,high,95.0,16,DEMO_DATA,True
2024-02-16,sagar_sandheads,96.6,high,95.0,12,DEMO_DATA,True
2024-02-17,sagar_sandheads,43.6,medium,74.9,5,DEMO_DATA,True
2024-02-18,sagar_sandheads,36.2,medium,69.0,4,DEMO_DATA,True
2024-02-19,sagar_sandheads,22.9,low,58.3,2,DEMO_DATA,True
2024-02-20,sagar_sandheads,25.6,medium,60.5,3,DEMO_DATA,True
2024-02-21,sagar_sandheads,32.1,medium,65.7,4,DEMO_DATA,True
2024-02-22,sagar_sandheads,31.2,medium,65.0,3,DEMO_DATA,True
2024-02-23,sagar_sandheads,32.0,medium,65.6,3,DEMO_DATA,True
2024-02-24,sagar_sandheads,38.5,medium,70.8,4,DEMO_DATA,True
2024-02-25,sagar_sandheads,43.4,medium,74.7,5,DEMO_DATA,True
2024-02-26,sagar_sandheads,41.0,medium,72.8,5,DEMO_DATA,True
2024-02-27,sagar_sandheads,60.8,high,88.6,7,DEMO_DATA,True
2024-02-28,sagar_sandheads,51.1,high,80.9,6,DEMO_DATA,True
2024-02-29,sagar_sandheads,54.7,high,83.7,6,DEMO_DATA,True
2024-03-01,sagar_sandheads,91.1,high,95.0,11,DEMO_DATA,True
2024-03-02,sagar_sandheads,71.2,high,95.0,8,DEMO_DATA,True
2024-03-03,sagar_sandheads,69.2,high,95.0,8,DEMO_DATA,True
2024-03-04,sagar_sandheads,58.8,high,87.0,7,DEMO_DATA,True
2024-03-05,sagar_sandheads,59.5,high,87.6,7,DEMO_DATA,True
2024-03-06,sagar_sandheads,71.6,high,95.0,8,DEMO_DATA,True
2024-03-07,sagar_sandheads,79.2,high,95.0,9,DEMO_DATA,True
2024-03-08,sagar_sandheads,100.0,high,95.0,12,DEMO_DATA,True
2024-03-09,sagar_sandheads,127.1,high,95.0,15,DEMO_DATA,True
2024-03-10,sagar_sandheads,141.4,high,95.0,17,DEMO_DATA,True
2024-03-11,sagar_sandheads,190.4,high,95.0,23,DEMO_DATA,True
2024-03-12,sagar_sandheads,224.1,high,95.0,28,DEMO_DATA,True
2024-03-13,sagar_sandheads,233.6,high,95.0,29,DEMO_DATA,True
2024-03-14,sagar_sandheads,141.0,high,95.0,17,DEMO_DATA,True
2024-03-15,sagar_sandheads,93.6,high,95.0,11,DEMO_DATA,True
2024-03-16,sagar_sandheads,50.2,high,80.1,6,DEMO_DATA,True
2024-03-17,sagar_sandheads,16.5,low,53.2,2,DEMO_DATA,True
2024-03-18,sagar_sandheads,16.5,low,53.2,2,DEMO_DATA,True
2024-03-19,sagar_sandheads,16.5,low,53.2,2,DEMO_DATA,True
2024-03-20,sagar_sandheads,22.9,low,58.3,2,DEMO_DATA,True
2024-03-21,sagar_sandheads,25.4,medium,60.3,3,DEMO_DATA,True
2024-03-22,sagar_sandheads,23.3,low,58.6,2,DEMO_DATA,True
2024-03-23,sagar_sandheads,17.3,low,53.8,2,DEMO_DATA,True
2024-03-24,sagar_sandheads,19.3,low,55.4,2,DEMO_DATA,True
2024-03-25,sagar_sandheads,21.7,low,57.4,2,DEMO_DATA,True
2024-03-26,sagar_sandheads,20.5,low,56.4,2,DEMO_DATA,True
2024-03-27,sagar_sandheads,16.5,low,53.2,2,DEMO_DATA,True
2024-03-28,sagar_sandheads,23.1,low,58.4,2,DEMO_DATA,True
2024-03-29,sagar_sandheads,26.0,medium,60.8,3,DEMO_DATA,True
2024-03-30,sagar_sandheads,16.5,low,53.2,2,DEMO_DATA,True
2024-03-31,sagar_sandheads,27.5,medium,62.0,3,DEMO_DATA,True
2024-04-01,sagar_sandheads,34.1,medium,67.3,4,DEMO_DATA,True
2024-04-02,sagar_sandheads,31.8,medium,65.4,3,DEMO_DATA,True
2024-04-03,sagar_sandheads,34.3,medium,67.4,4,DEMO_DATA,True
2024-04-04,sagar_sandheads,33.3,medium,66.6,4,DEMO_DATA,True
2024-04-05,sagar_sandheads,33.6,medium,66.9,4,DEMO_DATA,True
2024-04-06,sagar_sandheads,27.3,medium,61.8,3,DEMO_DATA,True
2024-04-07,sagar_sandheads,21.4,low,57.1,2,DEMO_DATA,True
2024-04-08,sagar_sandheads,27.6,medium,62.1,3,DEMO_DATA,True
2024-04-09,sagar_sandheads,27.6,medium,62.1,3,DEMO_DATA,True
2024-04-10,sagar_sandheads,23.4,low,58.7,2,DEMO_DATA,True
2024-04-11,sagar_sandheads,16.5,low,53.2,2,DEMO_DATA,True
2024-04-12,sagar_sandheads,17.3,low,53.8,2,DEMO_DATA,True
2024-04-13,sagar_sandheads,17.2,low,53.8,2,DEMO_DATA,True
2024-04-14,sagar_sandheads,24.9,medium,59.9,3,DEMO_DATA,True
2024-04-15,sagar_sandheads,17.9,low,54.3,2,DEMO_DATA,True
2024-04-16,sagar_sandheads,16.5,low,53.2,2,DEMO_DATA,True
2024-04-17,sagar_sandheads,16.5,low,53.2,2,DEMO_DATA,True
2024-04-18,sagar_sandheads,16.5,low,53.2,2,DEMO_DATA,True
2024-04-19,sagar_sandheads,16.5,low,53.2,2,DEMO_DATA,True
2024-04-20,sagar_sandheads,16.5,low,53.2,2,DEMO_DATA,True
2024-04-21,sagar_sandheads,17.5,low,54.0,2,DEMO_DATA,True
2024-04-22,sagar_sandheads,21.3,low,57.0,2,DEMO_DATA,True
2024-04-23,sagar_sandheads,23.5,low,58.8,2,DEMO_DATA,True
2024-04-24,sagar_sandheads,22.7,low,58.1,2,DEMO_DATA,True
2024-04-25,sagar_sandheads,18.2,low,54.6,2,DEMO_DATA,True
2024-04-26,sagar_sandheads,18.4,low,54.7,2,DEMO_DATA,True
2024-04-27,sagar_sandheads,25.9,medium,60.7,3,DEMO_DATA,True
2024-04-28,sagar_sandheads,24.9,medium,59.9,3,DEMO_DATA,True
2024-04-29,sagar_sandheads,23.8,low,59.1,2,DEMO_DATA,True
2024-04-30,sagar_sandheads,26.6,medium,61.3,3,DEMO_DATA,True
2024-05-01,sagar_sandheads,24.2,medium,59.4,3,DEMO_DATA,True
2024-05-02,sagar_sandheads,25.5,medium,60.4,3,DEMO_DATA,True
2024-05-03,sagar_sandheads,35.8,medium,68.7,4,DEMO_DATA,True
2024-05-04,sagar_sandheads,43.6,medium,74.9,5,DEMO_DATA,True
2024-05-05,sagar_sandheads,37.1,medium,69.7,4,DEMO_DATA,True
2024-05-06,sagar_sandheads,49.5,high,79.6,6,DEMO_DATA,True
2024-05-07,sagar_sandheads,48.2,high,78.5,6,DEMO_DATA,True
2024-05-08,sagar_sandheads,46.1,medium,76.9,5,DEMO_DATA,True
2024-05-09,sagar_sandheads,48.4,high,78.7,6,DEMO_DATA,True
2024-05-10,sagar_sandheads,40.8,medium,72.7,5,DEMO_DATA,True
2024-05-11,sagar_sandheads,38.2,medium,70.6,4,DEMO_DATA,True
2024-05-12,sagar_sandheads,35.0,medium,68.0,4,DEMO_DATA,True
2024-05-13,sagar_sandheads,29.1,medium,63.3,3,DEMO_DATA,True
2024-05-14,sagar_sandheads,35.0,medium,68.0,4,DEMO_DATA,True
2024-05-15,sagar_sandheads,39.5,medium,71.6,4,DEMO_DATA,True
2024-05-16,sagar_sandheads,38.5,medium,70.8,4,DEMO_DATA,True
2024-05-17,sagar_sandheads,24.5,medium,59.6,3,DEMO_DATA,True
2024-05-18,sagar_sandheads,23.3,low,58.6,2,DEMO_DATA,True
2024-05-19,sagar_sandheads,37.2,medium,69.8,4,DEMO_DATA,True
2024-05-20,sagar_sandheads,46.3,medium,77.1,5,DEMO_DATA,True
2024-05-21,sagar_sandheads,22.8,low,58.3,2,DEMO_DATA,True
2024-05-22,sagar_sandheads,38.5,medium,70.8,4,DEMO_DATA,True
2024-05-23,sagar_sandheads,37.6,medium,70.1,4,DEMO_DATA,True
2024-05-24,sagar_sandheads,40.4,medium,72.3,5,DEMO_DATA,True
2024-05-25,sagar_sandheads,37.6,medium,70.0,4,DEMO_DATA,True
2024-05-26,sagar_sandheads,51.9,high,81.5,6,DEMO_DATA,True
2024-05-27,sagar_sandheads,60.1,high,88.1,7,DEMO_DATA,True
2024-05-28,sagar_sandheads,65.4,high,92.3,8,DEMO_DATA,True
2024-05-29,sagar_sandheads,83.9,high,95.0,10,DEMO_DATA,True
2024-05-30,sagar_sandheads,94.2,high,95.0,11,DEMO_DATA,True
2024-05-31,sagar_sandheads,111.9,high,95.0,13,DEMO_DATA,True
2024-06-01,sagar_sandheads,91.4,high,95.0,11,DEMO_DATA,True
2024-06-02,sagar_sandheads,107.3,high,95.0,13,DEMO_DATA,True
2024-06-03,sagar_sandheads,154.1,high,95.0,19,DEMO_DATA,True
2024-06-04,sagar_sandheads,196.2,high,95.0,24,DEMO_DATA,True
2024-06-05,sagar_sandheads,197.7,high,95.0,24,DEMO_DATA,True
2024-06-06,sagar_sandheads,222.6,high,95.0,27,DEMO_DATA,True
2024-06-07,sagar_sandheads,108.1,high,95.0,13,DEMO_DATA,True
2024-06-08,sagar_sandheads,63.0,high,90.4,7,DEMO_DATA,True
2024-06-09,sagar_sandheads,49.3,high,79.4,6,DEMO_DATA,True
2024-06-10,sagar_sandheads,37.9,medium,70.3,4,DEMO_DATA,True
2024-06-11,sagar_sandheads,44.8,medium,75.8,5,DEMO_DATA,True
2024-06-12,sagar_sandheads,49.5,high,79.6,6,DEMO_DATA,True
2024-06-13,sagar_sandheads,43.8,medium,75.0,5,DEMO_DATA,True
2024-06-14,sagar_sandheads,44.2,medium,75.3,5,DEMO_DATA,True
2024-06-15,sagar_sandheads,41.3,medium,73.1,5,DEMO_DATA,True
2024-06-16,sagar_sandheads,59.6,high,87.7,7,DEMO_DATA,True
2024-06-17,sagar_sandheads,76.0,high,95.0,9,DEMO_DATA,True
2024-06-18,sagar_sandheads,121.9,high,95.0,15,DEMO_DATA,True
2024-06-19,sagar_sandheads,131.4,high,95.0,16,DEMO_DATA,True
2024-06-20,sagar_sandheads,134.5,high,95.0,16,DEMO_DATA,True
2024-06-21,sagar_sandheads,148.4,high,95.0,18,DEMO_DATA,True
2024-06-22,sagar_sandheads,181.8,high,95.0,22,DEMO_DATA,True
2024-06-23,sagar_sandheads,175.0,high,95.0,21,DEMO_DATA,True
2024-06-24,sagar_sandheads,236.5,high,95.0,29,DEMO_DATA,True
2024-06-25,sagar_sandheads,187.5,high,95.0,23,DEMO_DATA,True
2024-06-26,sagar_sandheads,187.1,high,95.0,23,DEMO_DATA,True
2024-06-27,sagar_sandheads,267.7,high,95.0,33,DEMO_DATA,True
2024-06-28,sagar_sandheads,312.6,high,95.0,39,DEMO_DATA,True
2024-06-29,sagar_sandheads,373.3,high,95.0,46,DEMO_DATA,True
2024-06-30,sagar_sandheads,258.7,high,95.0,32,DEMO_DATA,True
2024-07-01,sagar_sandheads,352.6,high,95.0,44,DEMO_DATA,True
2024-07-02,sagar_sandheads,247.7,high,95.0,30,DEMO_DATA,True
2024-07-03,sagar_sandheads,284.0,high,95.0,35,DEMO_DATA,True
2024-07-04,sagar_sandheads,263.5,high,95.0,32,DEMO_DATA,True
2024-07-05,sagar_sandheads,269.8,high,95.0,33,DEMO_DATA,True
2024-07-06,sagar_sandheads,339.7,high,95.0,42,DEMO_DATA,True
2024-07-07,sagar_sandheads,395.2,high,95.0,49,DEMO_DATA,True
2024-07-08,sagar_sandheads,326.9,high,95.0,40,DEMO_DATA,True
2024-07-09,sagar_sandheads,190.5,high,95.0,23,DEMO_DATA,True
2024-07-10,sagar_sandheads,103.3,high,95.0,12,DEMO_DATA,True
2024-07-11,sagar_sandheads,80.2,high,95.0,10,DEMO_DATA,True
2024-07-12,sagar_sandheads,67.3,high,93.8,8,DEMO_DATA,True
2024-07-13,sagar_sandheads,53.4,high,82.7,6,DEMO_DATA,True
2024-07-14,sagar_sandheads,52.2,high,81.7,6,DEMO_DATA,True
2024-07-15,sagar_sandheads,44.3,medium,75.4,5,DEMO_DATA,True
2024-07-16,sagar_sandheads,42.8,medium,74.2,5,DEMO_DATA,True
2024-07-17,sagar_sandheads,51.9,high,81.5,6,DEMO_DATA,True
2024-07-18,sagar_sandheads,34.2,medium,67.4,4,DEMO_DATA,True
2024-07-19,sagar_sandheads,43.6,medium,74.9,5,DEMO_DATA,True
2024-07-20,sagar_sandheads,39.8,medium,71.9,4,DEMO_DATA,True
2024-07-21,sagar_sandheads,41.3,medium,73.0,5,DEMO_DATA,True
2024-07-22,sagar_sandheads,36.3,medium,69.0,4,DEMO_DATA,True
2024-07-23,sagar_sandheads,27.5,medium,62.0,3,DEMO_DATA,True
2024-07-24,sagar_sandheads,21.4,low,57.2,2,DEMO_DATA,True
2024-07-25,sagar_sandheads,21.4,low,57.1,2,DEMO_DATA,True
2024-07-26,sagar_sandheads,19.4,low,55.5,2,DEMO_DATA,True
2024-07-27,sagar_sandheads,25.0,medium,60.0,3,DEMO_DATA,True
2024-07-28,sagar_sandheads,18.7,low,54.9,2,DEMO_DATA,True
2024-07-29,sagar_sandheads,29.0,medium,63.2,3,DEMO_DATA,True
2024-07-30,sagar_sandheads,20.5,low,56.4,2,DEMO_DATA,True
2024-07-31,sagar_sandheads,25.3,medium,60.3,3,DEMO_DATA,True
2024-08-01,sagar_sandheads,36.9,medium,69.5,4,DEMO_DATA,True
2024-08-02,sagar_sandheads,47.2,medium,77.7,5,DEMO_DATA,True
2024-08-03,sagar_sandheads,60.8,high,88.6,7,DEMO_DATA,True
2024-08-04,sagar_sandheads,50.1,high,80.1,6,DEMO_DATA,True
2024-08-05,sagar_sandheads,28.5,medium,62.8,3,DEMO_DATA,True
2024-08-06,sagar_sandheads,39.5,medium,71.6,4,DEMO_DATA,True
2024-08-07,sagar_sandheads,46.1,medium,76.8,5,DEMO_DATA,True
2024-08-08,sagar_sandheads,41.7,medium,73.4,5,DEMO_DATA,True
2024-08-09,sagar_sandheads,47.0,medium,77.6,5,DEMO_DATA,True
2024-08-10,sagar_sandheads,59.8,high,87.9,7,DEMO_DATA,True
2024-08-11,sagar_sandheads,47.5,medium,78.0,5,DEMO_DATA,True
2024-08-12,sagar_sandheads,64.5,high,91.6,8,DEMO_DATA,True
2024-08-13,sagar_sandheads,28.4,medium,62.7,3,DEMO_DATA,True
2024-08-14,sagar_sandheads,45.7,medium,76.5,5,DEMO_DATA,True
2024-08-15,sagar_sandheads,53.9,high,83.1,6,DEMO_DATA,True
2024-08-16,sagar_sandheads,57.8,high,86.3,7,DEMO_DATA,True
2024-08-17,sagar_sandheads,48.6,high,78.9,6,DEMO_DATA,True
2024-08-18,sagar_sandheads,39.5,medium,71.6,4,DEMO_DATA,True
2024-08-19,sagar_sandheads,55.6,high,84.5,6,DEMO_DATA,True
2024-08-20,sagar_sandheads,44.1,medium,75.3,5,DEMO_DATA,True
2024-08-21,sagar_sandheads,59.6,high,87.7,7,DEMO_DATA,True
2024-08-22,sagar_sandheads,72.6,high,95.0,9,DEMO_DATA,True
2024-08-23,sagar_sandheads,70.9,high,95.0,8,DEMO_DATA,True
2024-08-24,sagar_sandheads,68.8,high,95.0,8,DEMO_DATA,True
2024-08-25,sagar_sandheads,81.1,high,95.0,10,DEMO_DATA,True
2024-08-26,sagar_sandheads,32.6,medium,66.1,4,DEMO_DATA,True
2024-08-27,sagar_sandheads,29.8,medium,63.8,3,DEMO_DATA,True
2024-08-28,sagar_sandheads,20.5,low,56.4,2,DEMO_DATA,True
2024-08-29,sagar_sandheads,25.4,medium,60.3,3,DEMO_DATA,True
2024-08-30,sagar_sandheads,21.4,low,57.1,2,DEMO_DATA,True
2024-08-31,sagar_sandheads,25.3,medium,60.2,3,DEMO_DATA,True
2024-09-01,sagar_sandheads,19.4,low,55.6,2,DEMO_DATA,True
2024-09-02,sagar_sandheads,20.4,low,56.3,2,DEMO_DATA,True
2024-09-03,sagar_sandheads,36.3,medium,69.0,4,DEMO_DATA,True
2024-09-04,sagar_sandheads,39.8,medium,71.8,4,DEMO_DATA,True
2024-09-05,sagar_sandheads,49.9,high,79.9,6,DEMO_DATA,True
2024-09-06,sagar_sandheads,55.9,high,84.7,6,DEMO_DATA,True
2024-09-07,sagar_sandheads,52.7,high,82.1,6,DEMO_DATA,True
2024-09-08,sagar_sandheads,63.7,high,90.9,7,DEMO_DATA,True
2024-09-09,sagar_sandheads,41.9,medium,73.5,5,DEMO_DATA,True
2024-09-10,sagar_sandheads,43.8,medium,75.0,5,DEMO_DATA,True
2024-09-11,sagar_sandheads,66.3,high,93.0,8,DEMO_DATA,True
2024-09-12,sagar_sandheads,69.7,high,95.0,8,DEMO_DATA,True
2024-09-13,sagar_sandheads,67.9,high,94.3,8,DEMO_DATA,True
2024-09-14,sagar_sandheads,93.7,high,95.0,11,DEMO_DATA,True
2024-09-15,sagar_sandheads,48.8,high,79.0,6,DEMO_DATA,True
2024-09-16,sagar_sandheads,65.4,high,92.4,8,DEMO_DATA,True
2024-09-17,sagar_sandheads,82.8,high,95.0,10,DEMO_DATA,True
2024-09-18,sagar_sandheads,77.1,high,95.0,9,DEMO_DATA,True
2024-09-19,sagar_sandheads,73.4,high,95.0,9,DEMO_DATA,True
2024-09-20,sagar_sandheads,101.3,high,95.0,12,DEMO_DATA,True
2024-09-21,sagar_sandheads,105.0,high,95.0,13,DEMO_DATA,True
2024-09-22,sagar_sandheads,110.0,high,95.0,13,DEMO_DATA,True
2024-09-23,sagar_sandheads,101.2,high,95.0,12,DEMO_DATA,True
2024-09-24,sagar_sandheads,97.8,high,95.0,12,DEMO_DATA,True
2024-09-25,sagar_sandheads,91.2,high,95.0,11,DEMO_DATA,True
2024-09-26,sagar_sandheads,99.3,high,95.0,12,DEMO_DATA,True
2024-09-27,sagar_sandheads,87.7,high,95.0,10,DEMO_DATA,True
2024-09-28,sagar_sandheads,73.9,high,95.0,9,DEMO_DATA,True
2024-09-29,sagar_sandheads,76.9,high,95.0,9,DEMO_DATA,True
2024-09-30,sagar_sandheads,54.5,high,83.6,6,DEMO_DATA,True
2024-10-01,sagar_sandheads,41.6,medium,73.3,5,DEMO_DATA,True
2024-10-02,sagar_sandheads,46.4,medium,77.1,5,DEMO_DATA,True
2024-10-03,sagar_sandheads,43.9,medium,75.1,5,DEMO_DATA,True
2024-10-04,sagar_sandheads,43.4,medium,74.7,5,DEMO_DATA,True
2024-10-05,sagar_sandheads,50.7,high,80.5,6,DEMO_DATA,True
2024-10-06,sagar_sandheads,62.2,high,89.8,7,DEMO_DATA,True
2024-10-07,sagar_sandheads,41.4,medium,73.1,5,DEMO_DATA,True
2024-10-08,sagar_sandheads,42.3,medium,73.8,5,DEMO_DATA,True
2024-10-09,sagar_sandheads,46.5,medium,77.2,5,DEMO_DATA,True
2024-10-10,sagar_sandheads,62.5,high,90.0,7,DEMO_DATA,True
2024-10-11,sagar_sandheads,42.7,medium,74.2,5,DEMO_DATA,True
2024-10-12,sagar_sandheads,50.7,high,80.5,6,DEMO_DATA,True
2024-10-13,sagar_sandheads,58.0,high,86.4,7,DEMO_DATA,True
2024-10-14,sagar_sandheads,53.3,high,82.7,6,DEMO_DATA,True
2024-10-15,sagar_sandheads,70.0,high,95.0,8,DEMO_DATA,True
2024-10-16,sagar_sandheads,93.9,high,95.0,11,DEMO_DATA,True
2024-10-17,sagar_sandheads,98.6,high,95.0,12,DEMO_DATA,True
2024-10-18,sagar_sandheads,75.2,high,95.0,9,DEMO_DATA,True
2024-10-19,sagar_sandheads,74.7,high,95.0,9,DEMO_DATA,True
2024-10-20,sagar_sandheads,64.8,high,91.8,8,DEMO_DATA,True
2024-10-21,sagar_sandheads,77.9,high,95.0,9,DEMO_DATA,True
2024-10-22,sagar_sandheads,67.7,high,94.1,8,DEMO_DATA,True
2024-10-23,sagar_sandheads,64.7,high,91.7,8,DEMO_DATA,True
2024-10-24,sagar_sandheads,80.5,high,95.0,10,DEMO_DATA,True
2024-10-25,sagar_sandheads,64.4,high,91.5,8,DEMO_DATA,True
2024-10-26,sagar_sandheads,52.5,high,82.0,6,DEMO_DATA,True
2024-10-27,sagar_sandheads,45.4,medium,76.3,5,DEMO_DATA,True
2024-10-28,sagar_sandheads,46.5,medium,77.2,5,DEMO_DATA,True
2024-10-29,sagar_sandheads,58.4,high,86.7,7,DEMO_DATA,True
2024-10-30,sagar_sandheads,60.7,high,88.5,7,DEMO_DATA,True
2024-10-31,sagar_sandheads,83.0,high,95.0,10,DEMO_DATA,True
2024-11-01,sagar_sandheads,98.8,high,95.0,12,DEMO_DATA,True
2024-11-02,sagar_sandheads,102.9,high,95.0,12,DEMO_DATA,True
2024-11-03,sagar_sandheads,106.9,high,95.0,13,DEMO_DATA,True
2024-11-04,sagar_sandheads,93.9,high,95.0,11,DEMO_DATA,True
2024-11-05,sagar_sandheads,38.3,medium,70.6,4,DEMO_DATA,True
2024-11-06,sagar_sandheads,34.7,medium,67.8,4,DEMO_DATA,True
2024-11-07,sagar_sandheads,49.0,high,79.2,6,DEMO_DATA,True
2024-11-08,sagar_sandheads,36.7,medium,69.4,4,DEMO_DATA,True
2024-11-09,sagar_sandheads,25.2,medium,60.1,3,DEMO_DATA,True
2024-11-10,sagar_sandheads,21.7,low,57.4,2,DEMO_DATA,True
2024-11-11,sagar_sandheads,25.0,medium,60.0,3,DEMO_DATA,True
2024-11-12,sagar_sandheads,26.6,medium,61.3,3,DEMO_DATA,True
2024-11-13,sagar_sandheads,23.8,low,59.0,2,DEMO_DATA,True
2024-11-14,sagar_sandheads,17.7,low,54.2,2,DEMO_DATA,True
2024-11-15,sagar_sandheads,21.7,low,57.4,2,DEMO_DATA,True
2024-11-16,sagar_sandheads,23.8,low,59.1,2,DEMO_DATA,True
2024-11-17,sagar_sandheads,20.9,low,56.7,2,DEMO_DATA,True
2024-11-18,sagar_sandheads,21.0,low,56.8,2,DEMO_DATA,True
2024-11-19,sagar_sandheads,18.6,low,54.8,2,DEMO_DATA,True
2024-11-20,sagar_sandheads,16.5,low,53.2,2,DEMO_DATA,True
2024-11-21,sagar_sandheads,19.0,low,55.2,2,DEMO_DATA,True
2024-11-22,sagar_sandheads,18.6,low,54.8,2,DEMO_DATA,True
2024-11-23,sagar_sandheads,16.5,low,53.2,2,DEMO_DATA,True
2024-11-24,sagar_sandheads,19.2,low,55.4,2,DEMO_DATA,True
2024-11-25,sagar_sandheads,23.2,low,58.5,2,DEMO_DATA,True
2024-11-26,sagar_sandheads,18.5,low,54.8,2,DEMO_DATA,True
2024-11-27,sagar_sandheads,26.0,medium,60.8,3,DEMO_DATA,True
2024-11-28,sagar_sandheads,24.4,medium,59.5,3,DEMO_DATA,True
2024-11-29,sagar_sandheads,16.5,low,53.2,2,DEMO_DATA,True
2024-11-30,sagar_sandheads,25.6,medium,60.5,3,DEMO_DATA,True
2024-12-01,sagar_sandheads,26.1,medium,60.9,3,DEMO_DATA,True
2024-12-02,sagar_sandheads,29.6,medium,63.6,3,DEMO_DATA,True
2024-12-03,sagar_sandheads,18.8,low,55.1,2,DEMO_DATA,True
2024-12-04,sagar_sandheads,16.5,low,53.2,2,DEMO_DATA,True
2024-12-05,sagar_sandheads,16.5,low,53.2,2,DEMO_DATA,True
2024-12-06,sagar_sandheads,19.7,low,55.7,2,DEMO_DATA,True
2024-12-07,sagar_sandheads,22.0,low,57.6,2,DEMO_DATA,True
2024-12-08,sagar_sandheads,23.1,low,58.5,2,DEMO_DATA,True
2024-12-09,sagar_sandheads,22.9,low,58.3,2,DEMO_DATA,True
2024-12-10,sagar_sandheads,21.0,low,56.8,2,DEMO_DATA,True
2024-12-11,sagar_sandheads,16.6,low,53.3,2,DEMO_DATA,True
2024-12-12,sagar_sandheads,19.9,low,55.9,2,DEMO_DATA,True
2024-12-13,sagar_sandheads,19.0,low,55.2,2,DEMO_DATA,True
2024-12-14,sagar_sandheads,16.5,low,53.2,2,DEMO_DATA,True
2024-12-15,sagar_sandheads,24.1,medium,59.3,3,DEMO_DATA,True
2024-12-16,sagar_sandheads,18.1,low,54.5,2,DEMO_DATA,True
2024-12-17,sagar_sandheads,16.5,low,53.2,2,DEMO_DATA,True
2024-12-18,sagar_sandheads,16.8,low,53.4,2,DEMO_DATA,True
2024-12-19,sagar_sandheads,16.5,low,53.2,2,DEMO_DATA,True
2024-12-20,sagar_sandheads,19.1,low,55.3,2,DEMO_DATA,True
2024-12-21,sagar_sandheads,16.5,low,53.2,2,DEMO_DATA,True
2024-12-22,sagar_sandheads,16.5,low,53.2,2,DEMO_DATA,True
2024-12-23,sagar_sandheads,21.9,low,57.5,2,DEMO_DATA,True
2024-12-24,sagar_sandheads,36.5,medium,69.2,4,DEMO_DATA,True
2024-12-25,sagar_sandheads,23.8,low,59.0,2,DEMO_DATA,True
2024-12-26,sagar_sandheads,26.9,medium,61.5,3,DEMO_DATA,True
2024-12-27,sagar_sandheads,16.5,low,53.2,2,DEMO_DATA,True
2024-12-28,sagar_sandheads,17.6,low,54.1,2,DEMO_DATA,True
2024-12-29,sagar_sandheads,16.5,low,53.2,2,DEMO_DATA,True
2024-12-30,sagar_sandheads,17.4,low,53.9,2,DEMO_DATA,True
2024-12-31,sagar_sandheads,23.2,low,58.6,2,DEMO_DATA,True
2025-01-01,sagar_sandheads,24.0,medium,59.2,3,DEMO_DATA,True
2025-01-02,sagar_sandheads,30.9,medium,64.7,3,DEMO_DATA,True
2025-01-03,sagar_sandheads,30.5,medium,64.4,3,DEMO_DATA,True
2025-01-04,sagar_sandheads,41.4,medium,73.1,5,DEMO_DATA,True
2025-01-05,sagar_sandheads,42.4,medium,74.0,5,DEMO_DATA,True
2025-01-06,sagar_sandheads,23.0,low,58.4,2,DEMO_DATA,True
2025-01-07,sagar_sandheads,21.7,low,57.3,2,DEMO_DATA,True
2025-01-08,sagar_sandheads,23.2,low,58.6,2,DEMO_DATA,True
2025-01-09,sagar_sandheads,23.2,low,58.6,2,DEMO_DATA,True
2025-01-10,sagar_sandheads,25.7,medium,60.6,3,DEMO_DATA,True
2025-01-11,sagar_sandheads,29.1,medium,63.3,3,DEMO_DATA,True
2025-01-12,sagar_sandheads,42.4,medium,73.9,5,DEMO_DATA,True
2025-01-13,sagar_sandheads,40.2,medium,72.2,5,DEMO_DATA,True
2025-01-14,sagar_sandheads,55.3,high,84.3,6,DEMO_DATA,True
2025-01-15,sagar_sandheads,37.0,medium,69.6,4,DEMO_DATA,True
2025-01-16,sagar_sandheads,38.0,medium,70.4,4,DEMO_DATA,True
2025-01-17,sagar_sandheads,35.5,medium,68.4,4,DEMO_DATA,True
2025-01-18,sagar_sandheads,20.8,low,56.7,2,DEMO_DATA,True
2025-01-19,sagar_sandheads,20.4,low,56.3,2,DEMO_DATA,True
2025-01-20,sagar_sandheads,29.6,medium,63.7,3,DEMO_DATA,True
2025-01-21,sagar_sandheads,34.4,medium,67.5,4,DEMO_DATA,True
2025-01-22,sagar_sandheads,42.7,medium,74.2,5,DEMO_DATA,True
2025-01-23,sagar_sandheads,56.5,high,85.2,7,DEMO_DATA,True
2025-01-24,sagar_sandheads,77.8,high,95.0,9,DEMO_DATA,True
2025-01-25,sagar_sandheads,114.9,high,95.0,14,DEMO_DATA,True
2025-01-26,sagar_sandheads,45.9,medium,76.7,5,DEMO_DATA,True
2025-01-27,sagar_sandheads,52.6,high,82.1,6,DEMO_DATA,True
2025-01-28,sagar_sandheads,42.3,medium,73.8,5,DEMO_DATA,True
2025-01-29,sagar_sandheads,43.9,medium,75.1,5,DEMO_DATA,True
2025-01-30,sagar_sandheads,50.8,high,80.6,6,DEMO_DATA,True
2025-01-31,sagar_sandheads,51.3,high,81.1,6,DEMO_DATA,True
2025-02-01,sagar_sandheads,35.9,medium,68.7,4,DEMO_DATA,True
2025-02-02,sagar_sandheads,39.7,medium,71.7,4,DEMO_DATA,True
2025-02-03,sagar_sandheads,41.6,medium,73.3,5,DEMO_DATA,True
2025-02-04,sagar_sandheads,57.2,high,85.8,7,DEMO_DATA,True
2025-02-05,sagar_sandheads,59.2,high,87.4,7,DEMO_DATA,True
2025-02-06,sagar_sandheads,75.3,high,95.0,9,DEMO_DATA,True
2025-02-07,sagar_sandheads,66.3,high,93.0,8,DEMO_DATA,True
2025-02-08,sagar_sandheads,74.5,high,95.0,9,DEMO_DATA,True
2025-02-09,sagar_sandheads,101.5,high,95.0,12,DEMO_DATA,True
2025-02-10,sagar_sandheads,79.9,high,95.0,9,DEMO_DATA,True
2025-02-11,sagar_sandheads,62.5,high,90.0,7,DEMO_DATA,True
2025-02-12,sagar_sandheads,55.2,high,84.2,6,DEMO_DATA,True
2025-02-13,sagar_sandheads,58.7,high,87.0,7,DEMO_DATA,True
2025-02-14,sagar_sandheads,43.7,medium,74.9,5,DEMO_DATA,True
2025-02-15,sagar_sandheads,58.6,high,86.9,7,DEMO_DATA,True
2025-02-16,sagar_sandheads,57.3,high,85.9,7,DEMO_DATA,True
2025-02-17,sagar_sandheads,54.0,high,83.2,6,DEMO_DATA,True
2025-02-18,sagar_sandheads,68.1,high,94.5,8,DEMO_DATA,True
2025-02-19,sagar_sandheads,60.2,high,88.1,7,DEMO_DATA,True
2025-02-20,sagar_sandheads,65.6,high,92.5,8,DEMO_DATA,True
2025-02-21,sagar_sandheads,73.0,high,95.0,9,DEMO_DATA,True
2025-02-22,sagar_sandheads,50.3,high,80.3,6,DEMO_DATA,True
2025-02-23,sagar_sandheads,23.4,low,58.7,2,DEMO_DATA,True
2025-02-24,sagar_sandheads,29.5,medium,63.6,3,DEMO_DATA,True
2025-02-25,sagar_sandheads,25.7,medium,60.5,3,DEMO_DATA,True
2025-02-26,sagar_sandheads,31.7,medium,65.4,3,DEMO_DATA,True
2025-02-27,sagar_sandheads,31.3,medium,65.0,3,DEMO_DATA,True
2025-02-28,sagar_sandheads,51.4,high,81.1,6,DEMO_DATA,True
2025-03-01,sagar_sandheads,61.2,high,89.0,7,DEMO_DATA,True
2025-03-02,sagar_sandheads,52.4,high,81.9,6,DEMO_DATA,True
2025-03-03,sagar_sandheads,38.2,medium,70.6,4,DEMO_DATA,True
2025-03-04,sagar_sandheads,42.1,medium,73.7,5,DEMO_DATA,True
2025-03-05,sagar_sandheads,32.9,medium,66.3,4,DEMO_DATA,True
2025-03-06,sagar_sandheads,35.4,medium,68.4,4,DEMO_DATA,True
2025-03-07,sagar_sandheads,40.0,medium,72.0,5,DEMO_DATA,True
2025-03-08,sagar_sandheads,45.6,medium,76.5,5,DEMO_DATA,True
2025-03-09,sagar_sandheads,50.3,high,80.2,6,DEMO_DATA,True
2025-03-10,sagar_sandheads,53.1,high,82.5,6,DEMO_DATA,True
2025-03-11,sagar_sandheads,51.1,high,80.8,6,DEMO_DATA,True
2025-03-12,sagar_sandheads,34.4,medium,67.5,4,DEMO_DATA,True
2025-03-13,sagar_sandheads,32.5,medium,66.0,4,DEMO_DATA,True
2025-03-14,sagar_sandheads,36.6,medium,69.3,4,DEMO_DATA,True
2025-03-15,sagar_sandheads,24.4,medium,59.5,3,DEMO_DATA,True
2025-03-16,sagar_sandheads,24.8,medium,59.8,3,DEMO_DATA,True
2025-03-17,sagar_sandheads,29.9,medium,63.9,3,DEMO_DATA,True
2025-03-18,sagar_sandheads,35.4,medium,68.3,4,DEMO_DATA,True
2025-03-19,sagar_sandheads,33.4,medium,66.7,4,DEMO_DATA,True
2025-03-20,sagar_sandheads,41.7,medium,73.3,5,DEMO_DATA,True
2025-03-21,sagar_sandheads,35.9,medium,68.7,4,DEMO_DATA,True
2025-03-22,sagar_sandheads,31.4,medium,65.1,3,DEMO_DATA,True
2025-03-23,sagar_sandheads,33.1,medium,66.4,4,DEMO_DATA,True
2025-03-24,sagar_sandheads,28.7,medium,63.0,3,DEMO_DATA,True
2025-03-25,sagar_sandheads,16.5,low,53.2,2,DEMO_DATA,True
2025-03-26,sagar_sandheads,29.4,medium,63.5,3,DEMO_DATA,True
2025-03-27,sagar_sandheads,45.5,medium,76.4,5,DEMO_DATA,True
2025-03-28,sagar_sandheads,43.2,medium,74.6,5,DEMO_DATA,True
2025-03-29,sagar_sandheads,75.8,high,95.0,9,DEMO_DATA,True
2025-03-30,sagar_sandheads,58.9,high,87.2,7,DEMO_DATA,True
2025-03-31,sagar_sandheads,36.0,medium,68.8,4,DEMO_DATA,True
2025-04-01,sagar_sandheads,26.8,medium,61.5,3,DEMO_DATA,True
2025-04-02,sagar_sandheads,32.2,medium,65.7,4,DEMO_DATA,True
2025-04-03,sagar_sandheads,30.1,medium,64.1,3,DEMO_DATA,True
2025-04-04,sagar_sandheads,28.6,medium,62.9,3,DEMO_DATA,True
2025-04-05,sagar_sandheads,26.8,medium,61.5,3,DEMO_DATA,True
2025-04-06,sagar_sandheads,28.5,medium,62.8,3,DEMO_DATA,True
2025-04-07,sagar_sandheads,34.5,medium,67.6,4,DEMO_DATA,True
2025-04-08,sagar_sandheads,39.0,medium,71.2,4,DEMO_DATA,True
2025-04-09,sagar_sandheads,22.1,low,57.7,2,DEMO_DATA,True
2025-04-10,sagar_sandheads,21.7,low,57.3,2,DEMO_DATA,True
2025-04-11,sagar_sandheads,39.4,medium,71.5,4,DEMO_DATA,True
2025-04-12,sagar_sandheads,21.3,low,57.0,2,DEMO_DATA,True
2025-04-13,sagar_sandheads,19.6,low,55.7,2,DEMO_DATA,True
2025-04-14,sagar_sandheads,23.4,low,58.7,2,DEMO_DATA,True
2025-04-15,sagar_sandheads,29.4,medium,63.5,3,DEMO_DATA,True
2025-04-16,sagar_sandheads,34.1,medium,67.2,4,DEMO_DATA,True
2025-04-17,sagar_sandheads,37.1,medium,69.6,4,DEMO_DATA,True
2025-04-18,sagar_sandheads,39.9,medium,71.9,4,DEMO_DATA,True
2025-04-19,sagar_sandheads,32.4,medium,65.9,4,DEMO_DATA,True
2025-04-20,sagar_sandheads,31.3,medium,65.0,3,DEMO_DATA,True
2025-04-21,sagar_sandheads,25.1,medium,60.1,3,DEMO_DATA,True
2025-04-22,sagar_sandheads,24.0,low,59.2,2,DEMO_DATA,True
2025-04-23,sagar_sandheads,24.8,medium,59.8,3,DEMO_DATA,True
2025-04-24,sagar_sandheads,26.8,medium,61.4,3,DEMO_DATA,True
2025-04-25,sagar_sandheads,27.6,medium,62.1,3,DEMO_DATA,True
2025-04-26,sagar_sandheads,25.6,medium,60.5,3,DEMO_DATA,True
2025-04-27,sagar_sandheads,25.9,medium,60.8,3,DEMO_DATA,True
2025-04-28,sagar_sandheads,33.9,medium,67.1,4,DEMO_DATA,True
2025-04-29,sagar_sandheads,37.3,medium,69.9,4,DEMO_DATA,True
2025-04-30,sagar_sandheads,36.7,medium,69.3,4,DEMO_DATA,True
2025-05-01,sagar_sandheads,34.4,medium,67.5,4,DEMO_DATA,True
2025-05-02,sagar_sandheads,44.3,medium,75.4,5,DEMO_DATA,True
2025-05-03,sagar_sandheads,37.5,medium,70.0,4,DEMO_DATA,True
2025-05-04,sagar_sandheads,46.4,medium,77.1,5,DEMO_DATA,True
2025-05-05,sagar_sandheads,40.3,medium,72.3,5,DEMO_DATA,True
2025-05-06,sagar_sandheads,43.8,medium,75.0,5,DEMO_DATA,True
2025-05-07,sagar_sandheads,59.0,high,87.2,7,DEMO_DATA,True
2025-05-08,sagar_sandheads,53.4,high,82.8,6,DEMO_DATA,True
2025-05-09,sagar_sandheads,60.7,high,88.5,7,DEMO_DATA,True
2025-05-10,sagar_sandheads,67.9,high,94.3,8,DEMO_DATA,True
2025-05-11,sagar_sandheads,32.4,medium,65.9,4,DEMO_DATA,True
2025-05-12,sagar_sandheads,49.4,high,79.5,6,DEMO_DATA,True
2025-05-13,sagar_sandheads,54.6,high,83.7,6,DEMO_DATA,True
2025-05-14,sagar_sandheads,61.3,high,89.0,7,DEMO_DATA,True
2025-05-15,sagar_sandheads,65.6,high,92.5,8,DEMO_DATA,True
2025-05-16,sagar_sandheads,72.4,high,95.0,9,DEMO_DATA,True
2025-05-17,sagar_sandheads,64.2,high,91.4,8,DEMO_DATA,True
2025-05-18,sagar_sandheads,88.3,high,95.0,11,DEMO_DATA,True
2025-05-19,sagar_sandheads,118.8,high,95.0,14,DEMO_DATA,True
2025-05-20,sagar_sandheads,132.9,high,95.0,16,DEMO_DATA,True
2025-05-21,sagar_sandheads,101.6,high,95.0,12,DEMO_DATA,True
2025-05-22,sagar_sandheads,112.3,high,95.0,14,DEMO_DATA,True
2025-05-23,sagar_sandheads,74.7,high,95.0,9,DEMO_DATA,True
2025-05-24,sagar_sandheads,69.9,high,95.0,8,DEMO_DATA,True
2025-05-25,sagar_sandheads,75.6,high,95.0,9,DEMO_DATA,True
2025-05-26,sagar_sandheads,69.9,high,95.0,8,DEMO_DATA,True
2025-05-27,sagar_sandheads,91.7,high,95.0,11,DEMO_DATA,True
2025-05-28,sagar_sandheads,87.2,high,95.0,10,DEMO_DATA,True
2025-05-29,sagar_sandheads,16.7,low,53.4,2,DEMO_DATA,True
2025-05-30,sagar_sandheads,21.3,low,57.1,2,DEMO_DATA,True
2025-05-31,sagar_sandheads,30.5,medium,64.4,3,DEMO_DATA,True
2025-06-01,sagar_sandheads,30.0,medium,64.0,3,DEMO_DATA,True
2025-06-02,sagar_sandheads,31.9,medium,65.5,3,DEMO_DATA,True
2025-06-03,sagar_sandheads,23.0,low,58.4,2,DEMO_DATA,True
2025-06-04,sagar_sandheads,18.8,low,55.0,2,DEMO_DATA,True
2025-06-05,sagar_sandheads,27.8,medium,62.2,3,DEMO_DATA,True
2025-06-06,sagar_sandheads,18.4,low,54.7,2,DEMO_DATA,True
2025-06-07,sagar_sandheads,16.5,low,53.2,2,DEMO_DATA,True
2025-06-08,sagar_sandheads,21.9,low,57.5,2,DEMO_DATA,True
2025-06-09,sagar_sandheads,27.4,medium,61.9,3,DEMO_DATA,True
2025-06-10,sagar_sandheads,24.2,medium,59.4,3,DEMO_DATA,True
2025-06-11,sagar_sandheads,19.6,low,55.7,2,DEMO_DATA,True
2025-06-12,sagar_sandheads,25.4,medium,60.3,3,DEMO_DATA,True
2025-06-13,sagar_sandheads,23.3,low,58.6,2,DEMO_DATA,True
2025-06-14,sagar_sandheads,23.4,low,58.7,2,DEMO_DATA,True
2025-06-15,sagar_sandheads,26.7,medium,61.4,3,DEMO_DATA,True
2025-06-16,sagar_sandheads,28.2,medium,62.6,3,DEMO_DATA,True
2025-06-17,sagar_sandheads,34.2,medium,67.3,4,DEMO_DATA,True
2025-06-18,sagar_sandheads,34.4,medium,67.6,4,DEMO_DATA,True
2025-06-19,sagar_sandheads,36.5,medium,69.2,4,DEMO_DATA,True
2025-06-20,sagar_sandheads,30.0,medium,64.0,3,DEMO_DATA,True
2025-06-21,sagar_sandheads,43.5,medium,74.8,5,DEMO_DATA,True
2025-06-22,sagar_sandheads,48.7,high,79.0,6,DEMO_DATA,True
2025-06-23,sagar_sandheads,32.1,medium,65.7,4,DEMO_DATA,True
2025-06-24,sagar_sandheads,35.3,medium,68.2,4,DEMO_DATA,True
2025-06-25,sagar_sandheads,37.5,medium,70.0,4,DEMO_DATA,True
2025-06-26,sagar_sandheads,45.4,medium,76.3,5,DEMO_DATA,True
2025-06-27,sagar_sandheads,61.4,high,89.1,7,DEMO_DATA,True
2025-06-28,sagar_sandheads,78.6,high,95.0,9,DEMO_DATA,True
2025-06-29,sagar_sandheads,83.4,high,95.0,10,DEMO_DATA,True
2025-06-30,sagar_sandheads,78.1,high,95.0,9,DEMO_DATA,True
2025-07-01,sagar_sandheads,73.7,high,95.0,9,DEMO_DATA,True
2025-07-02,sagar_sandheads,66.0,high,92.8,8,DEMO_DATA,True
2025-07-03,sagar_sandheads,52.9,high,82.3,6,DEMO_DATA,True
2025-07-04,sagar_sandheads,74.8,high,95.0,9,DEMO_DATA,True
2025-07-05,sagar_sandheads,75.0,high,95.0,9,DEMO_DATA,True
2025-07-06,sagar_sandheads,63.4,high,90.7,7,DEMO_DATA,True
2025-07-07,sagar_sandheads,61.1,high,88.9,7,DEMO_DATA,True
2025-07-08,sagar_sandheads,55.1,high,84.1,6,DEMO_DATA,True
2025-07-09,sagar_sandheads,80.6,high,95.0,10,DEMO_DATA,True
2025-07-10,sagar_sandheads,63.1,high,90.4,7,DEMO_DATA,True
2025-07-11,sagar_sandheads,71.9,high,95.0,8,DEMO_DATA,True
2025-07-12,sagar_sandheads,49.5,high,79.6,6,DEMO_DATA,True
2025-07-13,sagar_sandheads,52.1,high,81.7,6,DEMO_DATA,True
2025-07-14,sagar_sandheads,33.5,medium,66.8,4,DEMO_DATA,True
2025-07-15,sagar_sandheads,26.9,medium,61.5,3,DEMO_DATA,True
2025-07-16,sagar_sandheads,25.6,medium,60.4,3,DEMO_DATA,True
2025-07-17,sagar_sandheads,25.3,medium,60.2,3,DEMO_DATA,True
2025-07-18,sagar_sandheads,30.8,medium,64.7,3,DEMO_DATA,True
2025-07-19,sagar_sandheads,33.2,medium,66.6,4,DEMO_DATA,True
2025-07-20,sagar_sandheads,31.6,medium,65.3,3,DEMO_DATA,True
2025-07-21,sagar_sandheads,41.5,medium,73.2,5,DEMO_DATA,True
2025-07-22,sagar_sandheads,23.9,low,59.1,2,DEMO_DATA,True
2025-07-23,sagar_sandheads,29.7,medium,63.7,3,DEMO_DATA,True
2025-07-24,sagar_sandheads,44.4,medium,75.5,5,DEMO_DATA,True
2025-07-25,sagar_sandheads,47.7,medium,78.2,5,DEMO_DATA,True
2025-07-26,sagar_sandheads,85.6,high,95.0,10,DEMO_DATA,True
2025-07-27,sagar_sandheads,123.2,high,95.0,15,DEMO_DATA,True
2025-07-28,sagar_sandheads,187.3,high,95.0,23,DEMO_DATA,True
2025-07-29,sagar_sandheads,124.6,high,95.0,15,DEMO_DATA,True
2025-07-30,sagar_sandheads,173.6,high,95.0,21,DEMO_DATA,True
2025-07-31,sagar_sandheads,157.9,high,95.0,19,DEMO_DATA,True
2025-08-01,sagar_sandheads,90.9,high,95.0,11,DEMO_DATA,True
2025-08-02,sagar_sandheads,86.1,high,95.0,10,DEMO_DATA,True
2025-08-03,sagar_sandheads,133.8,high,95.0,16,DEMO_DATA,True
2025-08-04,sagar_sandheads,67.6,high,94.1,8,DEMO_DATA,True
2025-08-05,sagar_sandheads,57.9,high,86.3,7,DEMO_DATA,True
2025-08-06,sagar_sandheads,89.0,high,95.0,11,DEMO_DATA,True
2025-08-07,sagar_sandheads,52.0,high,81.6,6,DEMO_DATA,True
2025-08-08,sagar_sandheads,52.8,high,82.2,6,DEMO_DATA,True
2025-08-09,sagar_sandheads,65.1,high,92.1,8,DEMO_DATA,True
2025-08-10,sagar_sandheads,69.3,high,95.0,8,DEMO_DATA,True
2025-08-11,sagar_sandheads,70.6,high,95.0,8,DEMO_DATA,True
2025-08-12,sagar_sandheads,77.2,high,95.0,9,DEMO_DATA,True
2025-08-13,sagar_sandheads,81.3,high,95.0,10,DEMO_DATA,True
2025-08-14,sagar_sandheads,90.7,high,95.0,11,DEMO_DATA,True
2025-08-15,sagar_sandheads,131.3,high,95.0,16,DEMO_DATA,True
2025-08-16,sagar_sandheads,90.5,high,95.0,11,DEMO_DATA,True
2025-08-17,sagar_sandheads,121.5,high,95.0,15,DEMO_DATA,True
2025-08-18,sagar_sandheads,153.8,high,95.0,19,DEMO_DATA,True
2025-08-19,sagar_sandheads,65.2,high,92.1,8,DEMO_DATA,True
2025-08-20,sagar_sandheads,56.7,high,85.3,7,DEMO_DATA,True
2025-08-21,sagar_sandheads,56.8,high,85.4,7,DEMO_DATA,True
2025-08-22,sagar_sandheads,77.9,high,95.0,9,DEMO_DATA,True
2025-08-23,sagar_sandheads,66.4,high,93.1,8,DEMO_DATA,True
2025-08-24,sagar_sandheads,117.3,high,95.0,14,DEMO_DATA,True
2025-08-25,sagar_sandheads,102.8,high,95.0,12,DEMO_DATA,True
2025-08-26,sagar_sandheads,109.8,high,95.0,13,DEMO_DATA,True
2025-08-27,sagar_sandheads,114.9,high,95.0,14,DEMO_DATA,True
2025-08-28,sagar_sandheads,119.9,high,95.0,14,DEMO_DATA,True
2025-08-29,sagar_sandheads,119.1,high,95.0,14,DEMO_DATA,True
2025-08-30,sagar_sandheads,106.9,high,95.0,13,DEMO_DATA,True
2025-08-31,sagar_sandheads,118.1,high,95.0,14,DEMO_DATA,True
2025-09-01,sagar_sandheads,88.8,high,95.0,11,DEMO_DATA,True
2025-09-02,sagar_sandheads,93.1,high,95.0,11,DEMO_DATA,True
2025-09-03,sagar_sandheads,72.8,high,95.0,9,DEMO_DATA,True
2025-09-04,sagar_sandheads,88.3,high,95.0,11,DEMO_DATA,True
2025-09-05,sagar_sandheads,57.9,high,86.3,7,DEMO_DATA,True
2025-09-06,sagar_sandheads,62.4,high,89.9,7,DEMO_DATA,True
2025-09-07,sagar_sandheads,78.0,high,95.0,9,DEMO_DATA,True
2025-09-08,sagar_sandheads,53.7,high,83.0,6,DEMO_DATA,True
2025-09-09,sagar_sandheads,70.4,high,95.0,8,DEMO_DATA,True
2025-09-10,sagar_sandheads,76.2,high,95.0,9,DEMO_DATA,True
2025-09-11,sagar_sandheads,84.7,high,95.0,10,DEMO_DATA,True
2025-09-12,sagar_sandheads,55.7,high,84.6,6,DEMO_DATA,True
2025-09-13,sagar_sandheads,79.9,high,95.0,9,DEMO_DATA,True
2025-09-14,sagar_sandheads,79.6,high,95.0,9,DEMO_DATA,True
2025-09-15,sagar_sandheads,67.5,high,94.0,8,DEMO_DATA,True
2025-09-16,sagar_sandheads,70.0,high,95.0,8,DEMO_DATA,True
2025-09-17,sagar_sandheads,65.5,high,92.4,8,DEMO_DATA,True
2025-09-18,sagar_sandheads,60.6,high,88.5,7,DEMO_DATA,True
2025-09-19,sagar_sandheads,50.3,high,80.2,6,DEMO_DATA,True
2025-09-20,sagar_sandheads,49.5,high,79.6,6,DEMO_DATA,True
2025-09-21,sagar_sandheads,71.3,high,95.0,8,DEMO_DATA,True
2025-09-22,sagar_sandheads,59.2,high,87.3,7,DEMO_DATA,True
2025-09-23,sagar_sandheads,51.3,high,81.0,6,DEMO_DATA,True
2025-09-24,sagar_sandheads,40.5,medium,72.4,5,DEMO_DATA,True
2025-09-25,sagar_sandheads,50.5,high,80.4,6,DEMO_DATA,True
2025-09-26,sagar_sandheads,50.4,high,80.3,6,DEMO_DATA,True
2025-09-27,sagar_sandheads,45.8,medium,76.6,5,DEMO_DATA,True
2025-09-28,sagar_sandheads,38.6,medium,70.9,4,DEMO_DATA,True
2025-09-29,sagar_sandheads,69.8,high,95.0,8,DEMO_DATA,True
2025-09-30,sagar_sandheads,49.9,high,80.0,6,DEMO_DATA,True
2025-10-01,sagar_sandheads,34.7,medium,67.8,4,DEMO_DATA,True
2025-10-02,sagar_sandheads,37.6,medium,70.1,4,DEMO_DATA,True
2025-10-03,sagar_sandheads,39.4,medium,71.5,4,DEMO_DATA,True
2025-10-04,sagar_sandheads,23.2,low,58.6,2,DEMO_DATA,True
2025-10-05,sagar_sandheads,31.9,medium,65.5,3,DEMO_DATA,True
2025-10-06,sagar_sandheads,33.4,medium,66.7,4,DEMO_DATA,True
2025-10-07,sagar_sandheads,31.6,medium,65.3,3,DEMO_DATA,True
2025-10-08,sagar_sandheads,26.1,medium,60.9,3,DEMO_DATA,True
2025-10-09,sagar_sandheads,32.1,medium,65.6,4,DEMO_DATA,True
2025-10-10,sagar_sandheads,20.3,low,56.2,2,DEMO_DATA,True
2025-10-11,sagar_sandheads,30.2,medium,64.1,3,DEMO_DATA,True
2025-10-12,sagar_sandheads,21.9,low,57.5,2,DEMO_DATA,True
2025-10-13,sagar_sandheads,25.1,medium,60.1,3,DEMO_DATA,True
2025-10-14,sagar_sandheads,35.1,medium,68.1,4,DEMO_DATA,True
2025-10-15,sagar_sandheads,45.5,medium,76.4,5,DEMO_DATA,True
2025-10-16,sagar_sandheads,16.5,low,53.2,2,DEMO_DATA,True
2025-10-17,sagar_sandheads,16.5,low,53.2,2,DEMO_DATA,True
2025-10-18,sagar_sandheads,21.9,low,57.5,2,DEMO_DATA,True
2025-10-19,sagar_sandheads,20.0,low,56.0,2,DEMO_DATA,True
2025-10-20,sagar_sandheads,33.2,medium,66.6,4,DEMO_DATA,True
2025-10-21,sagar_sandheads,36.9,medium,69.5,4,DEMO_DATA,True
2025-10-22,sagar_sandheads,36.9,medium,69.5,4,DEMO_DATA,True
2025-10-23,sagar_sandheads,49.4,high,79.5,6,DEMO_DATA,True
2025-10-24,sagar_sandheads,52.6,high,82.1,6,DEMO_DATA,True
2025-10-25,sagar_sandheads,55.7,high,84.6,6,DEMO_DATA,True
2025-10-26,sagar_sandheads,49.3,high,79.5,6,DEMO_DATA,True
2025-10-27,sagar_sandheads,40.5,medium,72.4,5,DEMO_DATA,True
2025-10-28,sagar_sandheads,34.0,medium,67.2,4,DEMO_DATA,True
2025-10-29,sagar_sandheads,23.0,low,58.4,2,DEMO_DATA,True
2025-10-30,sagar_sandheads,16.5,low,53.2,2,DEMO_DATA,True
2025-10-31,sagar_sandheads,20.5,low,56.4,2,DEMO_DATA,True
2025-11-01,sagar_sandheads,17.9,low,54.3,2,DEMO_DATA,True
2025-11-02,sagar_sandheads,18.1,low,54.5,2,DEMO_DATA,True
2025-11-03,sagar_sandheads,17.1,low,53.7,2,DEMO_DATA,True
2025-11-04,sagar_sandheads,16.5,low,53.2,2,DEMO_DATA,True
2025-11-05,sagar_sandheads,21.4,low,57.1,2,DEMO_DATA,True
2025-11-06,sagar_sandheads,16.5,low,53.2,2,DEMO_DATA,True
2025-11-07,sagar_sandheads,20.2,low,56.1,2,DEMO_DATA,True
2025-11-08,sagar_sandheads,27.5,medium,62.0,3,DEMO_DATA,True
2025-11-09,sagar_sandheads,33.0,medium,66.4,4,DEMO_DATA,True
2025-11-10,sagar_sandheads,16.5,low,53.2,2,DEMO_DATA,True
2025-11-11,sagar_sandheads,16.5,low,53.2,2,DEMO_DATA,True
2025-11-12,sagar_sandheads,23.5,low,58.8,2,DEMO_DATA,True
2025-11-13,sagar_sandheads,32.1,medium,65.7,4,DEMO_DATA,True
2025-11-14,sagar_sandheads,29.3,medium,63.4,3,DEMO_DATA,True
2025-11-15,sagar_sandheads,26.5,medium,61.2,3,DEMO_DATA,True
2025-11-16,sagar_sandheads,28.0,medium,62.4,3,DEMO_DATA,True
2025-11-17,sagar_sandheads,20.7,low,56.6,2,DEMO_DATA,True
2025-11-18,sagar_sandheads,22.5,low,58.0,2,DEMO_DATA,True
2025-11-19,sagar_sandheads,16.5,low,53.2,2,DEMO_DATA,True
2025-11-20,sagar_sandheads,20.2,low,56.1,2,DEMO_DATA,True
2025-11-21,sagar_sandheads,19.9,low,55.9,2,DEMO_DATA,True
2025-11-22,sagar_sandheads,28.6,medium,62.9,3,DEMO_DATA,True
2025-11-23,sagar_sandheads,32.7,medium,66.1,4,DEMO_DATA,True
2025-11-24,sagar_sandheads,30.0,medium,64.0,3,DEMO_DATA,True
2025-11-25,sagar_sandheads,29.8,medium,63.9,3,DEMO_DATA,True
2025-11-26,sagar_sandheads,20.4,low,56.3,2,DEMO_DATA,True
2025-11-27,sagar_sandheads,24.5,medium,59.6,3,DEMO_DATA,True
2025-11-28,sagar_sandheads,36.1,medium,68.9,4,DEMO_DATA,True
2025-11-29,sagar_sandheads,45.2,medium,76.1,5,DEMO_DATA,True
2025-11-30,sagar_sandheads,44.1,medium,75.3,5,DEMO_DATA,True
2025-12-01,sagar_sandheads,32.4,medium,65.9,4,DEMO_DATA,True
2025-12-02,sagar_sandheads,24.7,medium,59.8,3,DEMO_DATA,True
2025-12-03,sagar_sandheads,30.5,medium,64.4,3,DEMO_DATA,True
2025-12-04,sagar_sandheads,32.2,medium,65.8,4,DEMO_DATA,True
2025-12-05,sagar_sandheads,31.4,medium,65.1,3,DEMO_DATA,True
2025-12-06,sagar_sandheads,30.0,medium,64.0,3,DEMO_DATA,True
2025-12-07,sagar_sandheads,23.2,low,58.6,2,DEMO_DATA,True
2025-12-08,sagar_sandheads,31.9,medium,65.5,3,DEMO_DATA,True
2025-12-09,sagar_sandheads,40.6,medium,72.5,5,DEMO_DATA,True
2025-12-10,sagar_sandheads,30.8,medium,64.6,3,DEMO_DATA,True
2025-12-11,sagar_sandheads,41.5,medium,73.2,5,DEMO_DATA,True
2025-12-12,sagar_sandheads,31.4,medium,65.1,3,DEMO_DATA,True
2025-12-13,sagar_sandheads,33.9,medium,67.1,4,DEMO_DATA,True
2025-12-14,sagar_sandheads,44.8,medium,75.9,5,DEMO_DATA,True
2025-12-15,sagar_sandheads,36.2,medium,69.0,4,DEMO_DATA,True
2025-12-16,sagar_sandheads,28.8,medium,63.1,3,DEMO_DATA,True
2025-12-17,sagar_sandheads,21.7,low,57.4,2,DEMO_DATA,True
2025-12-18,sagar_sandheads,20.3,low,56.2,2,DEMO_DATA,True
2025-12-19,sagar_sandheads,16.5,low,53.2,2,DEMO_DATA,True
2025-12-20,sagar_sandheads,17.5,low,54.0,2,DEMO_DATA,True
2025-12-21,sagar_sandheads,16.8,low,53.4,2,DEMO_DATA,True
2025-12-22,sagar_sandheads,17.6,low,54.1,2,DEMO_DATA,True
2025-12-23,sagar_sandheads,20.6,low,56.4,2,DEMO_DATA,True
2025-12-24,sagar_sandheads,22.9,low,58.3,2,DEMO_DATA,True
2025-12-25,sagar_sandheads,32.0,medium,65.6,3,DEMO_DATA,True
2025-12-26,sagar_sandheads,24.5,medium,59.6,3,DEMO_DATA,True
2025-12-27,sagar_sandheads,25.8,medium,60.6,3,DEMO_DATA,True
2025-12-28,sagar_sandheads,16.5,low,53.2,2,DEMO_DATA,True
2025-12-29,sagar_sandheads,18.8,low,55.1,2,DEMO_DATA,True
2025-12-30,sagar_sandheads,16.5,low,53.2,2,DEMO_DATA,True
2025-12-31,sagar_sandheads,16.5,low,53.2,2,DEMO_DATA,True
2026-01-01,sagar_sandheads,18.6,low,54.9,2,DEMO_DATA,True
2026-01-02,sagar_sandheads,21.4,low,57.1,2,DEMO_DATA,True
2026-01-03,sagar_sandheads,16.5,low,53.2,2,DEMO_DATA,True
2026-01-04,sagar_sandheads,29.6,medium,63.7,3,DEMO_DATA,True
2026-01-05,sagar_sandheads,39.4,medium,71.5,4,DEMO_DATA,True
2026-01-06,sagar_sandheads,47.7,medium,78.2,5,DEMO_DATA,True
2026-01-07,sagar_sandheads,44.4,medium,75.5,5,DEMO_DATA,True
2026-01-08,sagar_sandheads,46.7,medium,77.4,5,DEMO_DATA,True
2026-01-09,sagar_sandheads,32.9,medium,66.3,4,DEMO_DATA,True
2026-01-10,sagar_sandheads,28.9,medium,63.1,3,DEMO_DATA,True
2026-01-11,sagar_sandheads,20.0,low,56.0,2,DEMO_DATA,True
2026-01-12,sagar_sandheads,20.0,low,56.0,2,DEMO_DATA,True
2026-01-13,sagar_sandheads,21.8,low,57.4,2,DEMO_DATA,True
2026-01-14,sagar_sandheads,16.5,low,53.2,2,DEMO_DATA,True
2026-01-15,sagar_sandheads,21.2,low,56.9,2,DEMO_DATA,True
2026-01-16,sagar_sandheads,27.4,medium,61.9,3,DEMO_DATA,True
2026-01-17,sagar_sandheads,30.3,medium,64.2,3,DEMO_DATA,True
2026-01-18,sagar_sandheads,25.9,medium,60.7,3,DEMO_DATA,True
2026-01-19,sagar_sandheads,29.6,medium,63.7,3,DEMO_DATA,True
2026-01-20,sagar_sandheads,41.8,medium,73.4,5,DEMO_DATA,True
2026-01-21,sagar_sandheads,47.2,medium,77.7,5,DEMO_DATA,True
2026-01-22,sagar_sandheads,36.7,medium,69.4,4,DEMO_DATA,True
2026-01-23,sagar_sandheads,49.4,high,79.5,6,DEMO_DATA,True
2026-01-24,sagar_sandheads,35.5,medium,68.4,4,DEMO_DATA,True
2026-01-25,sagar_sandheads,23.5,low,58.8,2,DEMO_DATA,True
2026-01-26,sagar_sandheads,16.5,low,53.2,2,DEMO_DATA,True
2026-01-27,sagar_sandheads,17.6,low,54.1,2,DEMO_DATA,True
2026-01-28,sagar_sandheads,20.9,low,56.7,2,DEMO_DATA,True
2026-01-29,sagar_sandheads,18.4,low,54.7,2,DEMO_DATA,True
2026-01-30,sagar_sandheads,19.7,low,55.8,2,DEMO_DATA,True
2026-01-31,sagar_sandheads,18.0,low,54.4,2,DEMO_DATA,True
2026-02-01,sagar_sandheads,16.5,low,53.2,2,DEMO_DATA,True
2026-02-02,sagar_sandheads,20.1,low,56.1,2,DEMO_DATA,True
2026-02-03,sagar_sandheads,20.0,low,56.0,2,DEMO_DATA,True
2026-02-04,sagar_sandheads,19.8,low,55.8,2,DEMO_DATA,True
2026-02-05,sagar_sandheads,20.0,low,56.0,2,DEMO_DATA,True
2026-02-06,sagar_sandheads,16.8,low,53.4,2,DEMO_DATA,True
2026-02-07,sagar_sandheads,18.1,low,54.5,2,DEMO_DATA,True
2026-02-08,sagar_sandheads,20.6,low,56.5,2,DEMO_DATA,True
2026-02-09,sagar_sandheads,26.7,medium,61.4,3,DEMO_DATA,True
2026-02-10,sagar_sandheads,18.9,low,55.2,2,DEMO_DATA,True
2026-02-11,sagar_sandheads,19.4,low,55.5,2,DEMO_DATA,True
2026-02-12,sagar_sandheads,16.5,low,53.2,2,DEMO_DATA,True
2026-02-13,sagar_sandheads,26.1,medium,60.9,3,DEMO_DATA,True
2026-02-14,sagar_sandheads,39.1,medium,71.3,4,DEMO_DATA,True
2026-02-15,sagar_sandheads,36.1,medium,68.9,4,DEMO_DATA,True
2026-02-16,sagar_sandheads,51.5,high,81.2,6,DEMO_DATA,True
2026-02-17,sagar_sandheads,64.5,high,91.6,8,DEMO_DATA,True
2026-02-18,sagar_sandheads,53.4,high,82.7,6,DEMO_DATA,True
2026-02-19,sagar_sandheads,79.5,high,95.0,9,DEMO_DATA,True
2026-02-20,sagar_sandheads,51.2,high,81.0,6,DEMO_DATA,True
2026-02-21,sagar_sandheads,72.1,high,95.0,9,DEMO_DATA,True
2026-02-22,sagar_sandheads,71.8,high,95.0,8,DEMO_DATA,True
2026-02-23,sagar_sandheads,56.5,high,85.2,7,DEMO_DATA,True
2026-02-24,sagar_sandheads,67.4,high,94.0,8,DEMO_DATA,True
2026-02-25,sagar_sandheads,49.9,high,79.9,6,DEMO_DATA,True
2026-02-26,sagar_sandheads,28.3,medium,62.7,3,DEMO_DATA,True
2026-02-27,sagar_sandheads,31.0,medium,64.8,3,DEMO_DATA,True
2026-02-28,sagar_sandheads,26.2,medium,60.9,3,DEMO_DATA,True
2026-03-01,sagar_sandheads,17.5,low,54.0,2,DEMO_DATA,True
2026-03-02,sagar_sandheads,25.2,medium,60.1,3,DEMO_DATA,True
2026-03-03,sagar_sandheads,16.8,low,53.4,2,DEMO_DATA,True
2026-03-04,sagar_sandheads,16.5,low,53.2,2,DEMO_DATA,True
2026-03-05,sagar_sandheads,16.7,low,53.3,2,DEMO_DATA,True
2026-03-06,sagar_sandheads,20.0,low,56.0,2,DEMO_DATA,True
2026-03-07,sagar_sandheads,16.5,low,53.2,2,DEMO_DATA,True
2026-03-08,sagar_sandheads,16.5,low,53.2,2,DEMO_DATA,True
2026-03-09,sagar_sandheads,23.0,low,58.4,2,DEMO_DATA,True
2026-03-10,sagar_sandheads,19.1,low,55.3,2,DEMO_DATA,True
2026-03-11,sagar_sandheads,25.8,medium,60.6,3,DEMO_DATA,True
2026-03-12,sagar_sandheads,30.7,medium,64.6,3,DEMO_DATA,True
2026-03-13,sagar_sandheads,32.6,medium,66.1,4,DEMO_DATA,True
2026-03-14,sagar_sandheads,28.2,medium,62.6,3,DEMO_DATA,True
2026-03-15,sagar_sandheads,21.1,low,56.9,2,DEMO_DATA,True
2026-03-16,sagar_sandheads,26.7,medium,61.4,3,DEMO_DATA,True
2026-03-17,sagar_sandheads,23.3,low,58.7,2,DEMO_DATA,True
2026-03-18,sagar_sandheads,27.9,medium,62.3,3,DEMO_DATA,True
2026-03-19,sagar_sandheads,23.7,low,59.0,2,DEMO_DATA,True
2026-03-20,sagar_sandheads,23.2,low,58.6,2,DEMO_DATA,True
2026-03-21,sagar_sandheads,22.3,low,57.8,2,DEMO_DATA,True
2026-03-22,sagar_sandheads,25.8,medium,60.7,3,DEMO_DATA,True
2026-03-23,sagar_sandheads,23.3,low,58.6,2,DEMO_DATA,True
2026-03-24,sagar_sandheads,32.3,medium,65.8,4,DEMO_DATA,True
2026-03-25,sagar_sandheads,25.3,medium,60.2,3,DEMO_DATA,True
2026-03-26,sagar_sandheads,34.1,medium,67.3,4,DEMO_DATA,True
2026-03-27,sagar_sandheads,20.8,low,56.6,2,DEMO_DATA,True
2026-03-28,sagar_sandheads,16.5,low,53.2,2,DEMO_DATA,True
2026-03-29,sagar_sandheads,19.1,low,55.3,2,DEMO_DATA,True
2026-03-30,sagar_sandheads,20.6,low,56.5,2,DEMO_DATA,True
2026-03-31,sagar_sandheads,34.5,medium,67.6,4,DEMO_DATA,True
2026-04-01,sagar_sandheads,46.8,medium,77.4,5,DEMO_DATA,True
2026-04-02,sagar_sandheads,46.3,medium,77.1,5,DEMO_DATA,True
2026-04-03,sagar_sandheads,36.8,medium,69.4,4,DEMO_DATA,True
2026-04-04,sagar_sandheads,37.2,medium,69.7,4,DEMO_DATA,True
2026-04-05,sagar_sandheads,56.9,high,85.5,7,DEMO_DATA,True
2026-04-06,sagar_sandheads,45.4,medium,76.4,5,DEMO_DATA,True
2026-04-07,sagar_sandheads,58.7,high,86.9,7,DEMO_DATA,True
2026-04-08,sagar_sandheads,45.4,medium,76.3,5,DEMO_DATA,True
2026-04-09,sagar_sandheads,49.7,high,79.7,6,DEMO_DATA,True
2026-04-10,sagar_sandheads,60.4,high,88.3,7,DEMO_DATA,True
2026-04-11,sagar_sandheads,51.4,high,81.1,6,DEMO_DATA,True
2026-04-12,sagar_sandheads,72.3,high,95.0,9,DEMO_DATA,True
2026-04-13,sagar_sandheads,55.0,high,84.0,6,DEMO_DATA,True
2026-04-14,sagar_sandheads,45.7,medium,76.5,5,DEMO_DATA,True
2026-04-15,sagar_sandheads,57.1,high,85.7,7,DEMO_DATA,True
2026-04-16,sagar_sandheads,54.9,high,83.9,6,DEMO_DATA,True
2026-04-17,sagar_sandheads,26.9,medium,61.5,3,DEMO_DATA,True
2026-04-18,sagar_sandheads,30.8,medium,64.7,3,DEMO_DATA,True
2026-04-19,sagar_sandheads,45.7,medium,76.6,5,DEMO_DATA,True
2026-04-20,sagar_sandheads,35.8,medium,68.6,4,DEMO_DATA,True
2026-04-21,sagar_sandheads,30.3,medium,64.3,3,DEMO_DATA,True
2026-04-22,sagar_sandheads,22.8,low,58.3,2,DEMO_DATA,True
2026-04-23,sagar_sandheads,41.8,medium,73.5,5,DEMO_DATA,True
2026-04-24,sagar_sandheads,27.0,medium,61.6,3,DEMO_DATA,True
2026-04-25,sagar_sandheads,25.7,medium,60.6,3,DEMO_DATA,True
2026-04-26,sagar_sandheads,26.6,medium,61.3,3,DEMO_DATA,True
2026-04-27,sagar_sandheads,37.6,medium,70.1,4,DEMO_DATA,True
2026-04-28,sagar_sandheads,48.0,medium,78.4,5,DEMO_DATA,True
2026-04-29,sagar_sandheads,24.7,medium,59.7,3,DEMO_DATA,True
2026-04-30,sagar_sandheads,27.1,medium,61.7,3,DEMO_DATA,True
2026-05-01,sagar_sandheads,23.6,low,58.9,2,DEMO_DATA,True
2026-05-02,sagar_sandheads,33.9,medium,67.1,4,DEMO_DATA,True
2026-05-03,sagar_sandheads,24.9,medium,59.9,3,DEMO_DATA,True
2026-05-04,sagar_sandheads,19.5,low,55.6,2,DEMO_DATA,True
2026-05-05,sagar_sandheads,18.3,low,54.7,2,DEMO_DATA,True
2026-05-06,sagar_sandheads,16.5,low,53.2,2,DEMO_DATA,True
2026-05-07,sagar_sandheads,16.9,low,53.5,2,DEMO_DATA,True
2026-05-08,sagar_sandheads,22.4,low,57.9,2,DEMO_DATA,True
2026-05-09,sagar_sandheads,25.9,medium,60.7,3,DEMO_DATA,True
2026-05-10,sagar_sandheads,23.8,low,59.1,2,DEMO_DATA,True
2026-05-11,sagar_sandheads,31.9,medium,65.5,3,DEMO_DATA,True
2026-05-12,sagar_sandheads,32.6,medium,66.1,4,DEMO_DATA,True
2026-05-13,sagar_sandheads,40.3,medium,72.3,5,DEMO_DATA,True
2026-05-14,sagar_sandheads,24.1,medium,59.2,3,DEMO_DATA,True
2026-05-15,sagar_sandheads,30.0,medium,64.0,3,DEMO_DATA,True
2026-05-16,sagar_sandheads,34.7,medium,67.7,4,DEMO_DATA,True
2026-05-17,sagar_sandheads,45.9,medium,76.7,5,DEMO_DATA,True
2026-05-18,sagar_sandheads,43.3,medium,74.6,5,DEMO_DATA,True
2026-05-19,sagar_sandheads,39.7,medium,71.7,4,DEMO_DATA,True
2026-05-20,sagar_sandheads,40.1,medium,72.1,5,DEMO_DATA,True
2026-05-21,sagar_sandheads,47.1,medium,77.7,5,DEMO_DATA,True
2026-05-22,sagar_sandheads,60.2,high,88.2,7,DEMO_DATA,True
2026-05-23,sagar_sandheads,43.3,medium,74.6,5,DEMO_DATA,True
2026-05-24,sagar_sandheads,27.0,medium,61.6,3,DEMO_DATA,True
2026-05-25,sagar_sandheads,21.0,low,56.8,2,DEMO_DATA,True
2026-05-26,sagar_sandheads,24.0,low,59.2,2,DEMO_DATA,True
2026-05-27,sagar_sandheads,32.1,medium,65.7,4,DEMO_DATA,True
2026-05-28,sagar_sandheads,32.8,medium,66.2,4,DEMO_DATA,True
2026-05-29,sagar_sandheads,37.1,medium,69.7,4,DEMO_DATA,True
2026-05-30,sagar_sandheads,52.9,high,82.3,6,DEMO_DATA,True
2026-05-31,sagar_sandheads,53.5,high,82.8,6,DEMO_DATA,True
2026-06-01,sagar_sandheads,47.2,medium,77.8,5,DEMO_DATA,True
2026-06-02,sagar_sandheads,34.3,medium,67.5,4,DEMO_DATA,True
2026-06-03,sagar_sandheads,32.8,medium,66.2,4,DEMO_DATA,True
2026-06-04,sagar_sandheads,28.3,medium,62.6,3,DEMO_DATA,True
2026-06-05,sagar_sandheads,31.8,medium,65.4,3,DEMO_DATA,True
2026-06-06,sagar_sandheads,20.3,low,56.2,2,DEMO_DATA,True
2026-06-07,sagar_sandheads,24.4,medium,59.5,3,DEMO_DATA,True
2026-06-08,sagar_sandheads,21.9,low,57.5,2,DEMO_DATA,True
2026-06-09,sagar_sandheads,24.4,medium,59.5,3,DEMO_DATA,True
2026-06-10,sagar_sandheads,22.4,low,57.9,2,DEMO_DATA,True
2026-06-11,sagar_sandheads,17.0,low,53.6,2,DEMO_DATA,True
2026-06-12,sagar_sandheads,16.5,low,53.2,2,DEMO_DATA,True
2026-06-13,sagar_sandheads,21.5,low,57.2,2,DEMO_DATA,True
2026-06-14,sagar_sandheads,28.2,medium,62.5,3,DEMO_DATA,True
2026-06-15,sagar_sandheads,40.3,medium,72.2,5,DEMO_DATA,True
2026-06-16,sagar_sandheads,25.8,medium,60.6,3,DEMO_DATA,True
2026-06-17,sagar_sandheads,35.9,medium,68.7,4,DEMO_DATA,True
2026-06-18,sagar_sandheads,36.2,medium,69.0,4,DEMO_DATA,True
2026-06-19,sagar_sandheads,52.3,high,81.9,6,DEMO_DATA,True
2026-06-20,sagar_sandheads,37.6,medium,70.1,4,DEMO_DATA,True
2026-06-21,sagar_sandheads,59.9,high,87.9,7,DEMO_DATA,True
2026-06-22,sagar_sandheads,57.1,high,85.7,7,DEMO_DATA,True
2026-06-23,sagar_sandheads,71.8,high,95.0,8,DEMO_DATA,True
2026-06-24,sagar_sandheads,95.2,high,95.0,11,DEMO_DATA,True
2026-06-25,sagar_sandheads,93.7,high,95.0,11,DEMO_DATA,True
2026-06-26,sagar_sandheads,76.6,high,95.0,9,DEMO_DATA,True
2026-06-27,sagar_sandheads,86.9,high,95.0,10,DEMO_DATA,True
2026-06-28,sagar_sandheads,75.3,high,95.0,9,DEMO_DATA,True
2026-06-29,sagar_sandheads,77.7,high,95.0,9,DEMO_DATA,True
2026-06-30,sagar_sandheads,110.2,high,95.0,13,DEMO_DATA,True
2026-07-01,sagar_sandheads,128.8,high,95.0,16,DEMO_DATA,True
2026-07-02,sagar_sandheads,76.1,high,95.0,9,DEMO_DATA,True
2026-07-03,sagar_sandheads,37.7,medium,70.1,4,DEMO_DATA,True
2026-07-04,sagar_sandheads,49.4,high,79.5,6,DEMO_DATA,True
2026-07-05,sagar_sandheads,63.5,high,90.8,7,DEMO_DATA,True
2026-07-06,sagar_sandheads,100.0,high,95.0,12,DEMO_DATA,True
2026-07-07,sagar_sandheads,109.7,high,95.0,13,DEMO_DATA,True
2026-07-08,sagar_sandheads,116.5,high,95.0,14,DEMO_DATA,True
2026-07-09,sagar_sandheads,137.3,high,95.0,17,DEMO_DATA,True
2026-07-10,sagar_sandheads,141.9,high,95.0,17,DEMO_DATA,True
2026-07-11,sagar_sandheads,123.1,high,95.0,15,DEMO_DATA,True
2026-07-12,sagar_sandheads,36.4,medium,69.1,4,DEMO_DATA,True
2026-07-13,sagar_sandheads,48.2,high,78.6,6,DEMO_DATA,True
2026-07-14,sagar_sandheads,50.4,high,80.3,6,DEMO_DATA,True
2026-07-15,sagar_sandheads,46.9,medium,77.5,5,DEMO_DATA,True
2026-07-16,sagar_sandheads,52.6,high,82.1,6,DEMO_DATA,True
2026-07-17,sagar_sandheads,33.7,medium,66.9,4,DEMO_DATA,True
2026-07-18,sagar_sandheads,49.8,high,79.8,6,DEMO_DATA,True
2026-07-19,sagar_sandheads,23.4,low,58.7,2,DEMO_DATA,True
2026-07-20,sagar_sandheads,23.0,low,58.4,2,DEMO_DATA,True
2026-07-21,sagar_sandheads,31.0,medium,64.8,3,DEMO_DATA,True
2026-07-22,sagar_sandheads,20.7,low,56.6,2,DEMO_DATA,True
2026-07-23,sagar_sandheads,22.2,low,57.8,2,DEMO_DATA,True
2026-07-24,sagar_sandheads,19.9,low,56.0,2,DEMO_DATA,True
2026-07-25,sagar_sandheads,21.8,low,57.4,2,DEMO_DATA,True
2026-07-26,sagar_sandheads,22.7,low,58.2,2,DEMO_DATA,True
2026-07-27,sagar_sandheads,27.5,medium,62.0,3,DEMO_DATA,True
2026-07-28,sagar_sandheads,33.8,medium,67.0,4,DEMO_DATA,True
2026-07-29,sagar_sandheads,42.1,medium,73.7,5,DEMO_DATA,True
2026-07-30,sagar_sandheads,69.4,high,95.0,8,DEMO_DATA,True
2026-07-31,sagar_sandheads,101.9,high,95.0,12,DEMO_DATA,True
2026-08-01,sagar_sandheads,98.7,high,95.0,12,DEMO_DATA,True
2026-08-02,sagar_sandheads,61.8,high,89.4,7,DEMO_DATA,True
2026-08-03,sagar_sandheads,52.0,high,81.6,6,DEMO_DATA,True
2026-08-04,sagar_sandheads,56.7,high,85.4,7,DEMO_DATA,True
2026-08-05,sagar_sandheads,88.4,high,95.0,11,DEMO_DATA,True
2026-08-06,sagar_sandheads,76.1,high,95.0,9,DEMO_DATA,True
2026-08-07,sagar_sandheads,75.8,high,95.0,9,DEMO_DATA,True
2026-08-08,sagar_sandheads,72.3,high,95.0,9,DEMO_DATA,True
2026-08-09,sagar_sandheads,106.0,high,95.0,13,DEMO_DATA,True
2026-08-10,sagar_sandheads,144.2,high,95.0,18,DEMO_DATA,True
2026-08-11,sagar_sandheads,113.8,high,95.0,14,DEMO_DATA,True
2026-08-12,sagar_sandheads,110.8,high,95.0,13,DEMO_DATA,True
2026-08-13,sagar_sandheads,153.5,high,95.0,19,DEMO_DATA,True
2026-08-14,sagar_sandheads,204.4,high,95.0,25,DEMO_DATA,True
2026-08-15,sagar_sandheads,299.0,high,95.0,37,DEMO_DATA,True
2026-08-16,sagar_sandheads,362.7,high,95.0,45,DEMO_DATA,True
2026-08-17,sagar_sandheads,389.3,high,95.0,48,DEMO_DATA,True
2026-08-18,sagar_sandheads,405.3,high,95.0,50,DEMO_DATA,True
2026-08-19,sagar_sandheads,187.4,high,95.0,23,DEMO_DATA,True
2026-08-20,sagar_sandheads,227.9,high,95.0,28,DEMO_DATA,True
2026-08-21,sagar_sandheads,117.5,high,95.0,14,DEMO_DATA,True
2026-08-22,sagar_sandheads,106.9,high,95.0,13,DEMO_DATA,True
2026-08-23,sagar_sandheads,73.8,high,95.0,9,DEMO_DATA,True
2026-08-24,sagar_sandheads,62.1,high,89.7,7,DEMO_DATA,True
2026-08-25,sagar_sandheads,38.2,medium,70.5,4,DEMO_DATA,True
2026-08-26,sagar_sandheads,36.4,medium,69.1,4,DEMO_DATA,True
2026-08-27,sagar_sandheads,59.7,high,87.8,7,DEMO_DATA,True
2026-08-28,sagar_sandheads,93.6,high,95.0,11,DEMO_DATA,True
2026-08-29,sagar_sandheads,81.0,high,95.0,10,DEMO_DATA,True
2026-08-30,sagar_sandheads,99.8,high,95.0,12,DEMO_DATA,True
2026-08-31,sagar_sandheads,152.3,high,95.0,19,DEMO_DATA,True
2026-09-01,sagar_sandheads,78.1,high,95.0,9,DEMO_DATA,True
2026-09-02,sagar_sandheads,51.3,high,81.0,6,DEMO_DATA,True
2026-09-03,sagar_sandheads,35.7,medium,68.5,4,DEMO_DATA,True
2026-09-04,sagar_sandheads,22.9,low,58.3,2,DEMO_DATA,True
2026-09-05,sagar_sandheads,36.8,medium,69.4,4,DEMO_DATA,True
2026-09-06,sagar_sandheads,45.1,medium,76.1,5,DEMO_DATA,True
2026-09-07,sagar_sandheads,61.1,high,88.9,7,DEMO_DATA,True
2026-09-08,sagar_sandheads,80.1,high,95.0,10,DEMO_DATA,True
2026-09-09,sagar_sandheads,70.8,high,95.0,8,DEMO_DATA,True
2026-09-10,sagar_sandheads,40.0,medium,72.0,4,DEMO_DATA,True
2026-09-11,sagar_sandheads,40.0,medium,72.0,4,DEMO_DATA,True
2026-09-12,sagar_sandheads,61.2,high,88.9,7,DEMO_DATA,True
2026-09-13,sagar_sandheads,75.5,high,95.0,9,DEMO_DATA,True
2026-09-14,sagar_sandheads,82.0,high,95.0,10,DEMO_DATA,True
2020-01-01,haldia,63.3,high,90.6,7,DEMO_DATA,True
2020-01-02,haldia,48.8,high,79.0,6,DEMO_DATA,True
2020-01-03,haldia,57.0,high,85.6,7,DEMO_DATA,True
2020-01-04,haldia,37.6,medium,70.1,4,DEMO_DATA,True
2020-01-05,haldia,18.0,low,54.4,2,DEMO_DATA,True
2020-01-06,haldia,18.4,low,54.7,2,DEMO_DATA,True
2020-01-07,haldia,31.7,medium,65.4,3,DEMO_DATA,True
2020-01-08,haldia,27.1,medium,61.7,3,DEMO_DATA,True
2020-01-09,haldia,20.3,low,56.3,2,DEMO_DATA,True
2020-01-10,haldia,22.2,low,57.8,2,DEMO_DATA,True
2020-01-11,haldia,19.8,low,55.8,2,DEMO_DATA,True
2020-01-12,haldia,26.2,medium,61.0,3,DEMO_DATA,True
2020-01-13,haldia,29.5,medium,63.6,3,DEMO_DATA,True
2020-01-14,haldia,33.1,medium,66.5,4,DEMO_DATA,True
2020-01-15,haldia,35.8,medium,68.6,4,DEMO_DATA,True
2020-01-16,haldia,54.5,high,83.6,6,DEMO_DATA,True
2020-01-17,haldia,76.2,high,95.0,9,DEMO_DATA,True
2020-01-18,haldia,96.2,high,95.0,12,DEMO_DATA,True
2020-01-19,haldia,38.8,medium,71.1,4,DEMO_DATA,True
2020-01-20,haldia,42.9,medium,74.3,5,DEMO_DATA,True
2020-01-21,haldia,26.8,medium,61.5,3,DEMO_DATA,True
2020-01-22,haldia,21.1,low,56.9,2,DEMO_DATA,True
2020-01-23,haldia,20.4,low,56.3,2,DEMO_DATA,True
2020-01-24,haldia,19.7,low,55.8,2,DEMO_DATA,True
2020-01-25,haldia,18.5,low,54.8,2,DEMO_DATA,True
2020-01-26,haldia,18.0,low,54.4,2,DEMO_DATA,True
2020-01-27,haldia,18.0,low,54.4,2,DEMO_DATA,True
2020-01-28,haldia,24.5,medium,59.6,3,DEMO_DATA,True
2020-01-29,haldia,26.6,medium,61.3,3,DEMO_DATA,True
2020-01-30,haldia,29.9,medium,63.9,3,DEMO_DATA,True
2020-01-31,haldia,45.1,medium,76.1,5,DEMO_DATA,True
2020-02-01,haldia,64.3,high,91.5,8,DEMO_DATA,True
2020-02-02,haldia,42.1,medium,73.7,5,DEMO_DATA,True
2020-02-03,haldia,38.7,medium,71.0,4,DEMO_DATA,True
2020-02-04,haldia,41.0,medium,72.8,5,DEMO_DATA,True
2020-02-05,haldia,27.0,medium,61.6,3,DEMO_DATA,True
2020-02-06,haldia,28.5,medium,62.8,3,DEMO_DATA,True
2020-02-07,haldia,35.2,medium,68.1,4,DEMO_DATA,True
2020-02-08,haldia,50.2,high,80.2,6,DEMO_DATA,True
2020-02-09,haldia,18.0,low,54.4,2,DEMO_DATA,True
2020-02-10,haldia,19.5,low,55.6,2,DEMO_DATA,True
2020-02-11,haldia,27.3,medium,61.8,3,DEMO_DATA,True
2020-02-12,haldia,33.6,medium,66.9,4,DEMO_DATA,True
2020-02-13,haldia,20.9,low,56.8,2,DEMO_DATA,True
2020-02-14,haldia,18.0,low,54.4,2,DEMO_DATA,True
2020-02-15,haldia,18.0,low,54.4,2,DEMO_DATA,True
2020-02-16,haldia,25.9,medium,60.7,3,DEMO_DATA,True
2020-02-17,haldia,30.0,medium,64.0,3,DEMO_DATA,True
2020-02-18,haldia,37.3,medium,69.8,4,DEMO_DATA,True
2020-02-19,haldia,29.7,medium,63.7,3,DEMO_DATA,True
2020-02-20,haldia,34.4,medium,67.5,4,DEMO_DATA,True
2020-02-21,haldia,46.1,medium,76.8,5,DEMO_DATA,True
2020-02-22,haldia,40.4,medium,72.4,5,DEMO_DATA,True
2020-02-23,haldia,34.7,medium,67.8,4,DEMO_DATA,True
2020-02-24,haldia,29.2,medium,63.3,3,DEMO_DATA,True
2020-02-25,haldia,23.1,low,58.5,2,DEMO_DATA,True
2020-02-26,haldia,22.8,low,58.2,2,DEMO_DATA,True
2020-02-27,haldia,38.9,medium,71.2,4,DEMO_DATA,True
2020-02-28,haldia,36.4,medium,69.1,4,DEMO_DATA,True
2020-02-29,haldia,36.7,medium,69.3,4,DEMO_DATA,True
2020-03-01,haldia,35.9,medium,68.8,4,DEMO_DATA,True
2020-03-02,haldia,65.8,high,92.7,8,DEMO_DATA,True
2020-03-03,haldia,50.7,high,80.5,6,DEMO_DATA,True
2020-03-04,haldia,48.2,high,78.5,6,DEMO_DATA,True
2020-03-05,haldia,76.0,high,95.0,9,DEMO_DATA,True
2020-03-06,haldia,97.3,high,95.0,12,DEMO_DATA,True
2020-03-07,haldia,78.1,high,95.0,9,DEMO_DATA,True
2020-03-08,haldia,89.2,high,95.0,11,DEMO_DATA,True
2020-03-09,haldia,78.3,high,95.0,9,DEMO_DATA,True
2020-03-10,haldia,48.1,high,78.5,6,DEMO_DATA,True
2020-03-11,haldia,32.7,medium,66.2,4,DEMO_DATA,True
2020-03-12,haldia,44.3,medium,75.4,5,DEMO_DATA,True
2020-03-13,haldia,37.3,medium,69.9,4,DEMO_DATA,True
2020-03-14,haldia,38.5,medium,70.8,4,DEMO_DATA,True
2020-03-15,haldia,35.0,medium,68.0,4,DEMO_DATA,True
2020-03-16,haldia,33.6,medium,66.9,4,DEMO_DATA,True
2020-03-17,haldia,51.8,high,81.4,6,DEMO_DATA,True
2020-03-18,haldia,40.3,medium,72.2,5,DEMO_DATA,True
2020-03-19,haldia,57.1,high,85.7,7,DEMO_DATA,True
2020-03-20,haldia,55.7,high,84.5,6,DEMO_DATA,True
2020-03-21,haldia,37.4,medium,69.9,4,DEMO_DATA,True
2020-03-22,haldia,32.4,medium,65.9,4,DEMO_DATA,True
2020-03-23,haldia,52.1,high,81.7,6,DEMO_DATA,True
2020-03-24,haldia,47.4,medium,78.0,5,DEMO_DATA,True
2020-03-25,haldia,47.7,medium,78.2,5,DEMO_DATA,True
2020-03-26,haldia,70.2,high,95.0,8,DEMO_DATA,True
2020-03-27,haldia,69.6,high,95.0,8,DEMO_DATA,True
2020-03-28,haldia,47.7,medium,78.1,5,DEMO_DATA,True
2020-03-29,haldia,41.0,medium,72.8,5,DEMO_DATA,True
2020-03-30,haldia,29.0,medium,63.2,3,DEMO_DATA,True
2020-03-31,haldia,25.6,medium,60.5,3,DEMO_DATA,True
2020-04-01,haldia,20.1,low,56.1,2,DEMO_DATA,True
2020-04-02,haldia,24.4,medium,59.5,3,DEMO_DATA,True
2020-04-03,haldia,18.0,low,54.4,2,DEMO_DATA,True
2020-04-04,haldia,25.1,medium,60.1,3,DEMO_DATA,True
2020-04-05,haldia,19.3,low,55.5,2,DEMO_DATA,True
2020-04-06,haldia,24.5,medium,59.6,3,DEMO_DATA,True
2020-04-07,haldia,18.0,low,54.4,2,DEMO_DATA,True
2020-04-08,haldia,18.0,low,54.4,2,DEMO_DATA,True
2020-04-09,haldia,18.0,low,54.4,2,DEMO_DATA,True
2020-04-10,haldia,18.0,low,54.4,2,DEMO_DATA,True
2020-04-11,haldia,21.4,low,57.1,2,DEMO_DATA,True
2020-04-12,haldia,18.0,low,54.4,2,DEMO_DATA,True
2020-04-13,haldia,29.7,medium,63.7,3,DEMO_DATA,True
2020-04-14,haldia,33.5,medium,66.8,4,DEMO_DATA,True
2020-04-15,haldia,19.6,low,55.6,2,DEMO_DATA,True
2020-04-16,haldia,18.0,low,54.4,2,DEMO_DATA,True
2020-04-17,haldia,22.3,low,57.8,2,DEMO_DATA,True
2020-04-18,haldia,18.8,low,55.0,2,DEMO_DATA,True
2020-04-19,haldia,23.3,low,58.6,2,DEMO_DATA,True
2020-04-20,haldia,22.2,low,57.8,2,DEMO_DATA,True
2020-04-21,haldia,22.2,low,57.8,2,DEMO_DATA,True
2020-04-22,haldia,34.1,medium,67.3,4,DEMO_DATA,True
2020-04-23,haldia,33.3,medium,66.6,4,DEMO_DATA,True
2020-04-24,haldia,22.7,low,58.1,2,DEMO_DATA,True
2020-04-25,haldia,27.0,medium,61.6,3,DEMO_DATA,True
2020-04-26,haldia,23.3,low,58.6,2,DEMO_DATA,True
2020-04-27,haldia,26.2,medium,61.0,3,DEMO_DATA,True
2020-04-28,haldia,29.3,medium,63.5,3,DEMO_DATA,True
2020-04-29,haldia,51.7,high,81.3,6,DEMO_DATA,True
2020-04-30,haldia,57.6,high,86.1,7,DEMO_DATA,True
2020-05-01,haldia,36.6,medium,69.3,4,DEMO_DATA,True
2020-05-02,haldia,49.2,high,79.4,6,DEMO_DATA,True
2020-05-03,haldia,63.9,high,91.2,7,DEMO_DATA,True
2020-05-04,haldia,56.7,high,85.3,7,DEMO_DATA,True
2020-05-05,haldia,49.0,high,79.2,6,DEMO_DATA,True
2020-05-06,haldia,57.3,high,85.8,7,DEMO_DATA,True
2020-05-07,haldia,34.1,medium,67.3,4,DEMO_DATA,True
2020-05-08,haldia,44.7,medium,75.8,5,DEMO_DATA,True
2020-05-09,haldia,27.0,medium,61.6,3,DEMO_DATA,True
2020-05-10,haldia,43.9,medium,75.1,5,DEMO_DATA,True
2020-05-11,haldia,72.5,high,95.0,9,DEMO_DATA,True
2020-05-12,haldia,55.1,high,84.1,6,DEMO_DATA,True
2020-05-13,haldia,70.8,high,95.0,8,DEMO_DATA,True
2020-05-14,haldia,78.8,high,95.0,9,DEMO_DATA,True
2020-05-15,haldia,46.8,medium,77.4,5,DEMO_DATA,True
2020-05-16,haldia,63.3,high,90.7,7,DEMO_DATA,True
2020-05-17,haldia,70.9,high,95.0,8,DEMO_DATA,True
2020-05-18,haldia,76.7,high,95.0,9,DEMO_DATA,True
2020-05-19,haldia,110.9,high,95.0,13,DEMO_DATA,True
2020-05-20,haldia,78.1,high,95.0,9,DEMO_DATA,True
2020-05-21,haldia,68.6,high,94.8,8,DEMO_DATA,True
2020-05-22,haldia,65.0,high,92.0,8,DEMO_DATA,True
2020-05-23,haldia,89.5,high,95.0,11,DEMO_DATA,True
2020-05-24,haldia,97.0,high,95.0,12,DEMO_DATA,True
2020-05-25,haldia,83.4,high,95.0,10,DEMO_DATA,True
2020-05-26,haldia,66.3,high,93.0,8,DEMO_DATA,True
2020-05-27,haldia,92.0,high,95.0,11,DEMO_DATA,True
2020-05-28,haldia,129.0,high,95.0,16,DEMO_DATA,True
2020-05-29,haldia,129.9,high,95.0,16,DEMO_DATA,True
2020-05-30,haldia,138.9,high,95.0,17,DEMO_DATA,True
2020-05-31,haldia,108.2,high,95.0,13,DEMO_DATA,True
2020-06-01,haldia,88.9,high,95.0,11,DEMO_DATA,True
2020-06-02,haldia,24.8,medium,59.8,3,DEMO_DATA,True
2020-06-03,haldia,22.4,low,57.9,2,DEMO_DATA,True
2020-06-04,haldia,19.6,low,55.7,2,DEMO_DATA,True
2020-06-05,haldia,34.3,medium,67.4,4,DEMO_DATA,True
2020-06-06,haldia,27.6,medium,62.0,3,DEMO_DATA,True
2020-06-07,haldia,25.6,medium,60.5,3,DEMO_DATA,True
2020-06-08,haldia,24.6,medium,59.7,3,DEMO_DATA,True
2020-06-09,haldia,31.0,medium,64.8,3,DEMO_DATA,True
2020-06-10,haldia,28.4,medium,62.8,3,DEMO_DATA,True
2020-06-11,haldia,21.2,low,57.0,2,DEMO_DATA,True
2020-06-12,haldia,18.0,low,54.4,2,DEMO_DATA,True
2020-06-13,haldia,18.0,low,54.4,2,DEMO_DATA,True
2020-06-14,haldia,18.0,low,54.4,2,DEMO_DATA,True
2020-06-15,haldia,21.1,low,56.9,2,DEMO_DATA,True
2020-06-16,haldia,28.6,medium,62.9,3,DEMO_DATA,True
2020-06-17,haldia,38.1,medium,70.5,4,DEMO_DATA,True
2020-06-18,haldia,19.4,low,55.5,2,DEMO_DATA,True
2020-06-19,haldia,18.0,low,54.4,2,DEMO_DATA,True
2020-06-20,haldia,23.7,low,59.0,2,DEMO_DATA,True
2020-06-21,haldia,18.0,low,54.4,2,DEMO_DATA,True
2020-06-22,haldia,18.0,low,54.4,2,DEMO_DATA,True
2020-06-23,haldia,27.4,medium,61.9,3,DEMO_DATA,True
2020-06-24,haldia,43.3,medium,74.7,5,DEMO_DATA,True
2020-06-25,haldia,34.2,medium,67.3,4,DEMO_DATA,True
2020-06-26,haldia,39.7,medium,71.7,4,DEMO_DATA,True
2020-06-27,haldia,40.8,medium,72.6,5,DEMO_DATA,True
2020-06-28,haldia,29.8,medium,63.8,3,DEMO_DATA,True
2020-06-29,haldia,22.9,low,58.3,2,DEMO_DATA,True
2020-06-30,haldia,19.0,low,55.2,2,DEMO_DATA,True
2020-07-01,haldia,30.1,medium,64.1,3,DEMO_DATA,True
2020-07-02,haldia,31.8,medium,65.4,3,DEMO_DATA,True
2020-07-03,haldia,49.1,high,79.3,6,DEMO_DATA,True
2020-07-04,haldia,52.8,high,82.3,6,DEMO_DATA,True
2020-07-05,haldia,34.0,medium,67.2,4,DEMO_DATA,True
2020-07-06,haldia,58.0,high,86.4,7,DEMO_DATA,True
2020-07-07,haldia,64.6,high,91.7,8,DEMO_DATA,True
2020-07-08,haldia,121.4,high,95.0,15,DEMO_DATA,True
2020-07-09,haldia,99.1,high,95.0,12,DEMO_DATA,True
2020-07-10,haldia,112.6,high,95.0,14,DEMO_DATA,True
2020-07-11,haldia,96.6,high,95.0,12,DEMO_DATA,True
2020-07-12,haldia,113.3,high,95.0,14,DEMO_DATA,True
2020-07-13,haldia,76.1,high,95.0,9,DEMO_DATA,True
2020-07-14,haldia,41.3,medium,73.1,5,DEMO_DATA,True
2020-07-15,haldia,57.7,high,86.1,7,DEMO_DATA,True
2020-07-16,haldia,55.4,high,84.3,6,DEMO_DATA,True
2020-07-17,haldia,30.8,medium,64.6,3,DEMO_DATA,True
2020-07-18,haldia,20.3,low,56.2,2,DEMO_DATA,True
2020-07-19,haldia,26.0,medium,60.8,3,DEMO_DATA,True
2020-07-20,haldia,35.3,medium,68.2,4,DEMO_DATA,True
2020-07-21,haldia,44.3,medium,75.4,5,DEMO_DATA,True
2020-07-22,haldia,50.8,high,80.7,6,DEMO_DATA,True
2020-07-23,haldia,43.6,medium,74.9,5,DEMO_DATA,True
2020-07-24,haldia,62.4,high,89.9,7,DEMO_DATA,True
2020-07-25,haldia,71.1,high,95.0,8,DEMO_DATA,True
2020-07-26,haldia,88.2,high,95.0,11,DEMO_DATA,True
2020-07-27,haldia,44.9,medium,75.9,5,DEMO_DATA,True
2020-07-28,haldia,56.2,high,85.0,7,DEMO_DATA,True
2020-07-29,haldia,63.7,high,91.0,7,DEMO_DATA,True
2020-07-30,haldia,60.4,high,88.3,7,DEMO_DATA,True
2020-07-31,haldia,54.7,high,83.8,6,DEMO_DATA,True
2020-08-01,haldia,74.7,high,95.0,9,DEMO_DATA,True
2020-08-02,haldia,62.9,high,90.3,7,DEMO_DATA,True
2020-08-03,haldia,105.7,high,95.0,13,DEMO_DATA,True
2020-08-04,haldia,131.9,high,95.0,16,DEMO_DATA,True
2020-08-05,haldia,113.0,high,95.0,14,DEMO_DATA,True
2020-08-06,haldia,100.8,high,95.0,12,DEMO_DATA,True
2020-08-07,haldia,123.6,high,95.0,15,DEMO_DATA,True
2020-08-08,haldia,56.4,high,85.2,7,DEMO_DATA,True
2020-08-09,haldia,44.0,medium,75.2,5,DEMO_DATA,True
2020-08-10,haldia,62.7,high,90.2,7,DEMO_DATA,True
2020-08-11,haldia,34.5,medium,67.6,4,DEMO_DATA,True
2020-08-12,haldia,36.9,medium,69.5,4,DEMO_DATA,True
2020-08-13,haldia,33.1,medium,66.4,4,DEMO_DATA,True
2020-08-14,haldia,35.7,medium,68.5,4,DEMO_DATA,True
2020-08-15,haldia,45.1,medium,76.1,5,DEMO_DATA,True
2020-08-16,haldia,26.2,medium,61.0,3,DEMO_DATA,True
2020-08-17,haldia,32.3,medium,65.8,4,DEMO_DATA,True
2020-08-18,haldia,37.2,medium,69.8,4,DEMO_DATA,True
2020-08-19,haldia,43.1,medium,74.5,5,DEMO_DATA,True
2020-08-20,haldia,26.5,medium,61.2,3,DEMO_DATA,True
2020-08-21,haldia,38.7,medium,71.0,4,DEMO_DATA,True
2020-08-22,haldia,42.8,medium,74.2,5,DEMO_DATA,True
2020-08-23,haldia,24.5,medium,59.6,3,DEMO_DATA,True
2020-08-24,haldia,34.0,medium,67.2,4,DEMO_DATA,True
2020-08-25,haldia,44.6,medium,75.7,5,DEMO_DATA,True
2020-08-26,haldia,46.3,medium,77.0,5,DEMO_DATA,True
2020-08-27,haldia,27.6,medium,62.1,3,DEMO_DATA,True
2020-08-28,haldia,43.4,medium,74.7,5,DEMO_DATA,True
2020-08-29,haldia,48.9,high,79.1,6,DEMO_DATA,True
2020-08-30,haldia,56.3,high,85.1,7,DEMO_DATA,True
2020-08-31,haldia,60.4,high,88.3,7,DEMO_DATA,True
2020-09-01,haldia,50.5,high,80.4,6,DEMO_DATA,True
2020-09-02,haldia,53.1,high,82.5,6,DEMO_DATA,True
2020-09-03,haldia,69.7,high,95.0,8,DEMO_DATA,True
2020-09-04,haldia,73.2,high,95.0,9,DEMO_DATA,True
2020-09-05,haldia,72.2,high,95.0,9,DEMO_DATA,True
2020-09-06,haldia,89.0,high,95.0,11,DEMO_DATA,True
2020-09-07,haldia,89.1,high,95.0,11,DEMO_DATA,True
2020-09-08,haldia,71.5,high,95.0,8,DEMO_DATA,True
2020-09-09,haldia,73.0,high,95.0,9,DEMO_DATA,True
2020-09-10,haldia,65.6,high,92.4,8,DEMO_DATA,True
2020-09-11,haldia,56.2,high,85.0,7,DEMO_DATA,True
2020-09-12,haldia,50.0,high,80.0,6,DEMO_DATA,True
2020-09-13,haldia,40.1,medium,72.1,5,DEMO_DATA,True
2020-09-14,haldia,26.7,medium,61.4,3,DEMO_DATA,True
2020-09-15,haldia,28.8,medium,63.1,3,DEMO_DATA,True
2020-09-16,haldia,27.7,medium,62.2,3,DEMO_DATA,True
2020-09-17,haldia,24.2,medium,59.3,3,DEMO_DATA,True
2020-09-18,haldia,27.6,medium,62.1,3,DEMO_DATA,True
2020-09-19,haldia,28.5,medium,62.8,3,DEMO_DATA,True
2020-09-20,haldia,28.2,medium,62.6,3,DEMO_DATA,True
2020-09-21,haldia,28.0,medium,62.4,3,DEMO_DATA,True
2020-09-22,haldia,24.9,medium,59.9,3,DEMO_DATA,True
2020-09-23,haldia,30.7,medium,64.5,3,DEMO_DATA,True
2020-09-24,haldia,40.9,medium,72.7,5,DEMO_DATA,True
2020-09-25,haldia,37.4,medium,69.9,4,DEMO_DATA,True
2020-09-26,haldia,20.1,low,56.1,2,DEMO_DATA,True
2020-09-27,haldia,24.7,medium,59.8,3,DEMO_DATA,True
2020-09-28,haldia,24.9,medium,59.9,3,DEMO_DATA,True
2020-09-29,haldia,21.6,low,57.3,2,DEMO_DATA,True
2020-09-30,haldia,29.2,medium,63.3,3,DEMO_DATA,True
2020-10-01,haldia,26.7,medium,61.3,3,DEMO_DATA,True
2020-10-02,haldia,24.4,medium,59.5,3,DEMO_DATA,True
2020-10-03,haldia,31.8,medium,65.4,3,DEMO_DATA,True
2020-10-04,haldia,32.2,medium,65.7,4,DEMO_DATA,True
2020-10-05,haldia,55.0,high,84.0,6,DEMO_DATA,True
2020-10-06,haldia,51.8,high,81.4,6,DEMO_DATA,True
2020-10-07,haldia,46.6,medium,77.3,5,DEMO_DATA,True
2020-10-08,haldia,55.1,high,84.1,6,DEMO_DATA,True
2020-10-09,haldia,32.3,medium,65.8,4,DEMO_DATA,True
2020-10-10,haldia,28.5,medium,62.8,3,DEMO_DATA,True
2020-10-11,haldia,31.8,medium,65.5,3,DEMO_DATA,True
2020-10-12,haldia,18.0,low,54.4,2,DEMO_DATA,True
2020-10-13,haldia,36.0,medium,68.8,4,DEMO_DATA,True
2020-10-14,haldia,28.7,medium,63.0,3,DEMO_DATA,True
2020-10-15,haldia,18.0,low,54.4,2,DEMO_DATA,True
2020-10-16,haldia,18.0,low,54.4,2,DEMO_DATA,True
2020-10-17,haldia,21.9,low,57.5,2,DEMO_DATA,True
2020-10-18,haldia,25.0,medium,60.0,3,DEMO_DATA,True
2020-10-19,haldia,18.0,low,54.4,2,DEMO_DATA,True
2020-10-20,haldia,18.0,low,54.4,2,DEMO_DATA,True
2020-10-21,haldia,26.4,medium,61.1,3,DEMO_DATA,True
2020-10-22,haldia,37.2,medium,69.8,4,DEMO_DATA,True
2020-10-23,haldia,42.7,medium,74.1,5,DEMO_DATA,True
2020-10-24,haldia,53.4,high,82.7,6,DEMO_DATA,True
2020-10-25,haldia,68.9,high,95.0,8,DEMO_DATA,True
2020-10-26,haldia,47.8,medium,78.2,5,DEMO_DATA,True
2020-10-27,haldia,54.1,high,83.3,6,DEMO_DATA,True
2020-10-28,haldia,48.6,high,78.9,6,DEMO_DATA,True
2020-10-29,haldia,55.7,high,84.6,6,DEMO_DATA,True
2020-10-30,haldia,32.7,medium,66.2,4,DEMO_DATA,True
2020-10-31,haldia,34.6,medium,67.7,4,DEMO_DATA,True
2020-11-01,haldia,35.4,medium,68.3,4,DEMO_DATA,True
2020-11-02,haldia,36.4,medium,69.2,4,DEMO_DATA,True
2020-11-03,haldia,36.0,medium,68.8,4,DEMO_DATA,True
2020-11-04,haldia,50.7,high,80.6,6,DEMO_DATA,True
2020-11-05,haldia,64.4,high,91.5,8,DEMO_DATA,True
2020-11-06,haldia,77.9,high,95.0,9,DEMO_DATA,True
2020-11-07,haldia,77.6,high,95.0,9,DEMO_DATA,True
2020-11-08,haldia,105.3,high,95.0,13,DEMO_DATA,True
2020-11-09,haldia,71.7,high,95.0,8,DEMO_DATA,True
2020-11-10,haldia,78.2,high,95.0,9,DEMO_DATA,True
2020-11-11,haldia,70.2,high,95.0,8,DEMO_DATA,True
2020-11-12,haldia,82.9,high,95.0,10,DEMO_DATA,True
2020-11-13,haldia,74.7,high,95.0,9,DEMO_DATA,True
2020-11-14,haldia,81.4,high,95.0,10,DEMO_DATA,True
2020-11-15,haldia,73.0,high,95.0,9,DEMO_DATA,True
2020-11-16,haldia,74.2,high,95.0,9,DEMO_DATA,True
2020-11-17,haldia,72.9,high,95.0,9,DEMO_DATA,True
2020-11-18,haldia,68.3,high,94.7,8,DEMO_DATA,True
2020-11-19,haldia,48.1,high,78.5,6,DEMO_DATA,True
2020-11-20,haldia,66.0,high,92.8,8,DEMO_DATA,True
2020-11-21,haldia,58.7,high,87.0,7,DEMO_DATA,True
2020-11-22,haldia,52.8,high,82.3,6,DEMO_DATA,True
2020-11-23,haldia,18.0,low,54.4,2,DEMO_DATA,True
2020-11-24,haldia,18.0,low,54.4,2,DEMO_DATA,True
2020-11-25,haldia,23.6,low,58.9,2,DEMO_DATA,True
2020-11-26,haldia,21.7,low,57.4,2,DEMO_DATA,True
2020-11-27,haldia,18.0,low,54.4,2,DEMO_DATA,True
2020-11-28,haldia,20.5,low,56.4,2,DEMO_DATA,True
2020-11-29,haldia,18.0,low,54.4,2,DEMO_DATA,True
2020-11-30,haldia,18.0,low,54.4,2,DEMO_DATA,True
2020-12-01,haldia,24.5,medium,59.6,3,DEMO_DATA,True
2020-12-02,haldia,20.4,low,56.3,2,DEMO_DATA,True
2020-12-03,haldia,36.0,medium,68.8,4,DEMO_DATA,True
2020-12-04,haldia,53.2,high,82.5,6,DEMO_DATA,True
2020-12-05,haldia,53.7,high,83.0,6,DEMO_DATA,True
2020-12-06,haldia,31.4,medium,65.1,3,DEMO_DATA,True
2020-12-07,haldia,42.3,medium,73.8,5,DEMO_DATA,True
2020-12-08,haldia,63.2,high,90.5,7,DEMO_DATA,True
2020-12-09,haldia,41.2,medium,73.0,5,DEMO_DATA,True
2020-12-10,haldia,44.1,medium,75.3,5,DEMO_DATA,True
2020-12-11,haldia,36.3,medium,69.0,4,DEMO_DATA,True
2020-12-12,haldia,36.3,medium,69.0,4,DEMO_DATA,True
2020-12-13,haldia,18.0,low,54.4,2,DEMO_DATA,True
2020-12-14,haldia,21.5,low,57.2,2,DEMO_DATA,True
2020-12-15,haldia,29.3,medium,63.4,3,DEMO_DATA,True
2020-12-16,haldia,18.0,low,54.4,2,DEMO_DATA,True
2020-12-17,haldia,18.3,low,54.7,2,DEMO_DATA,True
2020-12-18,haldia,38.7,medium,71.0,4,DEMO_DATA,True
2020-12-19,haldia,32.8,medium,66.2,4,DEMO_DATA,True
2020-12-20,haldia,46.2,medium,77.0,5,DEMO_DATA,True
2020-12-21,haldia,59.4,high,87.5,7,DEMO_DATA,True
2020-12-22,haldia,83.4,high,95.0,10,DEMO_DATA,True
2020-12-23,haldia,85.7,high,95.0,10,DEMO_DATA,True
2020-12-24,haldia,109.3,high,95.0,13,DEMO_DATA,True
2020-12-25,haldia,52.7,high,82.2,6,DEMO_DATA,True
2020-12-26,haldia,39.3,medium,71.5,4,DEMO_DATA,True
2020-12-27,haldia,35.7,medium,68.6,4,DEMO_DATA,True
2020-12-28,haldia,31.4,medium,65.1,3,DEMO_DATA,True
2020-12-29,haldia,36.2,medium,69.0,4,DEMO_DATA,True
2020-12-30,haldia,45.9,medium,76.7,5,DEMO_DATA,True
2020-12-31,haldia,48.2,high,78.6,6,DEMO_DATA,True
2021-01-01,haldia,52.3,high,81.9,6,DEMO_DATA,True
2021-01-02,haldia,90.3,high,95.0,11,DEMO_DATA,True
2021-01-03,haldia,94.8,high,95.0,11,DEMO_DATA,True
2021-01-04,haldia,98.3,high,95.0,12,DEMO_DATA,True
2021-01-05,haldia,75.1,high,95.0,9,DEMO_DATA,True
2021-01-06,haldia,48.3,high,78.7,6,DEMO_DATA,True
2021-01-07,haldia,73.8,high,95.0,9,DEMO_DATA,True
2021-01-08,haldia,38.4,medium,70.8,4,DEMO_DATA,True
2021-01-09,haldia,49.1,high,79.2,6,DEMO_DATA,True
2021-01-10,haldia,51.6,high,81.3,6,DEMO_DATA,True
2021-01-11,haldia,82.8,high,95.0,10,DEMO_DATA,True
2021-01-12,haldia,107.0,high,95.0,13,DEMO_DATA,True
2021-01-13,haldia,122.4,high,95.0,15,DEMO_DATA,True
2021-01-14,haldia,143.6,high,95.0,17,DEMO_DATA,True
2021-01-15,haldia,245.1,high,95.0,30,DEMO_DATA,True
2021-01-16,haldia,313.2,high,95.0,39,DEMO_DATA,True
2021-01-17,haldia,485.2,high,95.0,60,DEMO_DATA,True
2021-01-18,haldia,481.8,high,95.0,60,DEMO_DATA,True
2021-01-19,haldia,640.9,high,95.0,80,DEMO_DATA,True
2021-01-20,haldia,666.8,high,95.0,83,DEMO_DATA,True
2021-01-21,haldia,483.5,high,95.0,60,DEMO_DATA,True
2021-01-22,haldia,595.8,high,95.0,74,DEMO_DATA,True
2021-01-23,haldia,471.3,high,95.0,58,DEMO_DATA,True
2021-01-24,haldia,416.8,high,95.0,52,DEMO_DATA,True
2021-01-25,haldia,422.4,high,95.0,52,DEMO_DATA,True
2021-01-26,haldia,420.5,high,95.0,52,DEMO_DATA,True
2021-01-27,haldia,388.2,high,95.0,48,DEMO_DATA,True
2021-01-28,haldia,373.9,high,95.0,46,DEMO_DATA,True
2021-01-29,haldia,402.2,high,95.0,50,DEMO_DATA,True
2021-01-30,haldia,261.8,high,95.0,32,DEMO_DATA,True
2021-01-31,haldia,233.0,high,95.0,29,DEMO_DATA,True
2021-02-01,haldia,84.9,high,95.0,10,DEMO_DATA,True
2021-02-02,haldia,109.5,high,95.0,13,DEMO_DATA,True
2021-02-03,haldia,97.8,high,95.0,12,DEMO_DATA,True
2021-02-04,haldia,73.6,high,95.0,9,DEMO_DATA,True
2021-02-05,haldia,65.9,high,92.7,8,DEMO_DATA,True
2021-02-06,haldia,85.2,high,95.0,10,DEMO_DATA,True
2021-02-07,haldia,73.0,high,95.0,9,DEMO_DATA,True
2021-02-08,haldia,63.3,high,90.7,7,DEMO_DATA,True
2021-02-09,haldia,30.6,medium,64.5,3,DEMO_DATA,True
2021-02-10,haldia,28.2,medium,62.5,3,DEMO_DATA,True
2021-02-11,haldia,42.9,medium,74.4,5,DEMO_DATA,True
2021-02-12,haldia,54.1,high,83.3,6,DEMO_DATA,True
2021-02-13,haldia,54.4,high,83.5,6,DEMO_DATA,True
2021-02-14,haldia,37.4,medium,69.9,4,DEMO_DATA,True
2021-02-15,haldia,37.9,medium,70.3,4,DEMO_DATA,True
2021-02-16,haldia,19.8,low,55.8,2,DEMO_DATA,True
2021-02-17,haldia,18.0,low,54.4,2,DEMO_DATA,True
2021-02-18,haldia,18.0,low,54.4,2,DEMO_DATA,True
2021-02-19,haldia,18.0,low,54.4,2,DEMO_DATA,True
2021-02-20,haldia,18.6,low,54.9,2,DEMO_DATA,True
2021-02-21,haldia,23.5,low,58.8,2,DEMO_DATA,True
2021-02-22,haldia,19.5,low,55.6,2,DEMO_DATA,True
2021-02-23,haldia,22.0,low,57.6,2,DEMO_DATA,True
2021-02-24,haldia,30.1,medium,64.1,3,DEMO_DATA,True
2021-02-25,haldia,30.2,medium,64.2,3,DEMO_DATA,True
2021-02-26,haldia,40.6,medium,72.4,5,DEMO_DATA,True
2021-02-27,haldia,65.7,high,92.5,8,DEMO_DATA,True
2021-02-28,haldia,76.5,high,95.0,9,DEMO_DATA,True
2021-03-01,haldia,87.5,high,95.0,10,DEMO_DATA,True
2021-03-02,haldia,140.0,high,95.0,17,DEMO_DATA,True
2021-03-03,haldia,196.2,high,95.0,24,DEMO_DATA,True
2021-03-04,haldia,213.0,high,95.0,26,DEMO_DATA,True
2021-03-05,haldia,193.1,high,95.0,24,DEMO_DATA,True
2021-03-06,haldia,120.4,high,95.0,15,DEMO_DATA,True
2021-03-07,haldia,135.2,high,95.0,16,DEMO_DATA,True
2021-03-08,haldia,199.5,high,95.0,24,DEMO_DATA,True
2021-03-09,haldia,120.5,high,95.0,15,DEMO_DATA,True
2021-03-10,haldia,138.6,high,95.0,17,DEMO_DATA,True
2021-03-11,haldia,133.1,high,95.0,16,DEMO_DATA,True
2021-03-12,haldia,71.7,high,95.0,8,DEMO_DATA,True
2021-03-13,haldia,58.6,high,86.9,7,DEMO_DATA,True
2021-03-14,haldia,48.0,high,78.4,6,DEMO_DATA,True
2021-03-15,haldia,34.2,medium,67.4,4,DEMO_DATA,True
2021-03-16,haldia,37.6,medium,70.0,4,DEMO_DATA,True
2021-03-17,haldia,41.0,medium,72.8,5,DEMO_DATA,True
2021-03-18,haldia,51.6,high,81.3,6,DEMO_DATA,True
2021-03-19,haldia,54.9,high,83.9,6,DEMO_DATA,True
2021-03-20,haldia,29.1,medium,63.3,3,DEMO_DATA,True
2021-03-21,haldia,29.2,medium,63.4,3,DEMO_DATA,True
2021-03-22,haldia,39.3,medium,71.5,4,DEMO_DATA,True
2021-03-23,haldia,56.3,high,85.1,7,DEMO_DATA,True
2021-03-24,haldia,27.6,medium,62.1,3,DEMO_DATA,True
2021-03-25,haldia,27.6,medium,62.1,3,DEMO_DATA,True
2021-03-26,haldia,20.5,low,56.4,2,DEMO_DATA,True
2021-03-27,haldia,18.0,low,54.4,2,DEMO_DATA,True
2021-03-28,haldia,23.9,low,59.1,2,DEMO_DATA,True
2021-03-29,haldia,21.9,low,57.5,2,DEMO_DATA,True
2021-03-30,haldia,21.1,low,56.8,2,DEMO_DATA,True
2021-03-31,haldia,28.0,medium,62.4,3,DEMO_DATA,True
2021-04-01,haldia,38.9,medium,71.1,4,DEMO_DATA,True
2021-04-02,haldia,53.8,high,83.1,6,DEMO_DATA,True
2021-04-03,haldia,78.6,high,95.0,9,DEMO_DATA,True
2021-04-04,haldia,27.6,medium,62.1,3,DEMO_DATA,True
2021-04-05,haldia,27.6,medium,62.1,3,DEMO_DATA,True
2021-04-06,haldia,52.7,high,82.2,6,DEMO_DATA,True
2021-04-07,haldia,46.9,medium,77.6,5,DEMO_DATA,True
2021-04-08,haldia,30.1,medium,64.1,3,DEMO_DATA,True
2021-04-09,haldia,28.4,medium,62.7,3,DEMO_DATA,True
2021-04-10,haldia,18.0,low,54.4,2,DEMO_DATA,True
2021-04-11,haldia,18.0,low,54.4,2,DEMO_DATA,True
2021-04-12,haldia,18.7,low,55.0,2,DEMO_DATA,True
2021-04-13,haldia,22.2,low,57.8,2,DEMO_DATA,True
2021-04-14,haldia,24.0,low,59.2,2,DEMO_DATA,True
2021-04-15,haldia,26.3,medium,61.1,3,DEMO_DATA,True
2021-04-16,haldia,30.5,medium,64.4,3,DEMO_DATA,True
2021-04-17,haldia,44.4,medium,75.5,5,DEMO_DATA,True
2021-04-18,haldia,22.2,low,57.8,2,DEMO_DATA,True
2021-04-19,haldia,23.8,low,59.0,2,DEMO_DATA,True
2021-04-20,haldia,38.9,medium,71.1,4,DEMO_DATA,True
2021-04-21,haldia,35.5,medium,68.4,4,DEMO_DATA,True
2021-04-22,haldia,39.5,medium,71.6,4,DEMO_DATA,True
2021-04-23,haldia,49.2,high,79.3,6,DEMO_DATA,True
2021-04-24,haldia,40.4,medium,72.3,5,DEMO_DATA,True
2021-04-25,haldia,46.5,medium,77.2,5,DEMO_DATA,True
2021-04-26,haldia,43.3,medium,74.6,5,DEMO_DATA,True
2021-04-27,haldia,55.0,high,84.0,6,DEMO_DATA,True
2021-04-28,haldia,65.2,high,92.2,8,DEMO_DATA,True
2021-04-29,haldia,78.8,high,95.0,9,DEMO_DATA,True
2021-04-30,haldia,84.3,high,95.0,10,DEMO_DATA,True
2021-05-01,haldia,123.1,high,95.0,15,DEMO_DATA,True
2021-05-02,haldia,120.9,high,95.0,15,DEMO_DATA,True
2021-05-03,haldia,135.2,high,95.0,16,DEMO_DATA,True
2021-05-04,haldia,121.3,high,95.0,15,DEMO_DATA,True
2021-05-05,haldia,127.0,high,95.0,15,DEMO_DATA,True
2021-05-06,haldia,128.1,high,95.0,16,DEMO_DATA,True
2021-05-07,haldia,137.2,high,95.0,17,DEMO_DATA,True
2021-05-08,haldia,136.7,high,95.0,17,DEMO_DATA,True
2021-05-09,haldia,124.3,high,95.0,15,DEMO_DATA,True
2021-05-10,haldia,137.4,high,95.0,17,DEMO_DATA,True
2021-05-11,haldia,199.6,high,95.0,24,DEMO_DATA,True
2021-05-12,haldia,219.2,high,95.0,27,DEMO_DATA,True
2021-05-13,haldia,301.2,high,95.0,37,DEMO_DATA,True
2021-05-14,haldia,260.0,high,95.0,32,DEMO_DATA,True
2021-05-15,haldia,325.1,high,95.0,40,DEMO_DATA,True
2021-05-16,haldia,424.4,high,95.0,53,DEMO_DATA,True
2021-05-17,haldia,412.6,high,95.0,51,DEMO_DATA,True
2021-05-18,haldia,178.2,high,95.0,22,DEMO_DATA,True
2021-05-19,haldia,278.9,high,95.0,34,DEMO_DATA,True
2021-05-20,haldia,230.8,high,95.0,28,DEMO_DATA,True
2021-05-21,haldia,226.6,high,95.0,28,DEMO_DATA,True
2021-05-22,haldia,278.7,high,95.0,34,DEMO_DATA,True
2021-05-23,haldia,273.9,high,95.0,34,DEMO_DATA,True
2021-05-24,haldia,350.3,high,95.0,43,DEMO_DATA,True
2021-05-25,haldia,465.6,high,95.0,58,DEMO_DATA,True
2021-05-26,haldia,359.1,high,95.0,44,DEMO_DATA,True
2021-05-27,haldia,475.3,high,95.0,59,DEMO_DATA,True
2021-05-28,haldia,311.7,high,95.0,38,DEMO_DATA,True
2021-05-29,haldia,328.0,high,95.0,40,DEMO_DATA,True
2021-05-30,haldia,442.4,high,95.0,55,DEMO_DATA,True
2021-05-31,haldia,539.7,high,95.0,67,DEMO_DATA,True
2021-06-01,haldia,466.8,high,95.0,58,DEMO_DATA,True
2021-06-02,haldia,501.7,high,95.0,62,DEMO_DATA,True
2021-06-03,haldia,588.4,high,95.0,73,DEMO_DATA,True
2021-06-04,haldia,528.1,high,95.0,66,DEMO_DATA,True
2021-06-05,haldia,564.3,high,95.0,70,DEMO_DATA,True
2021-06-06,haldia,581.1,high,95.0,72,DEMO_DATA,True
2021-06-07,haldia,1124.8,high,95.0,140,DEMO_DATA,True
2021-06-08,haldia,857.2,high,95.0,107,DEMO_DATA,True
2021-06-09,haldia,887.4,high,95.0,110,DEMO_DATA,True
2021-06-10,haldia,784.2,high,95.0,98,DEMO_DATA,True
2021-06-11,haldia,397.8,high,95.0,49,DEMO_DATA,True
2021-06-12,haldia,530.8,high,95.0,66,DEMO_DATA,True
2021-06-13,haldia,551.2,high,95.0,68,DEMO_DATA,True
2021-06-14,haldia,779.9,high,95.0,97,DEMO_DATA,True
2021-06-15,haldia,805.3,high,95.0,100,DEMO_DATA,True
2021-06-16,haldia,757.4,high,95.0,94,DEMO_DATA,True
2021-06-17,haldia,529.4,high,95.0,66,DEMO_DATA,True
2021-06-18,haldia,314.7,high,95.0,39,DEMO_DATA,True
2021-06-19,haldia,157.4,high,95.0,19,DEMO_DATA,True
2021-06-20,haldia,205.3,high,95.0,25,DEMO_DATA,True
2021-06-21,haldia,218.3,high,95.0,27,DEMO_DATA,True
2021-06-22,haldia,183.4,high,95.0,22,DEMO_DATA,True
2021-06-23,haldia,155.1,high,95.0,19,DEMO_DATA,True
2021-06-24,haldia,217.7,high,95.0,27,DEMO_DATA,True
2021-06-25,haldia,171.2,high,95.0,21,DEMO_DATA,True
2021-06-26,haldia,239.2,high,95.0,29,DEMO_DATA,True
2021-06-27,haldia,366.7,high,95.0,45,DEMO_DATA,True
2021-06-28,haldia,276.2,high,95.0,34,DEMO_DATA,True
2021-06-29,haldia,273.4,high,95.0,34,DEMO_DATA,True
2021-06-30,haldia,292.8,high,95.0,36,DEMO_DATA,True
2021-07-01,haldia,389.6,high,95.0,48,DEMO_DATA,True
2021-07-02,haldia,465.4,high,95.0,58,DEMO_DATA,True
2021-07-03,haldia,461.2,high,95.0,57,DEMO_DATA,True
2021-07-04,haldia,231.8,high,95.0,28,DEMO_DATA,True
2021-07-05,haldia,320.2,high,95.0,40,DEMO_DATA,True
2021-07-06,haldia,370.0,high,95.0,46,DEMO_DATA,True
2021-07-07,haldia,384.1,high,95.0,48,DEMO_DATA,True
2021-07-08,haldia,355.9,high,95.0,44,DEMO_DATA,True
2021-07-09,haldia,138.1,high,95.0,17,DEMO_DATA,True
2021-07-10,haldia,65.4,high,92.3,8,DEMO_DATA,True
2021-07-11,haldia,72.4,high,95.0,9,DEMO_DATA,True
2021-07-12,haldia,68.4,high,94.7,8,DEMO_DATA,True
2021-07-13,haldia,75.0,high,95.0,9,DEMO_DATA,True
2021-07-14,haldia,100.3,high,95.0,12,DEMO_DATA,True
2021-07-15,haldia,132.2,high,95.0,16,DEMO_DATA,True
2021-07-16,haldia,201.5,high,95.0,25,DEMO_DATA,True
2021-07-17,haldia,228.4,high,95.0,28,DEMO_DATA,True
2021-07-18,haldia,271.7,high,95.0,33,DEMO_DATA,True
2021-07-19,haldia,219.3,high,95.0,27,DEMO_DATA,True
2021-07-20,haldia,153.4,high,95.0,19,DEMO_DATA,True
2021-07-21,haldia,165.2,high,95.0,20,DEMO_DATA,True
2021-07-22,haldia,152.6,high,95.0,19,DEMO_DATA,True
2021-07-23,haldia,88.4,high,95.0,11,DEMO_DATA,True
2021-07-24,haldia,64.7,high,91.7,8,DEMO_DATA,True
2021-07-25,haldia,68.7,high,95.0,8,DEMO_DATA,True
2021-07-26,haldia,78.0,high,95.0,9,DEMO_DATA,True
2021-07-27,haldia,127.7,high,95.0,15,DEMO_DATA,True
2021-07-28,haldia,115.3,high,95.0,14,DEMO_DATA,True
2021-07-29,haldia,89.0,high,95.0,11,DEMO_DATA,True
2021-07-30,haldia,87.2,high,95.0,10,DEMO_DATA,True
2021-07-31,haldia,64.7,high,91.7,8,DEMO_DATA,True
2021-08-01,haldia,63.4,high,90.7,7,DEMO_DATA,True
2021-08-02,haldia,37.2,medium,69.8,4,DEMO_DATA,True
2021-08-03,haldia,40.2,medium,72.2,5,DEMO_DATA,True
2021-08-04,haldia,37.9,medium,70.3,4,DEMO_DATA,True
2021-08-05,haldia,42.0,medium,73.6,5,DEMO_DATA,True
2021-08-06,haldia,32.2,medium,65.8,4,DEMO_DATA,True
2021-08-07,haldia,23.5,low,58.8,2,DEMO_DATA,True
2021-08-08,haldia,22.2,low,57.8,2,DEMO_DATA,True
2021-08-09,haldia,38.2,medium,70.6,4,DEMO_DATA,True
2021-08-10,haldia,24.2,medium,59.4,3,DEMO_DATA,True
2021-08-11,haldia,28.0,medium,62.4,3,DEMO_DATA,True
2021-08-12,haldia,35.4,medium,68.3,4,DEMO_DATA,True
2021-08-13,haldia,20.9,low,56.7,2,DEMO_DATA,True
2021-08-14,haldia,28.8,medium,63.0,3,DEMO_DATA,True
2021-08-15,haldia,33.1,medium,66.5,4,DEMO_DATA,True
2021-08-16,haldia,33.9,medium,67.1,4,DEMO_DATA,True
2021-08-17,haldia,32.6,medium,66.1,4,DEMO_DATA,True
2021-08-18,haldia,41.0,medium,72.8,5,DEMO_DATA,True
2021-08-19,haldia,44.0,medium,75.2,5,DEMO_DATA,True
2021-08-20,haldia,43.2,medium,74.6,5,DEMO_DATA,True
2021-08-21,haldia,53.5,high,82.8,6,DEMO_DATA,True
2021-08-22,haldia,50.5,high,80.4,6,DEMO_DATA,True
2021-08-23,haldia,48.4,high,78.8,6,DEMO_DATA,True
2021-08-24,haldia,38.5,medium,70.8,4,DEMO_DATA,True
2021-08-25,haldia,43.1,medium,74.5,5,DEMO_DATA,True
2021-08-26,haldia,68.2,high,94.6,8,DEMO_DATA,True
2021-08-27,haldia,37.0,medium,69.6,4,DEMO_DATA,True
2021-08-28,haldia,47.0,medium,77.6,5,DEMO_DATA,True
2021-08-29,haldia,56.7,high,85.4,7,DEMO_DATA,True
2021-08-30,haldia,83.4,high,95.0,10,DEMO_DATA,True
2021-08-31,haldia,62.0,high,89.6,7,DEMO_DATA,True
2021-09-01,haldia,64.3,high,91.4,8,DEMO_DATA,True
2021-09-02,haldia,49.7,high,79.8,6,DEMO_DATA,True
2021-09-03,haldia,41.1,medium,72.9,5,DEMO_DATA,True
2021-09-04,haldia,19.9,low,55.9,2,DEMO_DATA,True
2021-09-05,haldia,22.7,low,58.1,2,DEMO_DATA,True
2021-09-06,haldia,33.8,medium,67.1,4,DEMO_DATA,True
2021-09-07,haldia,33.5,medium,66.8,4,DEMO_DATA,True
2021-09-08,haldia,22.5,low,58.0,2,DEMO_DATA,True
2021-09-09,haldia,24.0,medium,59.2,3,DEMO_DATA,True
2021-09-10,haldia,20.6,low,56.5,2,DEMO_DATA,True
2021-09-11,haldia,26.3,medium,61.1,3,DEMO_DATA,True
2021-09-12,haldia,31.4,medium,65.1,3,DEMO_DATA,True
2021-09-13,haldia,31.4,medium,65.1,3,DEMO_DATA,True
2021-09-14,haldia,36.4,medium,69.1,4,DEMO_DATA,True
2021-09-15,haldia,29.0,medium,63.2,3,DEMO_DATA,True
2021-09-16,haldia,23.8,low,59.0,2,DEMO_DATA,True
2021-09-17,haldia,21.1,low,56.9,2,DEMO_DATA,True
2021-09-18,haldia,28.4,medium,62.7,3,DEMO_DATA,True
2021-09-19,haldia,23.2,low,58.6,2,DEMO_DATA,True
2021-09-20,haldia,26.8,medium,61.5,3,DEMO_DATA,True
2021-09-21,haldia,25.9,medium,60.7,3,DEMO_DATA,True
2021-09-22,haldia,38.1,medium,70.5,4,DEMO_DATA,True
2021-09-23,haldia,31.1,medium,64.9,3,DEMO_DATA,True
2021-09-24,haldia,20.0,low,56.0,2,DEMO_DATA,True
2021-09-25,haldia,28.7,medium,63.0,3,DEMO_DATA,True
2021-09-26,haldia,22.5,low,58.0,2,DEMO_DATA,True
2021-09-27,haldia,20.5,low,56.4,2,DEMO_DATA,True
2021-09-28,haldia,20.9,low,56.7,2,DEMO_DATA,True
2021-09-29,haldia,23.7,low,59.0,2,DEMO_DATA,True
2021-09-30,haldia,23.6,low,58.8,2,DEMO_DATA,True
2021-10-01,haldia,22.8,low,58.2,2,DEMO_DATA,True
2021-10-02,haldia,23.8,low,59.1,2,DEMO_DATA,True
2021-10-03,haldia,21.6,low,57.3,2,DEMO_DATA,True
2021-10-04,haldia,32.7,medium,66.1,4,DEMO_DATA,True
2021-10-05,haldia,34.5,medium,67.6,4,DEMO_DATA,True
2021-10-06,haldia,40.2,medium,72.1,5,DEMO_DATA,True
2021-10-07,haldia,39.7,medium,71.7,4,DEMO_DATA,True
2021-10-08,haldia,41.6,medium,73.3,5,DEMO_DATA,True
2021-10-09,haldia,40.9,medium,72.7,5,DEMO_DATA,True
2021-10-10,haldia,46.1,medium,76.9,5,DEMO_DATA,True
2021-10-11,haldia,25.5,medium,60.4,3,DEMO_DATA,True
2021-10-12,haldia,29.2,medium,63.4,3,DEMO_DATA,True
2021-10-13,haldia,46.6,medium,77.3,5,DEMO_DATA,True
2021-10-14,haldia,52.0,high,81.6,6,DEMO_DATA,True
2021-10-15,haldia,38.3,medium,70.6,4,DEMO_DATA,True
2021-10-16,haldia,48.1,high,78.4,6,DEMO_DATA,True
2021-10-17,haldia,50.2,high,80.1,6,DEMO_DATA,True
2021-10-18,haldia,52.3,high,81.8,6,DEMO_DATA,True
2021-10-19,haldia,44.6,medium,75.7,5,DEMO_DATA,True
2021-10-20,haldia,57.3,high,85.8,7,DEMO_DATA,True
2021-10-21,haldia,41.9,medium,73.5,5,DEMO_DATA,True
2021-10-22,haldia,47.9,medium,78.3,5,DEMO_DATA,True
2021-10-23,haldia,58.2,high,86.5,7,DEMO_DATA,True
2021-10-24,haldia,71.0,high,95.0,8,DEMO_DATA,True
2021-10-25,haldia,111.9,high,95.0,13,DEMO_DATA,True
2021-10-26,haldia,127.4,high,95.0,15,DEMO_DATA,True
2021-10-27,haldia,110.9,high,95.0,13,DEMO_DATA,True
2021-10-28,haldia,83.9,high,95.0,10,DEMO_DATA,True
2021-10-29,haldia,54.0,high,83.2,6,DEMO_DATA,True
2021-10-30,haldia,61.9,high,89.5,7,DEMO_DATA,True
2021-10-31,haldia,38.1,medium,70.5,4,DEMO_DATA,True
2021-11-01,haldia,29.0,medium,63.2,3,DEMO_DATA,True
2021-11-02,haldia,42.4,medium,73.9,5,DEMO_DATA,True
2021-11-03,haldia,51.0,high,80.8,6,DEMO_DATA,True
2021-11-04,haldia,46.6,medium,77.3,5,DEMO_DATA,True
2021-11-05,haldia,29.5,medium,63.6,3,DEMO_DATA,True
2021-11-06,haldia,30.6,medium,64.5,3,DEMO_DATA,True
2021-11-07,haldia,48.5,high,78.8,6,DEMO_DATA,True
2021-11-08,haldia,27.3,medium,61.9,3,DEMO_DATA,True
2021-11-09,haldia,33.4,medium,66.7,4,DEMO_DATA,True
2021-11-10,haldia,29.4,medium,63.5,3,DEMO_DATA,True
2021-11-11,haldia,44.4,medium,75.6,5,DEMO_DATA,True
2021-11-12,haldia,52.0,high,81.6,6,DEMO_DATA,True
2021-11-13,haldia,69.9,high,95.0,8,DEMO_DATA,True
2021-11-14,haldia,23.9,low,59.1,2,DEMO_DATA,True
2021-11-15,haldia,29.5,medium,63.6,3,DEMO_DATA,True
2021-11-16,haldia,25.5,medium,60.4,3,DEMO_DATA,True
2021-11-17,haldia,26.3,medium,61.1,3,DEMO_DATA,True
2021-11-18,haldia,18.0,low,54.4,2,DEMO_DATA,True
2021-11-19,haldia,20.4,low,56.3,2,DEMO_DATA,True
2021-11-20,haldia,22.7,low,58.2,2,DEMO_DATA,True
2021-11-21,haldia,29.6,medium,63.7,3,DEMO_DATA,True
2021-11-22,haldia,32.0,medium,65.6,3,DEMO_DATA,True
2021-11-23,haldia,41.1,medium,72.9,5,DEMO_DATA,True
2021-11-24,haldia,38.9,medium,71.1,4,DEMO_DATA,True
2021-11-25,haldia,37.2,medium,69.7,4,DEMO_DATA,True
2021-11-26,haldia,44.6,medium,75.6,5,DEMO_DATA,True
2021-11-27,haldia,58.6,high,86.9,7,DEMO_DATA,True
2021-11-28,haldia,67.8,high,94.3,8,DEMO_DATA,True
2021-11-29,haldia,98.9,high,95.0,12,DEMO_DATA,True
2021-11-30,haldia,107.4,high,95.0,13,DEMO_DATA,True
2021-12-01,haldia,69.1,high,95.0,8,DEMO_DATA,True
2021-12-02,haldia,61.2,high,88.9,7,DEMO_DATA,True
2021-12-03,haldia,66.6,high,93.3,8,DEMO_DATA,True
2021-12-04,haldia,51.1,high,80.9,6,DEMO_DATA,True
2021-12-05,haldia,34.2,medium,67.4,4,DEMO_DATA,True
2021-12-06,haldia,28.6,medium,62.8,3,DEMO_DATA,True
2021-12-07,haldia,28.6,medium,62.9,3,DEMO_DATA,True
2021-12-08,haldia,18.0,low,54.4,2,DEMO_DATA,True
2021-12-09,haldia,18.0,low,54.4,2,DEMO_DATA,True
2021-12-10,haldia,18.0,low,54.4,2,DEMO_DATA,True
2021-12-11,haldia,26.5,medium,61.2,3,DEMO_DATA,True
2021-12-12,haldia,26.7,medium,61.4,3,DEMO_DATA,True
2021-12-13,haldia,31.5,medium,65.2,3,DEMO_DATA,True
2021-12-14,haldia,27.0,medium,61.6,3,DEMO_DATA,True
2021-12-15,haldia,32.0,medium,65.6,3,DEMO_DATA,True
2021-12-16,haldia,28.8,medium,63.1,3,DEMO_DATA,True
2021-12-17,haldia,36.2,medium,68.9,4,DEMO_DATA,True
2021-12-18,haldia,33.8,medium,67.1,4,DEMO_DATA,True
2021-12-19,haldia,18.0,low,54.4,2,DEMO_DATA,True
2021-12-20,haldia,18.5,low,54.8,2,DEMO_DATA,True
2021-12-21,haldia,22.9,low,58.3,2,DEMO_DATA,True
2021-12-22,haldia,18.0,low,54.4,2,DEMO_DATA,True
2021-12-23,haldia,18.2,low,54.6,2,DEMO_DATA,True
2021-12-24,haldia,19.8,low,55.8,2,DEMO_DATA,True
2021-12-25,haldia,21.7,low,57.4,2,DEMO_DATA,True
2021-12-26,haldia,18.0,low,54.4,2,DEMO_DATA,True
2021-12-27,haldia,20.8,low,56.6,2,DEMO_DATA,True
2021-12-28,haldia,20.8,low,56.7,2,DEMO_DATA,True
2021-12-29,haldia,22.2,low,57.8,2,DEMO_DATA,True
2021-12-30,haldia,40.4,medium,72.3,5,DEMO_DATA,True
2021-12-31,haldia,35.7,medium,68.6,4,DEMO_DATA,True
2022-01-01,haldia,37.7,medium,70.2,4,DEMO_DATA,True
2022-01-02,haldia,24.7,medium,59.7,3,DEMO_DATA,True
2022-01-03,haldia,22.8,low,58.3,2,DEMO_DATA,True
2022-01-04,haldia,36.6,medium,69.3,4,DEMO_DATA,True
2022-01-05,haldia,29.7,medium,63.7,3,DEMO_DATA,True
2022-01-06,haldia,53.3,high,82.7,6,DEMO_DATA,True
2022-01-07,haldia,48.4,high,78.7,6,DEMO_DATA,True
2022-01-08,haldia,45.5,medium,76.4,5,DEMO_DATA,True
2022-01-09,haldia,72.0,high,95.0,8,DEMO_DATA,True
2022-01-10,haldia,56.0,high,84.8,6,DEMO_DATA,True
2022-01-11,haldia,68.1,high,94.5,8,DEMO_DATA,True
2022-01-12,haldia,67.3,high,93.9,8,DEMO_DATA,True
2022-01-13,haldia,80.7,high,95.0,10,DEMO_DATA,True
2022-01-14,haldia,90.5,high,95.0,11,DEMO_DATA,True
2022-01-15,haldia,47.7,medium,78.2,5,DEMO_DATA,True
2022-01-16,haldia,42.9,medium,74.3,5,DEMO_DATA,True
2022-01-17,haldia,52.1,high,81.7,6,DEMO_DATA,True
2022-01-18,haldia,77.9,high,95.0,9,DEMO_DATA,True
2022-01-19,haldia,67.7,high,94.2,8,DEMO_DATA,True
2022-01-20,haldia,85.7,high,95.0,10,DEMO_DATA,True
2022-01-21,haldia,97.7,high,95.0,12,DEMO_DATA,True
2022-01-22,haldia,113.4,high,95.0,14,DEMO_DATA,True
2022-01-23,haldia,129.1,high,95.0,16,DEMO_DATA,True
2022-01-24,haldia,101.7,high,95.0,12,DEMO_DATA,True
2022-01-25,haldia,104.6,high,95.0,13,DEMO_DATA,True
2022-01-26,haldia,76.0,high,95.0,9,DEMO_DATA,True
2022-01-27,haldia,75.4,high,95.0,9,DEMO_DATA,True
2022-01-28,haldia,51.8,high,81.5,6,DEMO_DATA,True
2022-01-29,haldia,64.2,high,91.4,8,DEMO_DATA,True
2022-01-30,haldia,57.9,high,86.3,7,DEMO_DATA,True
2022-01-31,haldia,78.7,high,95.0,9,DEMO_DATA,True
2022-02-01,haldia,86.7,high,95.0,10,DEMO_DATA,True
2022-02-02,haldia,114.2,high,95.0,14,DEMO_DATA,True
2022-02-03,haldia,109.3,high,95.0,13,DEMO_DATA,True
2022-02-04,haldia,182.0,high,95.0,22,DEMO_DATA,True
2022-02-05,haldia,89.2,high,95.0,11,DEMO_DATA,True
2022-02-06,haldia,78.8,high,95.0,9,DEMO_DATA,True
2022-02-07,haldia,119.0,high,95.0,14,DEMO_DATA,True
2022-02-08,haldia,132.4,high,95.0,16,DEMO_DATA,True
2022-02-09,haldia,229.5,high,95.0,28,DEMO_DATA,True
2022-02-10,haldia,134.0,high,95.0,16,DEMO_DATA,True
2022-02-11,haldia,141.5,high,95.0,17,DEMO_DATA,True
2022-02-12,haldia,93.6,high,95.0,11,DEMO_DATA,True
2022-02-13,haldia,76.5,high,95.0,9,DEMO_DATA,True
2022-02-14,haldia,99.5,high,95.0,12,DEMO_DATA,True
2022-02-15,haldia,90.8,high,95.0,11,DEMO_DATA,True
2022-02-16,haldia,51.9,high,81.6,6,DEMO_DATA,True
2022-02-17,haldia,33.9,medium,67.1,4,DEMO_DATA,True
2022-02-18,haldia,43.3,medium,74.6,5,DEMO_DATA,True
2022-02-19,haldia,34.9,medium,67.9,4,DEMO_DATA,True
2022-02-20,haldia,32.0,medium,65.6,3,DEMO_DATA,True
2022-02-21,haldia,44.4,medium,75.6,5,DEMO_DATA,True
2022-02-22,haldia,30.7,medium,64.6,3,DEMO_DATA,True
2022-02-23,haldia,45.0,medium,76.0,5,DEMO_DATA,True
2022-02-24,haldia,23.4,low,58.7,2,DEMO_DATA,True
2022-02-25,haldia,26.2,medium,60.9,3,DEMO_DATA,True
2022-02-26,haldia,18.0,low,54.4,2,DEMO_DATA,True
2022-02-27,haldia,18.9,low,55.1,2,DEMO_DATA,True
2022-02-28,haldia,30.6,medium,64.5,3,DEMO_DATA,True
2022-03-01,haldia,41.0,medium,72.8,5,DEMO_DATA,True
2022-03-02,haldia,40.9,medium,72.7,5,DEMO_DATA,True
2022-03-03,haldia,41.0,medium,72.8,5,DEMO_DATA,True
2022-03-04,haldia,46.7,medium,77.4,5,DEMO_DATA,True
2022-03-05,haldia,56.8,high,85.5,7,DEMO_DATA,True
2022-03-06,haldia,43.1,medium,74.4,5,DEMO_DATA,True
2022-03-07,haldia,36.4,medium,69.1,4,DEMO_DATA,True
2022-03-08,haldia,42.6,medium,74.1,5,DEMO_DATA,True
2022-03-09,haldia,45.6,medium,76.5,5,DEMO_DATA,True
2022-03-10,haldia,41.7,medium,73.4,5,DEMO_DATA,True
2022-03-11,haldia,31.1,medium,64.9,3,DEMO_DATA,True
2022-03-12,haldia,33.4,medium,66.7,4,DEMO_DATA,True
2022-03-13,haldia,34.7,medium,67.8,4,DEMO_DATA,True
2022-03-14,haldia,36.6,medium,69.3,4,DEMO_DATA,True
2022-03-15,haldia,55.3,high,84.3,6,DEMO_DATA,True
2022-03-16,haldia,67.2,high,93.8,8,DEMO_DATA,True
2022-03-17,haldia,57.5,high,86.0,7,DEMO_DATA,True
2022-03-18,haldia,50.6,high,80.5,6,DEMO_DATA,True
2022-03-19,haldia,47.6,medium,78.1,5,DEMO_DATA,True
2022-03-20,haldia,52.1,high,81.7,6,DEMO_DATA,True
2022-03-21,haldia,60.1,high,88.1,7,DEMO_DATA,True
2022-03-22,haldia,88.7,high,95.0,11,DEMO_DATA,True
2022-03-23,haldia,89.2,high,95.0,11,DEMO_DATA,True
2022-03-24,haldia,96.8,high,95.0,12,DEMO_DATA,True
2022-03-25,haldia,112.1,high,95.0,14,DEMO_DATA,True
2022-03-26,haldia,57.0,high,85.6,7,DEMO_DATA,True
2022-03-27,haldia,29.9,medium,63.9,3,DEMO_DATA,True
2022-03-28,haldia,40.4,medium,72.3,5,DEMO_DATA,True
2022-03-29,haldia,39.3,medium,71.4,4,DEMO_DATA,True
2022-03-30,haldia,28.1,medium,62.5,3,DEMO_DATA,True
2022-03-31,haldia,42.2,medium,73.7,5,DEMO_DATA,True
2022-04-01,haldia,46.3,medium,77.1,5,DEMO_DATA,True
2022-04-02,haldia,51.1,high,80.9,6,DEMO_DATA,True
2022-04-03,haldia,47.9,medium,78.3,5,DEMO_DATA,True
2022-04-04,haldia,37.4,medium,69.9,4,DEMO_DATA,True
2022-04-05,haldia,34.4,medium,67.5,4,DEMO_DATA,True
2022-04-06,haldia,38.3,medium,70.6,4,DEMO_DATA,True
2022-04-07,haldia,50.6,high,80.5,6,DEMO_DATA,True
2022-04-08,haldia,36.3,medium,69.1,4,DEMO_DATA,True
2022-04-09,haldia,44.3,medium,75.4,5,DEMO_DATA,True
2022-04-10,haldia,65.5,high,92.4,8,DEMO_DATA,True
2022-04-11,haldia,93.3,high,95.0,11,DEMO_DATA,True
2022-04-12,haldia,64.0,high,91.2,7,DEMO_DATA,True
2022-04-13,haldia,49.6,high,79.7,6,DEMO_DATA,True
2022-04-14,haldia,41.4,medium,73.1,5,DEMO_DATA,True
2022-04-15,haldia,47.1,medium,77.7,5,DEMO_DATA,True
2022-04-16,haldia,44.4,medium,75.6,5,DEMO_DATA,True
2022-04-17,haldia,59.3,high,87.5,7,DEMO_DATA,True
2022-04-18,haldia,50.1,high,80.1,6,DEMO_DATA,True
2022-04-19,haldia,51.2,high,81.0,6,DEMO_DATA,True
2022-04-20,haldia,72.8,high,95.0,9,DEMO_DATA,True
2022-04-21,haldia,49.0,high,79.2,6,DEMO_DATA,True
2022-04-22,haldia,48.1,high,78.5,6,DEMO_DATA,True
2022-04-23,haldia,66.7,high,93.4,8,DEMO_DATA,True
2022-04-24,haldia,63.0,high,90.4,7,DEMO_DATA,True
2022-04-25,haldia,56.0,high,84.8,7,DEMO_DATA,True
2022-04-26,haldia,47.9,medium,78.4,5,DEMO_DATA,True
2022-04-27,haldia,64.0,high,91.2,8,DEMO_DATA,True
2022-04-28,haldia,68.3,high,94.6,8,DEMO_DATA,True
2022-04-29,haldia,45.4,medium,76.3,5,DEMO_DATA,True
2022-04-30,haldia,45.8,medium,76.6,5,DEMO_DATA,True
2022-05-01,haldia,45.3,medium,76.3,5,DEMO_DATA,True
2022-05-02,haldia,27.9,medium,62.3,3,DEMO_DATA,True
2022-05-03,haldia,26.4,medium,61.1,3,DEMO_DATA,True
2022-05-04,haldia,24.1,medium,59.3,3,DEMO_DATA,True
2022-05-05,haldia,21.1,low,56.9,2,DEMO_DATA,True
2022-05-06,haldia,24.2,medium,59.3,3,DEMO_DATA,True
2022-05-07,haldia,32.2,medium,65.7,4,DEMO_DATA,True
2022-05-08,haldia,26.6,medium,61.3,3,DEMO_DATA,True
2022-05-09,haldia,18.0,low,54.4,2,DEMO_DATA,True
2022-05-10,haldia,21.0,low,56.8,2,DEMO_DATA,True
2022-05-11,haldia,18.0,low,54.4,2,DEMO_DATA,True
2022-05-12,haldia,18.0,low,54.4,2,DEMO_DATA,True
2022-05-13,haldia,18.0,low,54.4,2,DEMO_DATA,True
2022-05-14,haldia,18.0,low,54.4,2,DEMO_DATA,True
2022-05-15,haldia,18.0,low,54.4,2,DEMO_DATA,True
2022-05-16,haldia,18.0,low,54.4,2,DEMO_DATA,True
2022-05-17,haldia,18.0,low,54.4,2,DEMO_DATA,True
2022-05-18,haldia,18.0,low,54.4,2,DEMO_DATA,True
2022-05-19,haldia,18.0,low,54.4,2,DEMO_DATA,True
2022-05-20,haldia,22.5,low,58.0,2,DEMO_DATA,True
2022-05-21,haldia,19.6,low,55.7,2,DEMO_DATA,True
2022-05-22,haldia,18.0,low,54.4,2,DEMO_DATA,True
2022-05-23,haldia,26.4,medium,61.1,3,DEMO_DATA,True
2022-05-24,haldia,43.0,medium,74.4,5,DEMO_DATA,True
2022-05-25,haldia,48.1,high,78.5,6,DEMO_DATA,True
2022-05-26,haldia,48.9,high,79.1,6,DEMO_DATA,True
2022-05-27,haldia,40.2,medium,72.2,5,DEMO_DATA,True
2022-05-28,haldia,47.8,medium,78.3,5,DEMO_DATA,True
2022-05-29,haldia,43.4,medium,74.7,5,DEMO_DATA,True
2022-05-30,haldia,34.0,medium,67.2,4,DEMO_DATA,True
2022-05-31,haldia,30.0,medium,64.0,3,DEMO_DATA,True
2022-06-01,haldia,39.7,medium,71.7,4,DEMO_DATA,True
2022-06-02,haldia,29.3,medium,63.5,3,DEMO_DATA,True
2022-06-03,haldia,25.8,medium,60.7,3,DEMO_DATA,True
2022-06-04,haldia,21.1,low,56.9,2,DEMO_DATA,True
2022-06-05,haldia,21.7,low,57.3,2,DEMO_DATA,True
2022-06-06,haldia,34.1,medium,67.2,4,DEMO_DATA,True
2022-06-07,haldia,42.9,medium,74.3,5,DEMO_DATA,True
2022-06-08,haldia,51.1,high,80.9,6,DEMO_DATA,True
2022-06-09,haldia,23.4,low,58.7,2,DEMO_DATA,True
2022-06-10,haldia,23.9,low,59.1,2,DEMO_DATA,True
2022-06-11,haldia,18.6,low,54.9,2,DEMO_DATA,True
2022-06-12,haldia,22.7,low,58.2,2,DEMO_DATA,True
2022-06-13,haldia,21.1,low,56.9,2,DEMO_DATA,True
2022-06-14,haldia,25.1,medium,60.1,3,DEMO_DATA,True
2022-06-15,haldia,18.0,low,54.4,2,DEMO_DATA,True
2022-06-16,haldia,18.0,low,54.4,2,DEMO_DATA,True
2022-06-17,haldia,18.0,low,54.4,2,DEMO_DATA,True
2022-06-18,haldia,25.2,medium,60.2,3,DEMO_DATA,True
2022-06-19,haldia,34.2,medium,67.4,4,DEMO_DATA,True
2022-06-20,haldia,42.0,medium,73.6,5,DEMO_DATA,True
2022-06-21,haldia,45.3,medium,76.3,5,DEMO_DATA,True
2022-06-22,haldia,61.2,high,89.0,7,DEMO_DATA,True
2022-06-23,haldia,44.9,medium,75.9,5,DEMO_DATA,True
2022-06-24,haldia,64.2,high,91.3,8,DEMO_DATA,True
2022-06-25,haldia,44.3,medium,75.4,5,DEMO_DATA,True
2022-06-26,haldia,48.4,high,78.8,6,DEMO_DATA,True
2022-06-27,haldia,64.7,high,91.8,8,DEMO_DATA,True
2022-06-28,haldia,66.7,high,93.4,8,DEMO_DATA,True
2022-06-29,haldia,45.4,medium,76.3,5,DEMO_DATA,True
2022-06-30,haldia,45.0,medium,76.0,5,DEMO_DATA,True
2022-07-01,haldia,51.1,high,80.9,6,DEMO_DATA,True
2022-07-02,haldia,37.9,medium,70.3,4,DEMO_DATA,True
2022-07-03,haldia,62.9,high,90.3,7,DEMO_DATA,True
2022-07-04,haldia,53.8,high,83.1,6,DEMO_DATA,True
2022-07-05,haldia,51.6,high,81.2,6,DEMO_DATA,True
2022-07-06,haldia,51.2,high,80.9,6,DEMO_DATA,True
2022-07-07,haldia,40.3,medium,72.3,5,DEMO_DATA,True
2022-07-08,haldia,33.4,medium,66.7,4,DEMO_DATA,True
2022-07-09,haldia,54.7,high,83.8,6,DEMO_DATA,True
2022-07-10,haldia,54.5,high,83.6,6,DEMO_DATA,True
2022-07-11,haldia,47.1,medium,77.7,5,DEMO_DATA,True
2022-07-12,haldia,44.1,medium,75.3,5,DEMO_DATA,True
2022-07-13,haldia,46.2,medium,77.0,5,DEMO_DATA,True
2022-07-14,haldia,34.4,medium,67.5,4,DEMO_DATA,True
2022-07-15,haldia,48.3,high,78.7,6,DEMO_DATA,True
2022-07-16,haldia,38.1,medium,70.5,4,DEMO_DATA,True
2022-07-17,haldia,53.7,high,82.9,6,DEMO_DATA,True
2022-07-18,haldia,52.3,high,81.9,6,DEMO_DATA,True
2022-07-19,haldia,68.5,high,94.8,8,DEMO_DATA,True
2022-07-20,haldia,99.2,high,95.0,12,DEMO_DATA,True
2022-07-21,haldia,131.1,high,95.0,16,DEMO_DATA,True
2022-07-22,haldia,135.5,high,95.0,16,DEMO_DATA,True
2022-07-23,haldia,162.8,high,95.0,20,DEMO_DATA,True
2022-07-24,haldia,135.6,high,95.0,16,DEMO_DATA,True
2022-07-25,haldia,183.8,high,95.0,22,DEMO_DATA,True
2022-07-26,haldia,139.1,high,95.0,17,DEMO_DATA,True
2022-07-27,haldia,131.3,high,95.0,16,DEMO_DATA,True
2022-07-28,haldia,198.4,high,95.0,24,DEMO_DATA,True
2022-07-29,haldia,313.3,high,95.0,39,DEMO_DATA,True
2022-07-30,haldia,440.1,high,95.0,55,DEMO_DATA,True
2022-07-31,haldia,517.8,high,95.0,64,DEMO_DATA,True
2022-08-01,haldia,314.4,high,95.0,39,DEMO_DATA,True
2022-08-02,haldia,283.1,high,95.0,35,DEMO_DATA,True
2022-08-03,haldia,420.2,high,95.0,52,DEMO_DATA,True
2022-08-04,haldia,193.1,high,95.0,24,DEMO_DATA,True
2022-08-05,haldia,218.7,high,95.0,27,DEMO_DATA,True
2022-08-06,haldia,118.4,high,95.0,14,DEMO_DATA,True
2022-08-07,haldia,156.1,high,95.0,19,DEMO_DATA,True
2022-08-08,haldia,169.8,high,95.0,21,DEMO_DATA,True
2022-08-09,haldia,161.6,high,95.0,20,DEMO_DATA,True
2022-08-10,haldia,222.5,high,95.0,27,DEMO_DATA,True
2022-08-11,haldia,187.3,high,95.0,23,DEMO_DATA,True
2022-08-12,haldia,251.4,high,95.0,31,DEMO_DATA,True
2022-08-13,haldia,260.4,high,95.0,32,DEMO_DATA,True
2022-08-14,haldia,205.6,high,95.0,25,DEMO_DATA,True
2022-08-15,haldia,252.7,high,95.0,31,DEMO_DATA,True
2022-08-16,haldia,218.9,high,95.0,27,DEMO_DATA,True
2022-08-17,haldia,167.2,high,95.0,20,DEMO_DATA,True
2022-08-18,haldia,160.2,high,95.0,20,DEMO_DATA,True
2022-08-19,haldia,151.8,high,95.0,18,DEMO_DATA,True
2022-08-20,haldia,160.0,high,95.0,19,DEMO_DATA,True
2022-08-21,haldia,150.5,high,95.0,18,DEMO_DATA,True
2022-08-22,haldia,104.3,high,95.0,13,DEMO_DATA,True
2022-08-23,haldia,78.4,high,95.0,9,DEMO_DATA,True
2022-08-24,haldia,92.9,high,95.0,11,DEMO_DATA,True
2022-08-25,haldia,100.3,high,95.0,12,DEMO_DATA,True
2022-08-26,haldia,52.6,high,82.1,6,DEMO_DATA,True
2022-08-27,haldia,63.4,high,90.8,7,DEMO_DATA,True
2022-08-28,haldia,88.8,high,95.0,11,DEMO_DATA,True
2022-08-29,haldia,43.5,medium,74.8,5,DEMO_DATA,True
2022-08-30,haldia,45.2,medium,76.2,5,DEMO_DATA,True
2022-08-31,haldia,54.3,high,83.4,6,DEMO_DATA,True
2022-09-01,haldia,59.5,high,87.6,7,DEMO_DATA,True
2022-09-02,haldia,62.8,high,90.2,7,DEMO_DATA,True
2022-09-03,haldia,87.6,high,95.0,10,DEMO_DATA,True
2022-09-04,haldia,84.5,high,95.0,10,DEMO_DATA,True
2022-09-05,haldia,76.9,high,95.0,9,DEMO_DATA,True
2022-09-06,haldia,63.1,high,90.5,7,DEMO_DATA,True
2022-09-07,haldia,82.2,high,95.0,10,DEMO_DATA,True
2022-09-08,haldia,69.1,high,95.0,8,DEMO_DATA,True
2022-09-09,haldia,105.8,high,95.0,13,DEMO_DATA,True
2022-09-10,haldia,52.4,high,81.9,6,DEMO_DATA,True
2022-09-11,haldia,40.3,medium,72.3,5,DEMO_DATA,True
2022-09-12,haldia,72.2,high,95.0,9,DEMO_DATA,True
2022-09-13,haldia,67.2,high,93.8,8,DEMO_DATA,True
2022-09-14,haldia,79.8,high,95.0,9,DEMO_DATA,True
2022-09-15,haldia,79.9,high,95.0,9,DEMO_DATA,True
2022-09-16,haldia,98.3,high,95.0,12,DEMO_DATA,True
2022-09-17,haldia,107.3,high,95.0,13,DEMO_DATA,True
2022-09-18,haldia,130.0,high,95.0,16,DEMO_DATA,True
2022-09-19,haldia,73.9,high,95.0,9,DEMO_DATA,True
2022-09-20,haldia,126.2,high,95.0,15,DEMO_DATA,True
2022-09-21,haldia,132.0,high,95.0,16,DEMO_DATA,True
2022-09-22,haldia,170.1,high,95.0,21,DEMO_DATA,True
2022-09-23,haldia,197.4,high,95.0,24,DEMO_DATA,True
2022-09-24,haldia,249.1,high,95.0,31,DEMO_DATA,True
2022-09-25,haldia,366.9,high,95.0,45,DEMO_DATA,True
2022-09-26,haldia,132.3,high,95.0,16,DEMO_DATA,True
2022-09-27,haldia,111.4,high,95.0,13,DEMO_DATA,True
2022-09-28,haldia,91.7,high,95.0,11,DEMO_DATA,True
2022-09-29,haldia,66.3,high,93.1,8,DEMO_DATA,True
2022-09-30,haldia,80.6,high,95.0,10,DEMO_DATA,True
2022-10-01,haldia,68.9,high,95.0,8,DEMO_DATA,True
2022-10-02,haldia,64.8,high,91.9,8,DEMO_DATA,True
2022-10-03,haldia,47.9,medium,78.3,5,DEMO_DATA,True
2022-10-04,haldia,55.8,high,84.6,6,DEMO_DATA,True
2022-10-05,haldia,65.4,high,92.3,8,DEMO_DATA,True
2022-10-06,haldia,64.9,high,91.9,8,DEMO_DATA,True
2022-10-07,haldia,53.7,high,82.9,6,DEMO_DATA,True
2022-10-08,haldia,60.0,high,88.0,7,DEMO_DATA,True
2022-10-09,haldia,58.3,high,86.6,7,DEMO_DATA,True
2022-10-10,haldia,56.8,high,85.4,7,DEMO_DATA,True
2022-10-11,haldia,78.5,high,95.0,9,DEMO_DATA,True
2022-10-12,haldia,96.9,high,95.0,12,DEMO_DATA,True
2022-10-13,haldia,47.5,medium,78.0,5,DEMO_DATA,True
2022-10-14,haldia,67.0,high,93.6,8,DEMO_DATA,True
2022-10-15,haldia,69.1,high,95.0,8,DEMO_DATA,True
2022-10-16,haldia,76.1,high,95.0,9,DEMO_DATA,True
2022-10-17,haldia,77.9,high,95.0,9,DEMO_DATA,True
2022-10-18,haldia,86.3,high,95.0,10,DEMO_DATA,True
2022-10-19,haldia,32.2,medium,65.8,4,DEMO_DATA,True
2022-10-20,haldia,39.1,medium,71.2,4,DEMO_DATA,True
2022-10-21,haldia,45.9,medium,76.7,5,DEMO_DATA,True
2022-10-22,haldia,53.8,high,83.1,6,DEMO_DATA,True
2022-10-23,haldia,23.3,low,58.6,2,DEMO_DATA,True
2022-10-24,haldia,25.5,medium,60.4,3,DEMO_DATA,True
2022-10-25,haldia,18.0,low,54.4,2,DEMO_DATA,True
2022-10-26,haldia,25.8,medium,60.6,3,DEMO_DATA,True
2022-10-27,haldia,32.0,medium,65.6,3,DEMO_DATA,True
2022-10-28,haldia,27.1,medium,61.7,3,DEMO_DATA,True
2022-10-29,haldia,29.1,medium,63.3,3,DEMO_DATA,True
2022-10-30,haldia,25.2,medium,60.1,3,DEMO_DATA,True
2022-10-31,haldia,18.0,low,54.4,2,DEMO_DATA,True
2022-11-01,haldia,18.0,low,54.4,2,DEMO_DATA,True
2022-11-02,haldia,18.0,low,54.4,2,DEMO_DATA,True
2022-11-03,haldia,21.1,low,56.9,2,DEMO_DATA,True
2022-11-04,haldia,30.9,medium,64.7,3,DEMO_DATA,True
2022-11-05,haldia,39.3,medium,71.4,4,DEMO_DATA,True
2022-11-06,haldia,24.8,medium,59.9,3,DEMO_DATA,True
2022-11-07,haldia,28.8,medium,63.1,3,DEMO_DATA,True
2022-11-08,haldia,20.8,low,56.6,2,DEMO_DATA,True
2022-11-09,haldia,18.0,low,54.4,2,DEMO_DATA,True
2022-11-10,haldia,25.9,medium,60.7,3,DEMO_DATA,True
2022-11-11,haldia,30.2,medium,64.2,3,DEMO_DATA,True
2022-11-12,haldia,39.8,medium,71.9,4,DEMO_DATA,True
2022-11-13,haldia,53.9,high,83.1,6,DEMO_DATA,True
2022-11-14,haldia,47.6,medium,78.1,5,DEMO_DATA,True
2022-11-15,haldia,56.6,high,85.3,7,DEMO_DATA,True
2022-11-16,haldia,55.0,high,84.0,6,DEMO_DATA,True
2022-11-17,haldia,63.5,high,90.8,7,DEMO_DATA,True
2022-11-18,haldia,57.8,high,86.3,7,DEMO_DATA,True
2022-11-19,haldia,60.4,high,88.3,7,DEMO_DATA,True
2022-11-20,haldia,59.0,high,87.2,7,DEMO_DATA,True
2022-11-21,haldia,97.9,high,95.0,12,DEMO_DATA,True
2022-11-22,haldia,110.6,high,95.0,13,DEMO_DATA,True
2022-11-23,haldia,73.2,high,95.0,9,DEMO_DATA,True
2022-11-24,haldia,45.6,medium,76.5,5,DEMO_DATA,True
2022-11-25,haldia,42.0,medium,73.6,5,DEMO_DATA,True
2022-11-26,haldia,35.2,medium,68.2,4,DEMO_DATA,True
2022-11-27,haldia,43.9,medium,75.1,5,DEMO_DATA,True
2022-11-28,haldia,50.5,high,80.4,6,DEMO_DATA,True
2022-11-29,haldia,27.4,medium,61.9,3,DEMO_DATA,True
2022-11-30,haldia,24.5,medium,59.6,3,DEMO_DATA,True
2022-12-01,haldia,30.4,medium,64.3,3,DEMO_DATA,True
2022-12-02,haldia,36.1,medium,68.9,4,DEMO_DATA,True
2022-12-03,haldia,58.8,high,87.0,7,DEMO_DATA,True
2022-12-04,haldia,65.4,high,92.3,8,DEMO_DATA,True
2022-12-05,haldia,74.6,high,95.0,9,DEMO_DATA,True
2022-12-06,haldia,53.2,high,82.6,6,DEMO_DATA,True
2022-12-07,haldia,47.0,medium,77.6,5,DEMO_DATA,True
2022-12-08,haldia,39.5,medium,71.6,4,DEMO_DATA,True
2022-12-09,haldia,48.8,high,79.0,6,DEMO_DATA,True
2022-12-10,haldia,50.4,high,80.3,6,DEMO_DATA,True
2022-12-11,haldia,41.5,medium,73.2,5,DEMO_DATA,True
2022-12-12,haldia,52.3,high,81.9,6,DEMO_DATA,True
2022-12-13,haldia,53.8,high,83.1,6,DEMO_DATA,True
2022-12-14,haldia,55.0,high,84.0,6,DEMO_DATA,True
2022-12-15,haldia,40.5,medium,72.4,5,DEMO_DATA,True
2022-12-16,haldia,48.2,high,78.6,6,DEMO_DATA,True
2022-12-17,haldia,34.0,medium,67.2,4,DEMO_DATA,True
2022-12-18,haldia,28.0,medium,62.4,3,DEMO_DATA,True
2022-12-19,haldia,36.5,medium,69.2,4,DEMO_DATA,True
2022-12-20,haldia,40.2,medium,72.2,5,DEMO_DATA,True
2022-12-21,haldia,41.0,medium,72.8,5,DEMO_DATA,True
2022-12-22,haldia,52.0,high,81.6,6,DEMO_DATA,True
2022-12-23,haldia,64.1,high,91.2,8,DEMO_DATA,True
2022-12-24,haldia,73.6,high,95.0,9,DEMO_DATA,True
2022-12-25,haldia,62.4,high,89.9,7,DEMO_DATA,True
2022-12-26,haldia,45.6,medium,76.5,5,DEMO_DATA,True
2022-12-27,haldia,18.0,low,54.4,2,DEMO_DATA,True
2022-12-28,haldia,18.4,low,54.7,2,DEMO_DATA,True
2022-12-29,haldia,30.0,medium,64.0,3,DEMO_DATA,True
2022-12-30,haldia,30.5,medium,64.4,3,DEMO_DATA,True
2022-12-31,haldia,35.8,medium,68.6,4,DEMO_DATA,True
2023-01-01,haldia,33.9,medium,67.1,4,DEMO_DATA,True
2023-01-02,haldia,33.3,medium,66.7,4,DEMO_DATA,True
2023-01-03,haldia,31.8,medium,65.5,3,DEMO_DATA,True
2023-01-04,haldia,29.2,medium,63.3,3,DEMO_DATA,True
2023-01-05,haldia,28.8,medium,63.0,3,DEMO_DATA,True
2023-01-06,haldia,19.6,low,55.7,2,DEMO_DATA,True
2023-01-07,haldia,19.0,low,55.2,2,DEMO_DATA,True
2023-01-08,haldia,24.3,medium,59.5,3,DEMO_DATA,True
2023-01-09,haldia,28.3,medium,62.6,3,DEMO_DATA,True
2023-01-10,haldia,18.0,low,54.4,2,DEMO_DATA,True
2023-01-11,haldia,18.0,low,54.4,2,DEMO_DATA,True
2023-01-12,haldia,19.8,low,55.8,2,DEMO_DATA,True
2023-01-13,haldia,19.2,low,55.4,2,DEMO_DATA,True
2023-01-14,haldia,18.4,low,54.7,2,DEMO_DATA,True
2023-01-15,haldia,18.0,low,54.4,2,DEMO_DATA,True
2023-01-16,haldia,23.8,low,59.0,2,DEMO_DATA,True
2023-01-17,haldia,26.4,medium,61.1,3,DEMO_DATA,True
2023-01-18,haldia,40.5,medium,72.4,5,DEMO_DATA,True
2023-01-19,haldia,41.6,medium,73.3,5,DEMO_DATA,True
2023-01-20,haldia,36.0,medium,68.8,4,DEMO_DATA,True
2023-01-21,haldia,39.2,medium,71.3,4,DEMO_DATA,True
2023-01-22,haldia,35.3,medium,68.3,4,DEMO_DATA,True
2023-01-23,haldia,51.2,high,81.0,6,DEMO_DATA,True
2023-01-24,haldia,52.9,high,82.3,6,DEMO_DATA,True
2023-01-25,haldia,79.7,high,95.0,9,DEMO_DATA,True
2023-01-26,haldia,82.9,high,95.0,10,DEMO_DATA,True
2023-01-27,haldia,83.0,high,95.0,10,DEMO_DATA,True
2023-01-28,haldia,109.1,high,95.0,13,DEMO_DATA,True
2023-01-29,haldia,110.5,high,95.0,13,DEMO_DATA,True
2023-01-30,haldia,116.2,high,95.0,14,DEMO_DATA,True
2023-01-31,haldia,140.2,high,95.0,17,DEMO_DATA,True
2023-02-01,haldia,155.6,high,95.0,19,DEMO_DATA,True
2023-02-02,haldia,130.5,high,95.0,16,DEMO_DATA,True
2023-02-03,haldia,88.4,high,95.0,11,DEMO_DATA,True
2023-02-04,haldia,106.5,high,95.0,13,DEMO_DATA,True
2023-02-05,haldia,80.0,high,95.0,10,DEMO_DATA,True
2023-02-06,haldia,60.7,high,88.6,7,DEMO_DATA,True
2023-02-07,haldia,75.5,high,95.0,9,DEMO_DATA,True
2023-02-08,haldia,59.4,high,87.6,7,DEMO_DATA,True
2023-02-09,haldia,74.8,high,95.0,9,DEMO_DATA,True
2023-02-10,haldia,96.8,high,95.0,12,DEMO_DATA,True
2023-02-11,haldia,74.9,high,95.0,9,DEMO_DATA,True
2023-02-12,haldia,99.9,high,95.0,12,DEMO_DATA,True
2023-02-13,haldia,134.4,high,95.0,16,DEMO_DATA,True
2023-02-14,haldia,139.2,high,95.0,17,DEMO_DATA,True
2023-02-15,haldia,180.3,high,95.0,22,DEMO_DATA,True
2023-02-16,haldia,136.6,high,95.0,17,DEMO_DATA,True
2023-02-17,haldia,28.4,medium,62.7,3,DEMO_DATA,True
2023-02-18,haldia,25.5,medium,60.4,3,DEMO_DATA,True
2023-02-19,haldia,40.0,medium,72.0,5,DEMO_DATA,True
2023-02-20,haldia,48.5,high,78.8,6,DEMO_DATA,True
2023-02-21,haldia,28.4,medium,62.7,3,DEMO_DATA,True
2023-02-22,haldia,34.2,medium,67.4,4,DEMO_DATA,True
2023-02-23,haldia,24.7,medium,59.8,3,DEMO_DATA,True
2023-02-24,haldia,28.5,medium,62.8,3,DEMO_DATA,True
2023-02-25,haldia,32.9,medium,66.3,4,DEMO_DATA,True
2023-02-26,haldia,39.5,medium,71.6,4,DEMO_DATA,True
2023-02-27,haldia,56.6,high,85.3,7,DEMO_DATA,True
2023-02-28,haldia,70.5,high,95.0,8,DEMO_DATA,True
2023-03-01,haldia,70.9,high,95.0,8,DEMO_DATA,True
2023-03-02,haldia,72.4,high,95.0,9,DEMO_DATA,True
2023-03-03,haldia,24.2,medium,59.3,3,DEMO_DATA,True
2023-03-04,haldia,29.7,medium,63.8,3,DEMO_DATA,True
2023-03-05,haldia,38.5,medium,70.8,4,DEMO_DATA,True
2023-03-06,haldia,32.8,medium,66.3,4,DEMO_DATA,True
2023-03-07,haldia,33.9,medium,67.1,4,DEMO_DATA,True
2023-03-08,haldia,36.4,medium,69.1,4,DEMO_DATA,True
2023-03-09,haldia,18.0,low,54.4,2,DEMO_DATA,True
2023-03-10,haldia,18.0,low,54.4,2,DEMO_DATA,True
2023-03-11,haldia,18.0,low,54.4,2,DEMO_DATA,True
2023-03-12,haldia,18.0,low,54.4,2,DEMO_DATA,True
2023-03-13,haldia,20.4,low,56.3,2,DEMO_DATA,True
2023-03-14,haldia,25.8,medium,60.7,3,DEMO_DATA,True
2023-03-15,haldia,38.6,medium,70.9,4,DEMO_DATA,True
2023-03-16,haldia,31.9,medium,65.5,3,DEMO_DATA,True
2023-03-17,haldia,19.3,low,55.4,2,DEMO_DATA,True
2023-03-18,haldia,29.3,medium,63.4,3,DEMO_DATA,True
2023-03-19,haldia,27.0,medium,61.6,3,DEMO_DATA,True
2023-03-20,haldia,23.5,low,58.8,2,DEMO_DATA,True
2023-03-21,haldia,18.0,low,54.4,2,DEMO_DATA,True
2023-03-22,haldia,18.0,low,54.4,2,DEMO_DATA,True
2023-03-23,haldia,22.6,low,58.1,2,DEMO_DATA,True
2023-03-24,haldia,31.7,medium,65.4,3,DEMO_DATA,True
2023-03-25,haldia,42.8,medium,74.2,5,DEMO_DATA,True
2023-03-26,haldia,33.4,medium,66.7,4,DEMO_DATA,True
2023-03-27,haldia,32.9,medium,66.3,4,DEMO_DATA,True
2023-03-28,haldia,43.9,medium,75.1,5,DEMO_DATA,True
2023-03-29,haldia,56.7,high,85.4,7,DEMO_DATA,True
2023-03-30,haldia,33.5,medium,66.8,4,DEMO_DATA,True
2023-03-31,haldia,32.0,medium,65.6,3,DEMO_DATA,True
2023-04-01,haldia,34.3,medium,67.4,4,DEMO_DATA,True
2023-04-02,haldia,36.2,medium,68.9,4,DEMO_DATA,True
2023-04-03,haldia,28.0,medium,62.4,3,DEMO_DATA,True
2023-04-04,haldia,38.5,medium,70.8,4,DEMO_DATA,True
2023-04-05,haldia,39.1,medium,71.3,4,DEMO_DATA,True
2023-04-06,haldia,41.7,medium,73.3,5,DEMO_DATA,True
2023-04-07,haldia,43.3,medium,74.7,5,DEMO_DATA,True
2023-04-08,haldia,33.7,medium,67.0,4,DEMO_DATA,True
2023-04-09,haldia,20.9,low,56.7,2,DEMO_DATA,True
2023-04-10,haldia,26.4,medium,61.1,3,DEMO_DATA,True
2023-04-11,haldia,29.3,medium,63.5,3,DEMO_DATA,True
2023-04-12,haldia,19.9,low,55.9,2,DEMO_DATA,True
2023-04-13,haldia,35.9,medium,68.7,4,DEMO_DATA,True
2023-04-14,haldia,36.5,medium,69.2,4,DEMO_DATA,True
2023-04-15,haldia,40.0,medium,72.0,4,DEMO_DATA,True
2023-04-16,haldia,58.2,high,86.6,7,DEMO_DATA,True
2023-04-17,haldia,67.3,high,93.8,8,DEMO_DATA,True
2023-04-18,haldia,52.4,high,81.9,6,DEMO_DATA,True
2023-04-19,haldia,35.7,medium,68.5,4,DEMO_DATA,True
2023-04-20,haldia,32.1,medium,65.7,4,DEMO_DATA,True
2023-04-21,haldia,28.1,medium,62.5,3,DEMO_DATA,True
2023-04-22,haldia,24.7,medium,59.7,3,DEMO_DATA,True
2023-04-23,haldia,32.0,medium,65.6,4,DEMO_DATA,True
2023-04-24,haldia,32.3,medium,65.9,4,DEMO_DATA,True
2023-04-25,haldia,24.3,medium,59.5,3,DEMO_DATA,True
2023-04-26,haldia,19.0,low,55.2,2,DEMO_DATA,True
2023-04-27,haldia,24.9,medium,59.9,3,DEMO_DATA,True
2023-04-28,haldia,25.9,medium,60.7,3,DEMO_DATA,True
2023-04-29,haldia,33.3,medium,66.7,4,DEMO_DATA,True
2023-04-30,haldia,32.7,medium,66.2,4,DEMO_DATA,True
2023-05-01,haldia,40.4,medium,72.3,5,DEMO_DATA,True
2023-05-02,haldia,43.5,medium,74.8,5,DEMO_DATA,True
2023-05-03,haldia,28.1,medium,62.5,3,DEMO_DATA,True
2023-05-04,haldia,23.6,low,58.9,2,DEMO_DATA,True
2023-05-05,haldia,28.0,medium,62.4,3,DEMO_DATA,True
2023-05-06,haldia,34.6,medium,67.7,4,DEMO_DATA,True
2023-05-07,haldia,29.6,medium,63.7,3,DEMO_DATA,True
2023-05-08,haldia,43.4,medium,74.7,5,DEMO_DATA,True
2023-05-09,haldia,36.7,medium,69.4,4,DEMO_DATA,True
2023-05-10,haldia,24.6,medium,59.7,3,DEMO_DATA,True
2023-05-11,haldia,20.1,low,56.1,2,DEMO_DATA,True
2023-05-12,haldia,18.5,low,54.8,2,DEMO_DATA,True
2023-05-13,haldia,18.2,low,54.5,2,DEMO_DATA,True
2023-05-14,haldia,18.0,low,54.4,2,DEMO_DATA,True
2023-05-15,haldia,19.3,low,55.4,2,DEMO_DATA,True
2023-05-16,haldia,26.4,medium,61.1,3,DEMO_DATA,True
2023-05-17,haldia,28.7,medium,62.9,3,DEMO_DATA,True
2023-05-18,haldia,20.4,low,56.3,2,DEMO_DATA,True
2023-05-19,haldia,18.1,low,54.5,2,DEMO_DATA,True
2023-05-20,haldia,21.1,low,56.9,2,DEMO_DATA,True
2023-05-21,haldia,18.0,low,54.4,2,DEMO_DATA,True
2023-05-22,haldia,23.0,low,58.4,2,DEMO_DATA,True
2023-05-23,haldia,21.5,low,57.2,2,DEMO_DATA,True
2023-05-24,haldia,22.4,low,57.9,2,DEMO_DATA,True
2023-05-25,haldia,18.0,low,54.4,2,DEMO_DATA,True
2023-05-26,haldia,18.0,low,54.4,2,DEMO_DATA,True
2023-05-27,haldia,22.9,low,58.3,2,DEMO_DATA,True
2023-05-28,haldia,18.0,low,54.4,2,DEMO_DATA,True
2023-05-29,haldia,22.7,low,58.2,2,DEMO_DATA,True
2023-05-30,haldia,22.8,low,58.2,2,DEMO_DATA,True
2023-05-31,haldia,23.9,low,59.1,2,DEMO_DATA,True
2023-06-01,haldia,18.0,low,54.4,2,DEMO_DATA,True
2023-06-02,haldia,23.2,low,58.6,2,DEMO_DATA,True
2023-06-03,haldia,21.6,low,57.3,2,DEMO_DATA,True
2023-06-04,haldia,28.3,medium,62.7,3,DEMO_DATA,True
2023-06-05,haldia,26.8,medium,61.5,3,DEMO_DATA,True
2023-06-06,haldia,34.2,medium,67.4,4,DEMO_DATA,True
2023-06-07,haldia,38.9,medium,71.1,4,DEMO_DATA,True
2023-06-08,haldia,25.6,medium,60.5,3,DEMO_DATA,True
2023-06-09,haldia,29.1,medium,63.3,3,DEMO_DATA,True
2023-06-10,haldia,21.7,low,57.3,2,DEMO_DATA,True
2023-06-11,haldia,18.0,low,54.4,2,DEMO_DATA,True
2023-06-12,haldia,18.0,low,54.4,2,DEMO_DATA,True
2023-06-13,haldia,24.0,medium,59.2,3,DEMO_DATA,True
2023-06-14,haldia,25.1,medium,60.1,3,DEMO_DATA,True
2023-06-15,haldia,18.0,low,54.4,2,DEMO_DATA,True
2023-06-16,haldia,20.8,low,56.7,2,DEMO_DATA,True
2023-06-17,haldia,18.0,low,54.4,2,DEMO_DATA,True
2023-06-18,haldia,19.6,low,55.7,2,DEMO_DATA,True
2023-06-19,haldia,22.1,low,57.7,2,DEMO_DATA,True
2023-06-20,haldia,27.3,medium,61.8,3,DEMO_DATA,True
2023-06-21,haldia,25.9,medium,60.7,3,DEMO_DATA,True
2023-06-22,haldia,37.4,medium,69.9,4,DEMO_DATA,True
2023-06-23,haldia,41.3,medium,73.1,5,DEMO_DATA,True
2023-06-24,haldia,40.1,medium,72.0,5,DEMO_DATA,True
2023-06-25,haldia,41.8,medium,73.4,5,DEMO_DATA,True
2023-06-26,haldia,27.8,medium,62.2,3,DEMO_DATA,True
2023-06-27,haldia,35.4,medium,68.3,4,DEMO_DATA,True
2023-06-28,haldia,38.8,medium,71.0,4,DEMO_DATA,True
2023-06-29,haldia,37.0,medium,69.6,4,DEMO_DATA,True
2023-06-30,haldia,41.2,medium,73.0,5,DEMO_DATA,True
2023-07-01,haldia,44.7,medium,75.7,5,DEMO_DATA,True
2023-07-02,haldia,63.4,high,90.7,7,DEMO_DATA,True
2023-07-03,haldia,76.4,high,95.0,9,DEMO_DATA,True
2023-07-04,haldia,89.5,high,95.0,11,DEMO_DATA,True
2023-07-05,haldia,92.7,high,95.0,11,DEMO_DATA,True
2023-07-06,haldia,73.9,high,95.0,9,DEMO_DATA,True
2023-07-07,haldia,76.6,high,95.0,9,DEMO_DATA,True
2023-07-08,haldia,57.0,high,85.6,7,DEMO_DATA,True
2023-07-09,haldia,89.4,high,95.0,11,DEMO_DATA,True
2023-07-10,haldia,75.8,high,95.0,9,DEMO_DATA,True
2023-07-11,haldia,100.1,high,95.0,12,DEMO_DATA,True
2023-07-12,haldia,37.4,medium,69.9,4,DEMO_DATA,True
2023-07-13,haldia,36.8,medium,69.4,4,DEMO_DATA,True
2023-07-14,haldia,47.5,medium,78.0,5,DEMO_DATA,True
2023-07-15,haldia,68.7,high,95.0,8,DEMO_DATA,True
2023-07-16,haldia,111.2,high,95.0,13,DEMO_DATA,True
2023-07-17,haldia,71.8,high,95.0,8,DEMO_DATA,True
2023-07-18,haldia,74.8,high,95.0,9,DEMO_DATA,True
2023-07-19,haldia,98.6,high,95.0,12,DEMO_DATA,True
2023-07-20,haldia,70.1,high,95.0,8,DEMO_DATA,True
2023-07-21,haldia,79.7,high,95.0,9,DEMO_DATA,True
2023-07-22,haldia,83.4,high,95.0,10,DEMO_DATA,True
2023-07-23,haldia,62.2,high,89.8,7,DEMO_DATA,True
2023-07-24,haldia,91.2,high,95.0,11,DEMO_DATA,True
2023-07-25,haldia,100.1,high,95.0,12,DEMO_DATA,True
2023-07-26,haldia,81.1,high,95.0,10,DEMO_DATA,True
2023-07-27,haldia,62.3,high,89.8,7,DEMO_DATA,True
2023-07-28,haldia,70.8,high,95.0,8,DEMO_DATA,True
2023-07-29,haldia,36.4,medium,69.2,4,DEMO_DATA,True
2023-07-30,haldia,29.9,medium,63.9,3,DEMO_DATA,True
2023-07-31,haldia,40.8,medium,72.6,5,DEMO_DATA,True
2023-08-01,haldia,46.8,medium,77.4,5,DEMO_DATA,True
2023-08-02,haldia,40.2,medium,72.2,5,DEMO_DATA,True
2023-08-03,haldia,39.2,medium,71.3,4,DEMO_DATA,True
2023-08-04,haldia,37.3,medium,69.8,4,DEMO_DATA,True
2023-08-05,haldia,44.8,medium,75.9,5,DEMO_DATA,True
2023-08-06,haldia,72.2,high,95.0,9,DEMO_DATA,True
2023-08-07,haldia,88.1,high,95.0,11,DEMO_DATA,True
2023-08-08,haldia,74.1,high,95.0,9,DEMO_DATA,True
2023-08-09,haldia,78.0,high,95.0,9,DEMO_DATA,True
2023-08-10,haldia,91.3,high,95.0,11,DEMO_DATA,True
2023-08-11,haldia,68.8,high,95.0,8,DEMO_DATA,True
2023-08-12,haldia,71.3,high,95.0,8,DEMO_DATA,True
2023-08-13,haldia,94.6,high,95.0,11,DEMO_DATA,True
2023-08-14,haldia,136.1,high,95.0,17,DEMO_DATA,True
2023-08-15,haldia,48.7,high,78.9,6,DEMO_DATA,True
2023-08-16,haldia,46.0,medium,76.8,5,DEMO_DATA,True
2023-08-17,haldia,53.8,high,83.0,6,DEMO_DATA,True
2023-08-18,haldia,37.3,medium,69.9,4,DEMO_DATA,True
2023-08-19,haldia,27.1,medium,61.7,3,DEMO_DATA,True
2023-08-20,haldia,23.3,low,58.6,2,DEMO_DATA,True
2023-08-21,haldia,21.9,low,57.5,2,DEMO_DATA,True
2023-08-22,haldia,22.3,low,57.8,2,DEMO_DATA,True
2023-08-23,haldia,26.2,medium,61.0,3,DEMO_DATA,True
2023-08-24,haldia,32.4,medium,65.9,4,DEMO_DATA,True
2023-08-25,haldia,32.8,medium,66.2,4,DEMO_DATA,True
2023-08-26,haldia,41.5,medium,73.2,5,DEMO_DATA,True
2023-08-27,haldia,49.2,high,79.3,6,DEMO_DATA,True
2023-08-28,haldia,25.8,medium,60.7,3,DEMO_DATA,True
2023-08-29,haldia,35.5,medium,68.4,4,DEMO_DATA,True
2023-08-30,haldia,33.3,medium,66.6,4,DEMO_DATA,True
2023-08-31,haldia,32.6,medium,66.1,4,DEMO_DATA,True
2023-09-01,haldia,32.6,medium,66.1,4,DEMO_DATA,True
2023-09-02,haldia,25.1,medium,60.1,3,DEMO_DATA,True
2023-09-03,haldia,36.9,medium,69.5,4,DEMO_DATA,True
2023-09-04,haldia,36.4,medium,69.1,4,DEMO_DATA,True
2023-09-05,haldia,40.8,medium,72.6,5,DEMO_DATA,True
2023-09-06,haldia,41.8,medium,73.4,5,DEMO_DATA,True
2023-09-07,haldia,34.3,medium,67.5,4,DEMO_DATA,True
2023-09-08,haldia,30.0,medium,64.0,3,DEMO_DATA,True
2023-09-09,haldia,54.5,high,83.6,6,DEMO_DATA,True
2023-09-10,haldia,70.2,high,95.0,8,DEMO_DATA,True
2023-09-11,haldia,94.8,high,95.0,11,DEMO_DATA,True
2023-09-12,haldia,68.3,high,94.7,8,DEMO_DATA,True
2023-09-13,haldia,79.4,high,95.0,9,DEMO_DATA,True
2023-09-14,haldia,77.2,high,95.0,9,DEMO_DATA,True
2023-09-15,haldia,93.7,high,95.0,11,DEMO_DATA,True
2023-09-16,haldia,132.7,high,95.0,16,DEMO_DATA,True
2023-09-17,haldia,80.2,high,95.0,10,DEMO_DATA,True
2023-09-18,haldia,111.6,high,95.0,13,DEMO_DATA,True
2023-09-19,haldia,141.6,high,95.0,17,DEMO_DATA,True
2023-09-20,haldia,147.6,high,95.0,18,DEMO_DATA,True
2023-09-21,haldia,167.4,high,95.0,20,DEMO_DATA,True
2023-09-22,haldia,110.5,high,95.0,13,DEMO_DATA,True
2023-09-23,haldia,102.2,high,95.0,12,DEMO_DATA,True
2023-09-24,haldia,153.5,high,95.0,19,DEMO_DATA,True
2023-09-25,haldia,201.2,high,95.0,25,DEMO_DATA,True
2023-09-26,haldia,126.7,high,95.0,15,DEMO_DATA,True
2023-09-27,haldia,119.8,high,95.0,14,DEMO_DATA,True
2023-09-28,haldia,193.5,high,95.0,24,DEMO_DATA,True
2023-09-29,haldia,190.7,high,95.0,23,DEMO_DATA,True
2023-09-30,haldia,191.6,high,95.0,23,DEMO_DATA,True
2023-10-01,haldia,181.4,high,95.0,22,DEMO_DATA,True
2023-10-02,haldia,162.8,high,95.0,20,DEMO_DATA,True
2023-10-03,haldia,116.5,high,95.0,14,DEMO_DATA,True
2023-10-04,haldia,123.4,high,95.0,15,DEMO_DATA,True
2023-10-05,haldia,107.9,high,95.0,13,DEMO_DATA,True
2023-10-06,haldia,179.5,high,95.0,22,DEMO_DATA,True
2023-10-07,haldia,78.3,high,95.0,9,DEMO_DATA,True
2023-10-08,haldia,63.8,high,91.0,7,DEMO_DATA,True
2023-10-09,haldia,72.3,high,95.0,9,DEMO_DATA,True
2023-10-10,haldia,82.6,high,95.0,10,DEMO_DATA,True
2023-10-11,haldia,82.6,high,95.0,10,DEMO_DATA,True
2023-10-12,haldia,61.5,high,89.2,7,DEMO_DATA,True
2023-10-13,haldia,56.2,high,85.0,7,DEMO_DATA,True
2023-10-14,haldia,84.9,high,95.0,10,DEMO_DATA,True
2023-10-15,haldia,97.3,high,95.0,12,DEMO_DATA,True
2023-10-16,haldia,90.9,high,95.0,11,DEMO_DATA,True
2023-10-17,haldia,101.5,high,95.0,12,DEMO_DATA,True
2023-10-18,haldia,129.2,high,95.0,16,DEMO_DATA,True
2023-10-19,haldia,114.0,high,95.0,14,DEMO_DATA,True
2023-10-20,haldia,121.5,high,95.0,15,DEMO_DATA,True
2023-10-21,haldia,182.1,high,95.0,22,DEMO_DATA,True
2023-10-22,haldia,225.5,high,95.0,28,DEMO_DATA,True
2023-10-23,haldia,230.5,high,95.0,28,DEMO_DATA,True
2023-10-24,haldia,249.9,high,95.0,31,DEMO_DATA,True
2023-10-25,haldia,242.5,high,95.0,30,DEMO_DATA,True
2023-10-26,haldia,162.1,high,95.0,20,DEMO_DATA,True
2023-10-27,haldia,229.6,high,95.0,28,DEMO_DATA,True
2023-10-28,haldia,230.3,high,95.0,28,DEMO_DATA,True
2023-10-29,haldia,311.5,high,95.0,38,DEMO_DATA,True
2023-10-30,haldia,191.0,high,95.0,23,DEMO_DATA,True
2023-10-31,haldia,123.2,high,95.0,15,DEMO_DATA,True
2023-11-01,haldia,185.9,high,95.0,23,DEMO_DATA,True
2023-11-02,haldia,141.6,high,95.0,17,DEMO_DATA,True
2023-11-03,haldia,134.8,high,95.0,16,DEMO_DATA,True
2023-11-04,haldia,126.5,high,95.0,15,DEMO_DATA,True
2023-11-05,haldia,147.1,high,95.0,18,DEMO_DATA,True
2023-11-06,haldia,121.5,high,95.0,15,DEMO_DATA,True
2023-11-07,haldia,116.5,high,95.0,14,DEMO_DATA,True
2023-11-08,haldia,81.8,high,95.0,10,DEMO_DATA,True
2023-11-09,haldia,74.9,high,95.0,9,DEMO_DATA,True
2023-11-10,haldia,97.0,high,95.0,12,DEMO_DATA,True
2023-11-11,haldia,98.3,high,95.0,12,DEMO_DATA,True
2023-11-12,haldia,106.1,high,95.0,13,DEMO_DATA,True
2023-11-13,haldia,85.8,high,95.0,10,DEMO_DATA,True
2023-11-14,haldia,92.4,high,95.0,11,DEMO_DATA,True
2023-11-15,haldia,57.2,high,85.8,7,DEMO_DATA,True
2023-11-16,haldia,54.6,high,83.7,6,DEMO_DATA,True
2023-11-17,haldia,63.4,high,90.7,7,DEMO_DATA,True
2023-11-18,haldia,71.2,high,95.0,8,DEMO_DATA,True
2023-11-19,haldia,75.2,high,95.0,9,DEMO_DATA,True
2023-11-20,haldia,75.1,high,95.0,9,DEMO_DATA,True
2023-11-21,haldia,61.5,high,89.2,7,DEMO_DATA,True
2023-11-22,haldia,56.0,high,84.8,7,DEMO_DATA,True
2023-11-23,haldia,59.5,high,87.6,7,DEMO_DATA,True
2023-11-24,haldia,61.2,high,89.0,7,DEMO_DATA,True
2023-11-25,haldia,47.3,medium,77.8,5,DEMO_DATA,True
2023-11-26,haldia,73.8,high,95.0,9,DEMO_DATA,True
2023-11-27,haldia,59.7,high,87.7,7,DEMO_DATA,True
2023-11-28,haldia,80.9,high,95.0,10,DEMO_DATA,True
2023-11-29,haldia,83.0,high,95.0,10,DEMO_DATA,True
2023-11-30,haldia,53.1,high,82.5,6,DEMO_DATA,True
2023-12-01,haldia,53.2,high,82.6,6,DEMO_DATA,True
2023-12-02,haldia,38.7,medium,71.0,4,DEMO_DATA,True
2023-12-03,haldia,36.8,medium,69.5,4,DEMO_DATA,True
2023-12-04,haldia,32.8,medium,66.3,4,DEMO_DATA,True
2023-12-05,haldia,47.5,medium,78.0,5,DEMO_DATA,True
2023-12-06,haldia,56.2,high,85.0,7,DEMO_DATA,True
2023-12-07,haldia,66.9,high,93.5,8,DEMO_DATA,True
2023-12-08,haldia,103.4,high,95.0,12,DEMO_DATA,True
2023-12-09,haldia,118.1,high,95.0,14,DEMO_DATA,True
2023-12-10,haldia,74.9,high,95.0,9,DEMO_DATA,True
2023-12-11,haldia,47.5,medium,78.0,5,DEMO_DATA,True
2023-12-12,haldia,47.9,medium,78.4,5,DEMO_DATA,True
2023-12-13,haldia,56.1,high,84.9,7,DEMO_DATA,True
2023-12-14,haldia,93.4,high,95.0,11,DEMO_DATA,True
2023-12-15,haldia,85.4,high,95.0,10,DEMO_DATA,True
2023-12-16,haldia,124.7,high,95.0,15,DEMO_DATA,True
2023-12-17,haldia,102.6,high,95.0,12,DEMO_DATA,True
2023-12-18,haldia,83.6,high,95.0,10,DEMO_DATA,True
2023-12-19,haldia,35.9,medium,68.7,4,DEMO_DATA,True
2023-12-20,haldia,34.1,medium,67.3,4,DEMO_DATA,True
2023-12-21,haldia,27.8,medium,62.2,3,DEMO_DATA,True
2023-12-22,haldia,20.7,low,56.5,2,DEMO_DATA,True
2023-12-23,haldia,18.0,low,54.4,2,DEMO_DATA,True
2023-12-24,haldia,18.0,low,54.4,2,DEMO_DATA,True
2023-12-25,haldia,19.6,low,55.7,2,DEMO_DATA,True
2023-12-26,haldia,21.8,low,57.5,2,DEMO_DATA,True
2023-12-27,haldia,22.4,low,58.0,2,DEMO_DATA,True
2023-12-28,haldia,26.1,medium,60.9,3,DEMO_DATA,True
2023-12-29,haldia,21.1,low,56.9,2,DEMO_DATA,True
2023-12-30,haldia,21.6,low,57.2,2,DEMO_DATA,True
2023-12-31,haldia,20.6,low,56.5,2,DEMO_DATA,True
2024-01-01,haldia,24.2,medium,59.4,3,DEMO_DATA,True
2024-01-02,haldia,18.0,low,54.4,2,DEMO_DATA,True
2024-01-03,haldia,22.3,low,57.8,2,DEMO_DATA,True
2024-01-04,haldia,18.0,low,54.4,2,DEMO_DATA,True
2024-01-05,haldia,19.9,low,55.9,2,DEMO_DATA,True
2024-01-06,haldia,21.9,low,57.6,2,DEMO_DATA,True
2024-01-07,haldia,24.6,medium,59.7,3,DEMO_DATA,True
2024-01-08,haldia,25.3,medium,60.2,3,DEMO_DATA,True
2024-01-09,haldia,28.8,medium,63.0,3,DEMO_DATA,True
2024-01-10,haldia,35.5,medium,68.4,4,DEMO_DATA,True
2024-01-11,haldia,37.1,medium,69.7,4,DEMO_DATA,True
2024-01-12,haldia,20.4,low,56.3,2,DEMO_DATA,True
2024-01-13,haldia,18.4,low,54.8,2,DEMO_DATA,True
2024-01-14,haldia,24.6,medium,59.7,3,DEMO_DATA,True
2024-01-15,haldia,23.1,low,58.5,2,DEMO_DATA,True
2024-01-16,haldia,26.0,medium,60.8,3,DEMO_DATA,True
2024-01-17,haldia,27.2,medium,61.7,3,DEMO_DATA,True
2024-01-18,haldia,22.1,low,57.7,2,DEMO_DATA,True
2024-01-19,haldia,34.2,medium,67.3,4,DEMO_DATA,True
2024-01-20,haldia,34.2,medium,67.3,4,DEMO_DATA,True
2024-01-21,haldia,30.2,medium,64.2,3,DEMO_DATA,True
2024-01-22,haldia,28.6,medium,62.8,3,DEMO_DATA,True
2024-01-23,haldia,38.1,medium,70.5,4,DEMO_DATA,True
2024-01-24,haldia,40.7,medium,72.5,5,DEMO_DATA,True
2024-01-25,haldia,44.2,medium,75.4,5,DEMO_DATA,True
2024-01-26,haldia,40.4,medium,72.3,5,DEMO_DATA,True
2024-01-27,haldia,28.8,medium,63.1,3,DEMO_DATA,True
2024-01-28,haldia,18.0,low,54.4,2,DEMO_DATA,True
2024-01-29,haldia,20.6,low,56.5,2,DEMO_DATA,True
2024-01-30,haldia,30.8,medium,64.6,3,DEMO_DATA,True
2024-01-31,haldia,18.0,low,54.4,2,DEMO_DATA,True
2024-02-01,haldia,18.0,low,54.4,2,DEMO_DATA,True
2024-02-02,haldia,30.0,medium,64.0,3,DEMO_DATA,True
2024-02-03,haldia,27.2,medium,61.8,3,DEMO_DATA,True
2024-02-04,haldia,23.5,low,58.8,2,DEMO_DATA,True
2024-02-05,haldia,34.7,medium,67.8,4,DEMO_DATA,True
2024-02-06,haldia,48.2,high,78.6,6,DEMO_DATA,True
2024-02-07,haldia,48.1,high,78.5,6,DEMO_DATA,True
2024-02-08,haldia,34.4,medium,67.5,4,DEMO_DATA,True
2024-02-09,haldia,41.1,medium,72.9,5,DEMO_DATA,True
2024-02-10,haldia,35.6,medium,68.5,4,DEMO_DATA,True
2024-02-11,haldia,40.2,medium,72.2,5,DEMO_DATA,True
2024-02-12,haldia,21.1,low,56.9,2,DEMO_DATA,True
2024-02-13,haldia,23.7,low,59.0,2,DEMO_DATA,True
2024-02-14,haldia,18.0,low,54.4,2,DEMO_DATA,True
2024-02-15,haldia,23.6,low,58.9,2,DEMO_DATA,True
2024-02-16,haldia,18.7,low,54.9,2,DEMO_DATA,True
2024-02-17,haldia,27.4,medium,61.9,3,DEMO_DATA,True
2024-02-18,haldia,26.1,medium,60.9,3,DEMO_DATA,True
2024-02-19,haldia,29.1,medium,63.3,3,DEMO_DATA,True
2024-02-20,haldia,30.9,medium,64.7,3,DEMO_DATA,True
2024-02-21,haldia,36.5,medium,69.2,4,DEMO_DATA,True
2024-02-22,haldia,52.2,high,81.7,6,DEMO_DATA,True
2024-02-23,haldia,51.4,high,81.1,6,DEMO_DATA,True
2024-02-24,haldia,36.0,medium,68.8,4,DEMO_DATA,True
2024-02-25,haldia,29.4,medium,63.5,3,DEMO_DATA,True
2024-02-26,haldia,22.6,low,58.1,2,DEMO_DATA,True
2024-02-27,haldia,29.9,medium,63.9,3,DEMO_DATA,True
2024-02-28,haldia,35.0,medium,68.0,4,DEMO_DATA,True
2024-02-29,haldia,27.6,medium,62.1,3,DEMO_DATA,True
2024-03-01,haldia,28.1,medium,62.5,3,DEMO_DATA,True
2024-03-02,haldia,29.6,medium,63.7,3,DEMO_DATA,True
2024-03-03,haldia,31.3,medium,65.0,3,DEMO_DATA,True
2024-03-04,haldia,34.9,medium,68.0,4,DEMO_DATA,True
2024-03-05,haldia,28.1,medium,62.5,3,DEMO_DATA,True
2024-03-06,haldia,33.7,medium,66.9,4,DEMO_DATA,True
2024-03-07,haldia,22.3,low,57.8,2,DEMO_DATA,True
2024-03-08,haldia,18.0,low,54.4,2,DEMO_DATA,True
2024-03-09,haldia,22.5,low,58.0,2,DEMO_DATA,True
2024-03-10,haldia,37.3,medium,69.9,4,DEMO_DATA,True
2024-03-11,haldia,34.2,medium,67.4,4,DEMO_DATA,True
2024-03-12,haldia,53.3,high,82.6,6,DEMO_DATA,True
2024-03-13,haldia,72.4,high,95.0,9,DEMO_DATA,True
2024-03-14,haldia,65.2,high,92.2,8,DEMO_DATA,True
2024-03-15,haldia,62.6,high,90.1,7,DEMO_DATA,True
2024-03-16,haldia,76.2,high,95.0,9,DEMO_DATA,True
2024-03-17,haldia,101.0,high,95.0,12,DEMO_DATA,True
2024-03-18,haldia,87.8,high,95.0,10,DEMO_DATA,True
2024-03-19,haldia,132.7,high,95.0,16,DEMO_DATA,True
2024-03-20,haldia,99.8,high,95.0,12,DEMO_DATA,True
2024-03-21,haldia,84.3,high,95.0,10,DEMO_DATA,True
2024-03-22,haldia,73.7,high,95.0,9,DEMO_DATA,True
2024-03-23,haldia,105.8,high,95.0,13,DEMO_DATA,True
2024-03-24,haldia,116.9,high,95.0,14,DEMO_DATA,True
2024-03-25,haldia,152.5,high,95.0,19,DEMO_DATA,True
2024-03-26,haldia,125.2,high,95.0,15,DEMO_DATA,True
2024-03-27,haldia,177.0,high,95.0,22,DEMO_DATA,True
2024-03-28,haldia,152.8,high,95.0,19,DEMO_DATA,True
2024-03-29,haldia,79.7,high,95.0,9,DEMO_DATA,True
2024-03-30,haldia,77.8,high,95.0,9,DEMO_DATA,True
2024-03-31,haldia,83.5,high,95.0,10,DEMO_DATA,True
2024-04-01,haldia,105.9,high,95.0,13,DEMO_DATA,True
2024-04-02,haldia,116.4,high,95.0,14,DEMO_DATA,True
2024-04-03,haldia,88.6,high,95.0,11,DEMO_DATA,True
2024-04-04,haldia,96.8,high,95.0,12,DEMO_DATA,True
2024-04-05,haldia,113.9,high,95.0,14,DEMO_DATA,True
2024-04-06,haldia,98.9,high,95.0,12,DEMO_DATA,True
2024-04-07,haldia,93.3,high,95.0,11,DEMO_DATA,True
2024-04-08,haldia,74.9,high,95.0,9,DEMO_DATA,True
2024-04-09,haldia,107.0,high,95.0,13,DEMO_DATA,True
2024-04-10,haldia,171.1,high,95.0,21,DEMO_DATA,True
2024-04-11,haldia,209.7,high,95.0,26,DEMO_DATA,True
2024-04-12,haldia,172.3,high,95.0,21,DEMO_DATA,True
2024-04-13,haldia,129.6,high,95.0,16,DEMO_DATA,True
2024-04-14,haldia,100.7,high,95.0,12,DEMO_DATA,True
2024-04-15,haldia,67.0,high,93.6,8,DEMO_DATA,True
2024-04-16,haldia,53.4,high,82.7,6,DEMO_DATA,True
2024-04-17,haldia,53.1,high,82.5,6,DEMO_DATA,True
2024-04-18,haldia,53.0,high,82.4,6,DEMO_DATA,True
2024-04-19,haldia,54.9,high,83.9,6,DEMO_DATA,True
2024-04-20,haldia,51.4,high,81.1,6,DEMO_DATA,True
2024-04-21,haldia,45.6,medium,76.5,5,DEMO_DATA,True
2024-04-22,haldia,37.8,medium,70.2,4,DEMO_DATA,True
2024-04-23,haldia,47.9,medium,78.3,5,DEMO_DATA,True
2024-04-24,haldia,33.6,medium,66.9,4,DEMO_DATA,True
2024-04-25,haldia,46.5,medium,77.2,5,DEMO_DATA,True
2024-04-26,haldia,65.0,high,92.0,8,DEMO_DATA,True
2024-04-27,haldia,67.0,high,93.6,8,DEMO_DATA,True
2024-04-28,haldia,63.1,high,90.5,7,DEMO_DATA,True
2024-04-29,haldia,69.3,high,95.0,8,DEMO_DATA,True
2024-04-30,haldia,43.1,medium,74.5,5,DEMO_DATA,True
2024-05-01,haldia,35.3,medium,68.2,4,DEMO_DATA,True
2024-05-02,haldia,27.2,medium,61.8,3,DEMO_DATA,True
2024-05-03,haldia,26.6,medium,61.3,3,DEMO_DATA,True
2024-05-04,haldia,31.3,medium,65.0,3,DEMO_DATA,True
2024-05-05,haldia,24.5,medium,59.6,3,DEMO_DATA,True
2024-05-06,haldia,29.2,medium,63.3,3,DEMO_DATA,True
2024-05-07,haldia,36.4,medium,69.1,4,DEMO_DATA,True
2024-05-08,haldia,39.6,medium,71.7,4,DEMO_DATA,True
2024-05-09,haldia,35.8,medium,68.6,4,DEMO_DATA,True
2024-05-10,haldia,34.8,medium,67.9,4,DEMO_DATA,True
2024-05-11,haldia,18.1,low,54.5,2,DEMO_DATA,True
2024-05-12,haldia,24.4,medium,59.5,3,DEMO_DATA,True
2024-05-13,haldia,23.2,low,58.5,2,DEMO_DATA,True
2024-05-14,haldia,27.9,medium,62.3,3,DEMO_DATA,True
2024-05-15,haldia,27.7,medium,62.2,3,DEMO_DATA,True
2024-05-16,haldia,20.1,low,56.1,2,DEMO_DATA,True
2024-05-17,haldia,22.7,low,58.1,2,DEMO_DATA,True
2024-05-18,haldia,21.8,low,57.5,2,DEMO_DATA,True
2024-05-19,haldia,30.4,medium,64.3,3,DEMO_DATA,True
2024-05-20,haldia,31.3,medium,65.1,3,DEMO_DATA,True
2024-05-21,haldia,29.6,medium,63.6,3,DEMO_DATA,True
2024-05-22,haldia,44.7,medium,75.8,5,DEMO_DATA,True
2024-05-23,haldia,60.7,high,88.6,7,DEMO_DATA,True
2024-05-24,haldia,93.0,high,95.0,11,DEMO_DATA,True
2024-05-25,haldia,97.3,high,95.0,12,DEMO_DATA,True
2024-05-26,haldia,175.9,high,95.0,21,DEMO_DATA,True
2024-05-27,haldia,197.5,high,95.0,24,DEMO_DATA,True
2024-05-28,haldia,204.6,high,95.0,25,DEMO_DATA,True
2024-05-29,haldia,152.4,high,95.0,19,DEMO_DATA,True
2024-05-30,haldia,166.3,high,95.0,20,DEMO_DATA,True
2024-05-31,haldia,153.5,high,95.0,19,DEMO_DATA,True
2024-06-01,haldia,125.8,high,95.0,15,DEMO_DATA,True
2024-06-02,haldia,100.5,high,95.0,12,DEMO_DATA,True
2024-06-03,haldia,105.2,high,95.0,13,DEMO_DATA,True
2024-06-04,haldia,106.9,high,95.0,13,DEMO_DATA,True
2024-06-05,haldia,128.9,high,95.0,16,DEMO_DATA,True
2024-06-06,haldia,126.6,high,95.0,15,DEMO_DATA,True
2024-06-07,haldia,106.7,high,95.0,13,DEMO_DATA,True
2024-06-08,haldia,105.0,high,95.0,13,DEMO_DATA,True
2024-06-09,haldia,134.9,high,95.0,16,DEMO_DATA,True
2024-06-10,haldia,122.8,high,95.0,15,DEMO_DATA,True
2024-06-11,haldia,113.2,high,95.0,14,DEMO_DATA,True
2024-06-12,haldia,110.2,high,95.0,13,DEMO_DATA,True
2024-06-13,haldia,56.9,high,85.5,7,DEMO_DATA,True
2024-06-14,haldia,49.7,high,79.8,6,DEMO_DATA,True
2024-06-15,haldia,21.8,low,57.5,2,DEMO_DATA,True
2024-06-16,haldia,21.3,low,57.0,2,DEMO_DATA,True
2024-06-17,haldia,23.9,low,59.1,2,DEMO_DATA,True
2024-06-18,haldia,26.2,medium,60.9,3,DEMO_DATA,True
2024-06-19,haldia,24.6,medium,59.7,3,DEMO_DATA,True
2024-06-20,haldia,35.5,medium,68.4,4,DEMO_DATA,True
2024-06-21,haldia,36.6,medium,69.3,4,DEMO_DATA,True
2024-06-22,haldia,50.6,high,80.5,6,DEMO_DATA,True
2024-06-23,haldia,37.2,medium,69.8,4,DEMO_DATA,True
2024-06-24,haldia,42.3,medium,73.8,5,DEMO_DATA,True
2024-06-25,haldia,19.6,low,55.7,2,DEMO_DATA,True
2024-06-26,haldia,24.8,medium,59.8,3,DEMO_DATA,True
2024-06-27,haldia,26.8,medium,61.5,3,DEMO_DATA,True
2024-06-28,haldia,30.4,medium,64.3,3,DEMO_DATA,True
2024-06-29,haldia,35.2,medium,68.1,4,DEMO_DATA,True
2024-06-30,haldia,59.6,high,87.7,7,DEMO_DATA,True
2024-07-01,haldia,66.9,high,93.5,8,DEMO_DATA,True
2024-07-02,haldia,65.6,high,92.5,8,DEMO_DATA,True
2024-07-03,haldia,61.0,high,88.8,7,DEMO_DATA,True
2024-07-04,haldia,55.6,high,84.5,6,DEMO_DATA,True
2024-07-05,haldia,21.3,low,57.1,2,DEMO_DATA,True
2024-07-06,haldia,31.2,medium,64.9,3,DEMO_DATA,True
2024-07-07,haldia,22.4,low,57.9,2,DEMO_DATA,True
2024-07-08,haldia,26.6,medium,61.3,3,DEMO_DATA,True
2024-07-09,haldia,26.5,medium,61.2,3,DEMO_DATA,True
2024-07-10,haldia,24.0,medium,59.2,3,DEMO_DATA,True
2024-07-11,haldia,29.1,medium,63.3,3,DEMO_DATA,True
2024-07-12,haldia,42.1,medium,73.7,5,DEMO_DATA,True
2024-07-13,haldia,24.4,medium,59.5,3,DEMO_DATA,True
2024-07-14,haldia,23.3,low,58.6,2,DEMO_DATA,True
2024-07-15,haldia,21.6,low,57.2,2,DEMO_DATA,True
2024-07-16,haldia,23.4,low,58.7,2,DEMO_DATA,True
2024-07-17,haldia,35.3,medium,68.3,4,DEMO_DATA,True
2024-07-18,haldia,37.5,medium,70.0,4,DEMO_DATA,True
2024-07-19,haldia,33.7,medium,66.9,4,DEMO_DATA,True
2024-07-20,haldia,38.7,medium,71.0,4,DEMO_DATA,True
2024-07-21,haldia,24.5,medium,59.6,3,DEMO_DATA,True
2024-07-22,haldia,23.6,low,58.9,2,DEMO_DATA,True
2024-07-23,haldia,32.9,medium,66.3,4,DEMO_DATA,True
2024-07-24,haldia,42.9,medium,74.3,5,DEMO_DATA,True
2024-07-25,haldia,34.7,medium,67.7,4,DEMO_DATA,True
2024-07-26,haldia,40.5,medium,72.4,5,DEMO_DATA,True
2024-07-27,haldia,41.2,medium,72.9,5,DEMO_DATA,True
2024-07-28,haldia,40.2,medium,72.1,5,DEMO_DATA,True
2024-07-29,haldia,52.6,high,82.1,6,DEMO_DATA,True
2024-07-30,haldia,50.4,high,80.4,6,DEMO_DATA,True
2024-07-31,haldia,68.3,high,94.7,8,DEMO_DATA,True
2024-08-01,haldia,49.3,high,79.4,6,DEMO_DATA,True
2024-08-02,haldia,60.1,high,88.0,7,DEMO_DATA,True
2024-08-03,haldia,35.8,medium,68.6,4,DEMO_DATA,True
2024-08-04,haldia,47.9,medium,78.4,5,DEMO_DATA,True
2024-08-05,haldia,53.5,high,82.8,6,DEMO_DATA,True
2024-08-06,haldia,42.0,medium,73.6,5,DEMO_DATA,True
2024-08-07,haldia,42.3,medium,73.8,5,DEMO_DATA,True
2024-08-08,haldia,28.3,medium,62.6,3,DEMO_DATA,True
2024-08-09,haldia,32.8,medium,66.2,4,DEMO_DATA,True
2024-08-10,haldia,36.6,medium,69.3,4,DEMO_DATA,True
2024-08-11,haldia,35.6,medium,68.5,4,DEMO_DATA,True
2024-08-12,haldia,33.6,medium,66.9,4,DEMO_DATA,True
2024-08-13,haldia,35.5,medium,68.4,4,DEMO_DATA,True
2024-08-14,haldia,48.1,high,78.5,6,DEMO_DATA,True
2024-08-15,haldia,53.9,high,83.1,6,DEMO_DATA,True
2024-08-16,haldia,71.7,high,95.0,8,DEMO_DATA,True
2024-08-17,haldia,50.1,high,80.1,6,DEMO_DATA,True
2024-08-18,haldia,26.5,medium,61.2,3,DEMO_DATA,True
2024-08-19,haldia,30.1,medium,64.1,3,DEMO_DATA,True
2024-08-20,haldia,35.6,medium,68.5,4,DEMO_DATA,True
2024-08-21,haldia,30.3,medium,64.2,3,DEMO_DATA,True
2024-08-22,haldia,35.8,medium,68.6,4,DEMO_DATA,True
2024-08-23,haldia,42.2,medium,73.7,5,DEMO_DATA,True
2024-08-24,haldia,38.3,medium,70.6,4,DEMO_DATA,True
2024-08-25,haldia,25.4,medium,60.3,3,DEMO_DATA,True
2024-08-26,haldia,42.6,medium,74.1,5,DEMO_DATA,True
2024-08-27,haldia,55.4,high,84.3,6,DEMO_DATA,True
2024-08-28,haldia,46.8,medium,77.4,5,DEMO_DATA,True
2024-08-29,haldia,32.7,medium,66.1,4,DEMO_DATA,True
2024-08-30,haldia,27.4,medium,61.9,3,DEMO_DATA,True
2024-08-31,haldia,51.1,high,80.9,6,DEMO_DATA,True
2024-09-01,haldia,60.3,high,88.2,7,DEMO_DATA,True
2024-09-02,haldia,82.5,high,95.0,10,DEMO_DATA,True
2024-09-03,haldia,151.9,high,95.0,18,DEMO_DATA,True
2024-09-04,haldia,127.5,high,95.0,15,DEMO_DATA,True
2024-09-05,haldia,105.5,high,95.0,13,DEMO_DATA,True
2024-09-06,haldia,200.5,high,95.0,25,DEMO_DATA,True
2024-09-07,haldia,124.2,high,95.0,15,DEMO_DATA,True
2024-09-08,haldia,136.6,high,95.0,17,DEMO_DATA,True
2024-09-09,haldia,173.0,high,95.0,21,DEMO_DATA,True
2024-09-10,haldia,155.4,high,95.0,19,DEMO_DATA,True
2024-09-11,haldia,106.8,high,95.0,13,DEMO_DATA,True
2024-09-12,haldia,92.7,high,95.0,11,DEMO_DATA,True
2024-09-13,haldia,83.7,high,95.0,10,DEMO_DATA,True
2024-09-14,haldia,129.2,high,95.0,16,DEMO_DATA,True
2024-09-15,haldia,86.8,high,95.0,10,DEMO_DATA,True
2024-09-16,haldia,36.4,medium,69.1,4,DEMO_DATA,True
2024-09-17,haldia,51.4,high,81.1,6,DEMO_DATA,True
2024-09-18,haldia,40.0,medium,72.0,5,DEMO_DATA,True
2024-09-19,haldia,40.9,medium,72.7,5,DEMO_DATA,True
2024-09-20,haldia,54.2,high,83.4,6,DEMO_DATA,True
2024-09-21,haldia,78.3,high,95.0,9,DEMO_DATA,True
2024-09-22,haldia,65.1,high,92.1,8,DEMO_DATA,True
2024-09-23,haldia,99.7,high,95.0,12,DEMO_DATA,True
2024-09-24,haldia,134.9,high,95.0,16,DEMO_DATA,True
2024-09-25,haldia,136.9,high,95.0,17,DEMO_DATA,True
2024-09-26,haldia,115.5,high,95.0,14,DEMO_DATA,True
2024-09-27,haldia,142.9,high,95.0,17,DEMO_DATA,True
2024-09-28,haldia,121.0,high,95.0,15,DEMO_DATA,True
2024-09-29,haldia,105.2,high,95.0,13,DEMO_DATA,True
2024-09-30,haldia,98.7,high,95.0,12,DEMO_DATA,True
2024-10-01,haldia,112.1,high,95.0,14,DEMO_DATA,True
2024-10-02,haldia,158.3,high,95.0,19,DEMO_DATA,True
2024-10-03,haldia,172.1,high,95.0,21,DEMO_DATA,True
2024-10-04,haldia,252.9,high,95.0,31,DEMO_DATA,True
2024-10-05,haldia,235.5,high,95.0,29,DEMO_DATA,True
2024-10-06,haldia,352.0,high,95.0,43,DEMO_DATA,True
2024-10-07,haldia,428.6,high,95.0,53,DEMO_DATA,True
2024-10-08,haldia,466.0,high,95.0,58,DEMO_DATA,True
2024-10-09,haldia,597.2,high,95.0,74,DEMO_DATA,True
2024-10-10,haldia,684.7,high,95.0,85,DEMO_DATA,True
2024-10-11,haldia,562.0,high,95.0,70,DEMO_DATA,True
2024-10-12,haldia,533.0,high,95.0,66,DEMO_DATA,True
2024-10-13,haldia,514.3,high,95.0,64,DEMO_DATA,True
2024-10-14,haldia,541.9,high,95.0,67,DEMO_DATA,True
2024-10-15,haldia,373.4,high,95.0,46,DEMO_DATA,True
2024-10-16,haldia,354.3,high,95.0,44,DEMO_DATA,True
2024-10-17,haldia,384.3,high,95.0,48,DEMO_DATA,True
2024-10-18,haldia,533.5,high,95.0,66,DEMO_DATA,True
2024-10-19,haldia,767.8,high,95.0,95,DEMO_DATA,True
2024-10-20,haldia,549.6,high,95.0,68,DEMO_DATA,True
2024-10-21,haldia,420.6,high,95.0,52,DEMO_DATA,True
2024-10-22,haldia,380.6,high,95.0,47,DEMO_DATA,True
2024-10-23,haldia,397.6,high,95.0,49,DEMO_DATA,True
2024-10-24,haldia,246.6,high,95.0,30,DEMO_DATA,True
2024-10-25,haldia,277.4,high,95.0,34,DEMO_DATA,True
2024-10-26,haldia,354.9,high,95.0,44,DEMO_DATA,True
2024-10-27,haldia,358.4,high,95.0,44,DEMO_DATA,True
2024-10-28,haldia,324.6,high,95.0,40,DEMO_DATA,True
2024-10-29,haldia,267.8,high,95.0,33,DEMO_DATA,True
2024-10-30,haldia,264.6,high,95.0,33,DEMO_DATA,True
2024-10-31,haldia,167.8,high,95.0,20,DEMO_DATA,True
2024-11-01,haldia,195.7,high,95.0,24,DEMO_DATA,True
2024-11-02,haldia,173.7,high,95.0,21,DEMO_DATA,True
2024-11-03,haldia,134.0,high,95.0,16,DEMO_DATA,True
2024-11-04,haldia,104.2,high,95.0,13,DEMO_DATA,True
2024-11-05,haldia,64.1,high,91.3,8,DEMO_DATA,True
2024-11-06,haldia,53.4,high,82.8,6,DEMO_DATA,True
2024-11-07,haldia,48.7,high,78.9,6,DEMO_DATA,True
2024-11-08,haldia,19.3,low,55.4,2,DEMO_DATA,True
2024-11-09,haldia,24.6,medium,59.6,3,DEMO_DATA,True
2024-11-10,haldia,20.1,low,56.0,2,DEMO_DATA,True
2024-11-11,haldia,19.7,low,55.8,2,DEMO_DATA,True
2024-11-12,haldia,31.5,medium,65.2,3,DEMO_DATA,True
2024-11-13,haldia,34.6,medium,67.7,4,DEMO_DATA,True
2024-11-14,haldia,23.8,low,59.0,2,DEMO_DATA,True
2024-11-15,haldia,18.0,low,54.4,2,DEMO_DATA,True
2024-11-16,haldia,19.9,low,55.9,2,DEMO_DATA,True
2024-11-17,haldia,18.0,low,54.4,2,DEMO_DATA,True
2024-11-18,haldia,18.4,low,54.7,2,DEMO_DATA,True
2024-11-19,haldia,30.3,medium,64.2,3,DEMO_DATA,True
2024-11-20,haldia,24.9,medium,59.9,3,DEMO_DATA,True
2024-11-21,haldia,19.1,low,55.3,2,DEMO_DATA,True
2024-11-22,haldia,37.2,medium,69.7,4,DEMO_DATA,True
2024-11-23,haldia,26.8,medium,61.4,3,DEMO_DATA,True
2024-11-24,haldia,42.9,medium,74.3,5,DEMO_DATA,True
2024-11-25,haldia,68.5,high,94.8,8,DEMO_DATA,True
2024-11-26,haldia,84.7,high,95.0,10,DEMO_DATA,True
2024-11-27,haldia,81.1,high,95.0,10,DEMO_DATA,True
2024-11-28,haldia,62.2,high,89.7,7,DEMO_DATA,True
2024-11-29,haldia,97.7,high,95.0,12,DEMO_DATA,True
2024-11-30,haldia,90.7,high,95.0,11,DEMO_DATA,True
2024-12-01,haldia,110.4,high,95.0,13,DEMO_DATA,True
2024-12-02,haldia,157.9,high,95.0,19,DEMO_DATA,True
2024-12-03,haldia,181.0,high,95.0,22,DEMO_DATA,True
2024-12-04,haldia,141.0,high,95.0,17,DEMO_DATA,True
2024-12-05,haldia,183.6,high,95.0,22,DEMO_DATA,True
2024-12-06,haldia,187.2,high,95.0,23,DEMO_DATA,True
2024-12-07,haldia,108.1,high,95.0,13,DEMO_DATA,True
2024-12-08,haldia,82.7,high,95.0,10,DEMO_DATA,True
2024-12-09,haldia,61.0,high,88.8,7,DEMO_DATA,True
2024-12-10,haldia,55.0,high,84.0,6,DEMO_DATA,True
2024-12-11,haldia,43.0,medium,74.4,5,DEMO_DATA,True
2024-12-12,haldia,33.0,medium,66.4,4,DEMO_DATA,True
2024-12-13,haldia,32.1,medium,65.7,4,DEMO_DATA,True
2024-12-14,haldia,37.1,medium,69.7,4,DEMO_DATA,True
2024-12-15,haldia,52.1,high,81.7,6,DEMO_DATA,True
2024-12-16,haldia,53.1,high,82.5,6,DEMO_DATA,True
2024-12-17,haldia,42.0,medium,73.6,5,DEMO_DATA,True
2024-12-18,haldia,44.0,medium,75.2,5,DEMO_DATA,True
2024-12-19,haldia,43.6,medium,74.9,5,DEMO_DATA,True
2024-12-20,haldia,28.6,medium,62.9,3,DEMO_DATA,True
2024-12-21,haldia,37.9,medium,70.3,4,DEMO_DATA,True
2024-12-22,haldia,45.5,medium,76.4,5,DEMO_DATA,True
2024-12-23,haldia,42.5,medium,74.0,5,DEMO_DATA,True
2024-12-24,haldia,32.1,medium,65.7,4,DEMO_DATA,True
2024-12-25,haldia,34.9,medium,67.9,4,DEMO_DATA,True
2024-12-26,haldia,32.6,medium,66.1,4,DEMO_DATA,True
2024-12-27,haldia,37.6,medium,70.1,4,DEMO_DATA,True
2024-12-28,haldia,33.2,medium,66.6,4,DEMO_DATA,True
2024-12-29,haldia,45.5,medium,76.4,5,DEMO_DATA,True
2024-12-30,haldia,53.8,high,83.0,6,DEMO_DATA,True
2024-12-31,haldia,55.0,high,84.0,6,DEMO_DATA,True
2025-01-01,haldia,56.2,high,85.0,7,DEMO_DATA,True
2025-01-02,haldia,78.2,high,95.0,9,DEMO_DATA,True
2025-01-03,haldia,69.0,high,95.0,8,DEMO_DATA,True
2025-01-04,haldia,78.8,high,95.0,9,DEMO_DATA,True
2025-01-05,haldia,37.5,medium,70.0,4,DEMO_DATA,True
2025-01-06,haldia,38.6,medium,70.9,4,DEMO_DATA,True
2025-01-07,haldia,42.4,medium,73.9,5,DEMO_DATA,True
2025-01-08,haldia,48.4,high,78.7,6,DEMO_DATA,True
2025-01-09,haldia,32.3,medium,65.8,4,DEMO_DATA,True
2025-01-10,haldia,41.1,medium,72.9,5,DEMO_DATA,True
2025-01-11,haldia,43.5,medium,74.8,5,DEMO_DATA,True
2025-01-12,haldia,21.1,low,56.9,2,DEMO_DATA,True
2025-01-13,haldia,26.3,medium,61.0,3,DEMO_DATA,True
2025-01-14,haldia,23.4,low,58.7,2,DEMO_DATA,True
2025-01-15,haldia,33.0,medium,66.4,4,DEMO_DATA,True
2025-01-16,haldia,27.1,medium,61.7,3,DEMO_DATA,True
2025-01-17,haldia,27.4,medium,61.9,3,DEMO_DATA,True
2025-01-18,haldia,24.3,medium,59.5,3,DEMO_DATA,True
2025-01-19,haldia,18.0,low,54.4,2,DEMO_DATA,True
2025-01-20,haldia,22.0,low,57.6,2,DEMO_DATA,True
2025-01-21,haldia,18.0,low,54.4,2,DEMO_DATA,True
2025-01-22,haldia,18.0,low,54.4,2,DEMO_DATA,True
2025-01-23,haldia,27.3,medium,61.9,3,DEMO_DATA,True
2025-01-24,haldia,34.8,medium,67.8,4,DEMO_DATA,True
2025-01-25,haldia,37.7,medium,70.2,4,DEMO_DATA,True
2025-01-26,haldia,37.8,medium,70.2,4,DEMO_DATA,True
2025-01-27,haldia,38.2,medium,70.6,4,DEMO_DATA,True
2025-01-28,haldia,66.9,high,93.5,8,DEMO_DATA,True
2025-01-29,haldia,18.0,low,54.4,2,DEMO_DATA,True
2025-01-30,haldia,19.7,low,55.8,2,DEMO_DATA,True
2025-01-31,haldia,22.3,low,57.8,2,DEMO_DATA,True
2025-02-01,haldia,22.5,low,58.0,2,DEMO_DATA,True
2025-02-02,haldia,18.2,low,54.6,2,DEMO_DATA,True
2025-02-03,haldia,23.4,low,58.7,2,DEMO_DATA,True
2025-02-04,haldia,31.3,medium,65.0,3,DEMO_DATA,True
2025-02-05,haldia,27.6,medium,62.1,3,DEMO_DATA,True
2025-02-06,haldia,33.4,medium,66.7,4,DEMO_DATA,True
2025-02-07,haldia,32.5,medium,66.0,4,DEMO_DATA,True
2025-02-08,haldia,42.8,medium,74.2,5,DEMO_DATA,True
2025-02-09,haldia,44.1,medium,75.2,5,DEMO_DATA,True
2025-02-10,haldia,38.0,medium,70.4,4,DEMO_DATA,True
2025-02-11,haldia,30.1,medium,64.1,3,DEMO_DATA,True
2025-02-12,haldia,28.0,medium,62.4,3,DEMO_DATA,True
2025-02-13,haldia,47.2,medium,77.8,5,DEMO_DATA,True
2025-02-14,haldia,71.1,high,95.0,8,DEMO_DATA,True
2025-02-15,haldia,69.3,high,95.0,8,DEMO_DATA,True
2025-02-16,haldia,45.7,medium,76.6,5,DEMO_DATA,True
2025-02-17,haldia,35.4,medium,68.3,4,DEMO_DATA,True
2025-02-18,haldia,37.9,medium,70.3,4,DEMO_DATA,True
2025-02-19,haldia,61.9,high,89.5,7,DEMO_DATA,True
2025-02-20,haldia,64.9,high,91.9,8,DEMO_DATA,True
2025-02-21,haldia,44.9,medium,75.9,5,DEMO_DATA,True
2025-02-22,haldia,66.4,high,93.1,8,DEMO_DATA,True
2025-02-23,haldia,95.8,high,95.0,11,DEMO_DATA,True
2025-02-24,haldia,67.8,high,94.2,8,DEMO_DATA,True
2025-02-25,haldia,79.0,high,95.0,9,DEMO_DATA,True
2025-02-26,haldia,37.4,medium,70.0,4,DEMO_DATA,True
2025-02-27,haldia,52.1,high,81.7,6,DEMO_DATA,True
2025-02-28,haldia,63.7,high,91.0,7,DEMO_DATA,True
2025-03-01,haldia,56.0,high,84.8,6,DEMO_DATA,True
2025-03-02,haldia,70.8,high,95.0,8,DEMO_DATA,True
2025-03-03,haldia,80.1,high,95.0,10,DEMO_DATA,True
2025-03-04,haldia,74.7,high,95.0,9,DEMO_DATA,True
2025-03-05,haldia,113.2,high,95.0,14,DEMO_DATA,True
2025-03-06,haldia,177.3,high,95.0,22,DEMO_DATA,True
2025-03-07,haldia,121.6,high,95.0,15,DEMO_DATA,True
2025-03-08,haldia,72.1,high,95.0,9,DEMO_DATA,True
2025-03-09,haldia,63.3,high,90.6,7,DEMO_DATA,True
2025-03-10,haldia,74.8,high,95.0,9,DEMO_DATA,True
2025-03-11,haldia,88.8,high,95.0,11,DEMO_DATA,True
2025-03-12,haldia,86.5,high,95.0,10,DEMO_DATA,True
2025-03-13,haldia,122.2,high,95.0,15,DEMO_DATA,True
2025-03-14,haldia,146.6,high,95.0,18,DEMO_DATA,True
2025-03-15,haldia,138.7,high,95.0,17,DEMO_DATA,True
2025-03-16,haldia,94.8,high,95.0,11,DEMO_DATA,True
2025-03-17,haldia,108.4,high,95.0,13,DEMO_DATA,True
2025-03-18,haldia,126.2,high,95.0,15,DEMO_DATA,True
2025-03-19,haldia,163.3,high,95.0,20,DEMO_DATA,True
2025-03-20,haldia,130.9,high,95.0,16,DEMO_DATA,True
2025-03-21,haldia,175.2,high,95.0,21,DEMO_DATA,True
2025-03-22,haldia,165.1,high,95.0,20,DEMO_DATA,True
2025-03-23,haldia,322.3,high,95.0,40,DEMO_DATA,True
2025-03-24,haldia,396.6,high,95.0,49,DEMO_DATA,True
2025-03-25,haldia,183.1,high,95.0,22,DEMO_DATA,True
2025-03-26,haldia,225.9,high,95.0,28,DEMO_DATA,True
2025-03-27,haldia,128.9,high,95.0,16,DEMO_DATA,True
2025-03-28,haldia,144.0,high,95.0,17,DEMO_DATA,True
2025-03-29,haldia,249.8,high,95.0,31,DEMO_DATA,True
2025-03-30,haldia,165.6,high,95.0,20,DEMO_DATA,True
2025-03-31,haldia,181.6,high,95.0,22,DEMO_DATA,True
2025-04-01,haldia,187.7,high,95.0,23,DEMO_DATA,True
2025-04-02,haldia,241.1,high,95.0,30,DEMO_DATA,True
2025-04-03,haldia,145.9,high,95.0,18,DEMO_DATA,True
2025-04-04,haldia,92.1,high,95.0,11,DEMO_DATA,True
2025-04-05,haldia,114.1,high,95.0,14,DEMO_DATA,True
2025-04-06,haldia,50.1,high,80.1,6,DEMO_DATA,True
2025-04-07,haldia,37.6,medium,70.1,4,DEMO_DATA,True
2025-04-08,haldia,30.7,medium,64.6,3,DEMO_DATA,True
2025-04-09,haldia,38.1,medium,70.4,4,DEMO_DATA,True
2025-04-10,haldia,44.6,medium,75.7,5,DEMO_DATA,True
2025-04-11,haldia,44.5,medium,75.6,5,DEMO_DATA,True
2025-04-12,haldia,22.1,low,57.7,2,DEMO_DATA,True
2025-04-13,haldia,27.6,medium,62.0,3,DEMO_DATA,True
2025-04-14,haldia,18.0,low,54.4,2,DEMO_DATA,True
2025-04-15,haldia,19.8,low,55.8,2,DEMO_DATA,True
2025-04-16,haldia,20.1,low,56.1,2,DEMO_DATA,True
2025-04-17,haldia,32.7,medium,66.2,4,DEMO_DATA,True
2025-04-18,haldia,50.3,high,80.2,6,DEMO_DATA,True
2025-04-19,haldia,60.7,high,88.6,7,DEMO_DATA,True
2025-04-20,haldia,75.2,high,95.0,9,DEMO_DATA,True
2025-04-21,haldia,52.0,high,81.6,6,DEMO_DATA,True
2025-04-22,haldia,54.8,high,83.9,6,DEMO_DATA,True
2025-04-23,haldia,27.3,medium,61.8,3,DEMO_DATA,True
2025-04-24,haldia,18.0,low,54.4,2,DEMO_DATA,True
2025-04-25,haldia,18.0,low,54.4,2,DEMO_DATA,True
2025-04-26,haldia,26.6,medium,61.3,3,DEMO_DATA,True
2025-04-27,haldia,19.1,low,55.3,2,DEMO_DATA,True
2025-04-28,haldia,28.3,medium,62.7,3,DEMO_DATA,True
2025-04-29,haldia,18.0,low,54.4,2,DEMO_DATA,True
2025-04-30,haldia,21.7,low,57.4,2,DEMO_DATA,True
2025-05-01,haldia,25.1,medium,60.1,3,DEMO_DATA,True
2025-05-02,haldia,30.9,medium,64.7,3,DEMO_DATA,True
2025-05-03,haldia,23.0,low,58.4,2,DEMO_DATA,True
2025-05-04,haldia,29.8,medium,63.8,3,DEMO_DATA,True
2025-05-05,haldia,29.8,medium,63.9,3,DEMO_DATA,True
2025-05-06,haldia,39.8,medium,71.8,4,DEMO_DATA,True
2025-05-07,haldia,52.6,high,82.0,6,DEMO_DATA,True
2025-05-08,haldia,68.9,high,95.0,8,DEMO_DATA,True
2025-05-09,haldia,85.4,high,95.0,10,DEMO_DATA,True
2025-05-10,haldia,116.7,high,95.0,14,DEMO_DATA,True
2025-05-11,haldia,134.0,high,95.0,16,DEMO_DATA,True
2025-05-12,haldia,51.4,high,81.2,6,DEMO_DATA,True
2025-05-13,haldia,69.4,high,95.0,8,DEMO_DATA,True
2025-05-14,haldia,94.9,high,95.0,11,DEMO_DATA,True
2025-05-15,haldia,79.9,high,95.0,9,DEMO_DATA,True
2025-05-16,haldia,44.4,medium,75.5,5,DEMO_DATA,True
2025-05-17,haldia,54.0,high,83.2,6,DEMO_DATA,True
2025-05-18,haldia,37.5,medium,70.0,4,DEMO_DATA,True
2025-05-19,haldia,32.8,medium,66.2,4,DEMO_DATA,True
2025-05-20,haldia,37.9,medium,70.3,4,DEMO_DATA,True
2025-05-21,haldia,42.7,medium,74.1,5,DEMO_DATA,True
2025-05-22,haldia,36.0,medium,68.8,4,DEMO_DATA,True
2025-05-23,haldia,31.8,medium,65.4,3,DEMO_DATA,True
2025-05-24,haldia,38.2,medium,70.6,4,DEMO_DATA,True
2025-05-25,haldia,22.7,low,58.2,2,DEMO_DATA,True
2025-05-26,haldia,18.0,low,54.4,2,DEMO_DATA,True
2025-05-27,haldia,21.1,low,56.9,2,DEMO_DATA,True
2025-05-28,haldia,23.5,low,58.8,2,DEMO_DATA,True
2025-05-29,haldia,19.9,low,55.9,2,DEMO_DATA,True
2025-05-30,haldia,29.6,medium,63.7,3,DEMO_DATA,True
2025-05-31,haldia,22.6,low,58.1,2,DEMO_DATA,True
2025-06-01,haldia,18.0,low,54.4,2,DEMO_DATA,True
2025-06-02,haldia,19.9,low,55.9,2,DEMO_DATA,True
2025-06-03,haldia,24.1,medium,59.3,3,DEMO_DATA,True
2025-06-04,haldia,25.7,medium,60.5,3,DEMO_DATA,True
2025-06-05,haldia,32.6,medium,66.1,4,DEMO_DATA,True
2025-06-06,haldia,29.7,medium,63.7,3,DEMO_DATA,True
2025-06-07,haldia,34.8,medium,67.8,4,DEMO_DATA,True
2025-06-08,haldia,30.1,medium,64.1,3,DEMO_DATA,True
2025-06-09,haldia,25.6,medium,60.5,3,DEMO_DATA,True
2025-06-10,haldia,20.2,low,56.2,2,DEMO_DATA,True
2025-06-11,haldia,23.9,low,59.1,2,DEMO_DATA,True
2025-06-12,haldia,26.0,medium,60.8,3,DEMO_DATA,True
2025-06-13,haldia,34.1,medium,67.3,4,DEMO_DATA,True
2025-06-14,haldia,28.6,medium,62.9,3,DEMO_DATA,True
2025-06-15,haldia,25.9,medium,60.7,3,DEMO_DATA,True
2025-06-16,haldia,24.8,medium,59.8,3,DEMO_DATA,True
2025-06-17,haldia,18.0,low,54.4,2,DEMO_DATA,True
2025-06-18,haldia,22.7,low,58.2,2,DEMO_DATA,True
2025-06-19,haldia,34.5,medium,67.6,4,DEMO_DATA,True
2025-06-20,haldia,55.5,high,84.4,6,DEMO_DATA,True
2025-06-21,haldia,57.9,high,86.3,7,DEMO_DATA,True
2025-06-22,haldia,56.6,high,85.3,7,DEMO_DATA,True
2025-06-23,haldia,18.0,low,54.4,2,DEMO_DATA,True
2025-06-24,haldia,18.0,low,54.4,2,DEMO_DATA,True
2025-06-25,haldia,20.1,low,56.0,2,DEMO_DATA,True
2025-06-26,haldia,26.1,medium,60.9,3,DEMO_DATA,True
2025-06-27,haldia,23.8,low,59.1,2,DEMO_DATA,True
2025-06-28,haldia,19.2,low,55.4,2,DEMO_DATA,True
2025-06-29,haldia,18.0,low,54.4,2,DEMO_DATA,True
2025-06-30,haldia,18.0,low,54.4,2,DEMO_DATA,True
2025-07-01,haldia,34.0,medium,67.2,4,DEMO_DATA,True
2025-07-02,haldia,39.5,medium,71.6,4,DEMO_DATA,True
2025-07-03,haldia,53.9,high,83.1,6,DEMO_DATA,True
2025-07-04,haldia,56.5,high,85.2,7,DEMO_DATA,True
2025-07-05,haldia,69.1,high,95.0,8,DEMO_DATA,True
2025-07-06,haldia,67.2,high,93.7,8,DEMO_DATA,True
2025-07-07,haldia,19.9,low,55.9,2,DEMO_DATA,True
2025-07-08,haldia,21.2,low,57.0,2,DEMO_DATA,True
2025-07-09,haldia,23.5,low,58.8,2,DEMO_DATA,True
2025-07-10,haldia,23.2,low,58.6,2,DEMO_DATA,True
2025-07-11,haldia,27.5,medium,62.0,3,DEMO_DATA,True
2025-07-12,haldia,47.9,medium,78.3,5,DEMO_DATA,True
2025-07-13,haldia,59.0,high,87.2,7,DEMO_DATA,True
2025-07-14,haldia,65.1,high,92.1,8,DEMO_DATA,True
2025-07-15,haldia,96.9,high,95.0,12,DEMO_DATA,True
2025-07-16,haldia,149.2,high,95.0,18,DEMO_DATA,True
2025-07-17,haldia,105.8,high,95.0,13,DEMO_DATA,True
2025-07-18,haldia,146.1,high,95.0,18,DEMO_DATA,True
2025-07-19,haldia,86.8,high,95.0,10,DEMO_DATA,True
2025-07-20,haldia,90.3,high,95.0,11,DEMO_DATA,True
2025-07-21,haldia,87.6,high,95.0,10,DEMO_DATA,True
2025-07-22,haldia,73.4,high,95.0,9,DEMO_DATA,True
2025-07-23,haldia,65.5,high,92.4,8,DEMO_DATA,True
2025-07-24,haldia,65.4,high,92.3,8,DEMO_DATA,True
2025-07-25,haldia,81.5,high,95.0,10,DEMO_DATA,True
2025-07-26,haldia,86.3,high,95.0,10,DEMO_DATA,True
2025-07-27,haldia,99.6,high,95.0,12,DEMO_DATA,True
2025-07-28,haldia,91.6,high,95.0,11,DEMO_DATA,True
2025-07-29,haldia,127.0,high,95.0,15,DEMO_DATA,True
2025-07-30,haldia,64.8,high,91.8,8,DEMO_DATA,True
2025-07-31,haldia,78.2,high,95.0,9,DEMO_DATA,True
2025-08-01,haldia,58.6,high,86.9,7,DEMO_DATA,True
2025-08-02,haldia,59.3,high,87.4,7,DEMO_DATA,True
2025-08-03,haldia,69.0,high,95.0,8,DEMO_DATA,True
2025-08-04,haldia,54.5,high,83.6,6,DEMO_DATA,True
2025-08-05,haldia,54.0,high,83.2,6,DEMO_DATA,True
2025-08-06,haldia,52.4,high,82.0,6,DEMO_DATA,True
2025-08-07,haldia,51.0,high,80.8,6,DEMO_DATA,True
2025-08-08,haldia,59.8,high,87.8,7,DEMO_DATA,True
2025-08-09,haldia,64.8,high,91.9,8,DEMO_DATA,True
2025-08-10,haldia,81.6,high,95.0,10,DEMO_DATA,True
2025-08-11,haldia,121.8,high,95.0,15,DEMO_DATA,True
2025-08-12,haldia,60.0,high,88.0,7,DEMO_DATA,True
2025-08-13,haldia,33.4,medium,66.7,4,DEMO_DATA,True
2025-08-14,haldia,22.8,low,58.3,2,DEMO_DATA,True
2025-08-15,haldia,27.3,medium,61.8,3,DEMO_DATA,True
2025-08-16,haldia,34.3,medium,67.4,4,DEMO_DATA,True
2025-08-17,haldia,45.3,medium,76.2,5,DEMO_DATA,True
2025-08-18,haldia,40.5,medium,72.4,5,DEMO_DATA,True
2025-08-19,haldia,52.1,high,81.7,6,DEMO_DATA,True
2025-08-20,haldia,44.4,medium,75.5,5,DEMO_DATA,True
2025-08-21,haldia,40.6,medium,72.5,5,DEMO_DATA,True
2025-08-22,haldia,38.4,medium,70.7,4,DEMO_DATA,True
2025-08-23,haldia,36.2,medium,68.9,4,DEMO_DATA,True
2025-08-24,haldia,22.7,low,58.2,2,DEMO_DATA,True
2025-08-25,haldia,20.1,low,56.1,2,DEMO_DATA,True
2025-08-26,haldia,22.3,low,57.8,2,DEMO_DATA,True
2025-08-27,haldia,22.5,low,58.0,2,DEMO_DATA,True
2025-08-28,haldia,39.9,medium,71.9,4,DEMO_DATA,True
2025-08-29,haldia,31.5,medium,65.2,3,DEMO_DATA,True
2025-08-30,haldia,40.6,medium,72.5,5,DEMO_DATA,True
2025-08-31,haldia,52.6,high,82.1,6,DEMO_DATA,True
2025-09-01,haldia,45.9,medium,76.7,5,DEMO_DATA,True
2025-09-02,haldia,41.1,medium,72.9,5,DEMO_DATA,True
2025-09-03,haldia,82.2,high,95.0,10,DEMO_DATA,True
2025-09-04,haldia,115.5,high,95.0,14,DEMO_DATA,True
2025-09-05,haldia,112.4,high,95.0,14,DEMO_DATA,True
2025-09-06,haldia,61.7,high,89.4,7,DEMO_DATA,True
2025-09-07,haldia,66.1,high,92.9,8,DEMO_DATA,True
2025-09-08,haldia,81.9,high,95.0,10,DEMO_DATA,True
2025-09-09,haldia,90.1,high,95.0,11,DEMO_DATA,True
2025-09-10,haldia,94.7,high,95.0,11,DEMO_DATA,True
2025-09-11,haldia,94.9,high,95.0,11,DEMO_DATA,True
2025-09-12,haldia,119.1,high,95.0,14,DEMO_DATA,True
2025-09-13,haldia,101.0,high,95.0,12,DEMO_DATA,True
2025-09-14,haldia,84.1,high,95.0,10,DEMO_DATA,True
2025-09-15,haldia,93.8,high,95.0,11,DEMO_DATA,True
2025-09-16,haldia,76.4,high,95.0,9,DEMO_DATA,True
2025-09-17,haldia,60.7,high,88.6,7,DEMO_DATA,True
2025-09-18,haldia,82.1,high,95.0,10,DEMO_DATA,True
2025-09-19,haldia,80.8,high,95.0,10,DEMO_DATA,True
2025-09-20,haldia,70.7,high,95.0,8,DEMO_DATA,True
2025-09-21,haldia,49.5,high,79.6,6,DEMO_DATA,True
2025-09-22,haldia,70.0,high,95.0,8,DEMO_DATA,True
2025-09-23,haldia,68.4,high,94.7,8,DEMO_DATA,True
2025-09-24,haldia,61.3,high,89.1,7,DEMO_DATA,True
2025-09-25,haldia,73.2,high,95.0,9,DEMO_DATA,True
2025-09-26,haldia,64.4,high,91.5,8,DEMO_DATA,True
2025-09-27,haldia,73.4,high,95.0,9,DEMO_DATA,True
2025-09-28,haldia,83.2,high,95.0,10,DEMO_DATA,True
2025-09-29,haldia,80.7,high,95.0,10,DEMO_DATA,True
2025-09-30,haldia,101.5,high,95.0,12,DEMO_DATA,True
2025-10-01,haldia,88.1,high,95.0,11,DEMO_DATA,True
2025-10-02,haldia,97.5,high,95.0,12,DEMO_DATA,True
2025-10-03,haldia,134.4,high,95.0,16,DEMO_DATA,True
2025-10-04,haldia,177.5,high,95.0,22,DEMO_DATA,True
2025-10-05,haldia,240.4,high,95.0,30,DEMO_DATA,True
2025-10-06,haldia,251.9,high,95.0,31,DEMO_DATA,True
2025-10-07,haldia,109.9,high,95.0,13,DEMO_DATA,True
2025-10-08,haldia,124.8,high,95.0,15,DEMO_DATA,True
2025-10-09,haldia,68.4,high,94.7,8,DEMO_DATA,True
2025-10-10,haldia,81.9,high,95.0,10,DEMO_DATA,True
2025-10-11,haldia,60.6,high,88.5,7,DEMO_DATA,True
2025-10-12,haldia,39.2,medium,71.3,4,DEMO_DATA,True
2025-10-13,haldia,37.6,medium,70.1,4,DEMO_DATA,True
2025-10-14,haldia,38.9,medium,71.1,4,DEMO_DATA,True
2025-10-15,haldia,26.3,medium,61.0,3,DEMO_DATA,True
2025-10-16,haldia,41.1,medium,72.9,5,DEMO_DATA,True
2025-10-17,haldia,58.5,high,86.8,7,DEMO_DATA,True
2025-10-18,haldia,51.3,high,81.0,6,DEMO_DATA,True
2025-10-19,haldia,45.7,medium,76.6,5,DEMO_DATA,True
2025-10-20,haldia,25.7,medium,60.6,3,DEMO_DATA,True
2025-10-21,haldia,41.8,medium,73.4,5,DEMO_DATA,True
2025-10-22,haldia,33.6,medium,66.9,4,DEMO_DATA,True
2025-10-23,haldia,34.6,medium,67.7,4,DEMO_DATA,True
2025-10-24,haldia,38.9,medium,71.2,4,DEMO_DATA,True
2025-10-25,haldia,37.5,medium,70.0,4,DEMO_DATA,True
2025-10-26,haldia,51.5,high,81.2,6,DEMO_DATA,True
2025-10-27,haldia,73.1,high,95.0,9,DEMO_DATA,True
2025-10-28,haldia,105.1,high,95.0,13,DEMO_DATA,True
2025-10-29,haldia,152.1,high,95.0,19,DEMO_DATA,True
2025-10-30,haldia,61.9,high,89.5,7,DEMO_DATA,True
2025-10-31,haldia,70.8,high,95.0,8,DEMO_DATA,True
2025-11-01,haldia,74.3,high,95.0,9,DEMO_DATA,True
2025-11-02,haldia,100.3,high,95.0,12,DEMO_DATA,True
2025-11-03,haldia,120.2,high,95.0,15,DEMO_DATA,True
2025-11-04,haldia,122.8,high,95.0,15,DEMO_DATA,True
2025-11-05,haldia,84.6,high,95.0,10,DEMO_DATA,True
2025-11-06,haldia,60.2,high,88.1,7,DEMO_DATA,True
2025-11-07,haldia,41.5,medium,73.2,5,DEMO_DATA,True
2025-11-08,haldia,59.3,high,87.4,7,DEMO_DATA,True
2025-11-09,haldia,57.3,high,85.9,7,DEMO_DATA,True
2025-11-10,haldia,58.7,high,87.0,7,DEMO_DATA,True
2025-11-11,haldia,44.7,medium,75.7,5,DEMO_DATA,True
2025-11-12,haldia,74.3,high,95.0,9,DEMO_DATA,True
2025-11-13,haldia,42.6,medium,74.1,5,DEMO_DATA,True
2025-11-14,haldia,40.8,medium,72.6,5,DEMO_DATA,True
2025-11-15,haldia,44.0,medium,75.2,5,DEMO_DATA,True
2025-11-16,haldia,22.2,low,57.8,2,DEMO_DATA,True
2025-11-17,haldia,25.9,medium,60.8,3,DEMO_DATA,True
2025-11-18,haldia,29.4,medium,63.5,3,DEMO_DATA,True
2025-11-19,haldia,18.0,low,54.4,2,DEMO_DATA,True
2025-11-20,haldia,18.0,low,54.4,2,DEMO_DATA,True
2025-11-21,haldia,18.0,low,54.4,2,DEMO_DATA,True
2025-11-22,haldia,22.6,low,58.1,2,DEMO_DATA,True
2025-11-23,haldia,20.6,low,56.5,2,DEMO_DATA,True
2025-11-24,haldia,18.0,low,54.4,2,DEMO_DATA,True
2025-11-25,haldia,18.0,low,54.4,2,DEMO_DATA,True
2025-11-26,haldia,20.6,low,56.4,2,DEMO_DATA,True
2025-11-27,haldia,25.0,medium,60.0,3,DEMO_DATA,True
2025-11-28,haldia,18.0,low,54.4,2,DEMO_DATA,True
2025-11-29,haldia,25.1,medium,60.1,3,DEMO_DATA,True
2025-11-30,haldia,34.8,medium,67.8,4,DEMO_DATA,True
2025-12-01,haldia,52.7,high,82.1,6,DEMO_DATA,True
2025-12-02,haldia,38.0,medium,70.4,4,DEMO_DATA,True
2025-12-03,haldia,44.8,medium,75.9,5,DEMO_DATA,True
2025-12-04,haldia,46.5,medium,77.2,5,DEMO_DATA,True
2025-12-05,haldia,57.6,high,86.1,7,DEMO_DATA,True
2025-12-06,haldia,62.9,high,90.3,7,DEMO_DATA,True
2025-12-07,haldia,65.7,high,92.6,8,DEMO_DATA,True
2025-12-08,haldia,57.6,high,86.1,7,DEMO_DATA,True
2025-12-09,haldia,69.7,high,95.0,8,DEMO_DATA,True
2025-12-10,haldia,58.4,high,86.7,7,DEMO_DATA,True
2025-12-11,haldia,62.7,high,90.1,7,DEMO_DATA,True
2025-12-12,haldia,63.2,high,90.5,7,DEMO_DATA,True
2025-12-13,haldia,65.9,high,92.7,8,DEMO_DATA,True
2025-12-14,haldia,97.7,high,95.0,12,DEMO_DATA,True
2025-12-15,haldia,67.6,high,94.1,8,DEMO_DATA,True
2025-12-16,haldia,103.5,high,95.0,12,DEMO_DATA,True
2025-12-17,haldia,135.0,high,95.0,16,DEMO_DATA,True
2025-12-18,haldia,105.5,high,95.0,13,DEMO_DATA,True
2025-12-19,haldia,115.9,high,95.0,14,DEMO_DATA,True
2025-12-20,haldia,159.6,high,95.0,19,DEMO_DATA,True
2025-12-21,haldia,132.2,high,95.0,16,DEMO_DATA,True
2025-12-22,haldia,144.2,high,95.0,18,DEMO_DATA,True
2025-12-23,haldia,90.5,high,95.0,11,DEMO_DATA,True
2025-12-24,haldia,53.1,high,82.5,6,DEMO_DATA,True
2025-12-25,haldia,49.1,high,79.3,6,DEMO_DATA,True
2025-12-26,haldia,77.9,high,95.0,9,DEMO_DATA,True
2025-12-27,haldia,38.9,medium,71.1,4,DEMO_DATA,True
2025-12-28,haldia,53.1,high,82.5,6,DEMO_DATA,True
2025-12-29,haldia,70.6,high,95.0,8,DEMO_DATA,True
2025-12-30,haldia,59.4,high,87.5,7,DEMO_DATA,True
2025-12-31,haldia,57.1,high,85.7,7,DEMO_DATA,True
2026-01-01,haldia,49.0,high,79.2,6,DEMO_DATA,True
2026-01-02,haldia,65.0,high,92.0,8,DEMO_DATA,True
2026-01-03,haldia,73.9,high,95.0,9,DEMO_DATA,True
2026-01-04,haldia,90.2,high,95.0,11,DEMO_DATA,True
2026-01-05,haldia,122.1,high,95.0,15,DEMO_DATA,True
2026-01-06,haldia,127.6,high,95.0,15,DEMO_DATA,True
2026-01-07,haldia,152.8,high,95.0,19,DEMO_DATA,True
2026-01-08,haldia,157.7,high,95.0,19,DEMO_DATA,True
2026-01-09,haldia,114.5,high,95.0,14,DEMO_DATA,True
2026-01-10,haldia,169.5,high,95.0,21,DEMO_DATA,True
2026-01-11,haldia,144.4,high,95.0,18,DEMO_DATA,True
2026-01-12,haldia,153.1,high,95.0,19,DEMO_DATA,True
2026-01-13,haldia,155.3,high,95.0,19,DEMO_DATA,True
2026-01-14,haldia,161.6,high,95.0,20,DEMO_DATA,True
2026-01-15,haldia,233.6,high,95.0,29,DEMO_DATA,True
2026-01-16,haldia,280.1,high,95.0,35,DEMO_DATA,True
2026-01-17,haldia,255.2,high,95.0,31,DEMO_DATA,True
2026-01-18,haldia,228.9,high,95.0,28,DEMO_DATA,True
2026-01-19,haldia,192.4,high,95.0,24,DEMO_DATA,True
2026-01-20,haldia,195.9,high,95.0,24,DEMO_DATA,True
2026-01-21,haldia,254.6,high,95.0,31,DEMO_DATA,True
2026-01-22,haldia,326.5,high,95.0,40,DEMO_DATA,True
2026-01-23,haldia,420.2,high,95.0,52,DEMO_DATA,True
2026-01-24,haldia,405.3,high,95.0,50,DEMO_DATA,True
2026-01-25,haldia,256.3,high,95.0,32,DEMO_DATA,True
2026-01-26,haldia,260.5,high,95.0,32,DEMO_DATA,True
2026-01-27,haldia,360.2,high,95.0,45,DEMO_DATA,True
2026-01-28,haldia,391.7,high,95.0,48,DEMO_DATA,True
2026-01-29,haldia,390.2,high,95.0,48,DEMO_DATA,True
2026-01-30,haldia,408.4,high,95.0,51,DEMO_DATA,True
2026-01-31,haldia,245.5,high,95.0,30,DEMO_DATA,True
2026-02-01,haldia,284.2,high,95.0,35,DEMO_DATA,True
2026-02-02,haldia,301.0,high,95.0,37,DEMO_DATA,True
2026-02-03,haldia,310.5,high,95.0,38,DEMO_DATA,True
2026-02-04,haldia,484.2,high,95.0,60,DEMO_DATA,True
2026-02-05,haldia,442.0,high,95.0,55,DEMO_DATA,True
2026-02-06,haldia,328.4,high,95.0,41,DEMO_DATA,True
2026-02-07,haldia,288.3,high,95.0,36,DEMO_DATA,True
2026-02-08,haldia,226.4,high,95.0,28,DEMO_DATA,True
2026-02-09,haldia,288.7,high,95.0,36,DEMO_DATA,True
2026-02-10,haldia,128.7,high,95.0,16,DEMO_DATA,True
2026-02-11,haldia,157.7,high,95.0,19,DEMO_DATA,True
2026-02-12,haldia,174.4,high,95.0,21,DEMO_DATA,True
2026-02-13,haldia,309.3,high,95.0,38,DEMO_DATA,True
2026-02-14,haldia,245.0,high,95.0,30,DEMO_DATA,True
2026-02-15,haldia,87.2,high,95.0,10,DEMO_DATA,True
2026-02-16,haldia,89.3,high,95.0,11,DEMO_DATA,True
2026-02-17,haldia,98.9,high,95.0,12,DEMO_DATA,True
2026-02-18,haldia,150.1,high,95.0,18,DEMO_DATA,True
2026-02-19,haldia,210.2,high,95.0,26,DEMO_DATA,True
2026-02-20,haldia,211.9,high,95.0,26,DEMO_DATA,True
2026-02-21,haldia,128.0,high,95.0,16,DEMO_DATA,True
2026-02-22,haldia,113.2,high,95.0,14,DEMO_DATA,True
2026-02-23,haldia,126.7,high,95.0,15,DEMO_DATA,True
2026-02-24,haldia,62.3,high,89.8,7,DEMO_DATA,True
2026-02-25,haldia,53.1,high,82.5,6,DEMO_DATA,True
2026-02-26,haldia,24.2,medium,59.3,3,DEMO_DATA,True
2026-02-27,haldia,19.7,low,55.8,2,DEMO_DATA,True
2026-02-28,haldia,18.1,low,54.5,2,DEMO_DATA,True
2026-03-01,haldia,18.0,low,54.4,2,DEMO_DATA,True
2026-03-02,haldia,18.2,low,54.6,2,DEMO_DATA,True
2026-03-03,haldia,25.3,medium,60.2,3,DEMO_DATA,True
2026-03-04,haldia,34.2,medium,67.4,4,DEMO_DATA,True
2026-03-05,haldia,31.0,medium,64.8,3,DEMO_DATA,True
2026-03-06,haldia,18.0,low,54.4,2,DEMO_DATA,True
2026-03-07,haldia,19.9,low,56.0,2,DEMO_DATA,True
2026-03-08,haldia,34.9,medium,67.9,4,DEMO_DATA,True
2026-03-09,haldia,41.5,medium,73.2,5,DEMO_DATA,True
2026-03-10,haldia,38.8,medium,71.0,4,DEMO_DATA,True
2026-03-11,haldia,48.1,high,78.5,6,DEMO_DATA,True
2026-03-12,haldia,65.5,high,92.4,8,DEMO_DATA,True
2026-03-13,haldia,73.9,high,95.0,9,DEMO_DATA,True
2026-03-14,haldia,78.5,high,95.0,9,DEMO_DATA,True
2026-03-15,haldia,49.2,high,79.4,6,DEMO_DATA,True
2026-03-16,haldia,68.0,high,94.4,8,DEMO_DATA,True
2026-03-17,haldia,74.9,high,95.0,9,DEMO_DATA,True
2026-03-18,haldia,74.2,high,95.0,9,DEMO_DATA,True
2026-03-19,haldia,44.0,medium,75.2,5,DEMO_DATA,True
2026-03-20,haldia,51.8,high,81.4,6,DEMO_DATA,True
2026-03-21,haldia,58.4,high,86.7,7,DEMO_DATA,True
2026-03-22,haldia,63.8,high,91.0,7,DEMO_DATA,True
2026-03-23,haldia,60.7,high,88.6,7,DEMO_DATA,True
2026-03-24,haldia,73.0,high,95.0,9,DEMO_DATA,True
2026-03-25,haldia,57.9,high,86.3,7,DEMO_DATA,True
2026-03-26,haldia,78.3,high,95.0,9,DEMO_DATA,True
2026-03-27,haldia,59.0,high,87.2,7,DEMO_DATA,True
2026-03-28,haldia,59.5,high,87.6,7,DEMO_DATA,True
2026-03-29,haldia,65.0,high,92.0,8,DEMO_DATA,True
2026-03-30,haldia,77.3,high,95.0,9,DEMO_DATA,True
2026-03-31,haldia,103.3,high,95.0,12,DEMO_DATA,True
2026-04-01,haldia,91.0,high,95.0,11,DEMO_DATA,True
2026-04-02,haldia,101.0,high,95.0,12,DEMO_DATA,True
2026-04-03,haldia,40.9,medium,72.7,5,DEMO_DATA,True
2026-04-04,haldia,37.8,medium,70.3,4,DEMO_DATA,True
2026-04-05,haldia,44.6,medium,75.7,5,DEMO_DATA,True
2026-04-06,haldia,54.5,high,83.6,6,DEMO_DATA,True
2026-04-07,haldia,53.4,high,82.7,6,DEMO_DATA,True
2026-04-08,haldia,62.9,high,90.3,7,DEMO_DATA,True
2026-04-09,haldia,66.1,high,92.9,8,DEMO_DATA,True
2026-04-10,haldia,86.0,high,95.0,10,DEMO_DATA,True
2026-04-11,haldia,104.7,high,95.0,13,DEMO_DATA,True
2026-04-12,haldia,46.1,medium,76.9,5,DEMO_DATA,True
2026-04-13,haldia,39.2,medium,71.4,4,DEMO_DATA,True
2026-04-14,haldia,39.6,medium,71.7,4,DEMO_DATA,True
2026-04-15,haldia,42.0,medium,73.6,5,DEMO_DATA,True
2026-04-16,haldia,37.4,medium,69.9,4,DEMO_DATA,True
2026-04-17,haldia,32.4,medium,66.0,4,DEMO_DATA,True
2026-04-18,haldia,28.4,medium,62.7,3,DEMO_DATA,True
2026-04-19,haldia,35.5,medium,68.4,4,DEMO_DATA,True
2026-04-20,haldia,37.6,medium,70.1,4,DEMO_DATA,True
2026-04-21,haldia,54.7,high,83.8,6,DEMO_DATA,True
2026-04-22,haldia,45.9,medium,76.7,5,DEMO_DATA,True
2026-04-23,haldia,23.7,low,58.9,2,DEMO_DATA,True
2026-04-24,haldia,25.2,medium,60.2,3,DEMO_DATA,True
2026-04-25,haldia,26.7,medium,61.4,3,DEMO_DATA,True
2026-04-26,haldia,31.0,medium,64.8,3,DEMO_DATA,True
2026-04-27,haldia,29.9,medium,63.9,3,DEMO_DATA,True
2026-04-28,haldia,35.4,medium,68.3,4,DEMO_DATA,True
2026-04-29,haldia,32.0,medium,65.6,4,DEMO_DATA,True
2026-04-30,haldia,18.0,low,54.4,2,DEMO_DATA,True
2026-05-01,haldia,23.6,low,58.9,2,DEMO_DATA,True
2026-05-02,haldia,18.2,low,54.6,2,DEMO_DATA,True
2026-05-03,haldia,25.7,medium,60.6,3,DEMO_DATA,True
2026-05-04,haldia,31.6,medium,65.3,3,DEMO_DATA,True
2026-05-05,haldia,34.5,medium,67.6,4,DEMO_DATA,True
2026-05-06,haldia,40.3,medium,72.3,5,DEMO_DATA,True
2026-05-07,haldia,53.2,high,82.6,6,DEMO_DATA,True
2026-05-08,haldia,47.5,medium,78.0,5,DEMO_DATA,True
2026-05-09,haldia,47.3,medium,77.8,5,DEMO_DATA,True
2026-05-10,haldia,52.7,high,82.1,6,DEMO_DATA,True
2026-05-11,haldia,41.5,medium,73.2,5,DEMO_DATA,True
2026-05-12,haldia,50.4,high,80.3,6,DEMO_DATA,True
2026-05-13,haldia,61.3,high,89.0,7,DEMO_DATA,True
2026-05-14,haldia,61.8,high,89.5,7,DEMO_DATA,True
2026-05-15,haldia,37.7,medium,70.2,4,DEMO_DATA,True
2026-05-16,haldia,36.5,medium,69.2,4,DEMO_DATA,True
2026-05-17,haldia,24.6,medium,59.7,3,DEMO_DATA,True
2026-05-18,haldia,18.0,low,54.4,2,DEMO_DATA,True
2026-05-19,haldia,23.0,low,58.4,2,DEMO_DATA,True
2026-05-20,haldia,24.4,medium,59.5,3,DEMO_DATA,True
2026-05-21,haldia,18.0,low,54.4,2,DEMO_DATA,True
2026-05-22,haldia,18.0,low,54.4,2,DEMO_DATA,True
2026-05-23,haldia,19.8,low,55.9,2,DEMO_DATA,True
2026-05-24,haldia,25.5,medium,60.4,3,DEMO_DATA,True
2026-05-25,haldia,31.8,medium,65.4,3,DEMO_DATA,True
2026-05-26,haldia,41.5,medium,73.2,5,DEMO_DATA,True
2026-05-27,haldia,45.0,medium,76.0,5,DEMO_DATA,True
2026-05-28,haldia,38.3,medium,70.6,4,DEMO_DATA,True
2026-05-29,haldia,38.1,medium,70.5,4,DEMO_DATA,True
2026-05-30,haldia,52.5,high,82.0,6,DEMO_DATA,True
2026-05-31,haldia,54.4,high,83.5,6,DEMO_DATA,True
2026-06-01,haldia,70.2,high,95.0,8,DEMO_DATA,True
2026-06-02,haldia,47.0,medium,77.6,5,DEMO_DATA,True
2026-06-03,haldia,23.8,low,59.1,2,DEMO_DATA,True
2026-06-04,haldia,28.1,medium,62.5,3,DEMO_DATA,True
2026-06-05,haldia,27.0,medium,61.6,3,DEMO_DATA,True
2026-06-06,haldia,27.2,medium,61.8,3,DEMO_DATA,True
2026-06-07,haldia,26.7,medium,61.3,3,DEMO_DATA,True
2026-06-08,haldia,21.9,low,57.6,2,DEMO_DATA,True
2026-06-09,haldia,30.4,medium,64.3,3,DEMO_DATA,True
2026-06-10,haldia,31.5,medium,65.2,3,DEMO_DATA,True
2026-06-11,haldia,34.0,medium,67.2,4,DEMO_DATA,True
2026-06-12,haldia,53.4,high,82.7,6,DEMO_DATA,True
2026-06-13,haldia,65.9,high,92.7,8,DEMO_DATA,True
2026-06-14,haldia,67.5,high,94.0,8,DEMO_DATA,True
2026-06-15,haldia,86.5,high,95.0,10,DEMO_DATA,True
2026-06-16,haldia,69.2,high,95.0,8,DEMO_DATA,True
2026-06-17,haldia,77.0,high,95.0,9,DEMO_DATA,True
2026-06-18,haldia,104.4,high,95.0,13,DEMO_DATA,True
2026-06-19,haldia,119.9,high,95.0,14,DEMO_DATA,True
2026-06-20,haldia,74.7,high,95.0,9,DEMO_DATA,True
2026-06-21,haldia,95.1,high,95.0,11,DEMO_DATA,True
2026-06-22,haldia,118.5,high,95.0,14,DEMO_DATA,True
2026-06-23,haldia,173.5,high,95.0,21,DEMO_DATA,True
2026-06-24,haldia,243.7,high,95.0,30,DEMO_DATA,True
2026-06-25,haldia,199.4,high,95.0,24,DEMO_DATA,True
2026-06-26,haldia,197.6,high,95.0,24,DEMO_DATA,True
2026-06-27,haldia,244.7,high,95.0,30,DEMO_DATA,True
2026-06-28,haldia,187.5,high,95.0,23,DEMO_DATA,True
2026-06-29,haldia,134.1,high,95.0,16,DEMO_DATA,True
2026-06-30,haldia,138.8,high,95.0,17,DEMO_DATA,True
2026-07-01,haldia,96.9,high,95.0,12,DEMO_DATA,True
2026-07-02,haldia,90.0,high,95.0,11,DEMO_DATA,True
2026-07-03,haldia,136.3,high,95.0,17,DEMO_DATA,True
2026-07-04,haldia,167.2,high,95.0,20,DEMO_DATA,True
2026-07-05,haldia,81.6,high,95.0,10,DEMO_DATA,True
2026-07-06,haldia,99.9,high,95.0,12,DEMO_DATA,True
2026-07-07,haldia,108.1,high,95.0,13,DEMO_DATA,True
2026-07-08,haldia,109.1,high,95.0,13,DEMO_DATA,True
2026-07-09,haldia,95.1,high,95.0,11,DEMO_DATA,True
2026-07-10,haldia,139.9,high,95.0,17,DEMO_DATA,True
2026-07-11,haldia,85.8,high,95.0,10,DEMO_DATA,True
2026-07-12,haldia,90.8,high,95.0,11,DEMO_DATA,True
2026-07-13,haldia,115.3,high,95.0,14,DEMO_DATA,True
2026-07-14,haldia,181.7,high,95.0,22,DEMO_DATA,True
2026-07-15,haldia,122.2,high,95.0,15,DEMO_DATA,True
2026-07-16,haldia,91.9,high,95.0,11,DEMO_DATA,True
2026-07-17,haldia,129.2,high,95.0,16,DEMO_DATA,True
2026-07-18,haldia,142.2,high,95.0,17,DEMO_DATA,True
2026-07-19,haldia,51.9,high,81.5,6,DEMO_DATA,True
2026-07-20,haldia,62.3,high,89.8,7,DEMO_DATA,True
2026-07-21,haldia,105.9,high,95.0,13,DEMO_DATA,True
2026-07-22,haldia,99.9,high,95.0,12,DEMO_DATA,True
2026-07-23,haldia,69.0,high,95.0,8,DEMO_DATA,True
2026-07-24,haldia,91.2,high,95.0,11,DEMO_DATA,True
2026-07-25,haldia,65.8,high,92.6,8,DEMO_DATA,True
2026-07-26,haldia,82.7,high,95.0,10,DEMO_DATA,True
2026-07-27,haldia,72.5,high,95.0,9,DEMO_DATA,True
2026-07-28,haldia,82.6,high,95.0,10,DEMO_DATA,True
2026-07-29,haldia,52.4,high,81.9,6,DEMO_DATA,True
2026-07-30,haldia,40.8,medium,72.6,5,DEMO_DATA,True
2026-07-31,haldia,56.7,high,85.3,7,DEMO_DATA,True
2026-08-01,haldia,61.8,high,89.5,7,DEMO_DATA,True
2026-08-02,haldia,83.4,high,95.0,10,DEMO_DATA,True
2026-08-03,haldia,122.3,high,95.0,15,DEMO_DATA,True
2026-08-04,haldia,147.6,high,95.0,18,DEMO_DATA,True
2026-08-05,haldia,72.4,high,95.0,9,DEMO_DATA,True
2026-08-06,haldia,45.5,medium,76.4,5,DEMO_DATA,True
2026-08-07,haldia,22.6,low,58.1,2,DEMO_DATA,True
2026-08-08,haldia,29.8,medium,63.8,3,DEMO_DATA,True
2026-08-09,haldia,34.4,medium,67.5,4,DEMO_DATA,True
2026-08-10,haldia,34.6,medium,67.7,4,DEMO_DATA,True
2026-08-11,haldia,49.3,high,79.5,6,DEMO_DATA,True
2026-08-12,haldia,36.0,medium,68.8,4,DEMO_DATA,True
2026-08-13,haldia,31.3,medium,65.0,3,DEMO_DATA,True
2026-08-14,haldia,33.1,medium,66.5,4,DEMO_DATA,True
2026-08-15,haldia,34.2,medium,67.3,4,DEMO_DATA,True
2026-08-16,haldia,25.4,medium,60.3,3,DEMO_DATA,True
2026-08-17,haldia,21.8,low,57.4,2,DEMO_DATA,True
2026-08-18,haldia,25.1,medium,60.1,3,DEMO_DATA,True
2026-08-19,haldia,20.6,low,56.5,2,DEMO_DATA,True
2026-08-20,haldia,26.8,medium,61.4,3,DEMO_DATA,True
2026-08-21,haldia,21.5,low,57.2,2,DEMO_DATA,True
2026-08-22,haldia,24.3,medium,59.5,3,DEMO_DATA,True
2026-08-23,haldia,32.7,medium,66.2,4,DEMO_DATA,True
2026-08-24,haldia,37.4,medium,70.0,4,DEMO_DATA,True
2026-08-25,haldia,27.3,medium,61.8,3,DEMO_DATA,True
2026-08-26,haldia,25.7,medium,60.6,3,DEMO_DATA,True
2026-08-27,haldia,29.5,medium,63.6,3,DEMO_DATA,True
2026-08-28,haldia,24.3,medium,59.5,3,DEMO_DATA,True
2026-08-29,haldia,22.1,low,57.7,2,DEMO_DATA,True
2026-08-30,haldia,28.0,medium,62.4,3,DEMO_DATA,True
2026-08-31,haldia,20.1,low,56.1,2,DEMO_DATA,True
2026-09-01,haldia,30.4,medium,64.3,3,DEMO_DATA,True
2026-09-02,haldia,29.6,medium,63.7,3,DEMO_DATA,True
2026-09-03,haldia,44.1,medium,75.3,5,DEMO_DATA,True
2026-09-04,haldia,44.4,medium,75.5,5,DEMO_DATA,True
2026-09-05,haldia,36.9,medium,69.5,4,DEMO_DATA,True
2026-09-06,haldia,30.3,medium,64.2,3,DEMO_DATA,True
2026-09-07,haldia,49.1,high,79.3,6,DEMO_DATA,True
2026-09-08,haldia,24.0,medium,59.2,3,DEMO_DATA,True
2026-09-09,haldia,31.8,medium,65.4,3,DEMO_DATA,True
2026-09-10,haldia,26.9,medium,61.5,3,DEMO_DATA,True
2026-09-11,haldia,37.8,medium,70.3,4,DEMO_DATA,True
2026-09-12,haldia,23.9,low,59.2,2,DEMO_DATA,True
2026-09-13,haldia,29.1,medium,63.3,3,DEMO_DATA,True
2026-09-14,haldia,26.2,medium,61.0,3,DEMO_DATA,True
