date,bdi_proxy,vlsfo_price_usd_mt,usd_inr,vessel_supply_index,data_source,is_synthetic
2020-01-01,1883.3,574.05,84.0,119.9,DEMO_DATA,True
2020-01-02,1889.9,560.87,83.9,120.3,DEMO_DATA,True
2020-01-03,1884.9,557.07,83.38,118.8,DEMO_DATA,True
2020-01-04,1905.8,554.49,83.05,117.5,DEMO_DATA,True
2020-01-05,1909.8,537.27,83.24,116.6,DEMO_DATA,True
2020-01-06,1927.5,535.84,83.26,116.2,DEMO_DATA,True
2020-01-07,1959.3,533.13,82.88,114.3,DEMO_DATA,True
2020-01-08,1898.5,525.11,82.98,112.5,DEMO_DATA,True
2020-01-09,1873.3,529.35,82.41,111.4,DEMO_DATA,True
2020-01-10,1864.0,528.75,82.36,111.2,DEMO_DATA,True
2020-01-11,1896.5,522.84,82.47,110.2,DEMO_DATA,True
2020-01-12,1844.6,525.79,82.6,109.0,DEMO_DATA,True
2020-01-13,1856.2,529.81,82.37,108.8,DEMO_DATA,True
2020-01-14,1797.7,534.79,81.98,109.7,DEMO_DATA,True
2020-01-15,1796.8,542.64,82.09,109.1,DEMO_DATA,True
2020-01-16,1784.2,546.69,82.26,110.8,DEMO_DATA,True
2020-01-17,1791.6,542.09,82.38,110.7,DEMO_DATA,True
2020-01-18,1758.5,544.06,82.28,110.4,DEMO_DATA,True
2020-01-19,1746.8,554.51,82.04,110.0,DEMO_DATA,True
2020-01-20,1759.2,557.67,81.58,109.7,DEMO_DATA,True
2020-01-21,1764.9,555.33,81.66,110.3,DEMO_DATA,True
2020-01-22,1758.1,554.58,81.69,110.6,DEMO_DATA,True
2020-01-23,1735.6,550.51,81.84,112.3,DEMO_DATA,True
2020-01-24,1736.3,557.71,81.68,111.4,DEMO_DATA,True
2020-01-25,1806.9,543.17,81.51,111.4,DEMO_DATA,True
2020-01-26,1889.3,536.96,81.68,110.2,DEMO_DATA,True
2020-01-27,1888.8,520.42,81.44,108.0,DEMO_DATA,True
2020-01-28,1918.8,524.81,81.66,108.6,DEMO_DATA,True
2020-01-29,1886.4,527.46,81.91,109.3,DEMO_DATA,True
2020-01-30,1876.8,539.93,81.69,108.4,DEMO_DATA,True
2020-01-31,1842.6,548.41,81.46,109.2,DEMO_DATA,True
2020-02-01,1867.6,538.76,81.4,107.8,DEMO_DATA,True
2020-02-02,1850.1,530.74,81.03,108.1,DEMO_DATA,True
2020-02-03,1882.9,535.89,80.89,109.6,DEMO_DATA,True
2020-02-04,2209.3,523.86,80.95,110.0,DEMO_DATA,True
2020-02-05,2180.0,537.26,80.84,110.0,DEMO_DATA,True
2020-02-06,2147.7,533.9,80.79,109.8,DEMO_DATA,True
2020-02-07,2136.6,538.85,80.38,109.4,DEMO_DATA,True
2020-02-08,2130.8,536.67,80.39,109.4,DEMO_DATA,True
2020-02-09,2145.0,522.54,80.41,109.8,DEMO_DATA,True
2020-02-10,2139.6,518.78,80.19,109.1,DEMO_DATA,True
2020-02-11,2095.0,513.03,79.89,107.1,DEMO_DATA,True
2020-02-12,2080.9,505.38,79.55,106.9,DEMO_DATA,True
2020-02-13,2040.6,502.21,80.1,106.1,DEMO_DATA,True
2020-02-14,1996.8,510.41,79.95,105.8,DEMO_DATA,True
2020-02-15,1978.4,517.69,79.97,105.2,DEMO_DATA,True
2020-02-16,2042.0,519.21,79.82,104.8,DEMO_DATA,True
2020-02-17,2007.3,520.39,79.55,98.6,DEMO_DATA,True
2020-02-18,1986.9,527.33,79.45,98.1,DEMO_DATA,True
2020-02-19,1971.7,520.12,79.49,98.9,DEMO_DATA,True
2020-02-20,1958.8,517.92,79.71,98.7,DEMO_DATA,True
2020-02-21,1891.1,521.26,79.43,98.2,DEMO_DATA,True
2020-02-22,1912.0,520.36,78.94,99.0,DEMO_DATA,True
2020-02-23,1865.0,521.42,78.89,97.7,DEMO_DATA,True
2020-02-24,1865.1,518.4,78.64,98.6,DEMO_DATA,True
2020-02-25,1867.7,530.69,78.51,97.9,DEMO_DATA,True
2020-02-26,1864.5,530.35,78.48,98.7,DEMO_DATA,True
2020-02-27,1843.0,539.18,78.44,98.0,DEMO_DATA,True
2020-02-28,1857.1,542.66,78.19,98.0,DEMO_DATA,True
2020-02-29,1839.7,543.83,77.75,97.1,DEMO_DATA,True
2020-03-01,1848.6,534.31,77.73,97.9,DEMO_DATA,True
2020-03-02,1891.0,538.63,77.62,97.8,DEMO_DATA,True
2020-03-03,1935.1,540.12,77.52,97.6,DEMO_DATA,True
2020-03-04,1941.1,534.6,77.6,98.9,DEMO_DATA,True
2020-03-05,1873.3,541.14,77.57,98.3,DEMO_DATA,True
2020-03-06,1889.1,532.27,77.51,98.8,DEMO_DATA,True
2020-03-07,1915.9,536.82,77.6,98.3,DEMO_DATA,True
2020-03-08,1589.0,542.61,77.61,99.4,DEMO_DATA,True
2020-03-09,1559.9,527.28,77.72,98.5,DEMO_DATA,True
2020-03-10,1587.6,520.77,78.06,99.9,DEMO_DATA,True
2020-03-11,1637.6,520.79,78.16,97.8,DEMO_DATA,True
2020-03-12,1703.6,650.23,78.22,98.9,DEMO_DATA,True
2020-03-13,1680.5,663.55,78.37,98.7,DEMO_DATA,True
2020-03-14,1693.2,668.77,78.53,99.8,DEMO_DATA,True
2020-03-15,1706.3,666.07,78.36,98.9,DEMO_DATA,True
2020-03-16,1707.6,663.54,78.7,99.8,DEMO_DATA,True
2020-03-17,1726.5,649.93,78.57,100.8,DEMO_DATA,True
2020-03-18,1727.7,653.38,78.34,100.8,DEMO_DATA,True
2020-03-19,1708.2,658.0,78.08,100.8,DEMO_DATA,True
2020-03-20,1727.4,645.02,78.15,100.3,DEMO_DATA,True
2020-03-21,1737.9,649.73,78.01,100.2,DEMO_DATA,True
2020-03-22,1691.3,637.21,78.5,99.7,DEMO_DATA,True
2020-03-23,1684.3,629.81,74.4,100.1,DEMO_DATA,True
2020-03-24,1672.9,620.47,74.32,100.2,DEMO_DATA,True
2020-03-25,1696.4,626.12,74.4,101.5,DEMO_DATA,True
2020-03-26,1688.8,636.13,74.27,101.6,DEMO_DATA,True
2020-03-27,1702.2,629.33,74.62,100.9,DEMO_DATA,True
2020-03-28,1764.9,634.98,74.59,101.2,DEMO_DATA,True
2020-03-29,1526.0,635.23,75.19,101.3,DEMO_DATA,True
2020-03-30,1543.3,639.34,75.11,103.0,DEMO_DATA,True
2020-03-31,1594.5,637.72,75.16,101.4,DEMO_DATA,True
2020-04-01,1589.0,645.23,75.31,100.0,DEMO_DATA,True
2020-04-02,1583.2,639.42,75.86,99.8,DEMO_DATA,True
2020-04-03,1595.8,619.55,75.58,99.0,DEMO_DATA,True
2020-04-04,1582.8,620.44,75.51,99.5,DEMO_DATA,True
2020-04-05,1598.2,629.6,75.51,100.4,DEMO_DATA,True
2020-04-06,1620.9,641.34,75.43,100.7,DEMO_DATA,True
2020-04-07,1620.0,640.64,75.41,100.9,DEMO_DATA,True
2020-04-08,1644.9,626.32,75.35,100.7,DEMO_DATA,True
2020-04-09,1255.3,613.1,75.52,101.7,DEMO_DATA,True
2020-04-10,1274.3,617.21,75.85,103.2,DEMO_DATA,True
2020-04-11,1274.9,620.2,75.66,103.2,DEMO_DATA,True
2020-04-12,1244.4,621.25,76.02,102.3,DEMO_DATA,True
2020-04-13,1244.9,625.35,76.07,101.7,DEMO_DATA,True
2020-04-14,1277.3,634.9,75.78,102.2,DEMO_DATA,True
2020-04-15,1301.8,621.95,75.86,101.4,DEMO_DATA,True
2020-04-16,1344.0,628.54,73.77,100.7,DEMO_DATA,True
2020-04-17,1307.3,627.31,74.09,100.3,DEMO_DATA,True
2020-04-18,1287.5,631.87,73.88,100.7,DEMO_DATA,True
2020-04-19,1275.7,633.54,73.87,101.0,DEMO_DATA,True
2020-04-20,1311.5,613.32,73.76,100.4,DEMO_DATA,True
2020-04-21,1329.8,602.19,73.8,100.7,DEMO_DATA,True
2020-04-22,1296.6,603.99,73.18,100.7,DEMO_DATA,True
2020-04-23,1302.5,602.69,73.39,101.3,DEMO_DATA,True
2020-04-24,1315.8,601.01,73.69,101.4,DEMO_DATA,True
2020-04-25,1327.4,606.23,73.85,101.8,DEMO_DATA,True
2020-04-26,1357.5,601.46,74.24,102.4,DEMO_DATA,True
2020-04-27,1388.3,587.51,74.49,102.5,DEMO_DATA,True
2020-04-28,1424.4,588.91,74.76,102.3,DEMO_DATA,True
2020-04-29,1433.4,595.49,74.63,102.0,DEMO_DATA,True
2020-04-30,1441.0,614.58,74.47,101.9,DEMO_DATA,True
2020-05-01,1464.9,611.14,74.43,101.0,DEMO_DATA,True
2020-05-02,1497.0,610.87,74.48,101.1,DEMO_DATA,True
2020-05-03,1486.2,620.58,74.64,99.8,DEMO_DATA,True
2020-05-04,1439.4,605.1,74.36,99.6,DEMO_DATA,True
2020-05-05,1455.6,606.3,74.29,99.3,DEMO_DATA,True
2020-05-06,1449.9,500.84,73.92,99.4,DEMO_DATA,True
2020-05-07,1495.1,498.29,74.14,99.2,DEMO_DATA,True
2020-05-08,1526.7,505.1,73.95,98.2,DEMO_DATA,True
2020-05-09,1544.9,513.97,73.64,97.4,DEMO_DATA,True
2020-05-10,1566.6,522.14,73.86,97.2,DEMO_DATA,True
2020-05-11,1589.3,509.84,73.55,97.2,DEMO_DATA,True
2020-05-12,1586.5,524.61,73.38,96.2,DEMO_DATA,True
2020-05-13,1620.3,514.61,73.14,97.3,DEMO_DATA,True
2020-05-14,1653.8,513.39,73.03,97.8,DEMO_DATA,True
2020-05-15,1621.0,515.54,73.63,97.2,DEMO_DATA,True
2020-05-16,1590.1,513.59,73.54,97.6,DEMO_DATA,True
2020-05-17,1592.4,505.52,73.63,97.3,DEMO_DATA,True
2020-05-18,1627.5,505.1,73.51,97.4,DEMO_DATA,True
2020-05-19,1613.9,510.72,73.49,97.4,DEMO_DATA,True
2020-05-20,1606.6,503.17,73.62,96.7,DEMO_DATA,True
2020-05-21,1601.8,495.91,73.74,96.3,DEMO_DATA,True
2020-05-22,1600.1,498.3,73.62,98.4,DEMO_DATA,True
2020-05-23,1583.0,500.49,73.23,99.4,DEMO_DATA,True
2020-05-24,1596.6,497.3,73.18,99.8,DEMO_DATA,True
2020-05-25,1554.9,502.26,73.28,100.5,DEMO_DATA,True
2020-05-26,1590.7,504.99,72.99,100.5,DEMO_DATA,True
2020-05-27,1561.3,502.36,72.78,100.2,DEMO_DATA,True
2020-05-28,1572.3,492.31,72.76,99.2,DEMO_DATA,True
2020-05-29,1595.1,492.05,72.79,98.8,DEMO_DATA,True
2020-05-30,1143.8,493.0,72.68,99.3,DEMO_DATA,True
2020-05-31,1187.2,477.5,72.62,100.0,DEMO_DATA,True
2020-06-01,1187.8,475.98,72.67,100.8,DEMO_DATA,True
2020-06-02,1177.2,474.46,72.96,100.9,DEMO_DATA,True
2020-06-03,1175.7,475.95,72.95,111.2,DEMO_DATA,True
2020-06-04,1174.5,486.22,72.89,110.5,DEMO_DATA,True
2020-06-05,1158.1,487.11,72.81,111.8,DEMO_DATA,True
2020-06-06,1177.1,492.64,72.82,112.4,DEMO_DATA,True
2020-06-07,1214.6,487.04,72.94,111.0,DEMO_DATA,True
2020-06-08,1223.1,482.49,73.32,111.9,DEMO_DATA,True
2020-06-09,1293.6,484.37,73.4,111.3,DEMO_DATA,True
2020-06-10,1292.0,496.81,73.56,111.1,DEMO_DATA,True
2020-06-11,1311.1,490.11,73.75,109.8,DEMO_DATA,True
2020-06-12,1281.4,489.45,73.7,111.1,DEMO_DATA,True
2020-06-13,1292.1,489.45,73.86,113.0,DEMO_DATA,True
2020-06-14,1346.9,496.4,73.61,110.7,DEMO_DATA,True
2020-06-15,1335.0,503.68,73.32,110.8,DEMO_DATA,True
2020-06-16,1355.1,509.3,73.45,109.7,DEMO_DATA,True
2020-06-17,1374.1,505.76,73.37,108.7,DEMO_DATA,True
2020-06-18,1396.5,512.36,73.22,107.4,DEMO_DATA,True
2020-06-19,1401.8,511.49,73.23,106.7,DEMO_DATA,True
2020-06-20,1402.3,522.32,73.26,106.6,DEMO_DATA,True
2020-06-21,1429.4,516.41,73.3,106.6,DEMO_DATA,True
2020-06-22,1392.1,510.77,73.22,107.5,DEMO_DATA,True
2020-06-23,1365.8,523.5,73.41,108.6,DEMO_DATA,True
2020-06-24,1368.4,522.57,73.17,107.3,DEMO_DATA,True
2020-06-25,1382.2,536.47,73.68,107.5,DEMO_DATA,True
2020-06-26,1378.0,531.23,73.36,107.8,DEMO_DATA,True
2020-06-27,1399.1,527.58,73.42,107.8,DEMO_DATA,True
2020-06-28,1408.6,534.1,73.56,108.1,DEMO_DATA,True
2020-06-29,1438.7,540.45,73.46,115.3,DEMO_DATA,True
2020-06-30,1461.4,542.79,73.41,114.4,DEMO_DATA,True
2020-07-01,1486.6,543.16,73.29,112.4,DEMO_DATA,True
2020-07-02,1518.7,548.94,73.17,112.5,DEMO_DATA,True
2020-07-03,1494.8,548.28,73.24,113.5,DEMO_DATA,True
2020-07-04,1482.2,560.83,73.13,113.7,DEMO_DATA,True
2020-07-05,1505.8,575.15,72.92,113.9,DEMO_DATA,True
2020-07-06,1511.7,591.86,72.86,111.8,DEMO_DATA,True
2020-07-07,1526.2,490.13,72.66,112.0,DEMO_DATA,True
2020-07-08,1582.7,482.79,72.69,112.3,DEMO_DATA,True
2020-07-09,1604.0,483.36,72.79,112.6,DEMO_DATA,True
2020-07-10,1598.7,500.71,72.73,112.0,DEMO_DATA,True
2020-07-11,1674.6,499.72,72.9,111.6,DEMO_DATA,True
2020-07-12,1704.5,516.08,72.6,110.5,DEMO_DATA,True
2020-07-13,1717.3,518.02,72.58,111.2,DEMO_DATA,True
2020-07-14,1680.4,524.89,72.71,111.6,DEMO_DATA,True
2020-07-15,1671.5,521.91,72.64,109.9,DEMO_DATA,True
2020-07-16,1684.2,523.98,72.53,111.9,DEMO_DATA,True
2020-07-17,1710.1,540.0,72.67,111.3,DEMO_DATA,True
2020-07-18,1703.8,545.66,72.63,110.8,DEMO_DATA,True
2020-07-19,1673.1,548.47,72.33,110.6,DEMO_DATA,True
2020-07-20,1660.6,484.7,72.61,110.0,DEMO_DATA,True
2020-07-21,1657.7,492.06,70.4,109.9,DEMO_DATA,True
2020-07-22,1673.4,495.97,70.13,110.7,DEMO_DATA,True
2020-07-23,1690.4,494.33,70.19,110.6,DEMO_DATA,True
2020-07-24,1717.6,499.04,70.01,110.8,DEMO_DATA,True
2020-07-25,1736.4,490.4,70.17,111.5,DEMO_DATA,True
2020-07-26,1774.0,483.87,69.9,110.3,DEMO_DATA,True
2020-07-27,1801.1,487.5,70.1,109.1,DEMO_DATA,True
2020-07-28,1817.1,500.29,70.24,110.2,DEMO_DATA,True
2020-07-29,1836.1,489.29,70.41,110.9,DEMO_DATA,True
2020-07-30,1801.9,496.82,70.45,110.4,DEMO_DATA,True
2020-07-31,1839.7,490.38,70.64,109.8,DEMO_DATA,True
2020-08-01,1884.8,488.86,70.57,108.9,DEMO_DATA,True
2020-08-02,1855.2,490.81,70.72,108.7,DEMO_DATA,True
2020-08-03,1902.0,488.62,70.78,110.4,DEMO_DATA,True
2020-08-04,1895.5,494.24,70.4,110.6,DEMO_DATA,True
2020-08-05,1858.4,492.32,70.1,111.8,DEMO_DATA,True
2020-08-06,1828.1,485.88,70.27,111.3,DEMO_DATA,True
2020-08-07,1868.5,481.7,69.98,110.6,DEMO_DATA,True
2020-08-08,1845.5,484.81,69.81,110.6,DEMO_DATA,True
2020-08-09,1764.5,487.86,70.42,109.9,DEMO_DATA,True
2020-08-10,1717.5,484.29,70.12,108.7,DEMO_DATA,True
2020-08-11,1747.2,486.94,70.29,109.7,DEMO_DATA,True
2020-08-12,1760.7,494.01,70.52,108.9,DEMO_DATA,True
2020-08-13,1757.7,494.07,70.57,107.9,DEMO_DATA,True
2020-08-14,1754.2,482.28,70.33,107.5,DEMO_DATA,True
2020-08-15,1800.4,484.49,70.37,107.7,DEMO_DATA,True
2020-08-16,1816.1,485.75,70.52,105.8,DEMO_DATA,True
2020-08-17,1838.8,496.82,70.63,104.9,DEMO_DATA,True
2020-08-18,1764.4,488.07,70.78,105.7,DEMO_DATA,True
2020-08-19,1723.2,483.83,70.92,104.8,DEMO_DATA,True
2020-08-20,1714.6,490.37,71.31,104.1,DEMO_DATA,True
2020-08-21,1728.7,484.52,71.37,103.9,DEMO_DATA,True
2020-08-22,1743.4,490.09,71.24,103.7,DEMO_DATA,True
2020-08-23,1717.0,487.09,70.91,102.9,DEMO_DATA,True
2020-08-24,1670.1,472.17,70.95,103.6,DEMO_DATA,True
2020-08-25,1694.6,468.25,71.28,102.1,DEMO_DATA,True
2020-08-26,1713.9,474.74,71.73,101.7,DEMO_DATA,True
2020-08-27,1728.1,468.07,71.63,101.7,DEMO_DATA,True
2020-08-28,1746.7,459.96,71.47,101.5,DEMO_DATA,True
2020-08-29,1719.3,457.35,71.52,101.8,DEMO_DATA,True
2020-08-30,1742.2,461.12,71.5,103.2,DEMO_DATA,True
2020-08-31,1762.3,457.41,71.44,102.6,DEMO_DATA,True
2020-09-01,1737.1,454.14,71.54,103.2,DEMO_DATA,True
2020-09-02,1650.3,449.22,71.56,104.5,DEMO_DATA,True
2020-09-03,1661.6,441.45,71.61,103.8,DEMO_DATA,True
2020-09-04,1709.9,431.6,71.89,103.1,DEMO_DATA,True
2020-09-05,1693.0,432.05,71.97,102.1,DEMO_DATA,True
2020-09-06,1745.2,434.33,72.08,101.9,DEMO_DATA,True
2020-09-07,1759.0,435.82,72.03,100.7,DEMO_DATA,True
2020-09-08,1761.4,438.14,72.16,100.7,DEMO_DATA,True
2020-09-09,1733.3,444.34,72.32,100.3,DEMO_DATA,True
2020-09-10,1303.7,451.28,72.06,101.0,DEMO_DATA,True
2020-09-11,1325.6,443.16,71.83,101.1,DEMO_DATA,True
2020-09-12,1284.8,459.62,71.78,101.7,DEMO_DATA,True
2020-09-13,1297.1,455.79,72.11,102.0,DEMO_DATA,True
2020-09-14,1344.9,458.8,72.0,101.3,DEMO_DATA,True
2020-09-15,1370.3,456.3,71.97,101.5,DEMO_DATA,True
2020-09-16,1393.1,473.95,71.85,100.4,DEMO_DATA,True
2020-09-17,1380.8,487.44,71.97,100.5,DEMO_DATA,True
2020-09-18,1413.7,482.71,72.19,101.8,DEMO_DATA,True
2020-09-19,1412.3,492.22,71.85,102.4,DEMO_DATA,True
2020-09-20,1372.2,493.79,71.72,103.5,DEMO_DATA,True
2020-09-21,1393.7,493.85,71.42,103.7,DEMO_DATA,True
2020-09-22,1399.6,492.48,71.38,103.7,DEMO_DATA,True
2020-09-23,1381.3,497.69,71.38,104.7,DEMO_DATA,True
2020-09-24,1420.1,492.33,71.27,104.4,DEMO_DATA,True
2020-09-25,1406.9,491.69,71.09,104.8,DEMO_DATA,True
2020-09-26,1396.9,496.77,71.2,104.5,DEMO_DATA,True
2020-09-27,1429.6,495.42,71.44,115.4,DEMO_DATA,True
2020-09-28,1430.2,502.95,70.97,116.1,DEMO_DATA,True
2020-09-29,1420.6,498.53,71.21,114.4,DEMO_DATA,True
2020-09-30,1400.9,498.6,69.37,113.7,DEMO_DATA,True
2020-10-01,1426.6,494.94,69.18,110.9,DEMO_DATA,True
2020-10-02,1429.0,493.7,69.18,110.7,DEMO_DATA,True
2020-10-03,1417.4,501.05,69.36,110.9,DEMO_DATA,True
2020-10-04,1398.5,508.23,68.92,110.6,DEMO_DATA,True
2020-10-05,1434.7,498.27,69.26,110.4,DEMO_DATA,True
2020-10-06,1444.1,509.62,69.36,109.6,DEMO_DATA,True
2020-10-07,1675.7,505.38,69.34,108.8,DEMO_DATA,True
2020-10-08,1634.0,511.51,69.53,107.7,DEMO_DATA,True
2020-10-09,1670.5,509.14,69.64,106.1,DEMO_DATA,True
2020-10-10,1626.3,506.55,69.51,106.1,DEMO_DATA,True
2020-10-11,1581.0,515.37,69.24,105.8,DEMO_DATA,True
2020-10-12,1569.7,522.67,69.3,105.4,DEMO_DATA,True
2020-10-13,1559.4,516.91,69.31,106.3,DEMO_DATA,True
2020-10-14,1532.0,513.59,69.5,107.4,DEMO_DATA,True
2020-10-15,1547.4,527.1,69.67,106.6,DEMO_DATA,True
2020-10-16,1529.7,518.7,69.47,108.3,DEMO_DATA,True
2020-10-17,1529.1,523.85,69.44,107.7,DEMO_DATA,True
2020-10-18,1529.7,528.25,69.64,108.4,DEMO_DATA,True
2020-10-19,1536.5,521.59,69.58,108.6,DEMO_DATA,True
2020-10-20,1552.9,513.36,69.88,107.8,DEMO_DATA,True
2020-10-21,1570.5,509.02,70.17,108.0,DEMO_DATA,True
2020-10-22,1639.0,507.76,70.29,108.1,DEMO_DATA,True
2020-10-23,1629.9,491.54,70.58,107.1,DEMO_DATA,True
2020-10-24,1670.3,488.42,70.56,106.6,DEMO_DATA,True
2020-10-25,1671.3,507.05,70.44,107.4,DEMO_DATA,True
2020-10-26,1683.2,494.73,70.37,107.2,DEMO_DATA,True
2020-10-27,1474.8,499.21,70.71,108.0,DEMO_DATA,True
2020-10-28,1491.1,501.42,70.67,108.0,DEMO_DATA,True
2020-10-29,1511.8,508.11,70.72,107.7,DEMO_DATA,True
2020-10-30,1540.3,501.13,70.76,107.4,DEMO_DATA,True
2020-10-31,1513.9,501.95,70.79,107.6,DEMO_DATA,True
2020-11-01,1538.8,503.28,70.65,106.9,DEMO_DATA,True
2020-11-02,1487.8,502.78,70.65,107.5,DEMO_DATA,True
2020-11-03,1407.3,499.92,70.63,107.3,DEMO_DATA,True
2020-11-04,1431.1,505.21,70.57,107.4,DEMO_DATA,True
2020-11-05,1443.0,518.18,70.56,108.3,DEMO_DATA,True
2020-11-06,1470.0,522.67,70.57,108.6,DEMO_DATA,True
2020-11-07,1475.1,518.42,70.89,108.9,DEMO_DATA,True
2020-11-08,1447.7,523.27,70.73,108.0,DEMO_DATA,True
2020-11-09,1476.4,525.74,70.79,107.1,DEMO_DATA,True
2020-11-10,1499.8,531.86,70.66,108.0,DEMO_DATA,True
2020-11-11,1514.3,528.96,70.94,108.8,DEMO_DATA,True
2020-11-12,1518.4,595.72,71.13,109.9,DEMO_DATA,True
2020-11-13,1541.1,590.52,71.32,108.1,DEMO_DATA,True
2020-11-14,1581.3,601.39,71.13,108.3,DEMO_DATA,True
2020-11-15,1563.2,587.54,71.46,108.0,DEMO_DATA,True
2020-11-16,1571.8,587.38,71.45,107.3,DEMO_DATA,True
2020-11-17,1561.6,587.38,71.58,108.3,DEMO_DATA,True
2020-11-18,1592.1,565.02,71.74,108.2,DEMO_DATA,True
2020-11-19,1584.6,579.23,71.27,107.7,DEMO_DATA,True
2020-11-20,1547.3,588.5,71.26,106.7,DEMO_DATA,True
2020-11-21,1563.3,578.58,71.45,106.2,DEMO_DATA,True
2020-11-22,1540.8,564.48,71.45,104.6,DEMO_DATA,True
2020-11-23,1502.9,554.3,71.21,104.2,DEMO_DATA,True
2020-11-24,1470.1,568.6,71.32,102.9,DEMO_DATA,True
2020-11-25,1461.1,560.86,71.32,103.3,DEMO_DATA,True
2020-11-26,1484.5,562.89,71.42,103.6,DEMO_DATA,True
2020-11-27,1514.7,561.79,71.36,103.8,DEMO_DATA,True
2020-11-28,1309.9,569.15,70.97,103.2,DEMO_DATA,True
2020-11-29,1323.2,556.39,70.7,102.6,DEMO_DATA,True
2020-11-30,1305.8,544.76,70.98,102.7,DEMO_DATA,True
2020-12-01,1321.4,540.99,71.17,103.0,DEMO_DATA,True
2020-12-02,1333.4,542.88,71.25,104.0,DEMO_DATA,True
2020-12-03,1342.8,548.02,71.64,103.4,DEMO_DATA,True
2020-12-04,1374.3,548.69,71.86,104.3,DEMO_DATA,True
2020-12-05,1389.7,549.09,72.12,103.7,DEMO_DATA,True
2020-12-06,1396.0,553.13,71.92,102.8,DEMO_DATA,True
2020-12-07,1386.3,551.21,71.89,101.9,DEMO_DATA,True
2020-12-08,1400.8,554.79,71.99,101.4,DEMO_DATA,True
2020-12-09,1406.9,561.29,71.86,101.4,DEMO_DATA,True
2020-12-10,1421.6,552.86,72.07,102.2,DEMO_DATA,True
2020-12-11,1372.6,482.64,72.32,102.2,DEMO_DATA,True
2020-12-12,1359.0,488.29,72.49,102.4,DEMO_DATA,True
2020-12-13,1379.7,486.49,72.35,101.6,DEMO_DATA,True
2020-12-14,1395.7,477.46,72.4,100.3,DEMO_DATA,True
2020-12-15,1389.4,483.49,72.25,101.1,DEMO_DATA,True
2020-12-16,1397.6,482.81,72.29,100.3,DEMO_DATA,True
2020-12-17,1381.0,486.92,72.44,100.6,DEMO_DATA,True
2020-12-18,1410.0,481.6,72.8,101.1,DEMO_DATA,True
2020-12-19,1390.0,479.73,72.72,101.0,DEMO_DATA,True
2020-12-20,1437.9,478.15,72.73,109.5,DEMO_DATA,True
2020-12-21,1423.2,481.88,72.5,108.7,DEMO_DATA,True
2020-12-22,1423.7,482.13,72.29,108.7,DEMO_DATA,True
2020-12-23,1415.5,477.21,72.15,107.5,DEMO_DATA,True
2020-12-24,1411.4,481.46,72.15,108.8,DEMO_DATA,True
2020-12-25,1368.1,474.08,72.29,107.1,DEMO_DATA,True
2020-12-26,1437.4,477.55,72.43,106.2,DEMO_DATA,True
2020-12-27,1452.5,469.18,72.79,106.0,DEMO_DATA,True
2020-12-28,1483.5,477.83,72.53,106.4,DEMO_DATA,True
2020-12-29,1494.8,471.13,72.68,106.3,DEMO_DATA,True
2020-12-30,1477.5,477.47,72.55,106.2,DEMO_DATA,True
2020-12-31,1491.3,471.38,72.45,107.1,DEMO_DATA,True
2021-01-01,1498.1,467.73,72.27,106.4,DEMO_DATA,True
2021-01-02,1530.8,470.28,72.38,106.5,DEMO_DATA,True
2021-01-03,1536.4,472.16,72.4,105.4,DEMO_DATA,True
2021-01-04,1269.3,462.64,72.65,104.8,DEMO_DATA,True
2021-01-05,1272.8,458.78,72.81,105.2,DEMO_DATA,True
2021-01-06,1281.1,448.76,72.89,104.6,DEMO_DATA,True
2021-01-07,1313.6,454.95,73.32,103.8,DEMO_DATA,True
2021-01-08,1307.3,448.95,73.5,103.6,DEMO_DATA,True
2021-01-09,1565.2,451.88,72.94,103.6,DEMO_DATA,True
2021-01-10,1557.9,448.79,72.78,109.9,DEMO_DATA,True
2021-01-11,1541.5,456.16,72.87,108.5,DEMO_DATA,True
2021-01-12,1558.4,456.59,73.2,108.0,DEMO_DATA,True
2021-01-13,1549.2,461.99,73.03,107.4,DEMO_DATA,True
2021-01-14,1573.0,469.82,73.09,107.8,DEMO_DATA,True
2021-01-15,1539.8,472.33,72.74,106.4,DEMO_DATA,True
2021-01-16,1535.1,483.46,72.63,106.3,DEMO_DATA,True
2021-01-17,1591.3,481.2,72.55,105.6,DEMO_DATA,True
2021-01-18,1556.6,480.34,72.5,105.4,DEMO_DATA,True
2021-01-19,1516.9,448.85,72.5,105.1,DEMO_DATA,True
2021-01-20,1536.4,448.16,72.56,105.1,DEMO_DATA,True
2021-01-21,1464.5,442.15,73.02,105.6,DEMO_DATA,True
2021-01-22,1473.8,450.41,73.24,105.5,DEMO_DATA,True
2021-01-23,1677.3,448.09,73.64,104.5,DEMO_DATA,True
2021-01-24,1638.1,442.71,73.09,104.5,DEMO_DATA,True
2021-01-25,1645.7,448.15,73.31,103.2,DEMO_DATA,True
2021-01-26,1627.3,447.27,72.98,103.3,DEMO_DATA,True
2021-01-27,1666.9,450.22,72.83,102.5,DEMO_DATA,True
2021-01-28,1638.6,454.9,73.01,102.9,DEMO_DATA,True
2021-01-29,1591.0,453.19,73.16,103.6,DEMO_DATA,True
2021-01-30,1590.3,465.11,72.89,103.1,DEMO_DATA,True
2021-01-31,1674.1,463.86,72.63,102.4,DEMO_DATA,True
2021-02-01,1677.5,472.98,72.82,103.2,DEMO_DATA,True
2021-02-02,1667.6,484.94,72.78,103.8,DEMO_DATA,True
2021-02-03,1671.1,480.33,73.11,103.2,DEMO_DATA,True
2021-02-04,1663.3,478.51,73.17,105.0,DEMO_DATA,True
2021-02-05,1674.3,477.36,72.85,106.2,DEMO_DATA,True
2021-02-06,1668.4,481.47,73.17,106.0,DEMO_DATA,True
2021-02-07,1683.7,474.47,72.87,104.9,DEMO_DATA,True
2021-02-08,1671.4,477.26,72.89,105.9,DEMO_DATA,True
2021-02-09,1700.9,476.34,73.05,105.2,DEMO_DATA,True
2021-02-10,1644.1,477.37,73.0,103.5,DEMO_DATA,True
2021-02-11,1644.3,468.93,72.74,103.0,DEMO_DATA,True
2021-02-12,1634.9,473.64,72.96,102.8,DEMO_DATA,True
2021-02-13,1580.3,487.45,73.12,103.5,DEMO_DATA,True
2021-02-14,1584.6,485.65,73.18,102.8,DEMO_DATA,True
2021-02-15,1589.6,489.16,73.33,102.4,DEMO_DATA,True
2021-02-16,1610.4,484.21,73.78,102.5,DEMO_DATA,True
2021-02-17,1649.0,492.29,74.06,90.0,DEMO_DATA,True
2021-02-18,1669.0,474.29,74.05,91.0,DEMO_DATA,True
2021-02-19,1610.2,465.73,73.86,91.3,DEMO_DATA,True
2021-02-20,1620.6,478.4,73.92,91.9,DEMO_DATA,True
2021-02-21,1625.4,492.43,73.93,92.4,DEMO_DATA,True
2021-02-22,1624.9,506.11,74.31,92.0,DEMO_DATA,True
2021-02-23,1611.3,504.72,74.35,91.8,DEMO_DATA,True
2021-02-24,1594.1,497.54,74.15,91.6,DEMO_DATA,True
2021-02-25,1557.5,491.1,74.04,92.0,DEMO_DATA,True
2021-02-26,1559.9,486.55,73.93,92.8,DEMO_DATA,True
2021-02-27,1578.5,485.81,73.95,92.6,DEMO_DATA,True
2021-02-28,1556.9,481.08,73.93,93.8,DEMO_DATA,True
2021-03-01,1580.2,475.14,73.74,94.5,DEMO_DATA,True
2021-03-02,1596.9,477.73,73.76,95.2,DEMO_DATA,True
2021-03-03,1583.1,482.24,74.23,94.8,DEMO_DATA,True
2021-03-04,1572.2,478.11,74.02,94.7,DEMO_DATA,True
2021-03-05,1742.1,467.38,74.12,95.1,DEMO_DATA,True
2021-03-06,1731.9,467.39,74.55,96.2,DEMO_DATA,True
2021-03-07,1729.9,462.82,74.36,97.4,DEMO_DATA,True
2021-03-08,1674.9,477.94,73.76,96.8,DEMO_DATA,True
2021-03-09,1734.1,481.96,73.29,96.4,DEMO_DATA,True
2021-03-10,1702.1,476.49,73.27,96.1,DEMO_DATA,True
2021-03-11,1738.0,471.64,73.17,95.3,DEMO_DATA,True
2021-03-12,1723.1,478.01,73.49,95.6,DEMO_DATA,True
2021-03-13,1752.8,485.0,73.17,104.9,DEMO_DATA,True
2021-03-14,1717.8,481.65,73.61,104.1,DEMO_DATA,True
2021-03-15,1666.7,487.65,73.74,103.4,DEMO_DATA,True
2021-03-16,1645.7,484.42,73.72,102.6,DEMO_DATA,True
2021-03-17,1618.8,491.48,73.43,102.8,DEMO_DATA,True
2021-03-18,1647.9,513.89,73.43,102.6,DEMO_DATA,True
2021-03-19,1640.2,519.12,73.59,101.6,DEMO_DATA,True
2021-03-20,1681.5,520.14,73.1,100.7,DEMO_DATA,True
2021-03-21,1711.8,513.61,73.35,101.1,DEMO_DATA,True
2021-03-22,1853.0,512.17,73.55,100.8,DEMO_DATA,True
2021-03-23,1775.1,516.43,70.51,101.8,DEMO_DATA,True
2021-03-24,1762.2,523.83,70.35,101.7,DEMO_DATA,True
2021-03-25,1751.2,513.31,70.22,101.6,DEMO_DATA,True
2021-03-26,1745.0,511.49,70.36,101.3,DEMO_DATA,True
2021-03-27,1717.1,509.35,70.41,101.7,DEMO_DATA,True
2021-03-28,1716.0,617.1,70.59,101.0,DEMO_DATA,True
2021-03-29,1244.9,608.21,70.63,101.4,DEMO_DATA,True
2021-03-30,1257.7,609.1,70.47,103.5,DEMO_DATA,True
2021-03-31,1266.1,626.38,69.81,102.9,DEMO_DATA,True
2021-04-01,1286.0,758.77,69.72,102.9,DEMO_DATA,True
2021-04-02,1280.2,755.38,69.92,103.5,DEMO_DATA,True
2021-04-03,1266.3,751.09,69.8,103.6,DEMO_DATA,True
2021-04-04,1122.3,756.76,69.78,102.5,DEMO_DATA,True
2021-04-05,1125.2,749.1,69.85,102.9,DEMO_DATA,True
2021-04-06,1142.5,730.96,70.06,103.0,DEMO_DATA,True
2021-04-07,1124.5,728.42,70.2,102.4,DEMO_DATA,True
2021-04-08,1140.4,717.99,70.17,101.5,DEMO_DATA,True
2021-04-09,1138.0,714.98,70.2,101.4,DEMO_DATA,True
2021-04-10,1121.8,713.52,70.39,100.1,DEMO_DATA,True
2021-04-11,1125.2,712.97,70.63,101.3,DEMO_DATA,True
2021-04-12,1150.9,694.85,71.28,101.3,DEMO_DATA,True
2021-04-13,1130.6,684.32,71.56,101.7,DEMO_DATA,True
2021-04-14,1147.2,671.93,71.99,103.4,DEMO_DATA,True
2021-04-15,1149.1,682.47,72.3,103.5,DEMO_DATA,True
2021-04-16,1188.6,685.69,72.58,103.7,DEMO_DATA,True
2021-04-17,1231.2,686.22,72.64,102.6,DEMO_DATA,True
2021-04-18,1262.2,691.91,72.68,101.4,DEMO_DATA,True
2021-04-19,1272.2,689.42,72.63,101.9,DEMO_DATA,True
2021-04-20,1263.4,803.4,72.47,100.5,DEMO_DATA,True
2021-04-21,1273.8,806.13,72.18,100.5,DEMO_DATA,True
2021-04-22,1302.9,810.94,72.42,100.4,DEMO_DATA,True
2021-04-23,1320.5,825.8,72.44,98.7,DEMO_DATA,True
2021-04-24,1333.6,825.42,72.48,99.1,DEMO_DATA,True
2021-04-25,1343.7,839.04,72.8,98.5,DEMO_DATA,True
2021-04-26,1373.0,813.33,72.9,99.3,DEMO_DATA,True
2021-04-27,1383.6,782.24,72.62,98.7,DEMO_DATA,True
2021-04-28,1381.6,772.0,72.35,98.1,DEMO_DATA,True
2021-04-29,1380.7,760.11,72.58,96.8,DEMO_DATA,True
2021-04-30,1370.1,729.45,72.53,95.6,DEMO_DATA,True
2021-05-01,1415.5,730.05,72.54,95.1,DEMO_DATA,True
2021-05-02,1414.3,726.66,72.52,94.4,DEMO_DATA,True
2021-05-03,1422.0,729.61,72.56,95.3,DEMO_DATA,True
2021-05-04,1454.9,719.45,72.54,97.0,DEMO_DATA,True
2021-05-05,1479.8,706.08,72.15,96.3,DEMO_DATA,True
2021-05-06,1474.9,694.38,72.19,98.1,DEMO_DATA,True
2021-05-07,1471.0,704.63,75.8,99.8,DEMO_DATA,True
2021-05-08,1514.0,708.54,75.61,101.8,DEMO_DATA,True
2021-05-09,1532.7,706.08,75.37,101.2,DEMO_DATA,True
2021-05-10,1560.6,705.5,75.11,102.0,DEMO_DATA,True
2021-05-11,1531.8,697.46,74.78,101.2,DEMO_DATA,True
2021-05-12,1529.1,684.29,74.81,100.6,DEMO_DATA,True
2021-05-13,1552.5,679.2,74.82,101.1,DEMO_DATA,True
2021-05-14,1610.0,674.0,75.03,100.8,DEMO_DATA,True
2021-05-15,1543.4,679.46,75.01,99.0,DEMO_DATA,True
2021-05-16,1519.9,682.79,74.82,99.9,DEMO_DATA,True
2021-05-17,1546.9,666.1,75.03,98.9,DEMO_DATA,True
2021-05-18,1491.4,675.02,75.26,98.7,DEMO_DATA,True
2021-05-19,1493.3,670.72,75.21,98.1,DEMO_DATA,True
2021-05-20,1249.8,681.83,75.29,97.9,DEMO_DATA,True
2021-05-21,1287.0,694.57,75.44,98.5,DEMO_DATA,True
2021-05-22,1285.0,711.59,75.71,99.2,DEMO_DATA,True
2021-05-23,1266.5,707.52,75.8,99.6,DEMO_DATA,True
2021-05-24,1288.4,692.64,76.1,99.1,DEMO_DATA,True
2021-05-25,1284.6,690.27,76.3,98.7,DEMO_DATA,True
2021-05-26,1312.4,676.11,76.33,97.8,DEMO_DATA,True
2021-05-27,1318.3,683.39,76.73,97.1,DEMO_DATA,True
2021-05-28,1316.8,671.53,77.29,97.0,DEMO_DATA,True
2021-05-29,1331.4,663.28,77.2,96.4,DEMO_DATA,True
2021-05-30,1353.5,654.87,77.49,96.7,DEMO_DATA,True
2021-05-31,1401.2,653.22,77.63,95.9,DEMO_DATA,True
2021-06-01,1712.0,649.71,77.92,95.8,DEMO_DATA,True
2021-06-02,1684.4,653.24,78.33,95.8,DEMO_DATA,True
2021-06-03,1683.8,665.98,78.13,96.3,DEMO_DATA,True
2021-06-04,1718.6,662.13,78.04,95.7,DEMO_DATA,True
2021-06-05,1709.8,760.5,77.67,97.4,DEMO_DATA,True
2021-06-06,1694.3,756.41,77.91,97.0,DEMO_DATA,True
2021-06-07,1694.3,734.25,78.21,98.1,DEMO_DATA,True
2021-06-08,1769.2,723.18,77.95,98.0,DEMO_DATA,True
2021-06-09,1813.6,723.02,78.09,97.5,DEMO_DATA,True
2021-06-10,1817.4,735.47,77.79,97.9,DEMO_DATA,True
2021-06-11,1823.8,745.56,77.56,98.1,DEMO_DATA,True
2021-06-12,1882.6,735.94,77.33,97.7,DEMO_DATA,True
2021-06-13,1910.1,745.96,77.34,97.8,DEMO_DATA,True
2021-06-14,1931.0,742.0,77.09,97.4,DEMO_DATA,True
2021-06-15,1915.4,745.93,76.89,98.5,DEMO_DATA,True
2021-06-16,1929.2,729.41,77.0,99.6,DEMO_DATA,True
2021-06-17,1995.7,740.77,76.97,100.3,DEMO_DATA,True
2021-06-18,2009.8,727.91,76.96,101.6,DEMO_DATA,True
2021-06-19,2045.8,733.18,76.89,101.0,DEMO_DATA,True
2021-06-20,2026.0,735.31,77.16,102.8,DEMO_DATA,True
2021-06-21,2044.0,751.22,77.56,102.4,DEMO_DATA,True
2021-06-22,1982.4,743.25,77.31,102.9,DEMO_DATA,True
2021-06-23,1999.4,747.56,76.94,102.4,DEMO_DATA,True
2021-06-24,2036.4,736.99,76.98,101.3,DEMO_DATA,True
2021-06-25,2074.0,730.97,77.0,100.0,DEMO_DATA,True
2021-06-26,2032.3,720.68,77.22,99.2,DEMO_DATA,True
2021-06-27,2063.9,718.49,77.46,98.4,DEMO_DATA,True
2021-06-28,2117.4,723.35,77.58,98.8,DEMO_DATA,True
2021-06-29,2168.8,725.77,77.73,97.0,DEMO_DATA,True
2021-06-30,2214.4,719.93,77.78,97.0,DEMO_DATA,True
2021-07-01,2663.2,699.56,77.48,97.6,DEMO_DATA,True
2021-07-02,2661.2,694.29,77.31,89.3,DEMO_DATA,True
2021-07-03,2630.2,681.9,77.32,88.8,DEMO_DATA,True
2021-07-04,2697.8,674.71,77.06,88.8,DEMO_DATA,True
2021-07-05,2678.9,670.28,76.89,89.3,DEMO_DATA,True
2021-07-06,2581.7,675.56,76.9,89.0,DEMO_DATA,True
2021-07-07,2621.6,675.66,77.15,89.2,DEMO_DATA,True
2021-07-08,2573.6,665.62,76.98,89.6,DEMO_DATA,True
2021-07-09,2627.0,645.33,76.8,88.8,DEMO_DATA,True
2021-07-10,2575.4,640.43,76.6,89.7,DEMO_DATA,True
2021-07-11,2477.1,630.11,76.51,90.7,DEMO_DATA,True
2021-07-12,2072.6,625.47,77.0,91.2,DEMO_DATA,True
2021-07-13,2076.5,621.41,77.4,91.7,DEMO_DATA,True
2021-07-14,2070.2,625.56,77.22,92.3,DEMO_DATA,True
2021-07-15,2163.8,627.15,77.13,93.0,DEMO_DATA,True
2021-07-16,2198.6,622.49,76.9,92.1,DEMO_DATA,True
2021-07-17,2198.6,545.96,76.98,93.1,DEMO_DATA,True
2021-07-18,2206.4,542.56,76.93,92.6,DEMO_DATA,True
2021-07-19,2246.0,551.25,76.79,91.4,DEMO_DATA,True
2021-07-20,2288.6,560.76,76.98,100.9,DEMO_DATA,True
2021-07-21,2322.0,557.84,76.72,100.2,DEMO_DATA,True
2021-07-22,2351.3,558.71,76.64,101.8,DEMO_DATA,True
2021-07-23,2379.8,550.99,76.48,102.7,DEMO_DATA,True
2021-07-24,2423.3,554.22,76.54,103.4,DEMO_DATA,True
2021-07-25,2398.5,550.27,76.3,103.4,DEMO_DATA,True
2021-07-26,2406.8,554.03,76.43,103.3,DEMO_DATA,True
2021-07-27,2425.3,560.36,76.29,103.7,DEMO_DATA,True
2021-07-28,2393.0,508.52,76.13,104.3,DEMO_DATA,True
2021-07-29,2408.3,501.4,76.01,104.2,DEMO_DATA,True
2021-07-30,2374.8,508.7,75.67,105.6,DEMO_DATA,True
2021-07-31,2376.9,502.17,75.81,107.0,DEMO_DATA,True
2021-08-01,2373.2,505.03,75.69,105.2,DEMO_DATA,True
2021-08-02,2358.7,497.96,75.48,104.2,DEMO_DATA,True
2021-08-03,2347.6,492.65,75.04,103.5,DEMO_DATA,True
2021-08-04,2371.6,493.68,74.85,103.0,DEMO_DATA,True
2021-08-05,2393.5,495.77,75.11,103.0,DEMO_DATA,True
2021-08-06,2354.4,497.77,75.14,103.6,DEMO_DATA,True
2021-08-07,2432.4,504.6,75.05,103.3,DEMO_DATA,True
2021-08-08,2385.7,491.61,75.0,103.5,DEMO_DATA,True
2021-08-09,2441.5,492.92,74.84,103.3,DEMO_DATA,True
2021-08-10,2421.0,493.66,75.31,101.7,DEMO_DATA,True
2021-08-11,2454.4,495.12,75.57,101.8,DEMO_DATA,True
2021-08-12,2430.3,499.57,75.54,102.1,DEMO_DATA,True
2021-08-13,2414.9,494.04,75.15,101.8,DEMO_DATA,True
2021-08-14,2360.5,506.08,75.13,100.2,DEMO_DATA,True
2021-08-15,2420.0,521.12,75.35,99.1,DEMO_DATA,True
2021-08-16,2436.1,530.54,75.26,99.1,DEMO_DATA,True
2021-08-17,2431.4,542.29,75.15,98.6,DEMO_DATA,True
2021-08-18,2471.1,534.52,75.38,99.5,DEMO_DATA,True
2021-08-19,2580.9,539.26,75.16,100.4,DEMO_DATA,True
2021-08-20,2513.5,545.97,75.39,99.5,DEMO_DATA,True
2021-08-21,2457.3,467.04,75.05,99.6,DEMO_DATA,True
2021-08-22,2446.2,464.31,75.02,100.1,DEMO_DATA,True
2021-08-23,2479.9,458.37,75.0,100.3,DEMO_DATA,True
2021-08-24,2482.9,464.32,75.09,100.0,DEMO_DATA,True
2021-08-25,2496.4,469.36,74.95,98.5,DEMO_DATA,True
2021-08-26,2567.4,537.4,75.23,98.7,DEMO_DATA,True
2021-08-27,2580.3,554.62,75.03,98.5,DEMO_DATA,True
2021-08-28,2575.5,459.43,75.26,98.7,DEMO_DATA,True
2021-08-29,2627.8,456.29,75.36,104.7,DEMO_DATA,True
2021-08-30,2562.5,460.95,74.92,106.3,DEMO_DATA,True
2021-08-31,2568.9,459.67,74.81,107.6,DEMO_DATA,True
2021-09-01,2633.5,459.59,75.03,107.8,DEMO_DATA,True
2021-09-02,2636.9,471.24,75.14,107.0,DEMO_DATA,True
2021-09-03,2623.9,469.37,75.0,107.4,DEMO_DATA,True
2021-09-04,2644.5,405.55,74.96,106.0,DEMO_DATA,True
2021-09-05,2659.8,401.38,74.94,105.6,DEMO_DATA,True
2021-09-06,2792.8,405.85,75.21,105.0,DEMO_DATA,True
2021-09-07,2844.7,418.33,74.95,105.4,DEMO_DATA,True
2021-09-08,2897.3,423.28,75.13,115.8,DEMO_DATA,True
2021-09-09,2869.6,442.58,75.58,114.5,DEMO_DATA,True
2021-09-10,2878.3,441.93,75.9,113.1,DEMO_DATA,True
2021-09-11,2861.8,436.3,75.99,111.9,DEMO_DATA,True
2021-09-12,2892.6,498.45,75.65,111.5,DEMO_DATA,True
2021-09-13,2788.8,503.29,75.6,111.5,DEMO_DATA,True
2021-09-14,2750.1,505.05,75.35,111.9,DEMO_DATA,True
2021-09-15,2805.6,502.34,75.35,110.7,DEMO_DATA,True
2021-09-16,2811.8,503.35,75.15,109.5,DEMO_DATA,True
2021-09-17,2697.2,495.85,75.2,110.1,DEMO_DATA,True
2021-09-18,2756.2,491.93,75.15,110.5,DEMO_DATA,True
2021-09-19,2802.3,481.34,74.53,110.5,DEMO_DATA,True
2021-09-20,2782.9,477.21,74.4,108.7,DEMO_DATA,True
2021-09-21,2859.7,487.9,74.23,107.7,DEMO_DATA,True
2021-09-22,2925.8,482.62,74.31,106.5,DEMO_DATA,True
2021-09-23,3016.0,493.22,74.49,105.8,DEMO_DATA,True
2021-09-24,2992.4,483.34,74.58,107.0,DEMO_DATA,True
2021-09-25,3047.4,494.59,74.91,105.7,DEMO_DATA,True
2021-09-26,3139.9,504.23,77.69,105.7,DEMO_DATA,True
2021-09-27,3124.6,490.95,78.14,106.0,DEMO_DATA,True
2021-09-28,3217.8,486.58,78.14,105.8,DEMO_DATA,True
2021-09-29,3206.2,497.62,78.18,106.8,DEMO_DATA,True
2021-09-30,3272.3,504.12,78.23,106.2,DEMO_DATA,True
2021-10-01,3285.2,508.45,78.24,99.2,DEMO_DATA,True
2021-10-02,3243.9,505.65,78.34,98.5,DEMO_DATA,True
2021-10-03,3222.4,502.69,78.51,90.2,DEMO_DATA,True
2021-10-04,3261.9,513.01,78.15,91.2,DEMO_DATA,True
2021-10-05,3290.9,429.77,78.47,91.5,DEMO_DATA,True
2021-10-06,3393.8,438.91,77.98,92.9,DEMO_DATA,True
2021-10-07,3389.9,440.09,78.13,94.7,DEMO_DATA,True
2021-10-08,3463.7,437.93,77.75,95.6,DEMO_DATA,True
2021-10-09,3516.6,443.87,78.07,96.2,DEMO_DATA,True
2021-10-10,3571.7,463.32,78.47,98.0,DEMO_DATA,True
2021-10-11,3512.8,470.64,78.49,97.7,DEMO_DATA,True
2021-10-12,3525.4,471.6,78.71,96.6,DEMO_DATA,True
2021-10-13,3679.5,472.45,78.55,96.7,DEMO_DATA,True
2021-10-14,3666.0,462.29,78.05,98.6,DEMO_DATA,True
2021-10-15,3564.2,452.43,77.85,99.0,DEMO_DATA,True
2021-10-16,3627.6,458.35,77.93,99.6,DEMO_DATA,True
2021-10-17,3624.9,464.69,77.74,98.6,DEMO_DATA,True
2021-10-18,3614.9,468.51,77.7,98.7,DEMO_DATA,True
2021-10-19,3694.6,476.87,78.01,98.1,DEMO_DATA,True
2021-10-20,3535.1,486.73,77.92,98.0,DEMO_DATA,True
2021-10-21,3469.8,488.99,77.82,97.3,DEMO_DATA,True
2021-10-22,3545.1,488.06,77.8,97.7,DEMO_DATA,True
2021-10-23,3498.6,482.65,78.21,96.3,DEMO_DATA,True
2021-10-24,3340.6,496.13,78.54,96.7,DEMO_DATA,True
2021-10-25,3292.2,506.22,78.52,97.6,DEMO_DATA,True
2021-10-26,3314.6,513.92,78.3,97.0,DEMO_DATA,True
2021-10-27,3345.6,503.02,78.4,97.6,DEMO_DATA,True
2021-10-28,3361.8,499.48,78.64,98.0,DEMO_DATA,True
2021-10-29,4335.7,489.48,78.2,98.9,DEMO_DATA,True
2021-10-30,4229.8,502.14,77.8,99.2,DEMO_DATA,True
2021-10-31,4156.7,511.11,77.84,99.8,DEMO_DATA,True
2021-11-01,4223.1,497.26,77.69,99.0,DEMO_DATA,True
2021-11-02,4204.2,496.05,77.46,92.5,DEMO_DATA,True
2021-11-03,4324.3,483.96,77.71,93.2,DEMO_DATA,True
2021-11-04,4343.1,478.11,78.18,93.4,DEMO_DATA,True
2021-11-05,4434.9,470.95,78.66,93.1,DEMO_DATA,True
2021-11-06,4408.3,467.6,78.69,93.5,DEMO_DATA,True
2021-11-07,4384.4,462.85,78.77,92.5,DEMO_DATA,True
2021-11-08,4419.6,473.49,78.67,93.7,DEMO_DATA,True
2021-11-09,4392.8,486.31,78.74,94.9,DEMO_DATA,True
2021-11-10,4350.0,488.45,78.71,94.4,DEMO_DATA,True
2021-11-11,4354.4,487.97,78.55,95.5,DEMO_DATA,True
2021-11-12,4368.2,497.04,78.64,96.9,DEMO_DATA,True
2021-11-13,5328.4,494.65,78.65,97.4,DEMO_DATA,True
2021-11-14,5285.0,495.67,79.0,97.4,DEMO_DATA,True
2021-11-15,5222.2,511.48,78.79,97.2,DEMO_DATA,True
2021-11-16,5356.6,509.0,79.23,96.9,DEMO_DATA,True
2021-11-17,5419.9,518.33,79.24,97.9,DEMO_DATA,True
2021-11-18,5492.8,517.66,79.25,97.0,DEMO_DATA,True
2021-11-19,5390.7,518.48,79.22,96.4,DEMO_DATA,True
2021-11-20,5367.7,511.06,79.18,96.6,DEMO_DATA,True
2021-11-21,5370.9,501.16,79.41,96.1,DEMO_DATA,True
2021-11-22,5121.6,496.41,79.54,96.0,DEMO_DATA,True
2021-11-23,5163.1,492.63,79.31,95.8,DEMO_DATA,True
2021-11-24,5130.5,503.2,79.19,95.7,DEMO_DATA,True
2021-11-25,5025.4,498.51,79.38,95.9,DEMO_DATA,True
2021-11-26,5208.9,504.86,79.48,96.8,DEMO_DATA,True
2021-11-27,5017.2,509.99,79.35,97.0,DEMO_DATA,True
2021-11-28,5008.6,510.52,79.4,96.7,DEMO_DATA,True
2021-11-29,5163.0,495.55,79.47,96.8,DEMO_DATA,True
2021-11-30,5201.2,496.9,79.36,96.7,DEMO_DATA,True
2021-12-01,6641.8,511.47,79.59,96.7,DEMO_DATA,True
2021-12-02,6517.2,508.68,79.54,96.2,DEMO_DATA,True
2021-12-03,6279.9,508.52,79.37,95.3,DEMO_DATA,True
2021-12-04,6395.3,506.66,79.15,96.7,DEMO_DATA,True
2021-12-05,6466.7,505.07,78.97,97.5,DEMO_DATA,True
2021-12-06,6413.0,502.82,79.12,98.2,DEMO_DATA,True
2021-12-07,6218.7,502.66,79.38,99.1,DEMO_DATA,True
2021-12-08,6236.2,492.95,79.35,98.7,DEMO_DATA,True
2021-12-09,6007.5,490.96,79.29,98.4,DEMO_DATA,True
2021-12-10,6046.5,501.18,79.21,98.6,DEMO_DATA,True
2021-12-11,5758.7,495.88,79.56,98.4,DEMO_DATA,True
2021-12-12,5684.8,491.46,79.85,99.8,DEMO_DATA,True
2021-12-13,5729.2,504.68,79.84,99.3,DEMO_DATA,True
2021-12-14,5412.1,498.58,79.96,99.7,DEMO_DATA,True
2021-12-15,5412.0,517.62,79.8,98.9,DEMO_DATA,True
2021-12-16,5442.2,527.45,79.91,98.2,DEMO_DATA,True
2021-12-17,5356.1,526.06,79.88,98.5,DEMO_DATA,True
2021-12-18,5331.5,537.78,80.2,98.9,DEMO_DATA,True
2021-12-19,5346.5,534.32,79.87,96.6,DEMO_DATA,True
2021-12-20,5378.3,530.93,79.92,96.6,DEMO_DATA,True
2021-12-21,5468.0,531.86,79.76,96.5,DEMO_DATA,True
2021-12-22,5422.5,517.53,79.78,96.0,DEMO_DATA,True
2021-12-23,5556.1,522.88,79.79,96.4,DEMO_DATA,True
2021-12-24,5017.3,521.51,80.09,97.2,DEMO_DATA,True
2021-12-25,5082.1,526.78,80.49,96.8,DEMO_DATA,True
2021-12-26,5115.6,543.1,80.59,96.3,DEMO_DATA,True
2021-12-27,5186.8,536.3,80.66,98.4,DEMO_DATA,True
2021-12-28,5171.8,526.39,80.99,98.2,DEMO_DATA,True
2021-12-29,5097.6,545.19,81.5,97.7,DEMO_DATA,True
2021-12-30,5054.9,540.87,80.92,98.2,DEMO_DATA,True
2021-12-31,4990.8,539.73,80.88,98.3,DEMO_DATA,True
2022-01-01,5052.2,596.2,80.71,98.2,DEMO_DATA,True
2022-01-02,5001.1,608.84,80.47,99.8,DEMO_DATA,True
2022-01-03,4952.4,606.04,80.34,99.1,DEMO_DATA,True
2022-01-04,4936.7,531.83,77.57,98.8,DEMO_DATA,True
2022-01-05,4936.0,545.07,77.65,98.5,DEMO_DATA,True
2022-01-06,4968.4,548.31,81.85,90.6,DEMO_DATA,True
2022-01-07,5113.3,534.79,81.75,92.4,DEMO_DATA,True
2022-01-08,4917.1,550.48,81.53,94.0,DEMO_DATA,True
2022-01-09,4925.2,546.23,81.73,94.0,DEMO_DATA,True
2022-01-10,4892.6,538.58,81.94,94.1,DEMO_DATA,True
2022-01-11,4974.9,555.08,81.93,94.8,DEMO_DATA,True
2022-01-12,5100.0,572.11,81.56,95.1,DEMO_DATA,True
2022-01-13,6118.6,568.6,81.34,95.3,DEMO_DATA,True
2022-01-14,6041.3,564.7,81.58,95.7,DEMO_DATA,True
2022-01-15,6002.7,571.63,81.47,96.0,DEMO_DATA,True
2022-01-16,5775.1,574.65,81.56,96.1,DEMO_DATA,True
2022-01-17,5737.2,578.87,81.8,97.0,DEMO_DATA,True
2022-01-18,5875.9,575.01,82.29,90.2,DEMO_DATA,True
2022-01-19,5757.8,578.82,82.34,91.1,DEMO_DATA,True
2022-01-20,5846.4,574.48,82.48,91.2,DEMO_DATA,True
2022-01-21,5922.2,573.92,82.6,103.1,DEMO_DATA,True
2022-01-22,5842.3,578.03,82.38,103.3,DEMO_DATA,True
2022-01-23,5972.6,555.14,82.31,101.1,DEMO_DATA,True
2022-01-24,5875.4,545.49,81.82,100.5,DEMO_DATA,True
2022-01-25,5828.5,533.09,81.56,99.0,DEMO_DATA,True
2022-01-26,5801.8,526.76,81.7,99.9,DEMO_DATA,True
2022-01-27,5833.0,521.36,81.78,98.9,DEMO_DATA,True
2022-01-28,5926.1,524.62,81.39,100.0,DEMO_DATA,True
2022-01-29,5808.7,532.67,81.23,99.6,DEMO_DATA,True
2022-01-30,5846.5,534.65,81.1,99.6,DEMO_DATA,True
2022-01-31,5794.6,541.76,81.09,100.4,DEMO_DATA,True
2022-02-01,5934.7,541.93,80.94,102.0,DEMO_DATA,True
2022-02-02,5750.8,538.87,81.15,100.9,DEMO_DATA,True
2022-02-03,5663.1,540.31,81.31,100.8,DEMO_DATA,True
2022-02-04,5731.1,546.54,81.17,101.7,DEMO_DATA,True
2022-02-05,4493.8,538.36,81.42,101.9,DEMO_DATA,True
2022-02-06,4421.1,519.14,81.67,102.4,DEMO_DATA,True
2022-02-07,4176.1,612.75,81.5,102.8,DEMO_DATA,True
2022-02-08,4167.9,598.93,81.35,104.7,DEMO_DATA,True
2022-02-09,4095.4,600.33,81.42,104.1,DEMO_DATA,True
2022-02-10,4173.8,581.37,81.72,103.2,DEMO_DATA,True
2022-02-11,4215.1,572.26,81.67,103.2,DEMO_DATA,True
2022-02-12,4306.9,570.97,81.52,104.3,DEMO_DATA,True
2022-02-13,4341.5,572.78,81.36,105.0,DEMO_DATA,True
2022-02-14,4360.9,568.56,81.42,106.0,DEMO_DATA,True
2022-02-15,4381.1,575.38,81.44,106.2,DEMO_DATA,True
2022-02-16,4380.6,578.33,80.88,105.9,DEMO_DATA,True
2022-02-17,4408.0,569.49,80.97,107.2,DEMO_DATA,True
2022-02-18,4323.2,580.89,81.19,107.4,DEMO_DATA,True
2022-02-19,4369.6,576.0,81.29,108.1,DEMO_DATA,True
2022-02-20,4411.8,569.62,81.46,106.8,DEMO_DATA,True
2022-02-21,4361.8,563.04,81.73,107.0,DEMO_DATA,True
2022-02-22,4134.3,556.29,81.71,107.4,DEMO_DATA,True
2022-02-23,4182.6,553.9,81.65,107.3,DEMO_DATA,True
2022-02-24,4216.0,555.62,81.83,106.8,DEMO_DATA,True
2022-02-25,4462.3,539.02,82.05,107.4,DEMO_DATA,True
2022-02-26,4561.7,538.03,82.41,106.9,DEMO_DATA,True
2022-02-27,4499.6,528.37,82.48,107.9,DEMO_DATA,True
2022-02-28,4559.8,532.21,82.06,107.9,DEMO_DATA,True
2022-03-01,4418.9,531.61,81.86,108.1,DEMO_DATA,True
2022-03-02,4435.7,533.94,81.8,107.6,DEMO_DATA,True
2022-03-03,4485.8,530.5,81.63,108.8,DEMO_DATA,True
2022-03-04,4326.8,535.97,81.42,108.4,DEMO_DATA,True
2022-03-05,4299.6,545.06,81.45,107.4,DEMO_DATA,True
2022-03-06,4407.8,540.55,81.35,106.7,DEMO_DATA,True
2022-03-07,4348.3,536.98,81.14,107.4,DEMO_DATA,True
2022-03-08,4432.9,552.09,81.33,106.9,DEMO_DATA,True
2022-03-09,4446.1,563.37,81.35,107.5,DEMO_DATA,True
2022-03-10,4621.9,572.88,81.41,107.0,DEMO_DATA,True
2022-03-11,4605.6,587.47,81.74,106.4,DEMO_DATA,True
2022-03-12,4527.9,599.09,81.85,106.9,DEMO_DATA,True
2022-03-13,4513.0,595.04,81.71,105.0,DEMO_DATA,True
2022-03-14,4543.8,596.74,81.26,104.9,DEMO_DATA,True
2022-03-15,4467.4,595.74,80.76,104.3,DEMO_DATA,True
2022-03-16,4397.9,589.7,80.65,104.1,DEMO_DATA,True
2022-03-17,4348.3,589.24,80.51,105.1,DEMO_DATA,True
2022-03-18,4337.1,585.8,80.74,104.1,DEMO_DATA,True
2022-03-19,4304.6,583.84,80.76,103.4,DEMO_DATA,True
2022-03-20,4347.9,589.51,81.24,103.8,DEMO_DATA,True
2022-03-21,4295.3,583.08,81.15,103.5,DEMO_DATA,True
2022-03-22,4283.5,599.71,81.23,96.9,DEMO_DATA,True
2022-03-23,4293.9,593.63,81.1,96.8,DEMO_DATA,True
2022-03-24,4206.7,592.39,80.77,96.0,DEMO_DATA,True
2022-03-25,4277.6,585.76,80.98,95.0,DEMO_DATA,True
2022-03-26,4254.4,578.6,80.93,95.3,DEMO_DATA,True
2022-03-27,4323.7,584.46,81.01,95.0,DEMO_DATA,True
2022-03-28,4386.1,582.02,80.9,94.1,DEMO_DATA,True
2022-03-29,4447.2,586.75,80.66,94.0,DEMO_DATA,True
2022-03-30,4409.6,599.96,80.72,92.5,DEMO_DATA,True
2022-03-31,4383.0,621.11,80.64,93.3,DEMO_DATA,True
2022-04-01,1746.3,637.75,80.52,93.5,DEMO_DATA,True
2022-04-02,1948.4,637.92,80.34,93.5,DEMO_DATA,True
2022-04-03,1908.1,621.38,80.32,94.4,DEMO_DATA,True
2022-04-04,1884.3,612.78,80.4,94.3,DEMO_DATA,True
2022-04-05,1872.0,591.01,80.55,95.3,DEMO_DATA,True
2022-04-06,1894.4,605.87,80.28,95.3,DEMO_DATA,True
2022-04-07,1869.5,612.36,80.26,95.3,DEMO_DATA,True
2022-04-08,1794.2,610.46,80.5,94.7,DEMO_DATA,True
2022-04-09,1813.4,627.69,80.35,95.5,DEMO_DATA,True
2022-04-10,1773.9,634.52,80.11,93.8,DEMO_DATA,True
2022-04-11,1793.2,617.7,79.85,94.2,DEMO_DATA,True
2022-04-12,1785.1,620.37,79.88,94.1,DEMO_DATA,True
2022-04-13,1762.8,616.27,80.01,92.7,DEMO_DATA,True
2022-04-14,1738.0,615.97,80.14,92.7,DEMO_DATA,True
2022-04-15,1770.1,624.12,79.88,93.5,DEMO_DATA,True
2022-04-16,1767.3,630.94,80.08,92.7,DEMO_DATA,True
2022-04-17,1783.7,620.61,79.83,93.5,DEMO_DATA,True
2022-04-18,1771.8,615.33,80.07,93.1,DEMO_DATA,True
2022-04-19,1803.5,612.7,79.95,90.9,DEMO_DATA,True
2022-04-20,1773.7,615.82,79.68,91.7,DEMO_DATA,True
2022-04-21,1828.6,620.98,79.18,92.1,DEMO_DATA,True
2022-04-22,1803.7,604.4,79.27,92.0,DEMO_DATA,True
2022-04-23,1775.1,611.54,79.06,91.7,DEMO_DATA,True
2022-04-24,1758.5,611.71,78.88,90.9,DEMO_DATA,True
2022-04-25,1802.4,622.5,78.75,91.9,DEMO_DATA,True
2022-04-26,1789.0,617.76,78.32,91.6,DEMO_DATA,True
2022-04-27,1786.4,608.43,78.35,91.3,DEMO_DATA,True
2022-04-28,1778.8,604.73,78.16,97.4,DEMO_DATA,True
2022-04-29,1715.6,602.99,77.98,97.0,DEMO_DATA,True
2022-04-30,1702.6,612.77,77.98,98.1,DEMO_DATA,True
2022-05-01,1665.1,604.47,77.96,97.7,DEMO_DATA,True
2022-05-02,1650.3,602.97,78.11,96.9,DEMO_DATA,True
2022-05-03,1721.7,611.68,77.77,96.3,DEMO_DATA,True
2022-05-04,1681.3,593.64,77.99,96.0,DEMO_DATA,True
2022-05-05,1724.4,603.25,78.09,97.2,DEMO_DATA,True
2022-05-06,1698.6,588.77,78.09,96.9,DEMO_DATA,True
2022-05-07,1719.1,587.28,77.85,96.5,DEMO_DATA,True
2022-05-08,1733.3,591.3,77.81,97.6,DEMO_DATA,True
2022-05-09,1773.5,586.89,77.58,97.2,DEMO_DATA,True
2022-05-10,1740.8,582.13,77.55,96.7,DEMO_DATA,True
2022-05-11,1809.8,573.71,77.47,95.9,DEMO_DATA,True
2022-05-12,1790.1,580.71,77.13,96.2,DEMO_DATA,True
2022-05-13,1826.4,583.86,77.34,95.6,DEMO_DATA,True
2022-05-14,1821.6,580.85,77.41,95.2,DEMO_DATA,True
2022-05-15,1844.7,574.57,77.57,95.9,DEMO_DATA,True
2022-05-16,1838.1,568.32,77.79,95.6,DEMO_DATA,True
2022-05-17,1848.4,572.75,77.89,97.4,DEMO_DATA,True
2022-05-18,1835.3,579.69,77.52,97.0,DEMO_DATA,True
2022-05-19,1813.2,580.4,77.44,99.3,DEMO_DATA,True
2022-05-20,1806.7,568.18,77.42,98.2,DEMO_DATA,True
2022-05-21,1819.7,581.44,77.23,97.9,DEMO_DATA,True
2022-05-22,1849.9,573.94,77.48,97.8,DEMO_DATA,True
2022-05-23,1868.0,568.35,77.19,97.7,DEMO_DATA,True
2022-05-24,1896.6,557.51,77.01,96.5,DEMO_DATA,True
2022-05-25,1931.7,556.09,76.97,96.6,DEMO_DATA,True
2022-05-26,1917.1,569.77,74.5,87.5,DEMO_DATA,True
2022-05-27,1960.5,559.22,74.48,88.5,DEMO_DATA,True
2022-05-28,1996.9,548.72,74.4,89.3,DEMO_DATA,True
2022-05-29,1963.7,556.4,74.38,88.9,DEMO_DATA,True
2022-05-30,1986.2,551.21,74.12,88.6,DEMO_DATA,True
2022-05-31,2058.9,550.72,74.0,87.5,DEMO_DATA,True
2022-06-01,2128.0,552.46,74.46,87.3,DEMO_DATA,True
2022-06-02,2058.0,557.95,74.58,88.2,DEMO_DATA,True
2022-06-03,2010.5,560.48,74.81,89.3,DEMO_DATA,True
2022-06-04,2025.9,574.71,75.1,89.9,DEMO_DATA,True
2022-06-05,2050.1,561.74,75.0,90.0,DEMO_DATA,True
2022-06-06,2044.9,565.94,75.1,90.9,DEMO_DATA,True
2022-06-07,2027.0,568.01,75.2,90.2,DEMO_DATA,True
2022-06-08,1983.4,560.27,75.33,90.5,DEMO_DATA,True
2022-06-09,1932.1,562.38,75.33,90.5,DEMO_DATA,True
2022-06-10,1917.8,562.77,75.68,90.6,DEMO_DATA,True
2022-06-11,1933.6,572.7,75.85,91.4,DEMO_DATA,True
2022-06-12,1947.0,567.94,75.71,90.6,DEMO_DATA,True
2022-06-13,1910.8,563.97,76.38,90.4,DEMO_DATA,True
2022-06-14,1903.2,570.97,76.35,90.2,DEMO_DATA,True
2022-06-15,1891.7,563.45,76.26,89.9,DEMO_DATA,True
2022-06-16,1935.6,566.53,76.37,89.1,DEMO_DATA,True
2022-06-17,1925.2,555.49,76.36,88.9,DEMO_DATA,True
2022-06-18,1915.7,623.6,76.51,89.2,DEMO_DATA,True
2022-06-19,1884.3,619.51,76.28,90.8,DEMO_DATA,True
2022-06-20,1836.3,635.58,76.59,91.2,DEMO_DATA,True
2022-06-21,1824.4,631.73,76.21,90.5,DEMO_DATA,True
2022-06-22,1886.9,626.6,76.27,91.1,DEMO_DATA,True
2022-06-23,2289.0,628.54,76.45,92.1,DEMO_DATA,True
2022-06-24,2296.5,643.36,76.22,92.4,DEMO_DATA,True
2022-06-25,2272.5,660.55,76.26,93.8,DEMO_DATA,True
2022-06-26,2189.6,668.39,76.38,94.2,DEMO_DATA,True
2022-06-27,2189.1,735.46,76.53,93.3,DEMO_DATA,True
2022-06-28,2192.0,724.38,76.47,92.4,DEMO_DATA,True
2022-06-29,2238.4,708.1,76.53,93.0,DEMO_DATA,True
2022-06-30,2289.7,718.81,76.6,92.2,DEMO_DATA,True
2022-07-01,2282.1,702.78,76.53,92.7,DEMO_DATA,True
2022-07-02,2278.0,706.83,76.8,93.4,DEMO_DATA,True
2022-07-03,2604.5,715.07,76.58,93.4,DEMO_DATA,True
2022-07-04,2583.6,713.86,76.64,93.2,DEMO_DATA,True
2022-07-05,2576.3,695.23,76.92,91.2,DEMO_DATA,True
2022-07-06,2540.6,690.52,76.74,92.2,DEMO_DATA,True
2022-07-07,2521.4,693.51,76.89,92.7,DEMO_DATA,True
2022-07-08,2467.0,696.9,76.97,92.1,DEMO_DATA,True
2022-07-09,2439.8,683.03,77.08,91.7,DEMO_DATA,True
2022-07-10,2411.5,664.11,77.02,91.8,DEMO_DATA,True
2022-07-11,2428.7,661.73,77.14,92.0,DEMO_DATA,True
2022-07-12,2426.1,657.45,77.35,91.7,DEMO_DATA,True
2022-07-13,2455.5,650.96,77.27,91.5,DEMO_DATA,True
2022-07-14,2424.4,642.3,77.25,92.0,DEMO_DATA,True
2022-07-15,2396.3,633.74,77.07,92.0,DEMO_DATA,True
2022-07-16,2391.6,633.33,76.94,92.7,DEMO_DATA,True
2022-07-17,2396.9,633.17,76.89,92.5,DEMO_DATA,True
2022-07-18,2396.1,621.76,76.92,93.3,DEMO_DATA,True
2022-07-19,1888.3,615.76,77.1,93.8,DEMO_DATA,True
2022-07-20,1919.4,588.25,77.18,93.8,DEMO_DATA,True
2022-07-21,1873.5,576.76,77.13,93.0,DEMO_DATA,True
2022-07-22,1828.5,561.53,77.07,92.4,DEMO_DATA,True
2022-07-23,1846.1,555.42,76.65,92.5,DEMO_DATA,True
2022-07-24,1883.3,674.91,76.69,92.4,DEMO_DATA,True
2022-07-25,1906.1,652.7,76.27,87.1,DEMO_DATA,True
2022-07-26,1834.9,654.07,76.32,87.1,DEMO_DATA,True
2022-07-27,1857.7,645.16,76.14,87.6,DEMO_DATA,True
2022-07-28,1889.9,635.28,75.94,88.2,DEMO_DATA,True
2022-07-29,1905.2,634.42,76.1,88.8,DEMO_DATA,True
2022-07-30,1939.9,636.13,76.0,89.3,DEMO_DATA,True
2022-07-31,1845.6,621.83,76.43,88.8,DEMO_DATA,True
2022-08-01,1844.8,623.91,76.26,89.7,DEMO_DATA,True
2022-08-02,1838.7,627.55,76.53,89.5,DEMO_DATA,True
2022-08-03,1822.5,631.22,76.36,88.5,DEMO_DATA,True
2022-08-04,1999.2,624.23,76.31,88.3,DEMO_DATA,True
2022-08-05,1995.5,602.2,76.32,88.4,DEMO_DATA,True
2022-08-06,2018.7,581.63,76.24,89.6,DEMO_DATA,True
2022-08-07,2015.6,584.55,75.97,89.1,DEMO_DATA,True
2022-08-08,2056.6,580.3,75.88,89.2,DEMO_DATA,True
2022-08-09,2055.5,572.57,75.96,80.3,DEMO_DATA,True
2022-08-10,2096.6,573.19,75.69,81.1,DEMO_DATA,True
2022-08-11,2155.6,573.05,75.58,80.5,DEMO_DATA,True
2022-08-12,2163.4,558.22,75.35,82.2,DEMO_DATA,True
2022-08-13,2180.2,558.15,75.39,82.1,DEMO_DATA,True
2022-08-14,2189.6,560.2,75.73,82.6,DEMO_DATA,True
2022-08-15,2240.2,552.54,75.67,82.6,DEMO_DATA,True
2022-08-16,2226.0,544.9,75.61,82.9,DEMO_DATA,True
2022-08-17,2171.8,543.24,75.56,83.5,DEMO_DATA,True
2022-08-18,2159.4,556.23,75.79,84.6,DEMO_DATA,True
2022-08-19,2155.1,557.58,75.76,85.3,DEMO_DATA,True
2022-08-20,2176.5,560.65,75.55,84.2,DEMO_DATA,True
2022-08-21,2153.2,564.57,75.54,84.7,DEMO_DATA,True
2022-08-22,2127.6,569.02,75.72,85.3,DEMO_DATA,True
2022-08-23,2062.1,566.86,75.93,85.6,DEMO_DATA,True
2022-08-24,2114.7,555.57,75.89,86.1,DEMO_DATA,True
2022-08-25,2107.3,561.04,76.22,86.0,DEMO_DATA,True
2022-08-26,2090.6,557.58,76.29,86.3,DEMO_DATA,True
2022-08-27,2122.7,561.5,76.26,86.5,DEMO_DATA,True
2022-08-28,2126.1,567.28,76.29,87.6,DEMO_DATA,True
2022-08-29,2020.5,572.4,76.18,87.0,DEMO_DATA,True
2022-08-30,2023.6,567.02,76.19,88.6,DEMO_DATA,True
2022-08-31,2025.2,551.52,76.24,88.8,DEMO_DATA,True
2022-09-01,1944.9,548.52,76.12,89.8,DEMO_DATA,True
2022-09-02,1908.3,552.6,76.05,90.6,DEMO_DATA,True
2022-09-03,1955.4,560.66,76.22,91.9,DEMO_DATA,True
2022-09-04,1960.9,557.08,76.28,93.0,DEMO_DATA,True
2022-09-05,2004.1,564.67,76.21,92.8,DEMO_DATA,True
2022-09-06,2012.5,556.48,76.09,92.6,DEMO_DATA,True
2022-09-07,2050.1,554.53,76.47,92.5,DEMO_DATA,True
2022-09-08,2071.9,557.09,76.23,92.0,DEMO_DATA,True
2022-09-09,2043.7,550.63,76.07,93.3,DEMO_DATA,True
2022-09-10,1964.5,560.42,76.23,94.3,DEMO_DATA,True
2022-09-11,1916.6,557.78,76.45,94.6,DEMO_DATA,True
2022-09-12,1851.8,546.74,76.22,95.4,DEMO_DATA,True
2022-09-13,1824.0,534.29,76.26,94.9,DEMO_DATA,True
2022-09-14,1864.8,524.78,76.51,94.2,DEMO_DATA,True
2022-09-15,1870.9,516.11,76.53,93.9,DEMO_DATA,True
2022-09-16,1905.0,509.32,76.49,93.6,DEMO_DATA,True
2022-09-17,1892.4,511.71,76.31,93.2,DEMO_DATA,True
2022-09-18,1853.1,511.47,76.22,93.3,DEMO_DATA,True
2022-09-19,1859.6,508.85,76.08,92.4,DEMO_DATA,True
2022-09-20,1805.1,512.18,76.11,92.9,DEMO_DATA,True
2022-09-21,1822.8,513.27,76.34,92.8,DEMO_DATA,True
2022-09-22,1796.9,495.81,76.21,93.1,DEMO_DATA,True
2022-09-23,1737.7,493.38,76.21,93.5,DEMO_DATA,True
2022-09-24,1747.5,498.21,76.34,92.0,DEMO_DATA,True
2022-09-25,1733.0,496.48,76.53,92.9,DEMO_DATA,True
2022-09-26,1734.9,492.48,76.28,92.8,DEMO_DATA,True
2022-09-27,1702.5,424.59,75.93,93.9,DEMO_DATA,True
2022-09-28,1680.9,431.38,76.12,93.3,DEMO_DATA,True
2022-09-29,1707.5,434.5,76.54,99.3,DEMO_DATA,True
2022-09-30,1720.4,386.7,76.41,99.1,DEMO_DATA,True
2022-10-01,1690.8,393.87,76.38,98.6,DEMO_DATA,True
2022-10-02,1693.2,410.65,76.86,97.6,DEMO_DATA,True
2022-10-03,1719.7,410.75,76.65,96.8,DEMO_DATA,True
2022-10-04,1716.8,403.52,76.25,97.8,DEMO_DATA,True
2022-10-05,1693.7,408.61,76.43,97.2,DEMO_DATA,True
2022-10-06,1692.7,407.49,76.61,96.8,DEMO_DATA,True
2022-10-07,1754.3,409.02,76.57,96.3,DEMO_DATA,True
2022-10-08,1748.6,414.63,76.53,97.6,DEMO_DATA,True
2022-10-09,1763.5,411.33,77.19,99.4,DEMO_DATA,True
2022-10-10,1787.0,417.35,77.13,99.4,DEMO_DATA,True
2022-10-11,1755.3,422.1,77.23,100.5,DEMO_DATA,True
2022-10-12,1737.5,428.05,77.11,100.1,DEMO_DATA,True
2022-10-13,1707.7,429.96,77.56,99.0,DEMO_DATA,True
2022-10-14,1750.8,444.6,77.65,100.5,DEMO_DATA,True
2022-10-15,1773.6,445.94,77.09,99.1,DEMO_DATA,True
2022-10-16,1752.1,442.78,76.74,100.6,DEMO_DATA,True
2022-10-17,1719.3,446.45,76.81,100.5,DEMO_DATA,True
2022-10-18,1465.9,442.49,76.54,100.7,DEMO_DATA,True
2022-10-19,1443.2,437.62,76.38,102.3,DEMO_DATA,True
2022-10-20,1462.3,439.63,76.48,101.4,DEMO_DATA,True
2022-10-21,1434.0,435.98,76.52,100.8,DEMO_DATA,True
2022-10-22,1452.2,443.66,76.58,100.8,DEMO_DATA,True
2022-10-23,1432.9,449.62,76.72,100.2,DEMO_DATA,True
2022-10-24,1404.8,461.41,76.79,101.6,DEMO_DATA,True
2022-10-25,1405.9,465.14,76.74,101.3,DEMO_DATA,True
2022-10-26,1384.6,466.14,76.67,101.1,DEMO_DATA,True
2022-10-27,1437.7,481.45,76.64,101.7,DEMO_DATA,True
2022-10-28,1415.2,484.18,76.62,100.2,DEMO_DATA,True
2022-10-29,1442.7,477.44,76.73,100.3,DEMO_DATA,True
2022-10-30,1481.1,478.67,76.48,98.2,DEMO_DATA,True
2022-10-31,1466.9,489.29,76.53,98.0,DEMO_DATA,True
2022-11-01,1464.4,493.11,76.73,99.5,DEMO_DATA,True
2022-11-02,1509.2,496.58,76.36,99.1,DEMO_DATA,True
2022-11-03,1570.6,477.14,76.53,98.8,DEMO_DATA,True
2022-11-04,1591.4,466.16,76.57,98.6,DEMO_DATA,True
2022-11-05,1606.7,467.51,76.66,99.1,DEMO_DATA,True
2022-11-06,1562.8,481.26,76.17,99.3,DEMO_DATA,True
2022-11-07,1814.0,488.48,76.19,99.9,DEMO_DATA,True
2022-11-08,1767.8,487.21,76.42,99.9,DEMO_DATA,True
2022-11-09,1827.0,476.21,79.47,99.1,DEMO_DATA,True
2022-11-10,1824.6,481.83,79.55,99.2,DEMO_DATA,True
2022-11-11,1820.5,431.27,79.57,98.6,DEMO_DATA,True
2022-11-12,1865.5,430.54,79.65,98.9,DEMO_DATA,True
2022-11-13,1883.5,436.45,79.75,99.9,DEMO_DATA,True
2022-11-14,1880.7,439.59,79.89,99.2,DEMO_DATA,True
2022-11-15,1950.0,438.8,79.92,99.5,DEMO_DATA,True
2022-11-16,2066.5,438.58,80.1,99.0,DEMO_DATA,True
2022-11-17,2069.2,445.33,80.41,99.4,DEMO_DATA,True
2022-11-18,2024.0,444.96,80.4,99.5,DEMO_DATA,True
2022-11-19,2059.4,444.58,80.51,99.7,DEMO_DATA,True
2022-11-20,2081.5,444.37,80.45,98.5,DEMO_DATA,True
2022-11-21,2009.5,451.15,80.07,99.3,DEMO_DATA,True
2022-11-22,2025.7,452.59,80.34,98.1,DEMO_DATA,True
2022-11-23,2068.4,451.28,80.16,99.8,DEMO_DATA,True
2022-11-24,2032.2,453.73,80.21,99.8,DEMO_DATA,True
2022-11-25,2026.0,454.51,80.07,101.1,DEMO_DATA,True
2022-11-26,2008.5,468.39,79.91,100.1,DEMO_DATA,True
2022-11-27,1961.9,474.46,80.32,100.2,DEMO_DATA,True
2022-11-28,1956.7,469.71,80.53,99.5,DEMO_DATA,True
2022-11-29,2004.0,479.5,80.52,98.6,DEMO_DATA,True
2022-11-30,2037.6,468.03,80.44,98.5,DEMO_DATA,True
2022-12-01,2103.7,470.51,80.59,98.9,DEMO_DATA,True
2022-12-02,2165.4,459.81,80.47,98.6,DEMO_DATA,True
2022-12-03,2148.6,462.75,80.19,98.2,DEMO_DATA,True
2022-12-04,2131.0,462.91,80.16,95.7,DEMO_DATA,True
2022-12-05,2124.4,464.16,80.05,95.9,DEMO_DATA,True
2022-12-06,2114.8,462.14,80.2,96.6,DEMO_DATA,True
2022-12-07,2089.2,481.17,80.14,96.8,DEMO_DATA,True
2022-12-08,2035.8,480.55,80.03,96.5,DEMO_DATA,True
2022-12-09,2048.3,479.5,80.05,96.0,DEMO_DATA,True
2022-12-10,2032.5,475.28,80.01,94.5,DEMO_DATA,True
2022-12-11,2014.9,472.68,79.96,95.6,DEMO_DATA,True
2022-12-12,2008.3,478.25,79.72,96.1,DEMO_DATA,True
2022-12-13,1957.3,487.11,79.59,96.5,DEMO_DATA,True
2022-12-14,1969.7,492.5,79.52,96.3,DEMO_DATA,True
2022-12-15,1960.5,503.9,79.63,96.7,DEMO_DATA,True
2022-12-16,1884.4,507.8,79.76,99.8,DEMO_DATA,True
2022-12-17,1873.0,528.56,79.64,100.2,DEMO_DATA,True
2022-12-18,1890.3,516.39,79.93,98.8,DEMO_DATA,True
2022-12-19,1876.9,520.92,79.84,98.6,DEMO_DATA,True
2022-12-20,1841.6,526.16,79.73,98.7,DEMO_DATA,True
2022-12-21,1812.3,527.41,79.45,109.6,DEMO_DATA,True
2022-12-22,1805.1,533.01,79.42,111.0,DEMO_DATA,True
2022-12-23,1790.5,536.22,79.68,111.0,DEMO_DATA,True
2022-12-24,1808.4,528.08,79.96,109.7,DEMO_DATA,True
2022-12-25,1808.2,534.94,79.54,109.1,DEMO_DATA,True
2022-12-26,1798.7,537.92,79.4,99.6,DEMO_DATA,True
2022-12-27,1830.7,549.98,79.22,100.4,DEMO_DATA,True
2022-12-28,1790.4,557.72,79.61,102.2,DEMO_DATA,True
2022-12-29,1771.4,560.08,79.45,102.9,DEMO_DATA,True
2022-12-30,1798.6,563.2,79.8,103.0,DEMO_DATA,True
2022-12-31,1854.2,567.4,79.98,103.2,DEMO_DATA,True
2023-01-01,2282.0,571.07,79.7,104.2,DEMO_DATA,True
2023-01-02,2369.8,547.84,79.63,103.4,DEMO_DATA,True
2023-01-03,2331.4,541.15,79.64,103.1,DEMO_DATA,True
2023-01-04,2351.3,537.15,79.59,104.7,DEMO_DATA,True
2023-01-05,2329.0,532.46,79.4,104.7,DEMO_DATA,True
2023-01-06,2333.3,537.24,78.95,107.2,DEMO_DATA,True
2023-01-07,1904.0,539.06,78.98,105.4,DEMO_DATA,True
2023-01-08,1844.1,546.67,79.04,104.9,DEMO_DATA,True
2023-01-09,1861.6,546.59,79.16,104.3,DEMO_DATA,True
2023-01-10,1907.0,550.14,79.26,104.3,DEMO_DATA,True
2023-01-11,1917.6,543.81,78.82,105.6,DEMO_DATA,True
2023-01-12,1920.7,558.28,78.82,105.3,DEMO_DATA,True
2023-01-13,1940.6,560.34,78.63,104.6,DEMO_DATA,True
2023-01-14,2380.9,556.48,78.7,105.8,DEMO_DATA,True
2023-01-15,2382.1,583.98,78.9,105.4,DEMO_DATA,True
2023-01-16,2368.2,582.55,78.74,105.5,DEMO_DATA,True
2023-01-17,2334.0,568.88,79.06,105.4,DEMO_DATA,True
2023-01-18,2299.8,558.47,79.1,104.4,DEMO_DATA,True
2023-01-19,2316.4,569.51,78.79,105.1,DEMO_DATA,True
2023-01-20,2297.8,487.19,78.86,103.3,DEMO_DATA,True
2023-01-21,2240.6,484.51,78.38,103.0,DEMO_DATA,True
2023-01-22,2196.4,472.2,77.92,102.5,DEMO_DATA,True
2023-01-23,2148.6,541.56,78.08,101.8,DEMO_DATA,True
2023-01-24,1558.7,547.89,77.88,102.2,DEMO_DATA,True
2023-01-25,1587.7,541.66,77.84,103.5,DEMO_DATA,True
2023-01-26,1620.5,544.43,77.44,102.5,DEMO_DATA,True
2023-01-27,1623.8,539.97,77.76,101.9,DEMO_DATA,True
2023-01-28,1612.5,535.78,77.8,102.7,DEMO_DATA,True
2023-01-29,1604.7,550.17,77.84,103.9,DEMO_DATA,True
2023-01-30,1616.7,544.67,77.97,103.4,DEMO_DATA,True
2023-01-31,1608.1,550.39,77.99,103.9,DEMO_DATA,True
2023-02-01,1676.0,549.53,81.26,103.7,DEMO_DATA,True
2023-02-02,1690.2,552.21,81.35,102.3,DEMO_DATA,True
2023-02-03,1666.2,553.08,81.28,103.1,DEMO_DATA,True
2023-02-04,1654.2,559.22,81.26,101.5,DEMO_DATA,True
2023-02-05,1647.5,555.21,81.48,101.0,DEMO_DATA,True
2023-02-06,1646.5,542.95,81.38,101.5,DEMO_DATA,True
2023-02-07,1622.5,546.79,81.18,101.4,DEMO_DATA,True
2023-02-08,1671.0,542.79,81.18,101.3,DEMO_DATA,True
2023-02-09,1684.2,530.68,81.12,101.3,DEMO_DATA,True
2023-02-10,1709.2,532.21,81.18,100.6,DEMO_DATA,True
2023-02-11,1700.5,527.71,81.14,100.0,DEMO_DATA,True
2023-02-12,1683.3,538.44,81.28,99.5,DEMO_DATA,True
2023-02-13,1670.6,540.6,77.71,98.9,DEMO_DATA,True
2023-02-14,1653.8,523.47,77.49,97.8,DEMO_DATA,True
2023-02-15,1643.3,518.78,77.32,97.3,DEMO_DATA,True
2023-02-16,1615.0,514.64,77.31,97.9,DEMO_DATA,True
2023-02-17,1629.8,514.22,77.43,99.3,DEMO_DATA,True
2023-02-18,1606.7,523.34,77.71,99.1,DEMO_DATA,True
2023-02-19,1639.7,535.77,77.68,98.3,DEMO_DATA,True
2023-02-20,1675.7,530.53,77.74,98.1,DEMO_DATA,True
2023-02-21,1662.0,524.8,77.48,98.2,DEMO_DATA,True
2023-02-22,1628.3,520.29,77.28,104.9,DEMO_DATA,True
2023-02-23,1633.5,517.55,77.72,104.6,DEMO_DATA,True
2023-02-24,1638.5,528.58,77.16,106.0,DEMO_DATA,True
2023-02-25,1659.5,528.7,76.93,105.1,DEMO_DATA,True
2023-02-26,1664.2,524.19,76.94,104.1,DEMO_DATA,True
2023-02-27,1679.5,533.59,77.3,104.3,DEMO_DATA,True
2023-02-28,1675.1,530.46,77.15,103.2,DEMO_DATA,True
2023-03-01,1658.6,537.71,77.0,104.6,DEMO_DATA,True
2023-03-02,1629.1,545.11,77.44,103.7,DEMO_DATA,True
2023-03-03,1600.3,556.65,77.57,103.9,DEMO_DATA,True
2023-03-04,1585.9,561.07,77.86,104.8,DEMO_DATA,True
2023-03-05,1607.6,575.35,77.71,104.4,DEMO_DATA,True
2023-03-06,1586.1,585.02,78.16,105.0,DEMO_DATA,True
2023-03-07,1574.7,565.04,78.21,104.2,DEMO_DATA,True
2023-03-08,1596.0,560.06,78.15,103.0,DEMO_DATA,True
2023-03-09,1541.4,550.27,78.1,103.2,DEMO_DATA,True
2023-03-10,1618.0,552.32,78.19,103.0,DEMO_DATA,True
2023-03-11,1625.7,541.61,78.27,103.9,DEMO_DATA,True
2023-03-12,1621.9,538.1,77.59,103.1,DEMO_DATA,True
2023-03-13,1610.8,529.93,77.28,102.5,DEMO_DATA,True
2023-03-14,1611.7,530.3,77.11,101.4,DEMO_DATA,True
2023-03-15,1607.6,528.34,77.47,100.6,DEMO_DATA,True
2023-03-16,1648.5,515.51,77.7,101.1,DEMO_DATA,True
2023-03-17,1684.4,521.99,77.47,100.0,DEMO_DATA,True
2023-03-18,1235.8,516.09,77.44,99.8,DEMO_DATA,True
2023-03-19,1294.1,506.8,77.73,101.6,DEMO_DATA,True
2023-03-20,1290.7,495.67,77.74,101.1,DEMO_DATA,True
2023-03-21,1322.0,496.69,77.65,102.4,DEMO_DATA,True
2023-03-22,1360.7,495.49,77.65,95.1,DEMO_DATA,True
2023-03-23,1374.4,497.33,77.77,95.5,DEMO_DATA,True
2023-03-24,1352.2,502.94,77.66,94.9,DEMO_DATA,True
2023-03-25,1354.7,515.74,77.55,97.1,DEMO_DATA,True
2023-03-26,1346.0,521.04,77.65,96.4,DEMO_DATA,True
2023-03-27,1360.2,530.52,77.18,95.6,DEMO_DATA,True
2023-03-28,1373.7,529.89,76.89,96.5,DEMO_DATA,True
2023-03-29,1422.3,527.04,76.93,96.6,DEMO_DATA,True
2023-03-30,1404.7,530.99,77.03,97.4,DEMO_DATA,True
2023-03-31,1369.0,528.43,76.74,97.4,DEMO_DATA,True
2023-04-01,1372.5,534.34,76.92,98.7,DEMO_DATA,True
2023-04-02,1425.2,595.63,77.17,100.1,DEMO_DATA,True
2023-04-03,1477.7,596.07,77.28,100.7,DEMO_DATA,True
2023-04-04,1496.0,586.43,77.12,100.9,DEMO_DATA,True
2023-04-05,1462.4,593.04,77.05,102.3,DEMO_DATA,True
2023-04-06,1464.7,591.38,76.81,103.5,DEMO_DATA,True
2023-04-07,1445.0,508.82,76.83,104.3,DEMO_DATA,True
2023-04-08,1466.9,524.54,77.22,104.0,DEMO_DATA,True
2023-04-09,1510.2,520.83,77.33,104.5,DEMO_DATA,True
2023-04-10,1490.8,527.22,77.7,104.8,DEMO_DATA,True
2023-04-11,1500.3,538.81,78.01,105.2,DEMO_DATA,True
2023-04-12,1509.6,531.53,78.11,106.5,DEMO_DATA,True
2023-04-13,1576.5,518.43,77.96,105.3,DEMO_DATA,True
2023-04-14,1585.7,529.05,77.74,106.4,DEMO_DATA,True
2023-04-15,1588.4,537.03,77.41,105.8,DEMO_DATA,True
2023-04-16,1581.5,543.34,77.56,106.2,DEMO_DATA,True
2023-04-17,1601.8,530.73,77.33,107.8,DEMO_DATA,True
2023-04-18,1664.1,530.4,77.49,108.0,DEMO_DATA,True
2023-04-19,1645.6,521.33,77.25,107.8,DEMO_DATA,True
2023-04-20,1675.2,515.03,77.3,107.7,DEMO_DATA,True
2023-04-21,1674.0,531.49,77.48,107.1,DEMO_DATA,True
2023-04-22,1676.1,542.81,77.68,106.5,DEMO_DATA,True
2023-04-23,1641.3,567.2,76.91,107.3,DEMO_DATA,True
2023-04-24,1617.0,568.09,76.75,107.0,DEMO_DATA,True
2023-04-25,1643.8,577.93,76.85,107.4,DEMO_DATA,True
2023-04-26,1626.4,592.57,77.04,108.2,DEMO_DATA,True
2023-04-27,1642.5,595.33,76.89,108.1,DEMO_DATA,True
2023-04-28,1626.1,599.63,76.87,109.0,DEMO_DATA,True
2023-04-29,1604.2,602.81,76.63,108.3,DEMO_DATA,True
2023-04-30,1650.7,599.04,76.8,108.3,DEMO_DATA,True
2023-05-01,1674.7,598.5,76.98,108.0,DEMO_DATA,True
2023-05-02,1647.0,605.53,76.88,109.8,DEMO_DATA,True
2023-05-03,1402.3,594.99,77.29,110.1,DEMO_DATA,True
2023-05-04,1379.6,580.91,77.44,110.0,DEMO_DATA,True
2023-05-05,1394.2,571.89,77.44,111.2,DEMO_DATA,True
2023-05-06,1432.0,562.72,77.79,109.4,DEMO_DATA,True
2023-05-07,1106.9,562.5,77.72,108.7,DEMO_DATA,True
2023-05-08,1122.9,549.68,77.7,108.3,DEMO_DATA,True
2023-05-09,1106.5,557.76,77.52,108.7,DEMO_DATA,True
2023-05-10,1100.9,560.64,77.22,106.8,DEMO_DATA,True
2023-05-11,1131.2,568.93,77.26,105.8,DEMO_DATA,True
2023-05-12,1112.3,567.05,77.39,106.8,DEMO_DATA,True
2023-05-13,1109.8,569.14,77.11,106.1,DEMO_DATA,True
2023-05-14,1122.9,580.83,76.93,105.8,DEMO_DATA,True
2023-05-15,1089.7,591.86,76.74,104.1,DEMO_DATA,True
2023-05-16,1133.9,591.25,76.62,104.9,DEMO_DATA,True
2023-05-17,1106.5,594.33,76.88,104.3,DEMO_DATA,True
2023-05-18,1136.8,587.22,77.31,103.7,DEMO_DATA,True
2023-05-19,1107.0,583.8,77.37,103.4,DEMO_DATA,True
2023-05-20,1132.2,589.81,77.3,104.5,DEMO_DATA,True
2023-05-21,880.4,595.4,77.19,104.2,DEMO_DATA,True
2023-05-22,910.3,602.43,77.47,104.6,DEMO_DATA,True
2023-05-23,922.4,591.47,77.63,105.0,DEMO_DATA,True
2023-05-24,950.0,587.04,77.25,104.3,DEMO_DATA,True
2023-05-25,987.8,596.37,76.88,105.4,DEMO_DATA,True
2023-05-26,1008.8,591.01,77.0,104.5,DEMO_DATA,True
2023-05-27,1037.5,604.41,77.22,103.5,DEMO_DATA,True
2023-05-28,1023.6,609.75,77.47,102.5,DEMO_DATA,True
2023-05-29,1057.5,607.47,77.82,102.6,DEMO_DATA,True
2023-05-30,1075.1,603.79,77.89,102.9,DEMO_DATA,True
2023-05-31,1074.0,612.61,77.59,103.1,DEMO_DATA,True
2023-06-01,1105.8,614.0,77.64,102.8,DEMO_DATA,True
2023-06-02,1096.1,625.68,77.71,101.1,DEMO_DATA,True
2023-06-03,1104.8,629.23,78.08,101.8,DEMO_DATA,True
2023-06-04,1110.4,618.96,78.39,102.7,DEMO_DATA,True
2023-06-05,1132.0,632.0,78.15,101.1,DEMO_DATA,True
2023-06-06,1169.9,628.46,77.93,100.6,DEMO_DATA,True
2023-06-07,1200.5,629.48,77.74,100.1,DEMO_DATA,True
2023-06-08,1190.7,626.9,77.53,100.1,DEMO_DATA,True
2023-06-09,1233.1,626.03,77.48,99.1,DEMO_DATA,True
2023-06-10,1269.5,625.28,77.74,97.8,DEMO_DATA,True
2023-06-11,1242.0,626.21,77.61,98.5,DEMO_DATA,True
2023-06-12,1247.0,630.73,77.43,99.6,DEMO_DATA,True
2023-06-13,1259.6,619.03,77.45,98.4,DEMO_DATA,True
2023-06-14,1280.9,621.74,77.03,98.8,DEMO_DATA,True
2023-06-15,941.9,611.06,77.06,97.7,DEMO_DATA,True
2023-06-16,965.5,603.74,77.2,97.7,DEMO_DATA,True
2023-06-17,982.4,615.64,77.29,98.1,DEMO_DATA,True
2023-06-18,983.9,611.68,77.35,98.1,DEMO_DATA,True
2023-06-19,995.3,607.93,77.25,97.3,DEMO_DATA,True
2023-06-20,975.7,613.86,76.98,97.4,DEMO_DATA,True
2023-06-21,1007.1,618.1,76.97,96.8,DEMO_DATA,True
2023-06-22,1020.9,627.49,76.69,87.3,DEMO_DATA,True
2023-06-23,1053.6,618.35,76.83,88.6,DEMO_DATA,True
2023-06-24,1077.0,614.47,76.51,77.5,DEMO_DATA,True
2023-06-25,1089.8,617.7,76.7,78.5,DEMO_DATA,True
2023-06-26,1128.3,623.84,76.69,79.3,DEMO_DATA,True
2023-06-27,1156.8,611.26,76.5,80.3,DEMO_DATA,True
2023-06-28,1196.8,601.91,76.6,76.4,DEMO_DATA,True
2023-06-29,1234.7,597.85,76.66,77.3,DEMO_DATA,True
2023-06-30,1244.4,589.26,76.84,78.0,DEMO_DATA,True
2023-07-01,1279.2,586.08,77.19,79.2,DEMO_DATA,True
2023-07-02,1289.5,585.07,77.42,78.2,DEMO_DATA,True
2023-07-03,1299.2,579.05,77.6,78.9,DEMO_DATA,True
2023-07-04,1314.9,569.06,77.57,79.2,DEMO_DATA,True
2023-07-05,1351.3,562.07,77.54,78.3,DEMO_DATA,True
2023-07-06,1340.1,576.23,77.37,78.6,DEMO_DATA,True
2023-07-07,1330.2,675.81,77.12,78.9,DEMO_DATA,True
2023-07-08,1341.2,672.08,77.21,79.7,DEMO_DATA,True
2023-07-09,1369.2,659.39,77.32,79.8,DEMO_DATA,True
2023-07-10,1394.8,673.91,77.73,80.9,DEMO_DATA,True
2023-07-11,1417.5,678.86,77.56,77.8,DEMO_DATA,True
2023-07-12,1426.4,680.55,77.73,77.9,DEMO_DATA,True
2023-07-13,1430.7,658.93,77.87,78.3,DEMO_DATA,True
2023-07-14,1478.9,646.64,77.98,78.9,DEMO_DATA,True
2023-07-15,1455.5,635.72,78.36,79.7,DEMO_DATA,True
2023-07-16,1428.8,635.38,78.07,80.3,DEMO_DATA,True
2023-07-17,1426.1,636.92,78.38,80.7,DEMO_DATA,True
2023-07-18,1454.5,634.6,78.42,81.4,DEMO_DATA,True
2023-07-19,1433.9,632.6,78.17,81.9,DEMO_DATA,True
2023-07-20,1454.7,628.21,78.11,82.2,DEMO_DATA,True
2023-07-21,1479.7,637.14,77.75,83.3,DEMO_DATA,True
2023-07-22,1514.4,640.62,77.59,83.2,DEMO_DATA,True
2023-07-23,1551.8,644.75,77.44,83.2,DEMO_DATA,True
2023-07-24,1564.6,637.67,77.51,84.0,DEMO_DATA,True
2023-07-25,1587.7,639.51,77.51,84.7,DEMO_DATA,True
2023-07-26,1571.4,649.85,77.61,84.6,DEMO_DATA,True
2023-07-27,1622.1,630.58,77.67,83.9,DEMO_DATA,True
2023-07-28,1601.5,638.41,77.76,84.6,DEMO_DATA,True
2023-07-29,1645.6,565.25,77.8,84.6,DEMO_DATA,True
2023-07-30,1631.4,493.6,77.88,85.7,DEMO_DATA,True
2023-07-31,1674.6,494.3,78.07,86.5,DEMO_DATA,True
2023-08-01,1693.4,498.92,78.4,86.4,DEMO_DATA,True
2023-08-02,1681.7,513.1,78.47,86.5,DEMO_DATA,True
2023-08-03,1972.3,502.22,78.48,85.7,DEMO_DATA,True
2023-08-04,1998.5,437.77,78.41,86.5,DEMO_DATA,True
2023-08-05,2017.1,441.62,78.6,86.9,DEMO_DATA,True
2023-08-06,2032.9,440.83,78.84,87.8,DEMO_DATA,True
2023-08-07,1998.4,439.0,79.07,88.3,DEMO_DATA,True
2023-08-08,2001.8,440.28,79.51,90.1,DEMO_DATA,True
2023-08-09,2013.9,447.97,79.83,91.0,DEMO_DATA,True
2023-08-10,2047.0,436.16,79.79,90.3,DEMO_DATA,True
2023-08-11,2000.1,439.61,79.79,91.1,DEMO_DATA,True
2023-08-12,1947.2,438.13,80.09,90.6,DEMO_DATA,True
2023-08-13,1916.6,441.74,80.06,90.8,DEMO_DATA,True
2023-08-14,1927.4,443.62,80.35,90.8,DEMO_DATA,True
2023-08-15,1974.5,459.93,80.42,91.4,DEMO_DATA,True
2023-08-16,1926.8,456.2,80.11,91.5,DEMO_DATA,True
2023-08-17,1980.3,510.62,80.44,92.4,DEMO_DATA,True
2023-08-18,1949.3,517.77,80.41,93.6,DEMO_DATA,True
2023-08-19,2407.3,512.06,80.42,94.5,DEMO_DATA,True
2023-08-20,2350.6,512.06,80.56,93.6,DEMO_DATA,True
2023-08-21,2391.6,517.39,80.52,93.3,DEMO_DATA,True
2023-08-22,2344.8,499.02,80.35,94.0,DEMO_DATA,True
2023-08-23,2423.0,494.8,80.2,95.0,DEMO_DATA,True
2023-08-24,2399.6,496.36,80.12,95.4,DEMO_DATA,True
2023-08-25,2421.9,500.08,79.86,95.9,DEMO_DATA,True
2023-08-26,2511.8,510.11,80.03,95.0,DEMO_DATA,True
2023-08-27,1757.7,513.6,79.98,93.1,DEMO_DATA,True
2023-08-28,1749.7,510.09,79.87,93.8,DEMO_DATA,True
2023-08-29,1806.8,516.04,79.86,94.2,DEMO_DATA,True
2023-08-30,1806.3,519.81,79.89,94.0,DEMO_DATA,True
2023-08-31,1748.2,518.2,79.7,93.9,DEMO_DATA,True
2023-09-01,1707.9,516.83,79.68,93.7,DEMO_DATA,True
2023-09-02,1804.4,510.16,79.76,94.6,DEMO_DATA,True
2023-09-03,1799.6,505.76,79.53,93.7,DEMO_DATA,True
2023-09-04,1794.7,501.59,79.6,93.9,DEMO_DATA,True
2023-09-05,1750.1,510.15,79.43,94.7,DEMO_DATA,True
2023-09-06,1714.9,500.78,79.97,94.8,DEMO_DATA,True
2023-09-07,1655.0,512.39,80.05,95.4,DEMO_DATA,True
2023-09-08,1628.5,506.24,79.85,95.3,DEMO_DATA,True
2023-09-09,1608.9,511.47,79.8,96.2,DEMO_DATA,True
2023-09-10,1910.8,504.14,79.72,96.1,DEMO_DATA,True
2023-09-11,2095.7,513.41,79.45,94.5,DEMO_DATA,True
2023-09-12,2086.9,518.97,79.74,95.1,DEMO_DATA,True
2023-09-13,2094.7,514.96,80.1,95.2,DEMO_DATA,True
2023-09-14,2062.1,513.06,79.82,95.1,DEMO_DATA,True
2023-09-15,2078.2,618.93,79.72,95.1,DEMO_DATA,True
2023-09-16,2075.2,619.92,79.47,94.9,DEMO_DATA,True
2023-09-17,2092.2,629.03,79.56,95.7,DEMO_DATA,True
2023-09-18,2069.2,613.65,79.6,96.6,DEMO_DATA,True
2023-09-19,2128.5,609.56,79.89,96.6,DEMO_DATA,True
2023-09-20,2087.3,610.9,79.67,95.8,DEMO_DATA,True
2023-09-21,2063.0,599.79,79.66,95.1,DEMO_DATA,True
2023-09-22,2052.4,604.68,79.48,94.2,DEMO_DATA,True
2023-09-23,2080.5,602.13,80.1,93.9,DEMO_DATA,True
2023-09-24,2130.2,612.39,80.07,93.2,DEMO_DATA,True
2023-09-25,2139.9,604.78,80.1,101.9,DEMO_DATA,True
2023-09-26,2126.7,598.57,80.41,101.8,DEMO_DATA,True
2023-09-27,2126.8,588.92,80.29,100.7,DEMO_DATA,True
2023-09-28,2126.1,586.74,80.09,100.7,DEMO_DATA,True
2023-09-29,2129.0,587.87,80.17,100.8,DEMO_DATA,True
2023-09-30,2063.5,582.26,80.07,100.0,DEMO_DATA,True
2023-10-01,2072.5,566.82,79.99,101.1,DEMO_DATA,True
2023-10-02,1980.8,571.49,79.92,96.2,DEMO_DATA,True
2023-10-03,2004.5,565.4,79.63,97.0,DEMO_DATA,True
2023-10-04,1455.0,568.53,79.71,97.0,DEMO_DATA,True
2023-10-05,1456.2,575.71,79.49,97.1,DEMO_DATA,True
2023-10-06,1463.9,581.77,79.49,89.3,DEMO_DATA,True
2023-10-07,1510.7,576.99,79.72,91.0,DEMO_DATA,True
2023-10-08,1548.1,580.03,79.99,89.9,DEMO_DATA,True
2023-10-09,1616.5,577.58,80.09,91.9,DEMO_DATA,True
2023-10-10,1627.3,587.7,80.16,91.7,DEMO_DATA,True
2023-10-11,1658.2,588.89,80.09,92.7,DEMO_DATA,True
2023-10-12,1654.6,591.01,79.9,93.7,DEMO_DATA,True
2023-10-13,1634.5,586.39,80.2,94.4,DEMO_DATA,True
2023-10-14,1695.6,593.38,80.41,95.1,DEMO_DATA,True
2023-10-15,1682.6,615.08,80.44,95.0,DEMO_DATA,True
2023-10-16,2114.3,613.66,80.1,95.8,DEMO_DATA,True
2023-10-17,2118.1,590.59,80.42,96.0,DEMO_DATA,True
2023-10-18,2077.6,588.58,80.44,96.7,DEMO_DATA,True
2023-10-19,2061.5,579.29,80.06,96.9,DEMO_DATA,True
2023-10-20,2019.7,581.84,80.25,96.0,DEMO_DATA,True
2023-10-21,2011.6,585.53,79.99,95.5,DEMO_DATA,True
2023-10-22,2014.3,598.44,79.87,95.0,DEMO_DATA,True
2023-10-23,2000.9,592.7,79.83,94.9,DEMO_DATA,True
2023-10-24,1914.0,578.14,79.82,95.4,DEMO_DATA,True
2023-10-25,1929.6,576.59,79.71,96.4,DEMO_DATA,True
2023-10-26,1857.3,568.74,79.97,96.3,DEMO_DATA,True
2023-10-27,1892.5,691.63,79.87,96.1,DEMO_DATA,True
2023-10-28,2346.8,669.73,79.84,95.6,DEMO_DATA,True
2023-10-29,2341.6,672.22,79.92,95.9,DEMO_DATA,True
2023-10-30,2282.0,680.44,80.3,96.9,DEMO_DATA,True
2023-10-31,2207.7,675.64,79.96,96.7,DEMO_DATA,True
2023-11-01,2282.0,818.1,80.2,98.4,DEMO_DATA,True
2023-11-02,2281.3,808.27,80.48,98.3,DEMO_DATA,True
2023-11-03,2213.5,796.51,80.59,99.1,DEMO_DATA,True
2023-11-04,2218.1,805.32,80.69,100.9,DEMO_DATA,True
2023-11-05,2211.0,812.56,80.31,101.3,DEMO_DATA,True
2023-11-06,2231.6,794.33,80.43,101.3,DEMO_DATA,True
2023-11-07,2220.2,771.82,80.28,103.0,DEMO_DATA,True
2023-11-08,2216.2,760.24,80.18,102.5,DEMO_DATA,True
2023-11-09,2136.1,736.56,80.04,103.7,DEMO_DATA,True
2023-11-10,2102.3,749.68,80.29,103.6,DEMO_DATA,True
2023-11-11,2101.8,766.18,80.36,103.3,DEMO_DATA,True
2023-11-12,2018.0,745.46,80.34,103.9,DEMO_DATA,True
2023-11-13,2041.3,741.79,80.1,104.8,DEMO_DATA,True
2023-11-14,2031.2,728.89,79.66,103.2,DEMO_DATA,True
2023-11-15,2007.1,719.3,79.66,103.4,DEMO_DATA,True
2023-11-16,2061.3,705.33,79.48,103.5,DEMO_DATA,True
2023-11-17,2057.7,702.6,79.56,102.7,DEMO_DATA,True
2023-11-18,2073.4,698.29,79.42,103.9,DEMO_DATA,True
2023-11-19,2023.3,701.66,79.04,103.4,DEMO_DATA,True
2023-11-20,2071.7,707.39,78.9,103.5,DEMO_DATA,True
2023-11-21,1997.6,625.81,79.29,102.3,DEMO_DATA,True
2023-11-22,1974.9,644.8,79.27,103.0,DEMO_DATA,True
2023-11-23,1923.5,647.45,78.93,102.6,DEMO_DATA,True
2023-11-24,1913.7,638.24,78.7,101.1,DEMO_DATA,True
2023-11-25,1556.6,632.96,78.62,101.2,DEMO_DATA,True
2023-11-26,1560.8,622.93,78.51,100.3,DEMO_DATA,True
2023-11-27,1541.7,616.8,78.36,101.2,DEMO_DATA,True
2023-11-28,1558.1,625.97,78.15,100.2,DEMO_DATA,True
2023-11-29,1547.1,623.81,78.56,100.6,DEMO_DATA,True
2023-11-30,1505.3,634.4,78.72,100.7,DEMO_DATA,True
2023-12-01,1504.3,633.15,78.62,98.8,DEMO_DATA,True
2023-12-02,1472.1,636.04,78.61,99.2,DEMO_DATA,True
2023-12-03,1478.4,640.43,78.66,99.8,DEMO_DATA,True
2023-12-04,1466.7,631.95,78.8,97.9,DEMO_DATA,True
2023-12-05,1459.2,637.64,78.25,99.3,DEMO_DATA,True
2023-12-06,1465.4,636.46,78.48,99.4,DEMO_DATA,True
2023-12-07,1234.4,639.12,78.57,100.7,DEMO_DATA,True
2023-12-08,1255.4,651.39,78.46,100.8,DEMO_DATA,True
2023-12-09,1204.7,657.14,78.55,100.9,DEMO_DATA,True
2023-12-10,1216.5,659.92,74.39,100.3,DEMO_DATA,True
2023-12-11,1233.1,633.38,74.25,101.0,DEMO_DATA,True
2023-12-12,1251.0,638.35,74.61,101.8,DEMO_DATA,True
2023-12-13,1286.4,649.04,74.63,101.5,DEMO_DATA,True
2023-12-14,1344.1,647.8,75.03,101.2,DEMO_DATA,True
2023-12-15,1385.1,651.56,75.35,101.7,DEMO_DATA,True
2023-12-16,1865.6,664.81,75.44,104.0,DEMO_DATA,True
2023-12-17,1914.9,657.1,77.51,103.2,DEMO_DATA,True
2023-12-18,1928.7,659.53,77.55,104.7,DEMO_DATA,True
2023-12-19,1947.4,579.86,77.28,103.9,DEMO_DATA,True
2023-12-20,1944.9,592.62,77.59,103.3,DEMO_DATA,True
2023-12-21,1924.5,603.71,77.74,104.1,DEMO_DATA,True
2023-12-22,1950.4,606.98,77.54,104.7,DEMO_DATA,True
2023-12-23,1957.5,590.52,77.95,104.6,DEMO_DATA,True
2023-12-24,1939.9,597.48,77.99,105.5,DEMO_DATA,True
2023-12-25,1913.0,592.74,78.33,104.0,DEMO_DATA,True
2023-12-26,1930.8,588.02,78.23,102.2,DEMO_DATA,True
2023-12-27,1950.3,573.59,78.06,102.4,DEMO_DATA,True
2023-12-28,1933.4,586.03,78.03,101.5,DEMO_DATA,True
2023-12-29,1956.5,567.37,77.84,102.7,DEMO_DATA,True
2023-12-30,1998.3,575.13,77.95,102.4,DEMO_DATA,True
2023-12-31,1918.6,575.27,77.69,102.4,DEMO_DATA,True
2024-01-01,1914.2,579.77,77.7,101.4,DEMO_DATA,True
2024-01-02,1938.9,582.5,77.6,100.9,DEMO_DATA,True
2024-01-03,1975.2,563.91,77.2,101.3,DEMO_DATA,True
2024-01-04,1931.7,560.54,77.22,101.9,DEMO_DATA,True
2024-01-05,1877.1,545.98,77.31,101.8,DEMO_DATA,True
2024-01-06,1842.4,551.56,77.42,102.1,DEMO_DATA,True
2024-01-07,1828.3,543.29,77.72,102.0,DEMO_DATA,True
2024-01-08,1827.7,538.83,77.57,101.8,DEMO_DATA,True
2024-01-09,1801.2,534.09,77.73,100.3,DEMO_DATA,True
2024-01-10,1818.3,524.86,77.6,100.5,DEMO_DATA,True
2024-01-11,1774.6,543.4,77.54,100.5,DEMO_DATA,True
2024-01-12,1756.7,535.41,77.72,100.9,DEMO_DATA,True
2024-01-13,1779.7,541.32,77.61,102.1,DEMO_DATA,True
2024-01-14,1772.4,431.4,77.49,102.2,DEMO_DATA,True
2024-01-15,1725.7,433.06,74.71,102.2,DEMO_DATA,True
2024-01-16,1649.9,430.94,74.89,102.9,DEMO_DATA,True
2024-01-17,1628.2,432.57,74.46,102.5,DEMO_DATA,True
2024-01-18,1641.1,438.05,74.55,102.4,DEMO_DATA,True
2024-01-19,1350.3,434.08,74.75,100.5,DEMO_DATA,True
2024-01-20,1367.5,440.55,74.74,101.4,DEMO_DATA,True
2024-01-21,1399.9,432.62,74.88,101.0,DEMO_DATA,True
2024-01-22,1433.6,440.54,74.9,102.5,DEMO_DATA,True
2024-01-23,1423.9,443.05,75.15,101.7,DEMO_DATA,True
2024-01-24,1460.1,447.08,75.42,102.4,DEMO_DATA,True
2024-01-25,1471.5,442.09,75.58,104.0,DEMO_DATA,True
2024-01-26,1537.7,442.69,75.83,103.1,DEMO_DATA,True
2024-01-27,1596.2,455.97,75.74,102.9,DEMO_DATA,True
2024-01-28,1566.2,451.05,75.52,103.4,DEMO_DATA,True
2024-01-29,1575.9,456.74,75.75,103.0,DEMO_DATA,True
2024-01-30,1551.5,463.01,75.65,102.9,DEMO_DATA,True
2024-01-31,1579.1,473.63,75.38,103.7,DEMO_DATA,True
2024-02-01,1602.0,476.58,75.04,103.8,DEMO_DATA,True
2024-02-02,1646.3,487.28,75.06,105.0,DEMO_DATA,True
2024-02-03,1648.6,490.54,75.36,104.9,DEMO_DATA,True
2024-02-04,1658.7,491.95,75.74,104.8,DEMO_DATA,True
2024-02-05,1708.7,502.59,75.87,106.6,DEMO_DATA,True
2024-02-06,1652.5,494.62,76.35,99.0,DEMO_DATA,True
2024-02-07,1653.9,505.2,76.51,99.7,DEMO_DATA,True
2024-02-08,1617.6,511.32,76.5,98.9,DEMO_DATA,True
2024-02-09,1630.2,509.18,76.62,99.2,DEMO_DATA,True
2024-02-10,1623.1,501.74,76.78,100.1,DEMO_DATA,True
2024-02-11,1609.7,503.9,76.55,100.2,DEMO_DATA,True
2024-02-12,1652.8,501.14,76.91,101.7,DEMO_DATA,True
2024-02-13,1663.6,502.97,77.06,100.8,DEMO_DATA,True
2024-02-14,1713.7,508.22,76.85,101.6,DEMO_DATA,True
2024-02-15,1708.9,494.23,77.08,102.0,DEMO_DATA,True
2024-02-16,1709.8,491.13,77.17,102.6,DEMO_DATA,True
2024-02-17,1710.8,486.28,77.39,100.6,DEMO_DATA,True
2024-02-18,1743.3,491.42,77.44,101.5,DEMO_DATA,True
2024-02-19,1720.0,487.64,77.61,100.0,DEMO_DATA,True
2024-02-20,1699.6,487.03,77.81,100.9,DEMO_DATA,True
2024-02-21,1718.2,489.62,77.99,101.6,DEMO_DATA,True
2024-02-22,1701.4,496.64,77.94,100.5,DEMO_DATA,True
2024-02-23,1703.4,499.97,77.72,99.7,DEMO_DATA,True
2024-02-24,1733.4,495.67,78.09,98.4,DEMO_DATA,True
2024-02-25,1723.4,489.93,78.17,98.0,DEMO_DATA,True
2024-02-26,1745.2,498.93,77.83,98.4,DEMO_DATA,True
2024-02-27,2055.3,498.52,77.96,99.3,DEMO_DATA,True
2024-02-28,2082.3,491.35,77.86,98.9,DEMO_DATA,True
2024-02-29,2101.0,493.64,78.06,98.9,DEMO_DATA,True
2024-03-01,2084.9,494.73,78.31,100.0,DEMO_DATA,True
2024-03-02,2093.0,506.15,78.22,99.3,DEMO_DATA,True
2024-03-03,2685.7,492.41,78.61,99.8,DEMO_DATA,True
2024-03-04,2628.2,491.19,78.62,99.8,DEMO_DATA,True
2024-03-05,2583.9,479.83,78.59,99.5,DEMO_DATA,True
2024-03-06,2584.9,486.38,78.61,99.8,DEMO_DATA,True
2024-03-07,2547.4,479.23,78.55,97.7,DEMO_DATA,True
2024-03-08,2534.6,479.95,78.63,97.1,DEMO_DATA,True
2024-03-09,2483.5,484.89,79.04,96.6,DEMO_DATA,True
2024-03-10,2415.6,481.74,78.82,96.9,DEMO_DATA,True
2024-03-11,2487.1,479.54,78.84,97.3,DEMO_DATA,True
2024-03-12,2417.7,482.01,79.16,97.3,DEMO_DATA,True
2024-03-13,2349.4,481.3,78.91,99.4,DEMO_DATA,True
2024-03-14,2334.3,481.16,79.06,99.9,DEMO_DATA,True
2024-03-15,2381.2,475.32,79.16,100.6,DEMO_DATA,True
2024-03-16,2340.7,477.97,79.18,99.9,DEMO_DATA,True
2024-03-17,2370.4,489.41,79.31,99.1,DEMO_DATA,True
2024-03-18,2320.1,463.68,79.47,99.1,DEMO_DATA,True
2024-03-19,2327.8,468.78,79.79,99.3,DEMO_DATA,True
2024-03-20,2370.7,469.98,79.8,100.2,DEMO_DATA,True
2024-03-21,2328.3,467.66,80.01,101.0,DEMO_DATA,True
2024-03-22,2223.1,472.46,79.81,101.6,DEMO_DATA,True
2024-03-23,2191.8,468.38,79.88,101.5,DEMO_DATA,True
2024-03-24,2195.5,471.79,79.95,101.5,DEMO_DATA,True
2024-03-25,2194.7,474.81,79.85,101.6,DEMO_DATA,True
2024-03-26,2215.0,480.33,79.77,100.9,DEMO_DATA,True
2024-03-27,2280.3,468.29,79.95,101.2,DEMO_DATA,True
2024-03-28,2297.8,475.6,80.12,102.0,DEMO_DATA,True
2024-03-29,2277.6,481.11,80.18,101.3,DEMO_DATA,True
2024-03-30,2331.8,473.38,80.25,101.1,DEMO_DATA,True
2024-03-31,2358.3,479.33,80.25,101.4,DEMO_DATA,True
2024-04-01,2301.8,486.01,80.13,101.4,DEMO_DATA,True
2024-04-02,2263.7,503.65,80.44,102.3,DEMO_DATA,True
2024-04-03,2310.6,499.66,80.4,102.7,DEMO_DATA,True
2024-04-04,2318.7,514.2,80.36,103.2,DEMO_DATA,True
2024-04-05,2310.0,505.36,80.31,103.5,DEMO_DATA,True
2024-04-06,2262.3,507.57,80.11,102.4,DEMO_DATA,True
2024-04-07,2273.7,519.31,80.22,102.4,DEMO_DATA,True
2024-04-08,2241.3,510.98,79.96,102.3,DEMO_DATA,True
2024-04-09,2229.1,519.31,79.49,102.0,DEMO_DATA,True
2024-04-10,2264.8,521.49,79.11,102.5,DEMO_DATA,True
2024-04-11,2287.1,516.99,78.9,102.8,DEMO_DATA,True
2024-04-12,2304.6,511.36,78.99,103.1,DEMO_DATA,True
2024-04-13,2333.7,508.95,79.12,98.7,DEMO_DATA,True
2024-04-14,2350.9,504.47,79.01,99.3,DEMO_DATA,True
2024-04-15,2354.9,508.77,78.81,99.6,DEMO_DATA,True
2024-04-16,2369.9,515.57,78.86,100.3,DEMO_DATA,True
2024-04-17,2309.6,499.21,78.93,99.9,DEMO_DATA,True
2024-04-18,2338.2,505.93,78.65,99.9,DEMO_DATA,True
2024-04-19,2293.1,498.79,78.43,98.9,DEMO_DATA,True
2024-04-20,2284.8,494.88,78.6,99.5,DEMO_DATA,True
2024-04-21,2228.7,502.22,78.47,98.7,DEMO_DATA,True
2024-04-22,2237.6,505.18,78.5,98.3,DEMO_DATA,True
2024-04-23,2276.6,503.4,78.56,97.5,DEMO_DATA,True
2024-04-24,2250.6,504.75,78.71,99.6,DEMO_DATA,True
2024-04-25,2341.5,511.2,78.83,99.4,DEMO_DATA,True
2024-04-26,2306.4,508.18,78.73,99.6,DEMO_DATA,True
2024-04-27,2302.2,518.78,78.73,99.9,DEMO_DATA,True
2024-04-28,2283.7,533.25,78.71,100.2,DEMO_DATA,True
2024-04-29,2322.1,535.29,78.68,98.8,DEMO_DATA,True
2024-04-30,2376.0,543.6,78.53,98.9,DEMO_DATA,True
2024-05-01,2362.6,539.46,78.37,98.6,DEMO_DATA,True
2024-05-02,2302.3,538.13,78.71,97.9,DEMO_DATA,True
2024-05-03,2279.5,594.07,78.99,98.2,DEMO_DATA,True
2024-05-04,2251.4,587.15,78.93,99.9,DEMO_DATA,True
2024-05-05,2176.9,599.59,79.01,100.3,DEMO_DATA,True
2024-05-06,2173.3,612.74,79.34,100.5,DEMO_DATA,True
2024-05-07,2129.9,595.04,79.28,99.3,DEMO_DATA,True
2024-05-08,2116.1,594.09,79.4,98.7,DEMO_DATA,True
2024-05-09,2143.2,610.02,79.53,98.9,DEMO_DATA,True
2024-05-10,2137.2,592.02,79.5,99.6,DEMO_DATA,True
2024-05-11,2123.5,589.72,79.46,100.2,DEMO_DATA,True
2024-05-12,2030.4,580.3,79.65,100.3,DEMO_DATA,True
2024-05-13,1976.6,580.97,79.6,101.0,DEMO_DATA,True
2024-05-14,1992.8,594.67,79.76,101.0,DEMO_DATA,True
2024-05-15,1965.3,596.93,79.7,102.0,DEMO_DATA,True
2024-05-16,1933.9,592.4,79.67,101.5,DEMO_DATA,True
2024-05-17,1985.6,596.21,79.79,101.8,DEMO_DATA,True
2024-05-18,1997.4,581.88,80.05,101.7,DEMO_DATA,True
2024-05-19,1981.2,581.3,80.01,100.2,DEMO_DATA,True
2024-05-20,1977.8,578.46,80.15,100.6,DEMO_DATA,True
2024-05-21,2008.6,580.62,80.25,99.6,DEMO_DATA,True
2024-05-22,1970.7,579.67,80.18,99.7,DEMO_DATA,True
2024-05-23,2009.3,585.5,80.42,101.9,DEMO_DATA,True
2024-05-24,2018.9,581.98,80.7,102.1,DEMO_DATA,True
2024-05-25,2065.2,464.8,80.91,101.8,DEMO_DATA,True
2024-05-26,2042.1,467.16,80.73,102.0,DEMO_DATA,True
2024-05-27,2049.1,461.05,80.6,101.6,DEMO_DATA,True
2024-05-28,1985.4,458.21,80.83,102.5,DEMO_DATA,True
2024-05-29,1961.2,466.36,80.85,101.2,DEMO_DATA,True
2024-05-30,1945.1,469.92,80.81,100.7,DEMO_DATA,True
2024-05-31,1996.9,488.28,81.33,100.8,DEMO_DATA,True
2024-06-01,1981.2,486.05,81.19,100.7,DEMO_DATA,True
2024-06-02,2003.9,491.42,81.26,99.6,DEMO_DATA,True
2024-06-03,1983.0,488.47,81.33,99.1,DEMO_DATA,True
2024-06-04,1999.6,492.59,81.25,99.5,DEMO_DATA,True
2024-06-05,2002.0,478.09,81.47,99.0,DEMO_DATA,True
2024-06-06,2046.4,477.74,81.14,99.5,DEMO_DATA,True
2024-06-07,2064.7,477.9,80.98,99.6,DEMO_DATA,True
2024-06-08,2105.5,470.49,81.02,99.6,DEMO_DATA,True
2024-06-09,2093.4,477.71,80.96,93.7,DEMO_DATA,True
2024-06-10,2062.5,471.61,80.68,93.2,DEMO_DATA,True
2024-06-11,2114.6,479.7,81.04,92.0,DEMO_DATA,True
2024-06-12,2142.5,479.26,81.2,92.9,DEMO_DATA,True
2024-06-13,2196.4,472.38,81.09,92.7,DEMO_DATA,True
2024-06-14,2121.7,477.77,81.19,94.2,DEMO_DATA,True
2024-06-15,2212.8,465.98,81.25,93.8,DEMO_DATA,True
2024-06-16,2245.6,475.94,81.19,94.6,DEMO_DATA,True
2024-06-17,2513.1,497.58,80.98,96.0,DEMO_DATA,True
2024-06-18,2445.4,503.03,81.21,95.7,DEMO_DATA,True
2024-06-19,2446.4,506.24,81.66,96.5,DEMO_DATA,True
2024-06-20,2463.3,513.99,81.14,96.8,DEMO_DATA,True
2024-06-21,2430.6,510.86,81.48,96.2,DEMO_DATA,True
2024-06-22,2458.9,507.65,81.54,95.1,DEMO_DATA,True
2024-06-23,2448.7,507.74,81.77,95.8,DEMO_DATA,True
2024-06-24,2363.3,511.29,81.74,95.8,DEMO_DATA,True
2024-06-25,2345.7,494.96,81.78,96.4,DEMO_DATA,True
2024-06-26,2255.1,483.57,81.74,97.7,DEMO_DATA,True
2024-06-27,2229.9,493.54,81.86,97.3,DEMO_DATA,True
2024-06-28,2174.9,502.09,81.53,98.9,DEMO_DATA,True
2024-06-29,2146.0,496.42,81.34,96.9,DEMO_DATA,True
2024-06-30,2136.8,447.35,81.38,96.6,DEMO_DATA,True
2024-07-01,2148.9,443.84,81.11,95.7,DEMO_DATA,True
2024-07-02,2161.9,445.75,81.08,95.7,DEMO_DATA,True
2024-07-03,2193.9,441.65,81.22,96.7,DEMO_DATA,True
2024-07-04,2244.7,439.42,81.24,96.8,DEMO_DATA,True
2024-07-05,2238.0,437.63,81.17,97.7,DEMO_DATA,True
2024-07-06,2272.4,439.43,81.12,98.9,DEMO_DATA,True
2024-07-07,2277.3,437.45,80.86,100.1,DEMO_DATA,True
2024-07-08,2304.3,442.57,80.97,101.1,DEMO_DATA,True
2024-07-09,2263.8,441.73,80.9,100.0,DEMO_DATA,True
2024-07-10,2253.4,446.05,81.04,100.9,DEMO_DATA,True
2024-07-11,2238.7,442.45,81.56,100.1,DEMO_DATA,True
2024-07-12,2186.9,522.23,81.69,98.8,DEMO_DATA,True
2024-07-13,2225.8,509.94,81.85,98.9,DEMO_DATA,True
2024-07-14,2249.8,517.72,81.87,99.5,DEMO_DATA,True
2024-07-15,2233.8,523.49,81.87,99.1,DEMO_DATA,True
2024-07-16,2229.5,520.92,81.76,99.4,DEMO_DATA,True
2024-07-17,2195.5,533.48,82.19,98.7,DEMO_DATA,True
2024-07-18,2204.4,550.66,82.27,97.3,DEMO_DATA,True
2024-07-19,2200.0,549.99,82.42,97.6,DEMO_DATA,True
2024-07-20,2170.6,538.92,82.27,98.0,DEMO_DATA,True
2024-07-21,2160.9,541.48,81.92,97.0,DEMO_DATA,True
2024-07-22,2106.4,543.05,82.47,97.9,DEMO_DATA,True
2024-07-23,2049.5,544.78,82.3,98.6,DEMO_DATA,True
2024-07-24,2043.3,550.47,82.07,99.8,DEMO_DATA,True
2024-07-25,2012.3,567.62,82.3,99.6,DEMO_DATA,True
2024-07-26,1992.7,558.5,82.19,99.3,DEMO_DATA,True
2024-07-27,1978.9,560.31,82.34,100.5,DEMO_DATA,True
2024-07-28,1974.1,547.82,82.68,100.6,DEMO_DATA,True
2024-07-29,1960.6,552.91,82.59,100.5,DEMO_DATA,True
2024-07-30,1919.6,555.65,82.1,100.2,DEMO_DATA,True
2024-07-31,1869.8,557.5,82.09,95.7,DEMO_DATA,True
2024-08-01,1842.3,546.37,82.01,95.1,DEMO_DATA,True
2024-08-02,1842.0,551.45,81.6,94.6,DEMO_DATA,True
2024-08-03,1852.2,541.96,81.67,95.3,DEMO_DATA,True
2024-08-04,1856.5,553.79,81.42,96.2,DEMO_DATA,True
2024-08-05,1871.2,537.4,81.67,94.9,DEMO_DATA,True
2024-08-06,1904.3,534.98,81.8,95.3,DEMO_DATA,True
2024-08-07,1933.9,527.07,81.95,95.9,DEMO_DATA,True
2024-08-08,1960.9,532.25,81.52,95.3,DEMO_DATA,True
2024-08-09,2023.9,519.65,81.76,95.9,DEMO_DATA,True
2024-08-10,1871.7,510.99,81.47,96.9,DEMO_DATA,True
2024-08-11,1885.8,507.42,81.31,97.1,DEMO_DATA,True
2024-08-12,1887.3,510.31,81.15,98.2,DEMO_DATA,True
2024-08-13,1883.5,515.94,80.48,99.4,DEMO_DATA,True
2024-08-14,1823.7,529.2,80.64,100.1,DEMO_DATA,True
2024-08-15,1795.8,469.42,80.86,100.1,DEMO_DATA,True
2024-08-16,1793.5,477.56,80.75,99.8,DEMO_DATA,True
2024-08-17,1792.2,470.34,80.58,101.5,DEMO_DATA,True
2024-08-18,1763.8,484.84,80.7,100.9,DEMO_DATA,True
2024-08-19,1803.5,481.25,80.44,101.5,DEMO_DATA,True
2024-08-20,1784.5,478.28,80.73,101.1,DEMO_DATA,True
2024-08-21,1769.9,486.47,81.22,101.8,DEMO_DATA,True
2024-08-22,1460.9,480.12,81.11,100.6,DEMO_DATA,True
2024-08-23,1467.1,475.37,80.42,100.5,DEMO_DATA,True
2024-08-24,1457.6,481.64,79.74,101.2,DEMO_DATA,True
2024-08-25,1452.2,473.72,79.66,100.7,DEMO_DATA,True
2024-08-26,1434.9,467.91,79.58,101.2,DEMO_DATA,True
2024-08-27,1422.7,465.89,79.23,101.6,DEMO_DATA,True
2024-08-28,1410.4,470.24,78.9,100.3,DEMO_DATA,True
2024-08-29,1417.7,472.65,79.0,99.3,DEMO_DATA,True
2024-08-30,1442.9,475.97,79.11,98.9,DEMO_DATA,True
2024-08-31,1467.5,483.67,79.61,97.0,DEMO_DATA,True
2024-09-01,1498.3,492.63,79.86,97.6,DEMO_DATA,True
2024-09-02,1482.6,494.27,79.55,98.1,DEMO_DATA,True
2024-09-03,1554.2,497.91,79.34,98.4,DEMO_DATA,True
2024-09-04,1565.2,499.37,79.53,99.6,DEMO_DATA,True
2024-09-05,1577.7,498.39,79.79,99.1,DEMO_DATA,True
2024-09-06,1576.0,501.78,79.63,100.1,DEMO_DATA,True
2024-09-07,1568.7,506.45,79.67,100.8,DEMO_DATA,True
2024-09-08,1605.6,507.66,79.99,100.7,DEMO_DATA,True
2024-09-09,1550.3,504.19,80.12,101.0,DEMO_DATA,True
2024-09-10,1533.4,520.46,79.67,101.3,DEMO_DATA,True
2024-09-11,1560.3,517.96,79.92,101.9,DEMO_DATA,True
2024-09-12,1729.4,508.42,79.88,101.4,DEMO_DATA,True
2024-09-13,1705.0,509.85,80.2,102.0,DEMO_DATA,True
2024-09-14,1724.7,504.95,80.06,102.6,DEMO_DATA,True
2024-09-15,1522.7,503.35,80.18,103.7,DEMO_DATA,True
2024-09-16,1547.3,503.52,80.08,103.3,DEMO_DATA,True
2024-09-17,1574.1,507.11,80.18,102.9,DEMO_DATA,True
2024-09-18,1593.4,505.44,79.88,102.0,DEMO_DATA,True
2024-09-19,1627.6,502.17,79.63,102.6,DEMO_DATA,True
2024-09-20,1632.3,501.12,79.43,102.5,DEMO_DATA,True
2024-09-21,1663.4,503.77,78.79,102.2,DEMO_DATA,True
2024-09-22,1616.1,498.04,78.67,101.3,DEMO_DATA,True
2024-09-23,1620.9,502.71,79.07,100.6,DEMO_DATA,True
2024-09-24,1672.8,505.17,79.29,102.4,DEMO_DATA,True
2024-09-25,1678.8,512.27,79.36,103.4,DEMO_DATA,True
2024-09-26,1653.7,510.06,79.42,104.0,DEMO_DATA,True
2024-09-27,1687.9,509.8,79.6,103.4,DEMO_DATA,True
2024-09-28,1707.0,506.67,79.29,103.6,DEMO_DATA,True
2024-09-29,1679.9,515.45,79.26,104.3,DEMO_DATA,True
2024-09-30,1674.2,408.75,79.55,104.5,DEMO_DATA,True
2024-10-01,1737.2,411.0,79.65,103.9,DEMO_DATA,True
2024-10-02,1733.0,407.43,79.55,102.2,DEMO_DATA,True
2024-10-03,1713.9,421.99,80.14,102.2,DEMO_DATA,True
2024-10-04,1702.8,424.91,80.0,101.5,DEMO_DATA,True
2024-10-05,1697.6,424.81,79.83,101.2,DEMO_DATA,True
2024-10-06,1747.7,426.37,80.16,100.6,DEMO_DATA,True
2024-10-07,1219.8,422.01,80.18,99.9,DEMO_DATA,True
2024-10-08,1223.6,422.29,80.32,101.1,DEMO_DATA,True
2024-10-09,1253.0,411.73,79.96,101.9,DEMO_DATA,True
2024-10-10,1248.0,414.42,79.76,101.1,DEMO_DATA,True
2024-10-11,1266.6,418.38,80.12,101.5,DEMO_DATA,True
2024-10-12,1285.9,417.55,80.25,102.0,DEMO_DATA,True
2024-10-13,1319.9,424.96,79.9,101.2,DEMO_DATA,True
2024-10-14,1350.6,419.02,79.84,101.4,DEMO_DATA,True
2024-10-15,1580.9,419.55,79.91,102.1,DEMO_DATA,True
2024-10-16,1569.5,433.93,80.22,100.8,DEMO_DATA,True
2024-10-17,1594.5,436.15,80.07,101.5,DEMO_DATA,True
2024-10-18,1565.7,482.17,80.15,102.4,DEMO_DATA,True
2024-10-19,1535.6,487.65,80.2,101.7,DEMO_DATA,True
2024-10-20,1518.1,486.85,80.44,100.9,DEMO_DATA,True
2024-10-21,1544.0,470.2,80.79,100.8,DEMO_DATA,True
2024-10-22,1534.0,463.37,80.64,100.5,DEMO_DATA,True
2024-10-23,1540.7,460.79,80.93,101.1,DEMO_DATA,True
2024-10-24,1530.1,456.62,80.8,100.5,DEMO_DATA,True
2024-10-25,1286.3,454.51,80.65,101.3,DEMO_DATA,True
2024-10-26,1281.6,446.81,80.21,102.3,DEMO_DATA,True
2024-10-27,1306.8,452.47,80.6,101.1,DEMO_DATA,True
2024-10-28,1364.9,466.7,80.72,101.6,DEMO_DATA,True
2024-10-29,1373.8,477.75,85.24,100.6,DEMO_DATA,True
2024-10-30,1411.5,491.19,85.21,99.2,DEMO_DATA,True
2024-10-31,1430.3,491.97,84.82,98.5,DEMO_DATA,True
2024-11-01,1433.4,499.0,84.97,98.0,DEMO_DATA,True
2024-11-02,1431.7,499.14,85.15,97.7,DEMO_DATA,True
2024-11-03,1489.2,498.45,84.88,98.9,DEMO_DATA,True
2024-11-04,1542.8,495.82,84.91,97.5,DEMO_DATA,True
2024-11-05,1559.1,561.84,84.69,97.9,DEMO_DATA,True
2024-11-06,1497.4,557.6,84.56,97.0,DEMO_DATA,True
2024-11-07,1480.6,573.33,84.77,96.3,DEMO_DATA,True
2024-11-08,1461.2,575.69,85.1,104.8,DEMO_DATA,True
2024-11-09,1528.1,643.64,85.27,103.7,DEMO_DATA,True
2024-11-10,1511.1,650.7,85.26,104.7,DEMO_DATA,True
2024-11-11,1524.6,654.95,85.36,104.8,DEMO_DATA,True
2024-11-12,1547.2,637.29,85.16,103.2,DEMO_DATA,True
2024-11-13,1595.8,637.7,85.1,103.1,DEMO_DATA,True
2024-11-14,1636.9,627.07,85.08,103.3,DEMO_DATA,True
2024-11-15,1671.7,617.73,85.33,104.1,DEMO_DATA,True
2024-11-16,1701.2,599.38,85.33,103.4,DEMO_DATA,True
2024-11-17,1664.9,594.79,85.4,102.9,DEMO_DATA,True
2024-11-18,1705.0,594.26,85.11,102.5,DEMO_DATA,True
2024-11-19,1718.0,593.63,85.26,101.3,DEMO_DATA,True
2024-11-20,1717.2,591.02,85.5,99.2,DEMO_DATA,True
2024-11-21,1752.3,592.69,85.41,100.9,DEMO_DATA,True
2024-11-22,1751.3,586.39,85.34,102.0,DEMO_DATA,True
2024-11-23,1754.1,584.84,85.17,102.7,DEMO_DATA,True
2024-11-24,1747.7,582.25,85.03,102.9,DEMO_DATA,True
2024-11-25,1789.8,565.99,84.88,104.1,DEMO_DATA,True
2024-11-26,1796.2,562.54,85.39,104.1,DEMO_DATA,True
2024-11-27,1854.4,565.6,85.31,103.0,DEMO_DATA,True
2024-11-28,1863.5,562.76,85.41,102.8,DEMO_DATA,True
2024-11-29,1873.8,539.63,85.64,101.8,DEMO_DATA,True
2024-11-30,1875.6,538.94,85.47,102.5,DEMO_DATA,True
2024-12-01,1884.9,551.79,85.6,103.0,DEMO_DATA,True
2024-12-02,1933.4,551.42,85.49,102.3,DEMO_DATA,True
2024-12-03,1944.1,471.93,85.33,102.0,DEMO_DATA,True
2024-12-04,1988.3,483.94,85.29,102.7,DEMO_DATA,True
2024-12-05,1965.6,484.47,85.47,102.5,DEMO_DATA,True
2024-12-06,1937.8,484.31,85.2,103.3,DEMO_DATA,True
2024-12-07,1987.2,484.07,85.56,105.3,DEMO_DATA,True
2024-12-08,1915.0,482.47,86.08,105.7,DEMO_DATA,True
2024-12-09,1914.6,475.48,85.89,105.2,DEMO_DATA,True
2024-12-10,1896.6,486.88,85.79,104.3,DEMO_DATA,True
2024-12-11,1898.6,468.84,86.22,104.3,DEMO_DATA,True
2024-12-12,1896.7,465.48,86.6,103.9,DEMO_DATA,True
2024-12-13,1856.7,457.51,86.5,103.3,DEMO_DATA,True
2024-12-14,2196.2,468.01,86.22,104.8,DEMO_DATA,True
2024-12-15,2221.0,460.69,86.58,105.7,DEMO_DATA,True
2024-12-16,2184.0,468.31,86.38,107.0,DEMO_DATA,True
2024-12-17,2182.1,465.69,86.4,106.3,DEMO_DATA,True
2024-12-18,2197.8,459.88,85.98,105.8,DEMO_DATA,True
2024-12-19,2194.8,468.56,86.12,104.2,DEMO_DATA,True
2024-12-20,2225.7,483.79,85.64,104.2,DEMO_DATA,True
2024-12-21,2194.7,477.92,85.84,104.0,DEMO_DATA,True
2024-12-22,2275.0,475.82,85.44,103.2,DEMO_DATA,True
2024-12-23,2306.3,492.99,85.81,103.0,DEMO_DATA,True
2024-12-24,2396.7,491.97,86.17,103.5,DEMO_DATA,True
2024-12-25,2404.6,492.99,86.26,102.4,DEMO_DATA,True
2024-12-26,2396.7,514.82,86.03,101.9,DEMO_DATA,True
2024-12-27,2313.3,505.92,85.69,101.8,DEMO_DATA,True
2024-12-28,2323.6,496.33,85.75,102.9,DEMO_DATA,True
2024-12-29,2358.2,483.2,86.02,102.4,DEMO_DATA,True
2024-12-30,2394.8,493.6,85.22,102.6,DEMO_DATA,True
2024-12-31,2339.8,504.7,85.0,103.3,DEMO_DATA,True
2025-01-01,2255.7,508.92,84.75,103.9,DEMO_DATA,True
2025-01-02,2322.8,515.47,84.71,103.4,DEMO_DATA,True
2025-01-03,2281.7,513.33,85.27,102.7,DEMO_DATA,True
2025-01-04,2327.4,523.45,85.6,104.0,DEMO_DATA,True
2025-01-05,2249.6,533.03,86.24,103.5,DEMO_DATA,True
2025-01-06,2263.7,546.22,86.16,104.6,DEMO_DATA,True
2025-01-07,2294.9,544.17,86.17,104.5,DEMO_DATA,True
2025-01-08,2221.6,548.59,86.47,103.5,DEMO_DATA,True
2025-01-09,2198.4,552.46,86.27,104.1,DEMO_DATA,True
2025-01-10,2198.0,548.84,86.58,104.4,DEMO_DATA,True
2025-01-11,2185.2,540.05,86.74,108.9,DEMO_DATA,True
2025-01-12,2203.8,536.08,86.72,109.7,DEMO_DATA,True
2025-01-13,2086.5,521.53,86.95,108.0,DEMO_DATA,True
2025-01-14,2123.1,582.9,86.87,108.6,DEMO_DATA,True
2025-01-15,2052.6,586.58,86.14,109.8,DEMO_DATA,True
2025-01-16,2061.6,582.01,85.78,109.5,DEMO_DATA,True
2025-01-17,2006.8,575.59,85.67,110.2,DEMO_DATA,True
2025-01-18,2018.9,559.2,85.85,111.0,DEMO_DATA,True
2025-01-19,2008.0,558.04,86.01,110.4,DEMO_DATA,True
2025-01-20,1982.0,557.82,85.68,110.3,DEMO_DATA,True
2025-01-21,1978.5,547.12,85.73,110.1,DEMO_DATA,True
2025-01-22,1901.1,552.95,85.76,109.2,DEMO_DATA,True
2025-01-23,1864.5,543.48,85.41,109.2,DEMO_DATA,True
2025-01-24,1864.6,543.42,85.14,108.3,DEMO_DATA,True
2025-01-25,1870.3,552.71,84.54,108.4,DEMO_DATA,True
2025-01-26,1873.5,540.58,84.71,107.7,DEMO_DATA,True
2025-01-27,1865.2,539.32,86.41,105.3,DEMO_DATA,True
2025-01-28,1871.5,551.47,86.63,105.4,DEMO_DATA,True
2025-01-29,1873.4,553.64,86.65,106.4,DEMO_DATA,True
2025-01-30,1823.8,535.27,86.21,106.1,DEMO_DATA,True
2025-01-31,1817.3,533.93,86.05,106.0,DEMO_DATA,True
2025-02-01,1806.1,521.72,86.22,106.1,DEMO_DATA,True
2025-02-02,1790.9,517.64,86.08,105.4,DEMO_DATA,True
2025-02-03,1817.3,526.75,85.5,105.4,DEMO_DATA,True
2025-02-04,1821.9,517.89,85.42,104.0,DEMO_DATA,True
2025-02-05,1783.7,517.89,85.41,102.5,DEMO_DATA,True
2025-02-06,1806.4,525.4,85.36,93.9,DEMO_DATA,True
2025-02-07,1620.5,522.99,85.32,94.2,DEMO_DATA,True
2025-02-08,1618.1,525.95,85.35,94.2,DEMO_DATA,True
2025-02-09,1605.3,540.73,84.91,94.5,DEMO_DATA,True
2025-02-10,1605.8,645.46,84.97,94.9,DEMO_DATA,True
2025-02-11,1630.3,653.41,84.84,95.0,DEMO_DATA,True
2025-02-12,1639.2,636.34,85.1,95.8,DEMO_DATA,True
2025-02-13,1589.1,624.66,84.73,96.4,DEMO_DATA,True
2025-02-14,1619.5,643.9,84.9,96.3,DEMO_DATA,True
2025-02-15,1629.4,640.24,84.89,94.5,DEMO_DATA,True
2025-02-16,1665.2,630.13,85.2,94.9,DEMO_DATA,True
2025-02-17,1669.3,624.58,85.56,94.5,DEMO_DATA,True
2025-02-18,1694.9,620.35,85.56,94.1,DEMO_DATA,True
2025-02-19,1742.8,601.84,85.59,94.6,DEMO_DATA,True
2025-02-20,1786.4,593.0,85.37,95.0,DEMO_DATA,True
2025-02-21,1798.6,600.54,85.68,94.4,DEMO_DATA,True
2025-02-22,1739.7,597.03,85.66,93.2,DEMO_DATA,True
2025-02-23,1768.4,617.7,85.72,93.7,DEMO_DATA,True
2025-02-24,1384.5,611.47,85.96,95.6,DEMO_DATA,True
2025-02-25,1396.7,611.99,85.68,95.7,DEMO_DATA,True
2025-02-26,1393.5,595.28,86.09,94.7,DEMO_DATA,True
2025-02-27,1416.2,598.7,86.34,95.2,DEMO_DATA,True
2025-02-28,1415.3,590.28,86.24,94.6,DEMO_DATA,True
2025-03-01,1417.9,595.07,86.05,95.4,DEMO_DATA,True
2025-03-02,1411.0,594.1,86.26,94.9,DEMO_DATA,True
2025-03-03,1035.9,594.39,85.73,95.9,DEMO_DATA,True
2025-03-04,1057.4,591.8,85.42,95.2,DEMO_DATA,True
2025-03-05,1054.1,580.19,85.89,94.5,DEMO_DATA,True
2025-03-06,1074.0,585.23,85.56,94.7,DEMO_DATA,True
2025-03-07,1108.6,610.5,85.61,95.2,DEMO_DATA,True
2025-03-08,1090.7,591.79,85.75,94.4,DEMO_DATA,True
2025-03-09,1107.1,586.14,86.05,94.0,DEMO_DATA,True
2025-03-10,1120.6,579.1,86.0,94.4,DEMO_DATA,True
2025-03-11,1118.2,578.42,85.84,94.3,DEMO_DATA,True
2025-03-12,1101.6,583.36,86.01,95.8,DEMO_DATA,True
2025-03-13,1095.5,585.18,86.45,95.6,DEMO_DATA,True
2025-03-14,1115.2,580.01,86.74,97.1,DEMO_DATA,True
2025-03-15,1141.7,582.55,86.76,98.8,DEMO_DATA,True
2025-03-16,1325.4,600.58,86.37,98.3,DEMO_DATA,True
2025-03-17,1351.9,606.26,86.45,99.5,DEMO_DATA,True
2025-03-18,1306.8,606.74,86.66,99.4,DEMO_DATA,True
2025-03-19,1281.1,603.11,86.69,99.1,DEMO_DATA,True
2025-03-20,1290.1,591.13,86.69,98.1,DEMO_DATA,True
2025-03-21,1306.4,589.56,86.23,98.5,DEMO_DATA,True
2025-03-22,1341.9,588.18,86.14,98.1,DEMO_DATA,True
2025-03-23,1369.0,466.93,86.02,98.8,DEMO_DATA,True
2025-03-24,1348.1,468.36,85.95,98.7,DEMO_DATA,True
2025-03-25,1352.2,469.22,85.51,97.9,DEMO_DATA,True
2025-03-26,1402.0,458.99,85.62,97.1,DEMO_DATA,True
2025-03-27,1415.8,451.68,85.7,97.7,DEMO_DATA,True
2025-03-28,1442.3,458.19,85.77,96.6,DEMO_DATA,True
2025-03-29,1475.3,468.75,85.74,97.0,DEMO_DATA,True
2025-03-30,1497.3,468.67,85.57,98.0,DEMO_DATA,True
2025-03-31,1493.5,472.57,85.32,97.6,DEMO_DATA,True
2025-04-01,1485.6,465.52,85.07,96.8,DEMO_DATA,True
2025-04-02,1463.6,391.74,85.02,98.4,DEMO_DATA,True
2025-04-03,1479.0,398.03,84.63,99.5,DEMO_DATA,True
2025-04-04,1505.7,398.83,84.34,97.7,DEMO_DATA,True
2025-04-05,1500.6,411.44,83.94,96.5,DEMO_DATA,True
2025-04-06,1888.0,416.63,83.67,96.3,DEMO_DATA,True
2025-04-07,1874.5,431.16,83.29,96.6,DEMO_DATA,True
2025-04-08,1905.6,434.98,83.76,96.1,DEMO_DATA,True
2025-04-09,1932.8,426.37,83.81,95.9,DEMO_DATA,True
2025-04-10,1946.5,423.42,83.37,95.8,DEMO_DATA,True
2025-04-11,1943.7,426.35,83.35,95.3,DEMO_DATA,True
2025-04-12,1989.3,425.74,83.07,100.5,DEMO_DATA,True
2025-04-13,1974.2,423.3,83.49,99.5,DEMO_DATA,True
2025-04-14,1961.6,405.07,83.37,99.9,DEMO_DATA,True
2025-04-15,1927.0,404.96,83.23,100.4,DEMO_DATA,True
2025-04-16,1891.0,403.8,83.01,99.0,DEMO_DATA,True
2025-04-17,1869.0,409.85,82.6,99.1,DEMO_DATA,True
2025-04-18,1804.5,415.37,82.42,98.1,DEMO_DATA,True
2025-04-19,1769.5,382.36,82.53,96.8,DEMO_DATA,True
2025-04-20,1751.3,381.9,82.85,96.9,DEMO_DATA,True
2025-04-21,1756.6,385.48,82.77,98.5,DEMO_DATA,True
2025-04-22,1767.0,386.31,83.04,98.9,DEMO_DATA,True
2025-04-23,1748.3,387.25,82.76,99.6,DEMO_DATA,True
2025-04-24,1730.3,402.52,82.97,99.9,DEMO_DATA,True
2025-04-25,1716.0,413.02,82.67,97.8,DEMO_DATA,True
2025-04-26,1711.0,413.91,82.57,98.5,DEMO_DATA,True
2025-04-27,1740.4,356.08,82.82,100.5,DEMO_DATA,True
2025-04-28,1746.7,362.62,82.98,99.9,DEMO_DATA,True
2025-04-29,1807.5,366.39,82.8,99.7,DEMO_DATA,True
2025-04-30,1770.8,367.33,82.39,99.9,DEMO_DATA,True
2025-05-01,1732.8,363.3,82.25,99.5,DEMO_DATA,True
2025-05-02,1705.6,371.93,82.01,99.5,DEMO_DATA,True
2025-05-03,1708.4,371.0,81.59,98.7,DEMO_DATA,True
2025-05-04,1700.3,377.92,81.81,99.8,DEMO_DATA,True
2025-05-05,1757.5,376.09,82.15,99.3,DEMO_DATA,True
2025-05-06,1745.1,379.75,81.84,100.0,DEMO_DATA,True
2025-05-07,1725.2,382.48,81.96,99.8,DEMO_DATA,True
2025-05-08,1734.9,379.98,82.04,99.6,DEMO_DATA,True
2025-05-09,1742.1,385.8,82.17,99.7,DEMO_DATA,True
2025-05-10,1715.8,386.83,82.31,99.4,DEMO_DATA,True
2025-05-11,1804.0,384.89,82.21,100.2,DEMO_DATA,True
2025-05-12,1817.2,399.08,82.05,99.1,DEMO_DATA,True
2025-05-13,1880.5,401.08,81.48,99.5,DEMO_DATA,True
2025-05-14,1847.7,405.64,81.35,97.5,DEMO_DATA,True
2025-05-15,1871.4,411.19,81.59,97.1,DEMO_DATA,True
2025-05-16,1866.0,413.8,81.58,97.5,DEMO_DATA,True
2025-05-17,1807.7,416.55,82.07,98.4,DEMO_DATA,True
2025-05-18,1883.6,420.74,82.22,97.0,DEMO_DATA,True
2025-05-19,1828.7,427.17,81.87,97.2,DEMO_DATA,True
2025-05-20,1786.3,432.74,82.0,97.0,DEMO_DATA,True
2025-05-21,1787.2,438.7,82.08,97.2,DEMO_DATA,True
2025-05-22,1844.0,450.46,81.94,96.3,DEMO_DATA,True
2025-05-23,1857.9,443.42,81.96,96.5,DEMO_DATA,True
2025-05-24,1847.9,452.5,82.1,96.2,DEMO_DATA,True
2025-05-25,1844.5,463.3,82.27,88.7,DEMO_DATA,True
2025-05-26,1871.7,461.23,82.49,89.0,DEMO_DATA,True
2025-05-27,1873.2,449.39,82.7,88.0,DEMO_DATA,True
2025-05-28,1870.7,434.71,82.59,87.7,DEMO_DATA,True
2025-05-29,1868.4,433.22,82.41,88.5,DEMO_DATA,True
2025-05-30,1890.7,443.23,82.29,79.3,DEMO_DATA,True
2025-05-31,1922.6,440.82,82.74,77.8,DEMO_DATA,True
2025-06-01,1908.7,443.17,82.77,82.3,DEMO_DATA,True
2025-06-02,1961.5,443.85,82.47,83.7,DEMO_DATA,True
2025-06-03,1923.2,439.48,82.42,83.6,DEMO_DATA,True
2025-06-04,2481.3,345.57,82.33,84.2,DEMO_DATA,True
2025-06-05,2524.5,353.74,82.17,84.8,DEMO_DATA,True
2025-06-06,2530.6,359.34,81.96,84.8,DEMO_DATA,True
2025-06-07,2491.6,358.18,81.84,84.9,DEMO_DATA,True
2025-06-08,2428.8,363.68,81.94,86.3,DEMO_DATA,True
2025-06-09,2349.9,368.71,81.88,87.3,DEMO_DATA,True
2025-06-10,2753.5,365.29,82.41,87.3,DEMO_DATA,True
2025-06-11,2732.6,368.51,81.99,86.0,DEMO_DATA,True
2025-06-12,2740.1,368.04,82.14,86.8,DEMO_DATA,True
2025-06-13,2664.2,359.13,82.31,87.3,DEMO_DATA,True
2025-06-14,2655.1,362.84,82.1,89.7,DEMO_DATA,True
2025-06-15,2619.1,376.4,81.97,90.8,DEMO_DATA,True
2025-06-16,2609.3,382.19,82.03,91.8,DEMO_DATA,True
2025-06-17,2549.4,373.0,81.91,91.5,DEMO_DATA,True
2025-06-18,2657.4,377.02,81.68,90.8,DEMO_DATA,True
2025-06-19,2659.4,378.76,81.73,87.7,DEMO_DATA,True
2025-06-20,2231.8,380.38,77.14,86.9,DEMO_DATA,True
2025-06-21,2214.5,389.51,76.96,87.5,DEMO_DATA,True
2025-06-22,2205.7,388.97,77.22,88.3,DEMO_DATA,True
2025-06-23,2252.0,382.21,77.44,89.1,DEMO_DATA,True
2025-06-24,2327.9,382.68,77.54,89.2,DEMO_DATA,True
2025-06-25,2291.0,387.37,77.81,89.0,DEMO_DATA,True
2025-06-26,2270.8,398.27,77.7,89.2,DEMO_DATA,True
2025-06-27,2239.1,396.71,77.84,90.3,DEMO_DATA,True
2025-06-28,2229.0,389.77,78.13,90.6,DEMO_DATA,True
2025-06-29,2248.8,402.61,77.89,90.7,DEMO_DATA,True
2025-06-30,2334.4,406.11,77.75,90.4,DEMO_DATA,True
2025-07-01,2264.5,408.11,78.2,90.4,DEMO_DATA,True
2025-07-02,2314.7,402.54,78.0,90.0,DEMO_DATA,True
2025-07-03,2328.5,405.73,78.15,90.0,DEMO_DATA,True
2025-07-04,2285.2,410.1,78.51,91.3,DEMO_DATA,True
2025-07-05,2289.6,410.82,78.67,92.8,DEMO_DATA,True
2025-07-06,2301.0,419.26,78.78,93.4,DEMO_DATA,True
2025-07-07,2250.3,433.37,79.18,93.1,DEMO_DATA,True
2025-07-08,2256.5,443.84,79.07,92.5,DEMO_DATA,True
2025-07-09,2242.6,449.78,79.03,94.0,DEMO_DATA,True
2025-07-10,2239.0,462.45,79.22,94.0,DEMO_DATA,True
2025-07-11,2309.6,458.43,79.24,93.8,DEMO_DATA,True
2025-07-12,2250.9,465.08,79.58,92.8,DEMO_DATA,True
2025-07-13,2168.5,459.21,79.44,93.5,DEMO_DATA,True
2025-07-14,1670.7,467.57,79.87,94.0,DEMO_DATA,True
2025-07-15,1692.3,461.26,80.11,95.3,DEMO_DATA,True
2025-07-16,1683.9,455.35,80.14,96.4,DEMO_DATA,True
2025-07-17,1714.9,469.26,79.94,97.8,DEMO_DATA,True
2025-07-18,1698.1,472.7,79.76,97.4,DEMO_DATA,True
2025-07-19,1672.1,460.94,79.88,97.3,DEMO_DATA,True
2025-07-20,1693.5,479.86,79.99,97.6,DEMO_DATA,True
2025-07-21,1709.5,482.45,80.01,97.2,DEMO_DATA,True
2025-07-22,1711.6,491.95,79.71,98.0,DEMO_DATA,True
2025-07-23,1742.0,492.57,79.87,98.3,DEMO_DATA,True
2025-07-24,1748.5,486.18,79.68,99.3,DEMO_DATA,True
2025-07-25,1774.0,485.52,79.72,99.5,DEMO_DATA,True
2025-07-26,1734.8,496.36,79.95,98.6,DEMO_DATA,True
2025-07-27,1762.0,492.56,79.73,98.3,DEMO_DATA,True
2025-07-28,1720.7,493.15,79.6,98.9,DEMO_DATA,True
2025-07-29,1746.9,494.46,79.5,99.5,DEMO_DATA,True
2025-07-30,1792.9,499.17,79.58,100.5,DEMO_DATA,True
2025-07-31,1782.9,512.07,79.12,100.8,DEMO_DATA,True
2025-08-01,1789.6,518.07,81.7,101.5,DEMO_DATA,True
2025-08-02,1874.6,531.51,82.01,112.0,DEMO_DATA,True
2025-08-03,1886.6,524.86,81.95,112.4,DEMO_DATA,True
2025-08-04,1868.6,509.0,81.87,111.8,DEMO_DATA,True
2025-08-05,1799.6,510.59,82.08,112.1,DEMO_DATA,True
2025-08-06,1771.9,519.09,81.81,112.2,DEMO_DATA,True
2025-08-07,1776.7,515.47,81.77,111.3,DEMO_DATA,True
2025-08-08,1825.7,522.78,81.43,111.4,DEMO_DATA,True
2025-08-09,1834.1,528.14,81.44,112.5,DEMO_DATA,True
2025-08-10,1823.3,526.63,81.39,120.9,DEMO_DATA,True
2025-08-11,1826.7,526.0,80.87,120.5,DEMO_DATA,True
2025-08-12,1827.4,523.93,80.9,120.5,DEMO_DATA,True
2025-08-13,1884.6,529.12,80.61,119.5,DEMO_DATA,True
2025-08-14,1872.6,535.33,80.65,118.8,DEMO_DATA,True
2025-08-15,1796.8,533.98,80.89,118.2,DEMO_DATA,True
2025-08-16,1800.6,527.39,80.87,116.4,DEMO_DATA,True
2025-08-17,2162.3,537.12,80.88,116.8,DEMO_DATA,True
2025-08-18,2139.6,534.17,80.79,116.8,DEMO_DATA,True
2025-08-19,2107.3,534.95,81.02,118.3,DEMO_DATA,True
2025-08-20,2039.2,540.57,80.97,117.6,DEMO_DATA,True
2025-08-21,2038.2,530.89,81.18,118.9,DEMO_DATA,True
2025-08-22,2095.1,531.95,81.46,117.5,DEMO_DATA,True
2025-08-23,2123.2,538.15,81.29,116.5,DEMO_DATA,True
2025-08-24,2138.1,532.12,81.34,116.7,DEMO_DATA,True
2025-08-25,2090.7,532.46,81.54,116.2,DEMO_DATA,True
2025-08-26,2047.8,528.63,81.47,115.4,DEMO_DATA,True
2025-08-27,1493.8,518.01,81.28,113.4,DEMO_DATA,True
2025-08-28,1577.2,517.41,81.68,113.3,DEMO_DATA,True
2025-08-29,1615.8,509.94,81.27,114.1,DEMO_DATA,True
2025-08-30,1660.1,515.18,81.35,113.7,DEMO_DATA,True
2025-08-31,2140.3,525.93,81.56,113.0,DEMO_DATA,True
2025-09-01,2155.3,527.61,81.66,112.6,DEMO_DATA,True
2025-09-02,2153.5,525.98,81.89,112.0,DEMO_DATA,True
2025-09-03,2123.9,511.84,81.63,113.6,DEMO_DATA,True
2025-09-04,2107.9,507.19,81.68,113.5,DEMO_DATA,True
2025-09-05,2094.7,504.53,81.87,112.6,DEMO_DATA,True
2025-09-06,2023.4,496.11,81.83,113.3,DEMO_DATA,True
2025-09-07,1981.6,493.05,81.57,110.8,DEMO_DATA,True
2025-09-08,1975.4,498.85,82.1,109.1,DEMO_DATA,True
2025-09-09,1972.6,496.83,82.23,109.2,DEMO_DATA,True
2025-09-10,1931.3,506.23,81.89,109.2,DEMO_DATA,True
2025-09-11,1892.3,512.09,81.92,109.6,DEMO_DATA,True
2025-09-12,1855.3,510.85,81.84,109.5,DEMO_DATA,True
2025-09-13,1874.9,507.38,81.84,108.9,DEMO_DATA,True
2025-09-14,1930.1,523.06,81.59,108.0,DEMO_DATA,True
2025-09-15,1930.9,573.83,81.62,106.7,DEMO_DATA,True
2025-09-16,1860.7,589.03,81.75,105.9,DEMO_DATA,True
2025-09-17,2076.6,612.22,78.08,105.3,DEMO_DATA,True
2025-09-18,2049.4,610.13,77.86,104.8,DEMO_DATA,True
2025-09-19,2034.1,615.27,77.82,103.1,DEMO_DATA,True
2025-09-20,2009.5,623.53,78.09,109.4,DEMO_DATA,True
2025-09-21,1998.7,634.23,77.97,108.7,DEMO_DATA,True
2025-09-22,1992.7,628.94,77.95,107.7,DEMO_DATA,True
2025-09-23,1951.6,624.52,77.97,106.9,DEMO_DATA,True
2025-09-24,1984.0,626.56,78.45,107.0,DEMO_DATA,True
2025-09-25,1982.9,630.64,78.24,107.9,DEMO_DATA,True
2025-09-26,1995.8,618.58,78.09,106.6,DEMO_DATA,True
2025-09-27,1930.9,620.84,77.91,106.4,DEMO_DATA,True
2025-09-28,1985.5,614.11,77.85,106.7,DEMO_DATA,True
2025-09-29,1988.3,598.28,77.85,107.3,DEMO_DATA,True
2025-09-30,1959.5,581.38,77.8,107.4,DEMO_DATA,True
2025-10-01,1913.5,580.5,77.99,107.7,DEMO_DATA,True
2025-10-02,1861.1,566.74,77.87,108.3,DEMO_DATA,True
2025-10-03,1833.8,565.38,77.75,108.1,DEMO_DATA,True
2025-10-04,1817.5,550.1,78.42,108.7,DEMO_DATA,True
2025-10-05,1832.3,556.38,78.55,108.7,DEMO_DATA,True
2025-10-06,1806.0,563.22,78.38,107.7,DEMO_DATA,True
2025-10-07,1778.1,567.46,78.59,108.0,DEMO_DATA,True
2025-10-08,1780.7,575.59,78.74,108.9,DEMO_DATA,True
2025-10-09,1801.0,566.72,78.87,108.6,DEMO_DATA,True
2025-10-10,1795.3,573.78,79.04,110.0,DEMO_DATA,True
2025-10-11,1468.9,570.62,79.23,109.9,DEMO_DATA,True
2025-10-12,1492.2,553.3,79.14,108.3,DEMO_DATA,True
2025-10-13,1492.9,565.24,79.28,107.4,DEMO_DATA,True
2025-10-14,1495.0,569.75,79.14,107.4,DEMO_DATA,True
2025-10-15,1488.7,576.45,79.43,106.8,DEMO_DATA,True
2025-10-16,1480.3,584.09,79.31,106.8,DEMO_DATA,True
2025-10-17,1450.7,590.43,79.83,106.7,DEMO_DATA,True
2025-10-18,1461.0,582.66,79.73,106.0,DEMO_DATA,True
2025-10-19,1511.2,589.59,79.58,107.4,DEMO_DATA,True
2025-10-20,1356.7,578.85,79.81,107.3,DEMO_DATA,True
2025-10-21,1393.6,591.07,79.99,107.9,DEMO_DATA,True
2025-10-22,1320.7,592.15,79.89,108.8,DEMO_DATA,True
2025-10-23,1334.8,527.69,79.77,109.9,DEMO_DATA,True
2025-10-24,1383.8,525.03,80.11,108.5,DEMO_DATA,True
2025-10-25,1422.9,411.72,80.08,108.9,DEMO_DATA,True
2025-10-26,1416.2,409.29,79.84,108.9,DEMO_DATA,True
2025-10-27,1383.7,422.59,79.71,109.3,DEMO_DATA,True
2025-10-28,1426.3,422.6,79.54,108.6,DEMO_DATA,True
2025-10-29,1836.0,419.74,79.42,117.2,DEMO_DATA,True
2025-10-30,1885.3,426.68,79.51,116.3,DEMO_DATA,True
2025-10-31,1862.7,432.33,79.1,115.7,DEMO_DATA,True
2025-11-01,1853.9,427.98,79.0,113.9,DEMO_DATA,True
2025-11-02,2287.2,424.9,78.96,113.4,DEMO_DATA,True
2025-11-03,2298.3,430.46,78.62,124.0,DEMO_DATA,True
2025-11-04,2301.7,422.75,78.84,124.4,DEMO_DATA,True
2025-11-05,2234.0,421.32,79.11,123.2,DEMO_DATA,True
2025-11-06,2208.7,423.71,79.28,123.0,DEMO_DATA,True
2025-11-07,2182.4,414.42,79.1,121.6,DEMO_DATA,True
2025-11-08,2156.9,402.96,79.21,121.2,DEMO_DATA,True
2025-11-09,2136.6,412.11,79.25,120.0,DEMO_DATA,True
2025-11-10,2169.5,415.16,79.33,118.7,DEMO_DATA,True
2025-11-11,2192.9,419.11,79.32,117.4,DEMO_DATA,True
2025-11-12,2157.0,415.29,79.67,116.9,DEMO_DATA,True
2025-11-13,2100.6,417.5,79.75,116.2,DEMO_DATA,True
2025-11-14,2098.1,419.04,79.7,115.5,DEMO_DATA,True
2025-11-15,2077.3,424.88,79.96,114.3,DEMO_DATA,True
2025-11-16,2080.9,426.08,79.83,112.6,DEMO_DATA,True
2025-11-17,2131.2,424.39,79.78,113.6,DEMO_DATA,True
2025-11-18,2180.0,426.85,79.52,113.3,DEMO_DATA,True
2025-11-19,2095.3,438.15,79.8,110.2,DEMO_DATA,True
2025-11-20,2112.9,448.25,80.06,110.6,DEMO_DATA,True
2025-11-21,2115.0,440.85,80.17,111.7,DEMO_DATA,True
2025-11-22,2053.9,443.2,80.06,110.4,DEMO_DATA,True
2025-11-23,2043.3,444.47,80.5,110.8,DEMO_DATA,True
2025-11-24,2016.8,456.35,80.49,110.7,DEMO_DATA,True
2025-11-25,2056.5,463.0,80.44,111.3,DEMO_DATA,True
2025-11-26,2019.1,465.09,80.35,110.0,DEMO_DATA,True
2025-11-27,2055.0,457.97,80.77,110.4,DEMO_DATA,True
2025-11-28,2055.5,468.67,80.83,109.6,DEMO_DATA,True
2025-11-29,2082.5,467.87,81.13,109.0,DEMO_DATA,True
2025-11-30,2125.1,459.19,80.91,109.0,DEMO_DATA,True
2025-12-01,2202.6,458.96,81.07,108.2,DEMO_DATA,True
2025-12-02,2170.1,459.34,81.37,108.4,DEMO_DATA,True
2025-12-03,2131.8,469.36,81.74,107.8,DEMO_DATA,True
2025-12-04,2135.3,465.55,81.73,107.2,DEMO_DATA,True
2025-12-05,2096.5,478.38,81.69,106.7,DEMO_DATA,True
2025-12-06,2122.2,485.46,81.69,107.7,DEMO_DATA,True
2025-12-07,2132.3,488.77,81.39,107.6,DEMO_DATA,True
2025-12-08,2178.0,483.84,81.26,106.0,DEMO_DATA,True
2025-12-09,2200.3,476.27,81.6,107.0,DEMO_DATA,True
2025-12-10,2219.7,472.22,81.49,108.2,DEMO_DATA,True
2025-12-11,2196.1,465.51,79.02,108.5,DEMO_DATA,True
2025-12-12,2162.2,468.65,78.76,106.9,DEMO_DATA,True
2025-12-13,2119.6,479.06,78.64,106.7,DEMO_DATA,True
2025-12-14,2128.6,484.42,78.92,107.4,DEMO_DATA,True
2025-12-15,2145.0,489.0,78.89,107.4,DEMO_DATA,True
2025-12-16,2188.1,480.17,78.9,106.2,DEMO_DATA,True
2025-12-17,2202.9,482.01,78.94,104.7,DEMO_DATA,True
2025-12-18,2221.9,484.03,78.86,104.9,DEMO_DATA,True
2025-12-19,2165.9,485.08,78.8,105.7,DEMO_DATA,True
2025-12-20,2125.1,476.37,79.25,105.4,DEMO_DATA,True
2025-12-21,2087.2,468.41,79.31,103.8,DEMO_DATA,True
2025-12-22,2112.4,470.75,79.21,102.8,DEMO_DATA,True
2025-12-23,2062.4,470.51,79.39,102.6,DEMO_DATA,True
2025-12-24,2090.1,472.37,79.38,102.9,DEMO_DATA,True
2025-12-25,2051.2,479.83,79.37,102.6,DEMO_DATA,True
2025-12-26,2055.0,480.31,79.09,102.6,DEMO_DATA,True
2025-12-27,2044.2,537.88,79.32,103.1,DEMO_DATA,True
2025-12-28,2103.5,540.32,79.26,102.3,DEMO_DATA,True
2025-12-29,2112.1,542.11,79.2,102.2,DEMO_DATA,True
2025-12-30,2120.7,539.13,79.39,102.3,DEMO_DATA,True
2025-12-31,2112.3,541.18,79.37,101.0,DEMO_DATA,True
2026-01-01,2102.9,538.99,79.66,100.7,DEMO_DATA,True
2026-01-02,2118.1,526.4,79.28,101.0,DEMO_DATA,True
2026-01-03,2136.5,535.69,79.09,101.1,DEMO_DATA,True
2026-01-04,2536.7,530.6,79.15,101.3,DEMO_DATA,True
2026-01-05,2500.3,522.65,79.26,101.7,DEMO_DATA,True
2026-01-06,2535.1,523.16,79.35,101.9,DEMO_DATA,True
2026-01-07,2511.9,530.27,79.71,102.8,DEMO_DATA,True
2026-01-08,2510.7,525.1,79.69,103.3,DEMO_DATA,True
2026-01-09,2507.8,534.51,80.05,103.1,DEMO_DATA,True
2026-01-10,2532.5,529.9,80.28,103.4,DEMO_DATA,True
2026-01-11,2436.3,526.56,80.29,102.6,DEMO_DATA,True
2026-01-12,2499.7,518.1,80.28,102.4,DEMO_DATA,True
2026-01-13,2453.7,516.29,80.15,101.8,DEMO_DATA,True
2026-01-14,2463.1,524.64,80.39,103.4,DEMO_DATA,True
2026-01-15,2490.4,524.98,80.52,102.0,DEMO_DATA,True
2026-01-16,2429.2,519.37,80.59,103.4,DEMO_DATA,True
2026-01-17,2395.4,514.55,80.56,100.4,DEMO_DATA,True
2026-01-18,2380.4,512.36,80.79,100.6,DEMO_DATA,True
2026-01-19,2417.5,520.23,80.78,101.8,DEMO_DATA,True
2026-01-20,2402.7,521.02,80.71,101.1,DEMO_DATA,True
2026-01-21,2377.3,520.78,80.9,101.7,DEMO_DATA,True
2026-01-22,2319.5,532.0,81.19,102.6,DEMO_DATA,True
2026-01-23,2248.6,515.86,80.94,103.3,DEMO_DATA,True
2026-01-24,2239.3,529.5,80.67,103.8,DEMO_DATA,True
2026-01-25,2218.7,534.6,80.89,110.9,DEMO_DATA,True
2026-01-26,2182.6,546.92,80.67,110.6,DEMO_DATA,True
2026-01-27,2176.8,550.41,80.37,109.1,DEMO_DATA,True
2026-01-28,2114.9,560.82,80.43,109.6,DEMO_DATA,True
2026-01-29,2063.6,559.67,80.4,109.6,DEMO_DATA,True
2026-01-30,2085.2,556.91,80.34,110.0,DEMO_DATA,True
2026-01-31,2044.4,552.03,80.4,109.2,DEMO_DATA,True
2026-02-01,2072.5,563.35,80.37,109.9,DEMO_DATA,True
2026-02-02,2041.8,560.8,80.75,110.2,DEMO_DATA,True
2026-02-03,2039.7,564.52,80.34,108.9,DEMO_DATA,True
2026-02-04,2054.8,571.87,80.55,110.4,DEMO_DATA,True
2026-02-05,2075.4,573.23,80.69,110.9,DEMO_DATA,True
2026-02-06,2096.6,568.16,81.19,110.7,DEMO_DATA,True
2026-02-07,2093.3,553.38,81.06,110.3,DEMO_DATA,True
2026-02-08,2115.2,551.36,81.14,111.7,DEMO_DATA,True
2026-02-09,2109.8,542.74,80.78,111.5,DEMO_DATA,True
2026-02-10,2076.3,530.1,80.87,110.6,DEMO_DATA,True
2026-02-11,2103.4,518.78,81.05,110.1,DEMO_DATA,True
2026-02-12,2124.2,511.08,81.13,109.9,DEMO_DATA,True
2026-02-13,2099.9,524.5,80.99,110.3,DEMO_DATA,True
2026-02-14,1555.0,519.88,81.3,109.9,DEMO_DATA,True
2026-02-15,1562.9,514.91,81.31,111.1,DEMO_DATA,True
2026-02-16,1574.2,509.9,81.4,111.1,DEMO_DATA,True
2026-02-17,1619.3,511.05,81.54,109.0,DEMO_DATA,True
2026-02-18,1576.7,516.85,81.81,108.5,DEMO_DATA,True
2026-02-19,1611.4,501.61,81.73,117.3,DEMO_DATA,True
2026-02-20,1617.3,597.78,81.73,117.4,DEMO_DATA,True
2026-02-21,1621.3,590.02,81.47,117.2,DEMO_DATA,True
2026-02-22,1638.8,582.24,81.37,119.1,DEMO_DATA,True
2026-02-23,1643.8,590.27,80.98,118.4,DEMO_DATA,True
2026-02-24,1627.0,583.8,80.85,118.9,DEMO_DATA,True
2026-02-25,1638.1,595.19,80.72,116.2,DEMO_DATA,True
2026-02-26,1635.7,592.65,80.7,115.0,DEMO_DATA,True
2026-02-27,1611.9,600.29,80.6,113.9,DEMO_DATA,True
2026-02-28,1565.0,584.53,80.38,113.8,DEMO_DATA,True
2026-03-01,1600.3,590.95,80.58,114.7,DEMO_DATA,True
2026-03-02,2086.4,585.01,80.38,113.7,DEMO_DATA,True
2026-03-03,2105.2,584.91,80.58,112.2,DEMO_DATA,True
2026-03-04,2141.1,644.21,80.37,112.2,DEMO_DATA,True
2026-03-05,2121.6,634.15,80.26,112.5,DEMO_DATA,True
2026-03-06,2111.7,699.97,80.21,110.5,DEMO_DATA,True
2026-03-07,2101.9,690.97,80.18,109.5,DEMO_DATA,True
2026-03-08,2090.1,691.1,80.26,108.8,DEMO_DATA,True
2026-03-09,2068.5,696.36,80.21,108.2,DEMO_DATA,True
2026-03-10,1649.1,681.88,80.17,109.0,DEMO_DATA,True
2026-03-11,1656.8,678.94,80.16,108.8,DEMO_DATA,True
2026-03-12,1695.0,684.28,80.02,108.9,DEMO_DATA,True
2026-03-13,1646.5,673.51,79.72,108.7,DEMO_DATA,True
2026-03-14,1648.9,675.5,79.64,106.9,DEMO_DATA,True
2026-03-15,1643.2,673.48,79.69,107.8,DEMO_DATA,True
2026-03-16,1632.7,665.0,79.71,109.0,DEMO_DATA,True
2026-03-17,1628.4,657.67,79.8,108.6,DEMO_DATA,True
2026-03-18,1597.5,651.63,79.74,109.0,DEMO_DATA,True
2026-03-19,1628.1,637.02,79.97,108.3,DEMO_DATA,True
2026-03-20,1616.6,639.07,80.14,106.7,DEMO_DATA,True
2026-03-21,1603.6,632.41,80.2,105.4,DEMO_DATA,True
2026-03-22,1529.3,639.85,80.09,105.8,DEMO_DATA,True
2026-03-23,1487.0,631.26,80.46,105.0,DEMO_DATA,True
2026-03-24,1530.9,634.95,80.35,105.7,DEMO_DATA,True
2026-03-25,1500.9,636.36,80.37,105.4,DEMO_DATA,True
2026-03-26,1487.4,630.09,80.32,106.5,DEMO_DATA,True
2026-03-27,1470.7,626.02,80.18,106.5,DEMO_DATA,True
2026-03-28,1879.6,614.02,80.07,107.4,DEMO_DATA,True
2026-03-29,1886.7,609.84,80.12,106.1,DEMO_DATA,True
2026-03-30,1887.9,612.53,79.68,105.8,DEMO_DATA,True
2026-03-31,1931.2,614.31,79.67,105.6,DEMO_DATA,True
2026-04-01,1997.9,614.84,82.83,104.8,DEMO_DATA,True
2026-04-02,2046.6,628.09,82.83,103.9,DEMO_DATA,True
2026-04-03,2064.0,633.79,82.93,104.4,DEMO_DATA,True
2026-04-04,2072.0,627.9,82.78,103.9,DEMO_DATA,True
2026-04-05,2091.7,621.25,82.61,105.3,DEMO_DATA,True
2026-04-06,2089.6,612.73,82.36,105.3,DEMO_DATA,True
2026-04-07,2123.7,605.95,82.49,105.2,DEMO_DATA,True
2026-04-08,2126.9,601.68,81.99,106.1,DEMO_DATA,True
2026-04-09,2155.9,606.66,82.06,106.5,DEMO_DATA,True
2026-04-10,2180.9,620.54,81.83,107.2,DEMO_DATA,True
2026-04-11,2132.9,624.66,81.5,107.9,DEMO_DATA,True
2026-04-12,2120.1,637.61,81.53,108.3,DEMO_DATA,True
2026-04-13,2097.5,642.66,81.54,106.6,DEMO_DATA,True
2026-04-14,2019.6,634.13,81.36,105.5,DEMO_DATA,True
2026-04-15,1959.0,632.45,81.33,104.4,DEMO_DATA,True
2026-04-16,1920.7,631.84,81.38,103.8,DEMO_DATA,True
2026-04-17,1947.5,638.61,81.27,104.3,DEMO_DATA,True
2026-04-18,1976.4,632.83,81.31,103.8,DEMO_DATA,True
2026-04-19,1932.1,621.72,81.15,102.7,DEMO_DATA,True
2026-04-20,1975.1,603.24,81.04,102.6,DEMO_DATA,True
2026-04-21,2014.4,603.7,80.66,102.8,DEMO_DATA,True
2026-04-22,2085.2,596.7,80.66,102.4,DEMO_DATA,True
2026-04-23,2076.1,575.6,80.38,102.4,DEMO_DATA,True
2026-04-24,2048.0,574.97,80.41,103.1,DEMO_DATA,True
2026-04-25,2056.6,558.91,80.43,102.4,DEMO_DATA,True
2026-04-26,2083.6,560.0,80.43,101.7,DEMO_DATA,True
2026-04-27,2169.1,559.78,80.53,97.0,DEMO_DATA,True
2026-04-28,2128.3,576.87,80.51,96.9,DEMO_DATA,True
2026-04-29,2121.1,584.63,80.71,95.8,DEMO_DATA,True
2026-04-30,2094.2,574.9,80.86,96.3,DEMO_DATA,True
2026-05-01,2056.6,583.84,80.62,95.9,DEMO_DATA,True
2026-05-02,2018.5,582.02,80.48,95.8,DEMO_DATA,True
2026-05-03,2006.6,572.24,80.24,97.3,DEMO_DATA,True
2026-05-04,2052.0,577.4,80.41,97.5,DEMO_DATA,True
2026-05-05,2101.8,582.68,80.44,97.3,DEMO_DATA,True
2026-05-06,2129.4,577.25,80.53,98.3,DEMO_DATA,True
2026-05-07,2160.0,561.58,80.63,94.3,DEMO_DATA,True
2026-05-08,2182.7,565.52,80.76,94.0,DEMO_DATA,True
2026-05-09,2161.1,552.62,80.9,95.2,DEMO_DATA,True
2026-05-10,2148.0,549.04,80.74,95.4,DEMO_DATA,True
2026-05-11,2081.6,541.81,80.74,96.3,DEMO_DATA,True
2026-05-12,2045.1,545.39,81.14,95.4,DEMO_DATA,True
2026-05-13,2009.9,548.57,81.0,95.6,DEMO_DATA,True
2026-05-14,2043.8,550.36,81.36,94.4,DEMO_DATA,True
2026-05-15,2081.4,554.88,81.24,94.1,DEMO_DATA,True
2026-05-16,2076.3,559.29,81.15,93.9,DEMO_DATA,True
2026-05-17,2129.4,552.54,81.35,93.0,DEMO_DATA,True
2026-05-18,2069.1,551.15,81.6,93.6,DEMO_DATA,True
2026-05-19,2080.9,541.63,81.92,94.2,DEMO_DATA,True
2026-05-20,2088.1,559.26,81.84,93.8,DEMO_DATA,True
2026-05-21,2109.6,566.08,82.14,93.7,DEMO_DATA,True
2026-05-22,2746.9,565.12,81.86,94.7,DEMO_DATA,True
2026-05-23,2697.2,572.07,81.87,96.1,DEMO_DATA,True
2026-05-24,2678.6,576.92,81.87,97.6,DEMO_DATA,True
2026-05-25,2584.0,582.36,81.62,97.8,DEMO_DATA,True
2026-05-26,2525.7,587.61,81.65,97.3,DEMO_DATA,True
2026-05-27,2434.4,576.21,81.91,97.2,DEMO_DATA,True
2026-05-28,2452.0,576.3,82.13,98.1,DEMO_DATA,True
2026-05-29,2463.2,559.41,82.6,97.0,DEMO_DATA,True
2026-05-30,1864.9,578.09,82.73,98.3,DEMO_DATA,True
2026-05-31,1883.4,577.09,83.2,98.1,DEMO_DATA,True
2026-06-01,1840.4,575.97,82.99,97.9,DEMO_DATA,True
2026-06-02,1863.4,567.54,82.9,97.0,DEMO_DATA,True
2026-06-03,1816.9,574.6,83.18,97.0,DEMO_DATA,True
2026-06-04,1778.5,579.94,83.18,96.2,DEMO_DATA,True
2026-06-05,1775.6,568.94,83.7,95.8,DEMO_DATA,True
2026-06-06,1763.8,571.27,83.48,102.4,DEMO_DATA,True
2026-06-07,1780.7,564.26,83.17,103.5,DEMO_DATA,True
2026-06-08,2265.3,552.89,83.02,104.3,DEMO_DATA,True
2026-06-09,2261.7,648.21,83.27,106.8,DEMO_DATA,True
2026-06-10,2237.1,659.73,83.17,105.8,DEMO_DATA,True
2026-06-11,2192.4,663.91,83.37,106.7,DEMO_DATA,True
2026-06-12,2142.8,667.66,83.82,106.9,DEMO_DATA,True
2026-06-13,2136.4,670.6,83.7,108.2,DEMO_DATA,True
2026-06-14,2120.2,651.49,83.86,107.6,DEMO_DATA,True
2026-06-15,2150.4,652.47,83.72,107.0,DEMO_DATA,True
2026-06-16,2132.9,646.23,84.04,105.6,DEMO_DATA,True
2026-06-17,2120.0,649.08,83.8,104.2,DEMO_DATA,True
2026-06-18,2103.9,648.08,83.83,111.9,DEMO_DATA,True
2026-06-19,2131.0,641.04,83.33,110.6,DEMO_DATA,True
2026-06-20,2045.0,640.16,83.08,109.9,DEMO_DATA,True
2026-06-21,2005.1,663.26,83.23,109.4,DEMO_DATA,True
2026-06-22,2015.0,653.4,83.05,110.6,DEMO_DATA,True
2026-06-23,1960.0,650.02,83.02,110.9,DEMO_DATA,True
2026-06-24,1977.4,650.81,83.02,110.1,DEMO_DATA,True
2026-06-25,1990.8,635.39,83.36,110.7,DEMO_DATA,True
2026-06-26,2042.6,625.41,83.85,110.5,DEMO_DATA,True
2026-06-27,2055.1,733.79,83.64,111.0,DEMO_DATA,True
2026-06-28,2029.7,722.94,83.65,110.3,DEMO_DATA,True
2026-06-29,2036.9,704.5,84.04,109.5,DEMO_DATA,True
2026-06-30,2005.5,701.71,84.25,108.8,DEMO_DATA,True
2026-07-01,1954.2,697.3,84.34,107.3,DEMO_DATA,True
2026-07-02,1954.6,676.87,84.02,107.5,DEMO_DATA,True
2026-07-03,1918.9,673.55,83.97,107.6,DEMO_DATA,True
2026-07-04,1894.0,685.52,83.76,108.6,DEMO_DATA,True
2026-07-05,1890.8,692.05,83.7,108.8,DEMO_DATA,True
2026-07-06,1821.8,683.17,83.66,108.1,DEMO_DATA,True
2026-07-07,1824.2,683.94,83.46,108.4,DEMO_DATA,True
2026-07-08,1778.1,669.27,83.57,110.0,DEMO_DATA,True
2026-07-09,1767.4,661.61,83.86,107.3,DEMO_DATA,True
2026-07-10,1808.8,669.78,83.71,107.0,DEMO_DATA,True
2026-07-11,1814.6,670.03,83.98,106.7,DEMO_DATA,True
2026-07-12,1767.4,676.04,84.29,105.7,DEMO_DATA,True
2026-07-13,1817.2,586.49,84.2,111.0,DEMO_DATA,True
2026-07-14,1767.2,586.22,84.08,111.0,DEMO_DATA,True
2026-07-15,1774.5,590.82,84.12,111.6,DEMO_DATA,True
2026-07-16,1792.1,577.89,84.05,110.4,DEMO_DATA,True
2026-07-17,1804.9,588.98,84.16,110.2,DEMO_DATA,True
2026-07-18,1811.5,589.19,84.79,110.8,DEMO_DATA,True
2026-07-19,2207.5,595.41,84.8,109.2,DEMO_DATA,True
2026-07-20,2235.1,598.74,84.55,108.8,DEMO_DATA,True
2026-07-21,2310.2,597.91,84.38,107.5,DEMO_DATA,True
2026-07-22,2273.3,605.46,84.62,107.5,DEMO_DATA,True
2026-07-23,2177.2,602.5,84.55,107.4,DEMO_DATA,True
2026-07-24,2144.2,602.87,84.66,108.6,DEMO_DATA,True
2026-07-25,2204.0,604.2,84.48,107.1,DEMO_DATA,True
2026-07-26,2130.2,628.29,84.56,107.9,DEMO_DATA,True
2026-07-27,2768.8,633.81,84.27,108.5,DEMO_DATA,True
2026-07-28,2747.4,638.6,84.27,108.2,DEMO_DATA,True
2026-07-29,2690.9,649.18,84.36,107.9,DEMO_DATA,True
2026-07-30,2611.1,627.08,84.46,107.8,DEMO_DATA,True
2026-07-31,2601.3,632.33,84.71,105.8,DEMO_DATA,True
2026-08-01,2648.2,625.69,84.48,105.2,DEMO_DATA,True
2026-08-02,2575.0,613.28,84.74,105.1,DEMO_DATA,True
2026-08-03,2578.7,604.03,84.66,104.9,DEMO_DATA,True
2026-08-04,2555.2,605.77,84.69,104.3,DEMO_DATA,True
2026-08-05,2521.3,602.68,84.69,103.0,DEMO_DATA,True
2026-08-06,2516.8,594.4,84.86,103.6,DEMO_DATA,True
2026-08-07,2526.9,599.96,84.76,101.5,DEMO_DATA,True
2026-08-08,2452.9,593.13,84.41,102.9,DEMO_DATA,True
2026-08-09,2426.6,676.14,84.42,102.8,DEMO_DATA,True
2026-08-10,2375.9,681.9,84.19,102.0,DEMO_DATA,True
2026-08-11,2346.7,676.54,84.2,101.4,DEMO_DATA,True
2026-08-12,2233.8,664.74,84.18,101.6,DEMO_DATA,True
2026-08-13,2278.5,661.47,84.41,101.7,DEMO_DATA,True
2026-08-14,2224.9,670.79,84.33,99.8,DEMO_DATA,True
2026-08-15,2243.7,665.73,84.39,100.8,DEMO_DATA,True
2026-08-16,2277.6,662.78,84.46,102.1,DEMO_DATA,True
2026-08-17,2306.9,659.58,84.19,101.6,DEMO_DATA,True
2026-08-18,2276.2,651.79,84.32,101.3,DEMO_DATA,True
2026-08-19,2300.4,641.37,84.12,100.8,DEMO_DATA,True
2026-08-20,2254.3,640.02,84.02,100.1,DEMO_DATA,True
2026-08-21,2258.1,633.49,83.97,100.4,DEMO_DATA,True
2026-08-22,2273.0,617.82,83.8,100.5,DEMO_DATA,True
2026-08-23,2280.2,605.19,83.6,101.7,DEMO_DATA,True
2026-08-24,2246.7,589.55,83.15,104.2,DEMO_DATA,True
2026-08-25,2258.3,596.51,82.97,104.6,DEMO_DATA,True
2026-08-26,2246.1,589.86,82.79,105.1,DEMO_DATA,True
2026-08-27,2230.3,597.66,82.83,104.0,DEMO_DATA,True
2026-08-28,2147.3,590.19,82.73,104.8,DEMO_DATA,True
2026-08-29,2188.7,590.79,82.78,104.1,DEMO_DATA,True
2026-08-30,2150.9,596.04,82.8,103.5,DEMO_DATA,True
2026-08-31,2141.0,584.17,82.72,104.6,DEMO_DATA,True
2026-09-01,2135.7,586.36,82.88,103.4,DEMO_DATA,True
2026-09-02,2138.6,597.66,83.08,103.3,DEMO_DATA,True
2026-09-03,2035.9,601.44,83.1,104.0,DEMO_DATA,True
2026-09-04,2020.1,607.64,83.43,103.3,DEMO_DATA,True
2026-09-05,2039.7,591.89,83.13,103.1,DEMO_DATA,True
2026-09-06,2282.6,594.03,83.09,101.5,DEMO_DATA,True
2026-09-07,2296.9,581.7,83.08,102.6,DEMO_DATA,True
2026-09-08,2319.3,595.47,83.23,102.9,DEMO_DATA,True
2026-09-09,2276.5,598.16,83.52,101.7,DEMO_DATA,True
2026-09-10,2302.9,608.24,83.92,102.0,DEMO_DATA,True
2026-09-11,2284.1,624.22,83.65,102.7,DEMO_DATA,True
2026-09-12,2259.7,619.34,83.43,103.4,DEMO_DATA,True
2026-09-13,2261.2,605.47,83.84,103.0,DEMO_DATA,True
2026-09-14,2227.7,595.89,83.81,102.5,DEMO_DATA,True
